{
  "mu": [
    0.0,
    -0.9542217254638672,
    -0.7958698868751526,
    -0.6074017286300659,
    -0.6114022135734558,
    -0.12153340876102448,
    -0.4191913604736328,
    -0.25174763798713684,
    -0.25130006670951843,
    -0.25127917528152466,
    0.23616819083690643,
    0.2388795167207718,
    0.3932231366634369,
    0.23771965503692627,
    0.12369446456432343,
    0.5893059372901917,
    0.7526177167892456
  ],
  "sigma2": [
    3.423392990953289e-05,
    0.0017788265831768513,
    0.0016406223876401782,
    0.001790280919522047,
    0.001620098832063377,
    0.0009321370744146407,
    0.0008739164914004505,
    0.0012641876237466931,
    0.0017943268176168203,
    0.001794218085706234,
    0.0017944234423339367,
    0.0017801688518375158,
    0.001441311207599938,
    0.0015874812379479408,
    0.0009078704752027988,
    0.0016616664361208677,
    0.001769084483385086
  ],
  "pi": [
    0.9990000128746033,
    9.334576702713093e-07,
    5.883066933165537e-06,
    5.275153398542898e-07,
    2.2591437300434336e-05,
    0.0002250098914373666,
    0.00012140210310462862,
    0.00011340392666170374,
    1.4758946953463692e-08,
    3.5142285526035266e-08,
    1.3574463331167408e-08,
    1.0289573765476234e-05,
    6.76976123941131e-05,
    0.00016576104098930955,
    0.0002589246432762593,
    6.878588919789763e-06,
    6.337105560305645e-07
  ],
  "J": 17
}