{
  "mu": [
    0.0,
    -0.637921929359436,
    -0.22237566113471985,
    -0.4335283637046814,
    -0.10187003761529922,
    0.1112586259841919,
    0.11270809918642044,
    0.26839011907577515,
    0.40632006525993347,
    0.34040436148643494,
    0.20207558572292328,
    0.14794766902923584,
    0.11157741397619247,
    0.11319725215435028,
    0.47877416014671326,
    0.07232584059238434,
    0.5703027844429016
  ],
  "sigma2": [
    2.7825461074826308e-05,
    0.0009288661531172693,
    0.003131296020001173,
    0.0006872806698083878,
    0.0007907513063400984,
    0.00047409365652129054,
    0.00046739852405153215,
    0.0004673651419579983,
    0.0004778405127581209,
    0.0004775580600835383,
    0.00045232055708765984,
    0.000463788426714018,
    0.0004740932199638337,
    0.00047409161925315857,
    0.00047862608334980905,
    0.0003852077934425324,
    0.0004764781042467803
  ],
  "pi": [
    0.9990000128746033,
    1.8310543055122253e-06,
    0.0002920942206401378,
    1.699927815934643e-05,
    0.00017599276907276362,
    9.36018462738275e-09,
    9.082583710551262e-05,
    3.149974509142339e-05,
    3.944518539356068e-06,
    8.91589661478065e-06,
    6.957896403037012e-05,
    0.00011570924834813923,
    1.2040087149500778e-08,
    3.81871281263102e-08,
    2.336292482141289e-06,
    0.00018974211707245559,
    4.7044738948898157e-07
  ],
  "J": 17
}