{
  "top1_error_pre[%]": 89.09,
  "top1_error_post[%]": 0.770000000000004,
  "Delta[%]": -88.32,
  "|W|": 430500,
  "|W_nonzero|/|W|[%]": 3.437630662020906,
  "CR": 57.078458019821674,
  "acc_pretrain": 0.1091,
  "acc_retrain": 0.9912,
  "acc_quantized": 0.9923
}