{
  "mu": [
    0.0,
    -0.616463303565979,
    -0.10355917364358902,
    -0.3964315950870514,
    -0.24481216073036194,
    0.15408481657505035,
    0.39680761098861694,
    0.1544496864080429,
    0.46613746881484985,
    0.15388941764831543,
    0.15444940328598022,
    0.32534435391426086,
    0.15419189631938934,
    0.15451139211654663,
    0.2470589429140091,
    0.06663860380649567,
    0.601578950881958
  ],
  "sigma2": [
    6.7443975240166765e-06,
    0.001110718003474176,
    0.0013429272221401334,
    0.001092231017537415,
    0.0008963513537310064,
    0.0009607041720300913,
    0.0009594694711267948,
    0.0009603510843589902,
    0.0009581600897945464,
    0.0009265101980417967,
    0.0009603327489458025,
    0.0009589997353032231,
    0.0009607032407075167,
    0.0009606945677660406,
    0.0009525577770546079,
    0.000656867865473032,
    0.0009589343098923564
  ],
  "pi": [
    0.9990000128746033,
    2.7359326395526296e-06,
    0.0002685299841687083,
    3.1696472433395684e-05,
    0.0001460293133277446,
    7.69249908216807e-09,
    5.6702629080973566e-06,
    1.5698378774686716e-06,
    1.8275654838362243e-06,
    0.0001541774399811402,
    1.6468422927573556e-06,
    1.1120087947347201e-05,
    1.1872159255688075e-08,
    5.1074746210133526e-08,
    5.090192280476913e-05,
    0.0003235218464396894,
    5.019740569878195e-07
  ],
  "J": 17
}