{
  "top1_error_pre[%]": 91.3,
  "top1_error_post[%]": 0.8000000000000007,
  "Delta[%]": -90.5,
  "|W|": 430500,
  "|W_nonzero|/|W|[%]": 3.880836236933798,
  "CR": 55.37823300986485,
  "acc_pretrain": 0.087,
  "acc_retrain": 0.9906,
  "acc_quantized": 0.992
}