{
  "mu": [
    0.0,
    -0.2662300765514374,
    -0.49094265699386597,
    -0.2661060690879822,
    -0.26604148745536804,
    -0.2659616470336914,
    -0.2658667266368866,
    -0.2659742832183838,
    -0.2659810483455658,
    -0.26586735248565674,
    -0.26597103476524353,
    0.22825302183628082,
    0.2274518609046936,
    0.22743883728981018,
    0.2282918095588684,
    0.2283155918121338,
    0.22850576043128967
  ],
  "sigma2": [
    0.000985245918855071,
    0.006766215432435274,
    0.007197421509772539,
    0.006667362060397863,
    0.0066088964231312275,
    0.006529349833726883,
    0.00641600089147687,
    0.006544189993292093,
    0.0065504275262355804,
    0.006416182033717632,
    0.00653954828158021,
    0.006598703097552061,
    0.006523517891764641,
    0.006523029878735542,
    0.006602209527045488,
    0.0066047534346580505,
    0.006622909568250179
  ],
  "pi": [
    0.9984520673751831,
    4.489075581659563e-05,
    2.5826746423263103e-05,
    7.292950613191351e-05,
    9.044659964274615e-05,
    0.00011521338456077501,
    0.00015262987290043384,
    0.0001105588671634905,
    0.00010865806689253077,
    0.00015255487232934684,
    0.00011195687693543732,
    8.830166916595772e-05,
    0.00010865209333132952,
    0.00010892393038375303,
    8.742884529056028e-05,
    8.686575893079862e-05,
    8.212403918150812e-05
  ],
  "J": 17
}