{
  "mu": [
    0.0,
    -0.5546687245368958,
    -0.22661727666854858,
    -0.3673916161060333,
    -0.12966816127300262,
    -0.06591641157865524,
    0.23742569983005524,
    0.23753271996974945,
    0.18823666870594025,
    0.12571805715560913,
    0.32455798983573914,
    0.23743987083435059,
    0.12711697816848755,
    0.17865079641342163,
    0.42264434695243835,
    0.06324073672294617,
    0.5156056880950928
  ],
  "sigma2": [
    1.8698508938541636e-05,
    0.0006442000158131123,
    0.0005625004996545613,
    0.001049362006597221,
    0.0005173235549591482,
    0.0004890220006927848,
    0.0005890228203497827,
    0.00058846699539572,
    0.0005907234153710306,
    0.0005635335692204535,
    0.0005907744052819908,
    0.0005889779422432184,
    0.0005891947657801211,
    0.0005892098997719586,
    0.0005989925703033805,
    0.00036648186505772173,
    0.0005914672510698438
  ],
  "pi": [
    0.9990000128746033,
    3.298260253359331e-06,
    0.00018701254157349467,
    5.938955655437894e-05,
    0.0001548723375890404,
    7.06888604327105e-05,
    8.221019015763886e-06,
    2.2605487174587324e-05,
    8.093067299341783e-05,
    0.00016634508210700005,
    2.6007135602412745e-05,
    1.0142271094082389e-05,
    5.8757883891757956e-08,
    3.731686319952132e-07,
    5.307990704750409e-06,
    0.00020251683599781245,
    2.230046675322228e-06
  ],
  "J": 17
}