{
  "mu": [
    0.0,
    -0.900524914264679,
    -0.7662628293037415,
    -0.6564843654632568,
    -0.555085301399231,
    -0.35197892785072327,
    -0.4577447175979614,
    -0.24376501142978668,
    -0.12074530124664307,
    -0.06515409797430038,
    -0.18183326721191406,
    0.11772307753562927,
    0.3651946783065796,
    0.25847241282463074,
    0.4668896496295929,
    0.5832836031913757,
    0.7031604647636414
  ],
  "sigma2": [
    1.538938158773817e-05,
    0.00041380495531484485,
    0.000394053990021348,
    0.00035014530294574797,
    0.00031656151986680925,
    0.0001836059964261949,
    0.00019043633074034005,
    0.000230534584261477,
    0.00014366090181283653,
    8.663154585519806e-05,
    0.00020786347158718854,
    0.0011933533241972327,
    0.00021885917522013187,
    0.00019759235146921128,
    0.00031342566944658756,
    0.0003879871219396591,
    0.00041875604074448347
  ],
  "pi": [
    0.9990000128746033,
    9.910132803270244e-07,
    4.2609358388290275e-06,
    9.963272532331757e-06,
    1.481707931816345e-05,
    5.988265547784977e-05,
    5.0247355829924345e-05,
    4.922799053019844e-05,
    9.653822053223848e-05,
    0.00015650520799681544,
    6.059000224922784e-05,
    0.0003424044116400182,
    4.53789543826133e-05,
    8.845220872899517e-05,
    1.5880586943239905e-05,
    4.4063690438633785e-06,
    4.537127153980691e-07
  ],
  "J": 17
}