{
  "top1_error_pre[%]": 2.0499999999999963,
  "top1_error_post[%]": 1.8399999999999972,
  "Delta[%]": -0.20999999999999908,
  "|W|": 266200,
  "|W_nonzero|/|W|[%]": 9.117956423741548,
  "CR": 44.11484442971372,
  "acc_pretrain": 0.9795,
  "acc_retrain": 0.9837,
  "acc_quantized": 0.9816
}