{
  "mu": [
    0.0,
    -0.4709491729736328,
    -0.24568916857242584,
    -0.1786312758922577,
    -0.17840130627155304,
    -0.1780170202255249,
    -0.24569900333881378,
    -0.3301640748977661,
    -0.2456623613834381,
    -0.17812606692314148,
    0.0036355594638735056,
    0.003593594301491976,
    0.15859796106815338,
    0.3017868101596832,
    0.21997857093811035,
    0.15847992897033691,
    0.1585235893726349
  ],
  "sigma2": [
    0.0010727343615144491,
    0.0014786384999752045,
    0.0012680357322096825,
    0.0012656943872570992,
    0.0012623444199562073,
    0.0012566581135615706,
    0.001266186940483749,
    0.0013170908205211163,
    0.0012694497127085924,
    0.001258299918845296,
    0.0012753397459164262,
    0.0012731991009786725,
    0.0012248317943885922,
    0.0014786914689466357,
    0.0012765097199007869,
    0.001221552724018693,
    0.001222751452587545
  ],
  "pi": [
    0.9934672117233276,
    0.00010297245171386749,
    0.000373642920749262,
    0.0003392977814655751,
    0.00038979953387752175,
    0.0004895972087979317,
    0.0006556931766681373,
    0.00037829382927156985,
    0.0006086473586037755,
    0.0005095938686281443,
    9.903046156978235e-05,
    9.981280891224742e-05,
    0.0005471742479130626,
    0.0003431419900152832,
    0.00050983956316486,
    0.0005477363592945039,
    0.000538535590749234
  ],
  "J": 17
}