{
  "top1_error_pre[%]": 0.9299999999999975,
  "top1_error_post[%]": 1.21,
  "Delta[%]": 0.28000000000000247,
  "|W|": 430500,
  "|W_nonzero|/|W|[%]": 4.815563298490128,
  "CR": 37.331411119752644,
  "acc_pretrain": 0.9907,
  "acc_retrain": 0.9931,
  "acc_quantized": 0.9879
}