{
  "mu": [
    0.0,
    -0.22260698676109314,
    -0.4369417130947113,
    -0.222527876496315,
    -0.22247733175754547,
    -0.22233913838863373,
    -0.22094547748565674,
    -0.2218359112739563,
    -0.22212043404579163,
    -0.22118645906448364,
    -0.2211756855249405,
    0.1763959378004074,
    0.18956325948238373,
    0.18017055094242096,
    0.1919124573469162,
    0.1949637085199356,
    0.1952742338180542
  ],
  "sigma2": [
    0.000514156767167151,
    0.006079386919736862,
    0.0067122932523489,
    0.00604507140815258,
    0.006023005582392216,
    0.00596167566254735,
    0.0051820469088852406,
    0.005723921116441488,
    0.005861515644937754,
    0.005357253365218639,
    0.005350345745682716,
    0.00480776047334075,
    0.005895272828638554,
    0.005145205184817314,
    0.006030954886227846,
    0.0061672343872487545,
    0.006178457755595446
  ],
  "pi": [
    0.9883319735527039,
    0.0002723509387578815,
    0.00014095428923610598,
    0.0003075958229601383,
    0.0003306080761831254,
    0.00039608063525520265,
    0.0014960330445319414,
    0.0006736775394529104,
    0.0005086113233119249,
    0.0011977491667494178,
    0.0012089184019714594,
    0.0019804041367024183,
    0.0005929070757701993,
    0.0014813326997682452,
    0.00045565873733721673,
    0.0003183805965818465,
    0.0003067472716793418
  ],
  "J": 17
}