{
  "mu": [
    0.0,
    -0.8348020315170288,
    -0.6737506985664368,
    -0.5799930095672607,
    -0.5249587297439575,
    -0.3596189022064209,
    -0.4425395429134369,
    -0.25648701190948486,
    -0.13177058100700378,
    -0.07302690297365189,
    -0.18374840915203094,
    0.11116054654121399,
    0.2370460331439972,
    0.34322914481163025,
    0.4601556360721588,
    0.5655980110168457,
    0.6743984818458557
  ],
  "sigma2": [
    1.598392191226594e-05,
    0.00045044286525808275,
    0.00038774075801484287,
    0.00036878391983918846,
    0.00037002115277573466,
    0.00017615605611354113,
    0.0002742861397564411,
    0.00029982050182297826,
    0.0003009660867974162,
    0.0003038833965547383,
    0.000321705243550241,
    0.0012908814242109656,
    0.00035315024433657527,
    0.00032553309574723244,
    0.00033046340104192495,
    0.00035848686820827425,
    0.00039187161019071937
  ],
  "pi": [
    0.9990000128746033,
    2.0180948467896087e-06,
    4.667218945542118e-06,
    8.130857167998329e-06,
    8.226527825172525e-06,
    8.371344301849604e-05,
    2.777728150249459e-05,
    5.4849857406225055e-05,
    9.050899825524539e-05,
    0.00013267536996863782,
    5.272336784400977e-05,
    0.0003362158895470202,
    0.00012050380610162392,
    5.628210783470422e-05,
    1.5742587493150495e-05,
    5.142535883351229e-06,
    8.22057472760207e-07
  ],
  "J": 17
}