{
  "mu": [
    0.0,
    -0.9155293107032776,
    -0.7390733361244202,
    -0.603450357913971,
    -0.6030174493789673,
    -0.3885033428668976,
    -0.4833278954029083,
    -0.2826717495918274,
    -0.1541724056005478,
    -0.07807672023773193,
    -0.2041575163602829,
    0.11910247802734375,
    0.2560260593891144,
    0.36513808369636536,
    0.4891807734966278,
    0.5961626172065735,
    0.7149383425712585
  ],
  "sigma2": [
    1.607883496035356e-05,
    0.0003834003582596779,
    0.00036471954081207514,
    0.000305849127471447,
    0.00040147113031707704,
    0.00015493131650146097,
    0.0002534879313316196,
    0.000205524469492957,
    0.00019098249322269112,
    0.0001739023282425478,
    0.00023882740060798824,
    0.0004306694318074733,
    0.00013149037840776145,
    0.00018739004735834897,
    0.00028824328910559416,
    0.00035166359157301486,
    0.00039455803926102817
  ],
  "pi": [
    0.9990000128746033,
    1.9114313545287587e-06,
    4.374844138510525e-06,
    1.5445109966094606e-05,
    6.17070750053017e-09,
    7.89924306445755e-05,
    2.6615414753905497e-05,
    5.254461575532332e-05,
    8.86956331669353e-05,
    0.0001604364806553349,
    4.787253055837937e-05,
    0.00033338338835164905,
    0.00011566365719772875,
    5.349431012291461e-05,
    1.4868918697175104e-05,
    4.916814305033768e-06,
    7.782712714288209e-07
  ],
  "J": 17
}