{
  "mu": [
    0.0,
    -0.8585764169692993,
    -0.6935619115829468,
    -0.5922663807868958,
    -0.5434573292732239,
    -0.36766281723976135,
    -0.4544498324394226,
    -0.2648053765296936,
    -0.13882963359355927,
    -0.07504519820213318,
    -0.1889275461435318,
    0.1129959374666214,
    0.24203605949878693,
    0.34873801469802856,
    0.46966055035591125,
    0.5740339756011963,
    0.6853558421134949
  ],
  "sigma2": [
    2.004035923164338e-05,
    0.0004201717092655599,
    0.0003807673347182572,
    0.00038584141293540597,
    0.0003869804786518216,
    0.00020516669610515237,
    0.00029188947519287467,
    0.00026560723199509084,
    0.0002537300460971892,
    0.0002866721770260483,
    0.0002884082496166229,
    0.0011474391212686896,
    0.0002285170485265553,
    0.00024340367235708982,
    0.00031557196052744985,
    0.0003685235569719225,
    0.0003928062506020069
  ],
  "pi": [
    0.9990000128746033,
    1.9826943571388256e-06,
    4.543229351838818e-06,
    8.244425771408714e-06,
    7.775860467518214e-06,
    8.229009836213663e-05,
    2.7432319257059135e-05,
    5.37392043042928e-05,
    8.808473648969084e-05,
    0.0001415767619619146,
    5.263505590846762e-05,
    0.00033577921567484736,
    0.00011921508848899975,
    5.5373609939124435e-05,
    1.542354584671557e-05,
    5.0966255003004335e-06,
    8.075518280747929e-07
  ],
  "J": 17
}