phase,epoch,train_ce,complexity,total_loss,tau,test_acc,CR_est,elapsed
retrain,1,0.0027468993659286447,-230576.78125,,0.0013061468549802155,0.9822,,5s
retrain,2,0.0010127659830478175,-245696.375,,0.0013061468549802155,0.9818,,11s
retrain,3,0.00028330130205140447,-258239.90625,,0.0013061468549802155,0.9831,,17s
retrain,4,0.00016866970130698368,-269382.84375,,0.0013061468549802155,0.9827,,23s
retrain,5,8.974330781687362e-05,-280127.375,,0.0013061468549802155,0.9830,,29s
retrain,6,7.842540789279156e-05,-290350.21875,,0.0013061468549802155,0.9827,,34s
retrain,7,7.874583246399804e-05,-300303.5625,,0.0013061468549802155,0.9827,,40s
retrain,8,8.839039109783092e-05,-310022.90625,,0.0013061468549802155,0.9825,,46s
retrain,9,0.010718862174387323,-303054.71875,,0.0013061468549802155,0.9822,,52s
