{
  "mu": [
    0.0,
    -1.2997123003005981,
    -0.8605891466140747,
    -0.8606095910072327,
    -0.6338397860527039,
    -0.48364943265914917,
    -0.3343789875507355,
    -0.09234810620546341,
    -0.20671989023685455,
    0.05114171281456947,
    0.2844320833683014,
    0.04986224323511124,
    0.18727727234363556,
    0.2835535705089569,
    0.09581663459539413,
    0.41330686211586,
    0.616088330745697
  ],
  "sigma2": [
    1.381572747050086e-05,
    0.0008608851348981261,
    0.000861222215462476,
    0.0008562589064240456,
    0.0008309513214044273,
    0.0006316352519206703,
    0.00026951736072078347,
    0.00032988059683702886,
    0.0002730727137532085,
    0.0008606528281234205,
    0.0003932652180083096,
    0.0007941006333567202,
    0.00034116843016818166,
    0.0008618663996458054,
    0.00019401834288146347,
    0.0007139898953028023,
    0.0008633035467937589
  ],
  "pi": [
    0.9990000128746033,
    3.303997431203243e-08,
    2.56569219203584e-08,
    2.584937135452492e-07,
    2.7273492833046475e-06,
    2.04901607503416e-05,
    0.00012121571489842609,
    0.0002095777599606663,
    0.00014611377264373004,
    1.687999002797369e-07,
    7.534639007644728e-05,
    9.125769793172367e-06,
    0.00010019657202064991,
    7.210017582970352e-10,
    0.00029942620312795043,
    1.4432969692279585e-05,
    8.60710372307949e-07
  ],
  "J": 17
}