{
  "mu": [
    0.0,
    -1.2989553213119507,
    -0.861362874507904,
    -0.8613506555557251,
    -0.6331117749214172,
    -0.48292645812034607,
    -0.33344703912734985,
    -0.09178019315004349,
    -0.20584304630756378,
    0.04298614338040352,
    0.2845509350299835,
    0.04260648041963577,
    0.18759676814079285,
    0.285004585981369,
    0.0964074358344078,
    0.4132618308067322,
    0.6169354915618896
  ],
  "sigma2": [
    1.3798951840726659e-05,
    0.0008608847274444997,
    0.0008612665697000921,
    0.0008559543639421463,
    0.0008229066152125597,
    0.0005848337896168232,
    0.00020178218255750835,
    0.0001612403430044651,
    0.00018187738896813244,
    0.0008608535281382501,
    0.0003133512509521097,
    0.0007656585657969117,
    0.00026018641074188054,
    0.0008618523715995252,
    0.0001010538762784563,
    0.0006827814504504204,
    0.0008598246495239437
  ],
  "pi": [
    0.9990000128746033,
    3.351120270167485e-08,
    2.2423451540021233e-08,
    2.6278823384018324e-07,
    2.735780526563758e-06,
    2.0486888388404623e-05,
    0.00012122010230086744,
    0.0002095558593282476,
    0.00014612029190175235,
    7.213005659423288e-08,
    7.530060975113884e-05,
    7.098802143445937e-06,
    0.00010011268022935838,
    5.647936007768806e-10,
    0.0003016536356881261,
    1.446197165932972e-05,
    8.620287417215877e-07
  ],
  "J": 17
}