{
  "mu": [
    0.0,
    -0.8965814113616943,
    -0.6875757575035095,
    -0.5534062385559082,
    -0.455398827791214,
    -0.3541257679462433,
    -0.264742910861969,
    -0.24936513602733612,
    -0.19160057604312897,
    -0.00179499969817698,
    -0.000874125980772078,
    -0.000499928486533463,
    0.09193024784326553,
    0.2689100205898285,
    0.2629660367965698,
    0.3281984031200409,
    0.45947301387786865
  ],
  "sigma2": [
    0.0035069554578512907,
    0.001479762140661478,
    0.0014800316421315074,
    0.0014784283703193069,
    0.0014685504138469696,
    0.0015007569454610348,
    0.0013685020385310054,
    0.001294247922487557,
    0.0014945068396627903,
    0.0014916035579517484,
    0.001498061465099454,
    0.001490787835791707,
    0.0014974144287407398,
    0.0014543143333867192,
    0.0013791295932605863,
    0.0014822684461250901,
    0.0014820316573604941
  ],
  "pi": [
    0.9990000128746033,
    1.396717493662436e-06,
    1.606862383596308e-06,
    2.620818804643932e-06,
    1.4401382941287011e-05,
    8.636824350105599e-05,
    0.0003549026732798666,
    0.0002874644414987415,
    3.0500596039928496e-06,
    1.08654903669958e-05,
    1.3284837223181967e-05,
    1.272224290005397e-05,
    2.646979964993079e-06,
    2.9683875254704617e-05,
    0.00014935365470591933,
    2.5133451345027424e-05,
    4.498276666708989e-06
  ],
  "J": 17
}