{
  "mu": [
    0.0,
    -1.249494194984436,
    -0.82488614320755,
    -0.8279422521591187,
    -0.6213864684104919,
    -0.47194144129753113,
    -0.32401660084724426,
    -0.09315398335456848,
    -0.19969090819358826,
    0.03464178368449211,
    0.27682989835739136,
    0.029090626165270805,
    0.18178889155387878,
    0.27616339921951294,
    0.0949336439371109,
    0.4040238857269287,
    0.6071258783340454
  ],
  "sigma2": [
    3.072668914683163e-05,
    0.0008609007345512509,
    0.000861547130625695,
    0.0008579108980484307,
    0.0008174415561370552,
    0.0006116635049693286,
    0.00029714105767197907,
    0.0002492228813935071,
    0.00027685685199685395,
    0.0008676868164911866,
    0.0003711296303663403,
    0.0010618004016578197,
    0.0003237013297621161,
    0.0008618552819825709,
    0.00019326414621900767,
    0.0006924581248313189,
    0.0008643081528134644
  ],
  "pi": [
    0.9990000128746033,
    4.3203034039152044e-08,
    2.5294225380889657e-08,
    3.233322161122487e-07,
    3.0068174510233803e-06,
    2.1435125745483674e-05,
    0.00012483785394579172,
    0.0001942048838827759,
    0.0001500862999819219,
    4.155189401444659e-07,
    7.748148345854133e-05,
    5.204798981139902e-06,
    0.00010262281284667552,
    1.0471113975896174e-09,
    0.0003040896262973547,
    1.522841466794489e-05,
    9.935096159097156e-07
  ],
  "J": 17
}