{
  "mu": [
    0.0,
    -1.151216983795166,
    -0.8094961643218994,
    -0.7019578218460083,
    -0.5466523766517639,
    -0.4135974943637848,
    -0.2830974757671356,
    -0.08691740781068802,
    -0.16836316883563995,
    -0.08317418396472931,
    0.2427968680858612,
    -0.08317450433969498,
    0.15707018971443176,
    0.23925399780273438,
    0.09203805029392242,
    0.35832926630973816,
    0.5327696800231934
  ],
  "sigma2": [
    1.3793451216770336e-05,
    0.0008608851348981261,
    0.0008603668538853526,
    0.0008574556559324265,
    0.0008364708046428859,
    0.0006803796859458089,
    0.0002288018586114049,
    0.00026332371635362506,
    0.00021500034199561924,
    0.0008618712890893221,
    0.0004875876766163856,
    0.0008618680294603109,
    0.0005140300490893424,
    0.000861654756590724,
    0.00029481068486347795,
    0.0007493296870961785,
    0.0008828773279674351
  ],
  "pi": [
    0.9990000128746033,
    3.722981034570694e-08,
    8.423442920957314e-08,
    2.2824320922154584e-07,
    3.0825999601802323e-06,
    2.2367799829225987e-05,
    0.00013249866606201977,
    0.00016781067824922502,
    0.0001591269247001037,
    5.6753379773510915e-09,
    8.190090738935396e-05,
    6.069067026714947e-09,
    0.00011238355364184827,
    5.4892161927000416e-08,
    0.0003033507091458887,
    1.61143543664366e-05,
    9.47499586345657e-07
  ],
  "J": 17
}