{
  "mu": [
    0.0,
    -1.1521413326263428,
    -0.8103935122489929,
    -0.7018769979476929,
    -0.5461387038230896,
    -0.4140194058418274,
    -0.28315457701683044,
    -0.08655253052711487,
    -0.16829966008663177,
    -0.08194250613451004,
    0.24336238205432892,
    -0.08194241672754288,
    0.15803734958171844,
    0.24034416675567627,
    0.09239273518323898,
    0.3589433431625366,
    0.5348466634750366
  ],
  "sigma2": [
    1.376672116748523e-05,
    0.0008608851348981261,
    0.0008603397291153669,
    0.0008572525111958385,
    0.0008315537706948817,
    0.0006560696638189256,
    0.0002142495650332421,
    0.00022281936253421009,
    0.00019407719082664698,
    0.000861880776938051,
    0.00043546996312215924,
    0.000861878739669919,
    0.0004404947394505143,
    0.0008617221028544009,
    0.0002290374250151217,
    0.0007340022129938006,
    0.0008826571865938604
  ],
  "pi": [
    0.9990000128746033,
    3.721940800005541e-08,
    8.426231090652436e-08,
    2.2817738454250502e-07,
    3.1013216812425526e-06,
    2.2329524654196575e-05,
    0.00013250876509118825,
    0.00016771159425843507,
    0.0001592277258168906,
    4.253393637299041e-09,
    8.192363020498306e-05,
    4.5108317081599125e-09,
    0.00011088990140706301,
    3.320683106267097e-08,
    0.00030480933492071927,
    1.6155268895090558e-05,
    9.513263421467855e-07
  ],
  "J": 17
}