{
  "mu": [
    0.0,
    -1.2458552122116089,
    -0.8740196228027344,
    -0.7774989008903503,
    -0.6027128100395203,
    -0.45773574709892273,
    -0.3138369023799896,
    -0.09132611751556396,
    -0.19173744320869446,
    0.03928022459149361,
    0.2711469531059265,
    0.0392686165869236,
    0.17743122577667236,
    0.27104437351226807,
    0.09480788558721542,
    0.3951961398124695,
    0.5832003951072693
  ],
  "sigma2": [
    1.3764122741122264e-05,
    0.0008608851348981261,
    0.0008600641158409417,
    0.0008576871477998793,
    0.0008124771411530674,
    0.0006003983435221016,
    0.00020733405835926533,
    0.00017393285816069692,
    0.0001865105441538617,
    0.0008596716797910631,
    0.00032575451768934727,
    0.0008592488011345267,
    0.00027570888050831854,
    0.0008618523715995252,
    0.00010738802666310221,
    0.0007000459008850157,
    0.0008659132290631533
  ],
  "pi": [
    0.9990000128746033,
    3.5519150287655066e-08,
    8.086784930583235e-08,
    2.1902852154198627e-07,
    2.8816700705647236e-06,
    2.1476555048138835e-05,
    0.00012727893772535026,
    0.00018792679475154728,
    0.00015293777687475085,
    1.2813914906928403e-07,
    7.857954187784344e-05,
    1.5343796633260354e-07,
    0.00010382267646491528,
    1.7137807839517905e-09,
    0.0003084083436988294,
    1.5164054275373928e-05,
    9.049815616890555e-07
  ],
  "J": 17
}