{
  "mu": [
    0.0,
    -1.2969105243682861,
    -0.8576266169548035,
    -0.8576551675796509,
    -0.6338191628456116,
    -0.4840262234210968,
    -0.3351028263568878,
    -0.09285534918308258,
    -0.20746463537216187,
    0.05298503488302231,
    0.28393980860710144,
    0.05146946385502815,
    0.18674802780151367,
    0.28249770402908325,
    0.0950077623128891,
    0.4129429757595062,
    0.6151517033576965
  ],
  "sigma2": [
    2.8231132091605105e-05,
    0.0008608851348981261,
    0.0008612283854745328,
    0.0008558360859751701,
    0.0008346631075255573,
    0.0006694782059639692,
    0.0003832557995337993,
    0.0004655103839468211,
    0.00037931252154521644,
    0.0008606893825344741,
    0.00046782175195403397,
    0.000806837051641196,
    0.0004094060277566314,
    0.0008618922438472509,
    0.0002992454683408141,
    0.0007344990153796971,
    0.0008657514117658138
  ],
  "pi": [
    0.9990000128746033,
    3.9815411412291724e-08,
    2.5775619860723964e-08,
    2.815030200054025e-07,
    2.7758458145399345e-06,
    2.057528581644874e-05,
    0.00012137281009927392,
    0.00020987163588870317,
    0.00014613886014558375,
    1.7468414625909645e-07,
    7.550474401796237e-05,
    7.73832289269194e-06,
    0.0001003783690975979,
    7.085264597250784e-10,
    0.0002997487608809024,
    1.4480343452305533e-05,
    8.92628236215387e-07
  ],
  "J": 17
}