{
  "mu": [
    0.0,
    -1.055939793586731,
    -0.7396609783172607,
    -0.5948891043663025,
    -0.4996222257614136,
    -0.3796023428440094,
    -0.25916099548339844,
    -0.07811670005321503,
    -0.14963452517986298,
    -0.0937066525220871,
    0.18500345945358276,
    -0.09433484822511673,
    0.1334168165922165,
    0.2221291959285736,
    0.07905648648738861,
    0.3228515386581421,
    0.48167723417282104
  ],
  "sigma2": [
    1.4710763025505003e-05,
    0.0008608864154666662,
    0.0008631318341940641,
    0.0008641952299512923,
    0.000863148714415729,
    0.0008563838782720268,
    0.0007321690791286528,
    0.0006215560133568943,
    0.0007753912941552699,
    0.0008618026622571051,
    0.0008562164730392396,
    0.0008617891580797732,
    0.000878003949765116,
    0.0009529743110761046,
    0.000662094505969435,
    0.0009136825683526695,
    0.0009105632198043168
  ],
  "pi": [
    0.9990000128746033,
    4.056603941648973e-08,
    9.005798062844406e-08,
    4.4088875483794254e-07,
    2.782997171379975e-06,
    2.1296589693520218e-05,
    0.00013644869613926858,
    0.00015749984595458955,
    0.00016483105719089508,
    2.7837307925437926e-07,
    8.171458830474876e-06,
    3.4217168831673916e-07,
    0.00014985173766035587,
    8.190321386791766e-05,
    0.0002586529008112848,
    1.6387806681450456e-05,
    9.816372994464473e-07
  ],
  "J": 17
}