{
  "mu": [
    0.0,
    -1.2155014276504517,
    -0.8855794668197632,
    -0.7559459209442139,
    -0.5927685499191284,
    -0.45013895630836487,
    -0.30859240889549255,
    -0.09008172899484634,
    -0.18836385011672974,
    0.048382822424173355,
    0.2658652067184448,
    0.048380669206380844,
    0.1738763302564621,
    0.2651129961013794,
    0.09327717870473862,
    0.38882893323898315,
    0.5726678371429443
  ],
  "sigma2": [
    2.5723547878442332e-05,
    0.0008608847274444997,
    0.0008599456050433218,
    0.0008587195770815015,
    0.0008230883395299315,
    0.0006732063484378159,
    0.0003549255197867751,
    0.00043357969843782485,
    0.00033687244285829365,
    0.0008616856066510081,
    0.00043462897883728147,
    0.0008616851991973817,
    0.0003991861594840884,
    0.0008618972497060895,
    0.00026601459830999374,
    0.0007613539346493781,
    0.0008724067592993379
  ],
  "pi": [
    0.9990000128746033,
    3.5994467850741785e-08,
    8.193729428285224e-08,
    2.196638462237388e-07,
    2.9186305710027227e-06,
    2.1552232283283956e-05,
    0.0001278074341826141,
    0.00018544046906754375,
    0.00015355111099779606,
    7.715993954882094e-10,
    7.909383566584438e-05,
    7.872651419660315e-10,
    0.00010402943007647991,
    1.110560643446945e-09,
    0.000309120980091393,
    1.523729952168651e-05,
    9.084156999961124e-07
  ],
  "J": 17
}