{
  "mu": [
    0.0,
    -1.2526659965515137,
    -0.8392865657806396,
    -0.8392645716667175,
    -0.6272323131561279,
    -0.47638532519340515,
    -0.3284498155117035,
    -0.09305272251367569,
    -0.20291267335414886,
    0.04449346289038658,
    0.27920520305633545,
    0.037798747420310974,
    0.182954803109169,
    0.2773611545562744,
    0.09447021782398224,
    0.40635788440704346,
    0.6072903871536255
  ],
  "sigma2": [
    2.158275128749665e-05,
    0.0008608847274444997,
    0.0008616531267762184,
    0.000858666782733053,
    0.0008249846287071705,
    0.0006438603741116822,
    0.00032843471853993833,
    0.00039406828000210226,
    0.0003140174667350948,
    0.0008593344246037304,
    0.00042633042903617024,
    0.0008414842304773629,
    0.0003732451004907489,
    0.0008618815918453038,
    0.0002460601390339434,
    0.0007322552846744657,
    0.0008698699530214071
  ],
  "pi": [
    0.9990000128746033,
    3.852927576986076e-08,
    1.9852153698707298e-08,
    2.8876021929136186e-07,
    2.828046945069218e-06,
    2.096030584652908e-05,
    0.00012387543392833322,
    0.00020113315258640796,
    0.00014904253475833684,
    2.9616924734909844e-07,
    7.691243081353605e-05,
    2.5535744043736486e-06,
    0.00010198229574598372,
    7.269687629651855e-10,
    0.0003043676260858774,
    1.4796734831179492e-05,
    9.038786856763181e-07
  ],
  "J": 17
}