{
  "mu": [
    0.0,
    -1.1218873262405396,
    -0.7949808239936829,
    -0.6827413439750671,
    -0.5366392731666565,
    -0.40197452902793884,
    -0.27643704414367676,
    -0.08637480437755585,
    -0.16280581057071686,
    -0.09599125385284424,
    0.23659877479076385,
    -0.09597012400627136,
    0.14966027438640594,
    0.23560413718223572,
    0.08863060176372528,
    0.34743764996528625,
    0.5113411545753479
  ],
  "sigma2": [
    1.3752535778621677e-05,
    0.0008608851348981261,
    0.0008603536989539862,
    0.0008585930918343365,
    0.000848648021928966,
    0.0007714342209510505,
    0.00036001368425786495,
    0.0004455680027604103,
    0.0004335784469731152,
    0.0008617924177087843,
    0.0007826232467778027,
    0.0008617710554972291,
    0.0007815395365469158,
    0.0008469129679724574,
    0.0005655104760080576,
    0.000826532079372555,
    0.0008978306432254612
  ],
  "pi": [
    0.9990000128746033,
    3.751591393097442e-08,
    8.514371074852534e-08,
    2.29400086482201e-07,
    2.9678437840630068e-06,
    2.263842361571733e-05,
    0.00013365803170017898,
    0.00016394925478380173,
    0.0001607733720447868,
    4.900347505554237e-08,
    7.045706297503784e-05,
    5.546333170514117e-08,
    0.00012757227523252368,
    1.3057275282335468e-05,
    0.00028736074455082417,
    1.6150326700881124e-05,
    9.58922441895993e-07
  ],
  "J": 17
}