{
  "mu": [
    0.0,
    -1.2583956718444824,
    -0.834041953086853,
    -0.8340291380882263,
    -0.6238996982574463,
    -0.47524401545524597,
    -0.32669809460639954,
    -0.09097123146057129,
    -0.20067380368709564,
    0.043769221752882004,
    0.28081104159355164,
    0.04339921474456787,
    0.18487462401390076,
    0.28049495816230774,
    0.09677933901548386,
    0.40674087405204773,
    0.6134091019630432
  ],
  "sigma2": [
    1.3781945199298207e-05,
    0.0008608851348981261,
    0.0008613704703748226,
    0.0008558136760257185,
    0.0008056453079916537,
    0.0005540840211324394,
    0.00019090529531240463,
    0.00012855802197009325,
    0.00016444153152406216,
    0.0008597623673267663,
    0.0002784235402941704,
    0.0008130395435728133,
    0.00022600773081649095,
    0.0008618503925390542,
    8.905615686671808e-05,
    0.0006509475642815232,
    0.0008593893144279718
  ],
  "pi": [
    0.9990000128746033,
    3.448699104069419e-08,
    1.8149586722415734e-08,
    2.73545708751044e-07,
    2.794985221044044e-06,
    2.091641363222152e-05,
    0.0001238569529959932,
    0.0002011514879995957,
    0.00014905782882124186,
    1.1272425126662711e-07,
    7.674391963519156e-05,
    2.7530325041880133e-06,
    0.00010177306103287265,
    5.034109795687414e-10,
    0.0003048605576623231,
    1.4771892892895266e-05,
    8.804378239801736e-07
  ],
  "J": 17
}