{
  "mu": [
    0.0,
    -1.1544073820114136,
    -0.8326177597045898,
    -0.721710205078125,
    -0.5527251362800598,
    -0.4200791120529175,
    -0.28715643286705017,
    -0.08822305500507355,
    -0.17215968668460846,
    -0.06686152517795563,
    0.24552074074745178,
    -0.06682705134153366,
    0.15961429476737976,
    0.24327407777309418,
    0.09096420556306839,
    0.36156681180000305,
    0.542231023311615
  ],
  "sigma2": [
    3.115911385975778e-05,
    0.0008608994539827108,
    0.0008607480558566749,
    0.0008585852920077741,
    0.0008248862577602267,
    0.0006578696775250137,
    0.0002821569505613297,
    0.0002922264684457332,
    0.00026317182346247137,
    0.0008620579028502107,
    0.00043108794488944113,
    0.0008620591252110898,
    0.0004054150194860995,
    0.0008618236752226949,
    0.00022549361165147275,
    0.0007388836820609868,
    0.0008760680793784559
  ],
  "pi": [
    0.9990000128746033,
    3.7241548511701694e-08,
    8.46059364789653e-08,
    2.2774487717924785e-07,
    2.9949178497190587e-06,
    2.2273958165897056e-05,
    0.00013225784641690552,
    0.00016955290629994124,
    0.000158877155627124,
    2.4806976473001896e-09,
    8.125868771458045e-05,
    2.5955495530638473e-09,
    0.00010879727778956294,
    1.3008911281531255e-08,
    0.0003066066128667444,
    1.6072315702331252e-05,
    9.406965091329766e-07
  ],
  "J": 17
}