{
  "mu": [
    0.0,
    -1.120155692100525,
    -0.7955683469772339,
    -0.6806554198265076,
    -0.5363852381706238,
    -0.40155845880508423,
    -0.27661430835723877,
    -0.08674203604459763,
    -0.1630108803510666,
    -0.09636996686458588,
    0.2361413538455963,
    -0.09638848900794983,
    0.14906449615955353,
    0.23603950440883636,
    0.08742421865463257,
    0.3466334342956543,
    0.5084035992622375
  ],
  "sigma2": [
    1.459720078855753e-05,
    0.0008608851348981261,
    0.0008603807655163109,
    0.000858664745464921,
    0.0008560434216633439,
    0.0007992899627424777,
    0.00042776603368110955,
    0.0005101459100842476,
    0.0005125253228470683,
    0.0008617915445938706,
    0.000844696827698499,
    0.0008617669227533042,
    0.0008212766842916608,
    0.0008517839014530182,
    0.0006186774116940796,
    0.000850933080073446,
    0.0008986551547423005
  ],
  "pi": [
    0.9990000128746033,
    3.7878869818541716e-08,
    8.562895459363062e-08,
    2.3049413755416026e-07,
    2.96971529678558e-06,
    2.2579903088626452e-05,
    0.00013363778998609632,
    0.00016354216495528817,
    0.000161219562869519,
    6.72863507134025e-08,
    5.2417370170587674e-05,
    7.704794313667662e-08,
    0.00013014968135394156,
    3.0680588679388165e-05,
    0.0002852226607501507,
    1.6126672562677413e-05,
    9.556139275446185e-07
  ],
  "J": 17
}