{
  "mu": [
    0.0,
    -1.2563190460205078,
    -0.8351508975028992,
    -0.835138201713562,
    -0.6248852610588074,
    -0.47546571493148804,
    -0.3270815908908844,
    -0.09160773456096649,
    -0.20135745406150818,
    0.040871478617191315,
    0.28009283542633057,
    0.04083183780312538,
    0.18412281572818756,
    0.27962204813957214,
    0.095919169485569,
    0.4063699245452881,
    0.6097120046615601
  ],
  "sigma2": [
    1.378241904603783e-05,
    0.0008608847274444997,
    0.0008614399121142924,
    0.0008566881879232824,
    0.0008099802653305233,
    0.0005712654092349112,
    0.00019668540335260332,
    0.00014491820184048265,
    0.0001716825063340366,
    0.0008587187621742487,
    0.00029756021103821695,
    0.0008215865236707032,
    0.00024595431750640273,
    0.0008618516148999333,
    9.432480146642774e-05,
    0.0006740260869264603,
    0.0008629655931144953
  ],
  "pi": [
    0.9990000128746033,
    3.448451835197375e-08,
    1.9031377362921376e-08,
    2.7262140633865783e-07,
    2.794850388454506e-06,
    2.0915425920975395e-05,
    0.0001238514669239521,
    0.00020113463688176125,
    0.00014905125135555863,
    2.0920217025377497e-07,
    7.673659274587408e-05,
    2.7089806735602906e-06,
    0.00010177353397011757,
    5.944519876344145e-10,
    0.00030484743183478713,
    1.4769552763027605e-05,
    8.803869491202931e-07
  ],
  "J": 17
}