{
  "mu": [
    0.0,
    -1.2153085470199585,
    -0.8861829042434692,
    -0.7569463849067688,
    -0.5930538177490234,
    -0.4501075744628906,
    -0.3083062171936035,
    -0.08979827910661697,
    -0.18798144161701202,
    0.03881514444947243,
    0.26634496450424194,
    0.038815729320049286,
    0.1744859665632248,
    0.26562294363975525,
    0.093827024102211,
    0.3892476558685303,
    0.573031485080719
  ],
  "sigma2": [
    1.398374206473818e-05,
    0.0008608847274444997,
    0.000859937397763133,
    0.0008587032207287848,
    0.0008202771423384547,
    0.0006508848746307194,
    0.0002916607481893152,
    0.00036965537583455443,
    0.0002834320766851306,
    0.0008614883990958333,
    0.0003971097758039832,
    0.0008614875259809196,
    0.00036173703847453,
    0.0008618845022283494,
    0.00021316795027814806,
    0.0007465410744771361,
    0.0008713637362234294
  ],
  "pi": [
    0.9990000128746033,
    3.610368182194179e-08,
    8.202601264883924e-08,
    2.197425459371516e-07,
    2.9215648282843176e-06,
    2.1537072825594805e-05,
    0.00012779582175426185,
    0.00018537938012741506,
    0.00015361577970907092,
    1.0659956251046765e-09,
    7.90082776802592e-05,
    1.0943055350765007e-09,
    0.0001039096896420233,
    1.098837798529928e-09,
    0.0003093402774538845,
    1.524226536275819e-05,
    9.087062835533288e-07
  ],
  "J": 17
}