{
  "mu": [
    0.0,
    -0.8905842900276184,
    -0.6891131401062012,
    -0.5617431998252869,
    -0.44967159628868103,
    -0.3356042206287384,
    -0.25282353162765503,
    -0.2149418741464615,
    -0.21689505875110626,
    -0.001236208830960095,
    -0.0008920522523112595,
    -0.000875696016009897,
    0.1006501317024231,
    0.2699085474014282,
    0.21559207141399384,
    0.32506129145622253,
    0.4563027620315552
  ],
  "sigma2": [
    0.002081918064504862,
    0.0008652796968817711,
    0.00086509610991925,
    0.0008632396929897368,
    0.0008682133047841489,
    0.0008776356698945165,
    0.0008795783505775034,
    0.0007894737063907087,
    0.0008660181192681193,
    0.0008671569521538913,
    0.0008674811688251793,
    0.0008673261036165059,
    0.0008668617811053991,
    0.0008621640154160559,
    0.0008289425168186426,
    0.0008732504211366177,
    0.0008835381013341248
  ],
  "pi": [
    0.9990000128746033,
    2.6913517103821505e-07,
    4.0661510070094664e-07,
    1.349575200038089e-06,
    1.1148580597364344e-05,
    8.430476736975834e-05,
    0.00021252338774502277,
    0.00038601370761170983,
    9.465285302212578e-07,
    1.2230359516252065e-06,
    1.494776824984001e-06,
    1.4305394415714545e-06,
    3.274938649155956e-07,
    3.301520337117836e-05,
    0.00023952337505761534,
    2.3175869500846602e-05,
    2.847440555342473e-06
  ],
  "J": 17
}