{
  "mu": [
    0.0,
    -1.2050765752792358,
    -0.8598475456237793,
    -0.7430578470230103,
    -0.5810898542404175,
    -0.43924272060394287,
    -0.29980769753456116,
    -0.08814402669668198,
    -0.18088963627815247,
    0.10441512614488602,
    0.260825514793396,
    0.1044149249792099,
    0.1715707629919052,
    0.2621641159057617,
    0.09538029879331589,
    0.3809158504009247,
    0.5683923363685608
  ],
  "sigma2": [
    1.3835741810908075e-05,
    0.0008608851348981261,
    0.0008598488057032228,
    0.000856788654346019,
    0.000808081473223865,
    0.000577533442992717,
    0.00019324242020957172,
    0.00015231259749270976,
    0.0001676063402555883,
    0.0008619559812359512,
    0.0002942789578810334,
    0.0008619559812359512,
    0.00023804565717000514,
    0.0008618634892627597,
    9.342471457784995e-05,
    0.0006738808006048203,
    0.0008671432733535767
  ],
  "pi": [
    0.9990000128746033,
    3.6530259706069046e-08,
    8.313055133157832e-08,
    2.2314375769383332e-07,
    2.9382288175838767e-06,
    2.1898411432630382e-05,
    0.00012986315414309502,
    0.00017701789329294115,
    0.00015607925888616592,
    8.389409167364192e-10,
    8.016847277758643e-05,
    8.569949749848149e-10,
    0.00010505931277293712,
    1.2828482720550483e-09,
    0.00031015818240121007,
    1.5547795555903576e-05,
    9.235602078661032e-07
  ],
  "J": 17
}