{
  "mu": [
    0.0,
    -0.9294970631599426,
    -0.7119793891906738,
    -0.5665918588638306,
    -0.46000421047210693,
    -0.3381609320640564,
    -0.23217590153217316,
    -0.15242885053157806,
    -0.22231905162334442,
    -0.0011165532050654292,
    -0.0015590110560879111,
    -0.0008971575880423188,
    0.14025409519672394,
    0.22352781891822815,
    0.15317820012569427,
    0.3161011040210724,
    0.4622329771518707
  ],
  "sigma2": [
    0.0008759081247262657,
    0.0008608999196439981,
    0.0008608432835899293,
    0.0008571908110752702,
    0.000849542033392936,
    0.0008182937162928283,
    0.0007518594502471387,
    0.000644234474748373,
    0.0008618799038231373,
    0.0008619654108770192,
    0.00086196418851614,
    0.00086196418851614,
    0.0008617274579592049,
    0.0008546114549972117,
    0.0006910469965077937,
    0.0008510401239618659,
    0.0008745009545236826
  ],
  "pi": [
    0.9990000128746033,
    1.0138199257880842e-07,
    2.0579143722443405e-07,
    6.768662501599465e-07,
    5.573805992753478e-06,
    4.9003097956301644e-05,
    0.0002910263428930193,
    0.000258751300862059,
    4.281574774722685e-07,
    2.1155571516828786e-07,
    2.583864215921494e-07,
    2.4726659830776043e-07,
    8.888528668649087e-08,
    0.00011569300113478675,
    0.00025798077695071697,
    1.810395042411983e-05,
    1.64943128311279e-06
  ],
  "J": 17
}