{
  "mu": [
    0.0,
    -1.299326777458191,
    -0.8610960841178894,
    -0.8610928654670715,
    -0.6333446502685547,
    -0.4831317663192749,
    -0.33370521664619446,
    -0.09196490794420242,
    -0.20610621571540833,
    0.044658128172159195,
    0.28451618552207947,
    0.043929822742938995,
    0.18751081824302673,
    0.28457024693489075,
    0.09621399641036987,
    0.4132932722568512,
    0.616603434085846
  ],
  "sigma2": [
    1.380012236040784e-05,
    0.0008608851348981261,
    0.00086126325186342,
    0.0008560650167055428,
    0.0008256169967353344,
    0.0005979968700557947,
    0.0002137269329978153,
    0.0002046168374363333,
    0.0002006373688345775,
    0.0008606984047219157,
    0.0003343756834510714,
    0.0007727850461378694,
    0.00028187994030304253,
    0.0008618544088676572,
    0.00011965029989369214,
    0.0006930269300937653,
    0.0008608781499788165
  ],
  "pi": [
    0.9990000128746033,
    3.336442944146256e-08,
    2.3080998445834666e-08,
    2.6191403890152287e-07,
    2.7340454380464507e-06,
    2.0487494111876003e-05,
    0.00012121922190999612,
    0.00020956747175659984,
    0.0001461194915464148,
    9.513256316040497e-08,
    7.531486335210502e-05,
    7.3456440077279694e-06,
    0.00010010798723669723,
    6.010507092035766e-10,
    0.00030137220164760947,
    1.4455743439611979e-05,
    8.617696494184202e-07
  ],
  "J": 17
}