{
  "mu": [
    0.0,
    -1.245782494544983,
    -0.8739368915557861,
    -0.7779405117034912,
    -0.6028401851654053,
    -0.4579367935657501,
    -0.3136654198169708,
    -0.09106440842151642,
    -0.19150002300739288,
    0.03858799487352371,
    0.27127695083618164,
    0.038570839911699295,
    0.17764276266098022,
    0.2711620032787323,
    0.09503570944070816,
    0.3950725495815277,
    0.5843538641929626
  ],
  "sigma2": [
    1.3766065421805251e-05,
    0.0008608851348981261,
    0.0008600370492786169,
    0.0008575791725888848,
    0.0008098964462988079,
    0.0005896466900594532,
    0.0001989027368836105,
    0.00015561113832518458,
    0.0001750466035446152,
    0.000859585590660572,
    0.0003089345118496567,
    0.0008591472287662327,
    0.0002572908124420792,
    0.0008618516148999333,
    9.748452430358157e-05,
    0.000688482541590929,
    0.0008649491937831044
  ],
  "pi": [
    0.9990000128746033,
    3.5669497577828224e-08,
    8.097659787154043e-08,
    2.1907740688220656e-07,
    2.8788517738576047e-06,
    2.147947088815272e-05,
    0.00012727930152323097,
    0.00018792830815073103,
    0.00015293856267817318,
    1.242674585455461e-07,
    7.858334720367566e-05,
    1.4877932130730187e-07,
    0.00010380043386248872,
    1.5161262245655394e-09,
    0.0003084257186856121,
    1.5170824553933926e-05,
    9.049289246831904e-07
  ],
  "J": 17
}