{
  "mu": [
    0.0,
    -1.2455285787582397,
    -0.8734476566314697,
    -0.7788391709327698,
    -0.6030967831611633,
    -0.4582100212574005,
    -0.3135337829589844,
    -0.09080448746681213,
    -0.19128690659999847,
    0.03838420286774635,
    0.2714601159095764,
    0.0383707620203495,
    0.1778915375471115,
    0.2713042199611664,
    0.0952940285205841,
    0.39501601457595825,
    0.5855519771575928
  ],
  "sigma2": [
    1.3770555597147904e-05,
    0.0008608851348981261,
    0.0008600206347182393,
    0.0008574863313697278,
    0.0008077247766777873,
    0.0005805549444630742,
    0.00019466536468826234,
    0.00014624616596847773,
    0.00016937320469878614,
    0.0008595598046667874,
    0.0002971730718854815,
    0.0008591136429458857,
    0.000244433234911412,
    0.0008618516148999333,
    9.321636753156781e-05,
    0.0006779610994271934,
    0.0008639582665637136
  ],
  "pi": [
    0.9990000128746033,
    3.5696448463795605e-08,
    8.097760684222521e-08,
    2.1912860859174543e-07,
    2.876245389415999e-06,
    2.148214480257593e-05,
    0.00012727925786748528,
    0.00018792797345668077,
    0.0001529382570879534,
    1.2271041782696557e-07,
    7.859195466153324e-05,
    1.4709179652072635e-07,
    0.00010378619481343776,
    1.3531132880828523e-09,
    0.0003084324998781085,
    1.5173687643255107e-05,
    9.048573588188447e-07
  ],
  "J": 17
}