{
  "mu": [
    0.0,
    -1.1513396501541138,
    -0.8299784064292908,
    -0.7232372760772705,
    -0.5626208782196045,
    -0.4268313944339752,
    -0.2920028269290924,
    -0.08758798241615295,
    -0.17483222484588623,
    -0.07282482087612152,
    0.25121286511421204,
    -0.07282481342554092,
    0.1641112118959427,
    0.2504420876502991,
    0.0926632210612297,
    0.36975932121276855,
    0.5483407974243164
  ],
  "sigma2": [
    1.3751959158980753e-05,
    0.0008608847274444997,
    0.0008610144141130149,
    0.0008582803420722485,
    0.0008215461275540292,
    0.0006427818443626165,
    0.00022334270761348307,
    0.00025426415959373116,
    0.00020627319463528693,
    0.0008619087166152894,
    0.00039249207475222647,
    0.0008619082509540021,
    0.00035385871888138354,
    0.0008618487627245486,
    0.00017519791435915977,
    0.0007354638655669987,
    0.0008755699382163584
  ],
  "pi": [
    0.9990000128746033,
    3.6843236017602976e-08,
    8.21848900045552e-08,
    2.2636493213212816e-07,
    3.0004830477992073e-06,
    2.201098504883703e-05,
    0.00013083031808491796,
    0.00017385273531544954,
    0.00015704595716670156,
    2.1300412544889014e-09,
    8.069215982686728e-05,
    2.2210646655196342e-09,
    0.00010652483615558594,
    6.676581065789833e-09,
    0.00030895706731826067,
    1.57964532263577e-05,
    9.326282111032924e-07
  ],
  "J": 17
}