{
  "mu": [
    0.0,
    -1.2650635242462158,
    -0.8225634694099426,
    -0.8225574493408203,
    -0.6160686016082764,
    -0.46850326657295227,
    -0.3207985758781433,
    -0.09084867686033249,
    -0.19705748558044434,
    0.044427912682294846,
    0.27723440527915955,
    0.04412918537855148,
    0.18226058781147003,
    0.2767854332923889,
    0.09662436693906784,
    0.40391743183135986,
    0.6048551797866821
  ],
  "sigma2": [
    1.3777031199424528e-05,
    0.0008608851348981261,
    0.0008616539416834712,
    0.0008589788340032101,
    0.0008054593927226961,
    0.0005577011615969241,
    0.0001914606400532648,
    0.00013416694127954543,
    0.00016514545131940395,
    0.0008540020207874477,
    0.0002807638666126877,
    0.0008169377688318491,
    0.00022772625379730016,
    0.0008618466672487557,
    8.993911615107208e-05,
    0.0006565168150700629,
    0.0008588821510784328
  ],
  "pi": [
    0.9990000128746033,
    3.472439402685268e-08,
    2.1216434831217157e-08,
    2.737418185461138e-07,
    2.8275971999391913e-06,
    2.1161240510991774e-05,
    0.00012530705134849995,
    0.0001942715171026066,
    0.00015075731789693236,
    4.3964016072095546e-07,
    7.755147089483216e-05,
    2.5747408471943345e-06,
    0.00010274006490362808,
    9.449668825212143e-10,
    0.0003062033501919359,
    1.4944841495889705e-05,
    8.906088737603568e-07
  ],
  "J": 17
}