{
  "mu": [
    0.0,
    -1.25444757938385,
    -0.8364490866661072,
    -0.8364517092704773,
    -0.6260879039764404,
    -0.4760366678237915,
    -0.3278154730796814,
    -0.09237399697303772,
    -0.20226368308067322,
    0.04514678567647934,
    0.27971649169921875,
    0.04516952857375145,
    0.1836581975221634,
    0.2787271738052368,
    0.09524017572402954,
    0.4064021110534668,
    0.6079658269882202
  ],
  "sigma2": [
    1.3790097000310197e-05,
    0.0008608847274444997,
    0.0008615023689344525,
    0.000857591861858964,
    0.0008176442934200168,
    0.0006062238244339824,
    0.00023682831670157611,
    0.00026454575709067285,
    0.00022270952467806637,
    0.0008584886672906578,
    0.0003551437403075397,
    0.0008326981333084404,
    0.00030757486820220947,
    0.0008618594147264957,
    0.00015094953414518386,
    0.0007050897693261504,
    0.0008671950199641287
  ],
  "pi": [
    0.9990000128746033,
    3.4099610246585144e-08,
    2.0659001620515483e-08,
    2.701376899949537e-07,
    2.793201474560192e-06,
    2.0913052139803767e-05,
    0.00012384918227326125,
    0.0002011200413107872,
    0.00014904761337675154,
    3.603432219279057e-07,
    7.673989603063092e-05,
    3.0830724426778033e-06,
    0.00010176945943385363,
    7.376074195875049e-10,
    0.0003043609031010419,
    1.4758369616174605e-05,
    8.792368362264824e-07
  ],
  "J": 17
}