{
  "mu": [
    0.0,
    -1.1499022245407104,
    -0.8081458210945129,
    -0.7011121511459351,
    -0.5484007000923157,
    -0.41344013810157776,
    -0.2834213376045227,
    -0.08773265033960342,
    -0.16872549057006836,
    -0.07800749689340591,
    0.2419065684080124,
    -0.07803638279438019,
    0.15562978386878967,
    0.2382703572511673,
    0.09106822311878204,
    0.35746094584465027,
    0.5284608006477356
  ],
  "sigma2": [
    1.3771894373348914e-05,
    0.0008608847274444997,
    0.0008604000322520733,
    0.0008579010027460754,
    0.0008454430499114096,
    0.0007294457172974944,
    0.00028702369309030473,
    0.00036871779593639076,
    0.0002882897388190031,
    0.0008619033615104854,
    0.0005958618130534887,
    0.0008619001018814743,
    0.000641303660813719,
    0.0008614604012109339,
    0.0004237507819198072,
    0.0007804543129168451,
    0.0008836838533170521
  ],
  "pi": [
    0.9990000128746033,
    3.734970022151174e-08,
    8.439712928520748e-08,
    2.2827572365713422e-07,
    3.016461505467305e-06,
    2.2411093596019782e-05,
    0.00013251650671008974,
    0.00016801459423732013,
    0.00015892551164142787,
    9.035171721905044e-09,
    8.16597676021047e-05,
    9.800733558051888e-09,
    0.00011477241787360981,
    1.4126986513929296e-07,
    0.0003011931257788092,
    1.603559030627366e-05,
    9.448168611925212e-07
  ],
  "J": 17
}