{
  "mu": [
    0.0,
    -1.2993963956832886,
    -0.8609219789505005,
    -0.8608996272087097,
    -0.6335994005203247,
    -0.48338377475738525,
    -0.3340204656124115,
    -0.09214939922094345,
    -0.2063957005739212,
    0.047690995037555695,
    0.2844865024089813,
    0.04658885300159454,
    0.18740706145763397,
    0.28412139415740967,
    0.09600986540317535,
    0.41331595182418823,
    0.6163296699523926
  ],
  "sigma2": [
    1.3800951819575857e-05,
    0.0008608847274444997,
    0.0008612481178715825,
    0.0008561646100133657,
    0.0008283422794193029,
    0.0006136255105957389,
    0.00023522655828855932,
    0.00026346437516622245,
    0.00023093925847206265,
    0.000860615458805114,
    0.0003610498388297856,
    0.0007824687054380774,
    0.00030980960582382977,
    0.0008618590072728693,
    0.0001515407784609124,
    0.0007036220631562173,
    0.0008620595326647162
  ],
  "pi": [
    0.9990000128746033,
    3.315696162076165e-08,
    2.4158348210789882e-08,
    2.6042133072223805e-07,
    2.7311991743772523e-06,
    2.0488412701524794e-05,
    0.00012121754843974486,
    0.00020957973902113736,
    0.00014611860387958586,
    1.2719270614525158e-07,
    7.531992014264688e-05,
    7.992297469172627e-06,
    0.00010016244777943939,
    6.522890561022621e-10,
    0.000300636631436646,
    1.4446375644183718e-05,
    8.612709052613354e-07
  ],
  "J": 17
}