{
  "mu": [
    0.0,
    -1.103210687637329,
    -0.7815097570419312,
    -0.6494792103767395,
    -0.5219881534576416,
    -0.39137446880340576,
    -0.26887568831443787,
    -0.08308963477611542,
    -0.1574036031961441,
    -0.09470017999410629,
    0.21838286519050598,
    -0.09474971890449524,
    0.14236624538898468,
    0.24249917268753052,
    0.08526594191789627,
    0.34004461765289307,
    0.5017547607421875
  ],
  "sigma2": [
    1.456503650842933e-05,
    0.0008608851348981261,
    0.0008611392113380134,
    0.0008589571225456893,
    0.000852342986036092,
    0.0008142387378029525,
    0.0004858090542256832,
    0.0005225958302617073,
    0.0005686365766450763,
    0.0008617007406428456,
    0.000858657353091985,
    0.0008616552222520113,
    0.0008324424852617085,
    0.0008610300137661397,
    0.0006207828992046416,
    0.0008505152072757483,
    0.0009026883053593338
  ],
  "pi": [
    0.9990000128746033,
    3.782668045460014e-08,
    8.577288923561355e-08,
    2.3038735719183023e-07,
    2.97196220344631e-06,
    2.2460071704699658e-05,
    0.00013438533642329276,
    0.0001621790579520166,
    0.0001616440131329,
    1.3195621306749672e-07,
    5.064096694695763e-05,
    1.5546712006653252e-07,
    0.00013381606549955904,
    3.8676258554914966e-05,
    0.0002761314099188894,
    1.548493128211703e-05,
    9.685550139693078e-07
  ],
  "J": 17
}