{
  "mu": [
    0.0,
    -1.2449548244476318,
    -0.8719925880432129,
    -0.780201256275177,
    -0.6034030914306641,
    -0.458497554063797,
    -0.3134610652923584,
    -0.09054846316576004,
    -0.1911058872938156,
    0.038295477628707886,
    0.2717936635017395,
    0.038290366530418396,
    0.17822210490703583,
    0.27158230543136597,
    0.09560323506593704,
    0.39510661363601685,
    0.5872781872749329
  ],
  "sigma2": [
    1.376192994939629e-05,
    0.0008608847274444997,
    0.0008600354194641113,
    0.000857427017763257,
    0.0008058838429860771,
    0.0005730021512135863,
    0.00019253749633207917,
    0.00014197190466802567,
    0.0001668001350481063,
    0.0008595642866566777,
    0.0002893614873755723,
    0.0008591148070991039,
    0.00023614450765307993,
    0.000861851149238646,
    9.143345232587308e-05,
    0.0006682974635623395,
    0.0008631252567283809
  ],
  "pi": [
    0.9990000128746033,
    3.571420847947593e-08,
    8.081369884394007e-08,
    2.193358170643478e-07,
    2.8734364150295733e-06,
    2.1484936951310374e-05,
    0.00012728005822282284,
    0.00018792842456605285,
    0.00015293963951990008,
    1.218952974113563e-07,
    7.859900506446138e-05,
    1.4639577727848518e-07,
    0.00010377825674368069,
    1.2158444251397782e-09,
    0.0003084314812440425,
    1.5174689906416461e-05,
    9.04792273104249e-07
  ],
  "J": 17
}