{
  "mu": [
    0.0,
    -1.2459416389465332,
    -0.874118983745575,
    -0.7770103812217712,
    -0.602713406085968,
    -0.45760199427604675,
    -0.3140504062175751,
    -0.09158553928136826,
    -0.1920064091682434,
    0.042388442903757095,
    0.2710254490375519,
    0.04237217456102371,
    0.17724254727363586,
    0.27078935503959656,
    0.0945851281285286,
    0.3953152894973755,
    0.5821953415870667
  ],
  "sigma2": [
    1.3767929885943886e-05,
    0.0008608851348981261,
    0.0008600940345786512,
    0.0008578351698815823,
    0.0008152683149091899,
    0.0006134104332886636,
    0.00022375523985829204,
    0.00020458387734834105,
    0.00020779429178219289,
    0.000859907828271389,
    0.00034874692209996283,
    0.0008595073595643044,
    0.0002997295814566314,
    0.0008618532447144389,
    0.00012721109669655561,
    0.0007122241077013314,
    0.0008669444941915572
  ],
  "pi": [
    0.9990000128746033,
    3.623306454869635e-08,
    8.05491779942713e-08,
    2.185882692629093e-07,
    2.883325805669301e-06,
    2.1473990273079835e-05,
    0.00012727858847938478,
    0.0001879249612102285,
    0.00015293751494027674,
    1.482445384226594e-07,
    7.858387107262388e-05,
    1.7870385704554792e-07,
    0.00010383400513092056,
    2.0155190849635574e-09,
    0.00030836297082714736,
    1.5151886145758908e-05,
    9.046499371834216e-07
  ],
  "J": 17
}