{
  "mu": [
    0.0,
    -1.1034892797470093,
    -0.7826708555221558,
    -0.6425676941871643,
    -0.5211813449859619,
    -0.3911048471927643,
    -0.26864174008369446,
    -0.0830119401216507,
    -0.1570642590522766,
    -0.09383904188871384,
    0.21092963218688965,
    -0.09388730674982071,
    0.13903005421161652,
    0.24584677815437317,
    0.08352630585432053,
    0.3395482301712036,
    0.49906426668167114
  ],
  "sigma2": [
    1.4242626093619037e-05,
    0.0008608847274444997,
    0.0008611470693722367,
    0.000859433610457927,
    0.0008576724794693291,
    0.0008350062416866422,
    0.0005679103778675199,
    0.000574318750295788,
    0.0006349996547214687,
    0.00086169911082834,
    0.000859495485201478,
    0.0008616481791250408,
    0.0008394395699724555,
    0.0008591382065787911,
    0.0006453667883761227,
    0.000859688560012728,
    0.0009013652452267706
  ],
  "pi": [
    0.9990000128746033,
    3.783864244155666e-08,
    8.581351806924431e-08,
    2.3665261039695906e-07,
    2.9618047392432345e-06,
    2.2235091819311492e-05,
    0.00013472353748511523,
    0.00016187474830076098,
    0.00016178362420760095,
    1.6695238969077764e-07,
    5.324881203705445e-05,
    1.988292837040717e-07,
    0.00013745436444878578,
    4.0718354284763336e-05,
    0.0002681823680177331,
    1.5117399925657082e-05,
    9.73828377937025e-07
  ],
  "J": 17
}