{
  "mu": [
    0.0,
    -1.265133261680603,
    -0.8535752296447754,
    -0.8170613646507263,
    -0.6162077188491821,
    -0.46862003207206726,
    -0.3211224675178528,
    -0.09124975651502609,
    -0.19748082756996155,
    0.04351232200860977,
    0.2768169343471527,
    0.043348539620637894,
    0.1817196011543274,
    0.27635160088539124,
    0.09607637673616409,
    0.4037438631057739,
    0.6031661629676819
  ],
  "sigma2": [
    1.377242097078124e-05,
    0.0008608847274444997,
    0.0008619411964900792,
    0.0008598279091529548,
    0.0008084491710178554,
    0.0005702075432054698,
    0.00019632071780506521,
    0.00014491390902549028,
    0.00017030535673256963,
    0.0008450621971860528,
    0.0002940738922916353,
    0.0008264780626632273,
    0.0002398394572082907,
    0.0008618450374342501,
    9.314776980318129e-05,
    0.000675082381349057,
    0.0008606351912021637
  ],
  "pi": [
    0.9990000128746033,
    3.485781974177371e-08,
    2.6596538305057038e-08,
    2.7011961378775595e-07,
    2.8276547254790785e-06,
    2.116116593242623e-05,
    0.000125303486129269,
    0.0001942572125699371,
    0.00015075031842570752,
    9.650964329921408e-07,
    7.754797115921974e-05,
    2.055121512967162e-06,
    0.00010274117084918544,
    1.235569424551386e-09,
    0.0003062233154196292,
    1.4943999303795863e-05,
    8.906974926503608e-07
  ],
  "J": 17
}