{
  "mu": [
    0.0,
    -0.8968644142150879,
    -0.68915855884552,
    -0.5643103122711182,
    -0.44894593954086304,
    -0.33321723341941833,
    -0.24276524782180786,
    -0.19881784915924072,
    -0.21747986972332,
    -0.0011119225528091192,
    -0.000328504218487069,
    -0.0007855176809243858,
    0.1098317876458168,
    0.24808242917060852,
    0.19157403707504272,
    0.321676105260849,
    0.45681339502334595
  ],
  "sigma2": [
    0.0015388421015813947,
    0.0008609889773651958,
    0.0008604263421148062,
    0.0008585132891312242,
    0.0008583339513279498,
    0.0008410141454078257,
    0.0008172147790901363,
    0.0008586266776546836,
    0.000862141780089587,
    0.0008619551081210375,
    0.0008619349682703614,
    0.0008619370637461543,
    0.0008623378816992044,
    0.0008520898409187794,
    0.000786355696618557,
    0.0008544590673409402,
    0.0008790751453489065
  ],
  "pi": [
    0.9990000128746033,
    1.8530032264152396e-07,
    3.228590230719419e-07,
    1.0787593964778353e-06,
    8.89183229446644e-06,
    7.109467696864158e-05,
    0.00022844188788440078,
    0.00034270616015419364,
    7.175349310273305e-07,
    6.49809123842715e-07,
    7.940562340991164e-07,
    7.598827664878627e-07,
    1.842966668164081e-07,
    6.887496419949457e-05,
    0.00025260410620830953,
    2.030257928709034e-05,
    2.3913837594591314e-06
  ],
  "J": 17
}