{
  "mu": [
    0.0,
    -1.152897596359253,
    -0.8121742010116577,
    -0.7032665014266968,
    -0.5459595918655396,
    -0.4146455228328705,
    -0.28339508175849915,
    -0.08616721630096436,
    -0.16838423907756805,
    -0.08257298171520233,
    0.24408210813999176,
    -0.08257558196783066,
    0.15924537181854248,
    0.24192067980766296,
    0.09270260483026505,
    0.3596116304397583,
    0.5372666120529175
  ],
  "sigma2": [
    1.3884967302146833e-05,
    0.0008608851348981261,
    0.0008603196474723518,
    0.0008570742793381214,
    0.0008267437806352973,
    0.0006329084280878305,
    0.00020624723401851952,
    0.00019517116015776992,
    0.0001811726251617074,
    0.0008618819992989302,
    0.0003870092914439738,
    0.000861880776938051,
    0.0003678967768792063,
    0.0008617652929387987,
    0.00017241972091142088,
    0.0007196892984211445,
    0.0008820593357086182
  ],
  "pi": [
    0.9990000128746033,
    3.723110353348602e-08,
    8.429280740074319e-08,
    2.2819716605226859e-07,
    3.124146360278246e-06,
    2.2277165044215508e-05,
    0.0001325398770859465,
    0.00016771236550994217,
    0.00015922923921607435,
    3.196440223618424e-09,
    8.18429616629146e-05,
    3.364500678060267e-09,
    0.00010934568126685917,
    2.0385323651339604e-08,
    0.00030639610486105084,
    1.6202529877773486e-05,
    9.532688522995159e-07
  ],
  "J": 17
}