{
  "mu": [
    0.0,
    -1.2153798341751099,
    -0.8861768841743469,
    -0.7569853067398071,
    -0.5928323268890381,
    -0.4498908519744873,
    -0.3080562949180603,
    -0.0895586684346199,
    -0.18761976063251495,
    0.0433528833091259,
    0.2665823698043823,
    0.043354786932468414,
    0.17472819983959198,
    0.265798419713974,
    0.09414882957935333,
    0.3893638849258423,
    0.5737028121948242
  ],
  "sigma2": [
    1.3772802049061283e-05,
    0.0008608851348981261,
    0.000859922613017261,
    0.0008586520561948419,
    0.0008176431292667985,
    0.0006311520701274276,
    0.0002486791927367449,
    0.0003063526819460094,
    0.00023932993644848466,
    0.0008615294937044382,
    0.0003653059247881174,
    0.0008615269907750189,
    0.0003287283470854163,
    0.0008618746069259942,
    0.00016817249706946313,
    0.0007311032386496663,
    0.0008705741493031383
  ],
  "pi": [
    0.9990000128746033,
    3.617601507244217e-08,
    8.20849095362064e-08,
    2.1979110442771344e-07,
    2.922462726928643e-06,
    2.15356340049766e-05,
    0.00012779285316355526,
    0.0001853356370702386,
    0.00015363698184955865,
    1.6108194778041707e-09,
    7.896947499830276e-05,
    1.6701284799580662e-09,
    0.00010387382644694299,
    1.0893488333607593e-09,
    0.00030943963793106377,
    1.5242361769196577e-05,
    9.087800663110102e-07
  ],
  "J": 17
}