{
  "mu": [
    0.0,
    -1.2643946409225464,
    -0.8656012415885925,
    -0.8082213997840881,
    -0.6164542436599731,
    -0.46925148367881775,
    -0.3219919502735138,
    -0.09185585379600525,
    -0.19830173254013062,
    0.044511619955301285,
    0.27649742364883423,
    0.04449240490794182,
    0.18120457231998444,
    0.2759251892566681,
    0.09546802192926407,
    0.4038217067718506,
    0.6014857888221741
  ],
  "sigma2": [
    1.377520584355807e-05,
    0.0008608851348981261,
    0.0008615228580310941,
    0.0008596926345489919,
    0.0008140694699250162,
    0.000605214387178421,
    0.00023609676281921566,
    0.00024770540767349303,
    0.00021791488688904792,
    0.0008469060994684696,
    0.0003464713227003813,
    0.0008422433747909963,
    0.000295841513434425,
    0.0008618450374342501,
    0.00014021943206898868,
    0.0007109930156730115,
    0.0008638837607577443
  ],
  "pi": [
    0.9990000128746033,
    3.44682540287522e-08,
    4.6350180582521716e-08,
    2.4847491886248463e-07,
    2.8270208076719427e-06,
    2.115922688972205e-05,
    0.00012529690866358578,
    0.00019422639161348343,
    0.00015075344708748162,
    1.5758820381961414e-06,
    7.755157275823876e-05,
    2.0644340565922903e-06,
    0.0001027388425427489,
    1.8898207443385218e-09,
    0.0003056509594898671,
    1.493395848228829e-05,
    8.902124477572215e-07
  ],
  "J": 17
}