{
  "mu": [
    0.0,
    -1.2574596405029297,
    -0.8343262076377869,
    -0.8343037962913513,
    -0.6243065595626831,
    -0.47527387738227844,
    -0.32679203152656555,
    -0.0911676436662674,
    -0.20086628198623657,
    0.04168197512626648,
    0.28053712844848633,
    0.041509129106998444,
    0.18458685278892517,
    0.28017404675483704,
    0.09648042917251587,
    0.4065939784049988,
    0.6123053431510925
  ],
  "sigma2": [
    1.3779803339275531e-05,
    0.0008608851348981261,
    0.0008613914251327515,
    0.0008561041904613376,
    0.000806903641205281,
    0.0005586636252701283,
    0.00019183551194146276,
    0.0001300699368584901,
    0.0001654517400311306,
    0.0008594774408265948,
    0.0002824183611664921,
    0.0008172377711161971,
    0.00022956814791541547,
    0.0008618507417850196,
    8.955626981332898e-05,
    0.0006577699678018689,
    0.0008607070194557309
  ],
  "pi": [
    0.9990000128746033,
    3.449213181738742e-08,
    1.8522500866424707e-08,
    2.7315152806295373e-07,
    2.7948624392593047e-06,
    2.091546957672108e-05,
    0.0001238515687873587,
    0.0002011425094678998,
    0.00014905133866705,
    1.4246974444631633e-07,
    7.674003427382559e-05,
    2.7544003842194797e-06,
    0.00010176919749937952,
    5.336400210609327e-10,
    0.00030486006289720535,
    1.4771003407076932e-05,
    8.803990567685105e-07
  ],
  "J": 17
}