{
  "mu": [
    0.0,
    -1.2597477436065674,
    -0.8335232734680176,
    -0.8335758447647095,
    -0.6239912509918213,
    -0.47539833188056946,
    -0.32664158940315247,
    -0.09075208753347397,
    -0.20052000880241394,
    0.044719941914081573,
    0.2812748849391937,
    0.044333674013614655,
    0.18529991805553436,
    0.2809467911720276,
    0.0971311703324318,
    0.407084196805954,
    0.6149605512619019
  ],
  "sigma2": [
    1.3791492165182717e-05,
    0.0008608847274444997,
    0.0008613541140221059,
    0.0008555680396966636,
    0.0008050634642131627,
    0.0005512111238203943,
    0.0001909684797283262,
    0.0001286983460886404,
    0.00016478502948302776,
    0.0008601797744631767,
    0.0002766404359135777,
    0.0008129329071380198,
    0.00022481122869066894,
    0.0008618503925390542,
    8.941401029005647e-05,
    0.0006446425104513764,
    0.0008577693370170891
  ],
  "pi": [
    0.9990000128746033,
    3.4482066979535375e-08,
    1.7831490950470652e-08,
    2.7387443424231606e-07,
    2.794997953969869e-06,
    2.0916542780469172e-05,
    0.00012385856825858355,
    0.0002011683100135997,
    0.00014906027354300022,
    9.045434978816047e-08,
    7.674472726648673e-05,
    2.782938736345386e-06,
    0.00010177397052757442,
    4.775563833270269e-10,
    0.0003048300859518349,
    1.4772059330425691e-05,
    8.804435083220596e-07
  ],
  "J": 17
}