{
  "mu": [
    0.0,
    -0.9053109884262085,
    -0.8062704801559448,
    -0.7072299718856812,
    -0.6081894636154175,
    -0.5091489553451538,
    -0.41010844707489014,
    -0.31106793880462646,
    -0.2120274305343628,
    -0.11298692226409912,
    -0.01394641399383545,
    0.08509409427642822,
    0.1841346025466919,
    0.28317511081695557,
    0.38221561908721924,
    0.4812561273574829,
    0.5802966356277466
  ],
  "sigma2": [
    0.0625,
    0.0625,
    0.0625,
    0.0625,
    0.0625,
    0.0625,
    0.0625,
    0.0625,
    0.0625,
    0.0625,
    0.0625,
    0.0625,
    0.0625,
    0.0625,
    0.0625,
    0.0625,
    0.0625
  ],
  "pi": [
    0.9990000128746033,
    6.25000029685907e-05,
    6.25000029685907e-05,
    6.25000029685907e-05,
    6.25000029685907e-05,
    6.25000029685907e-05,
    6.25000029685907e-05,
    6.25000029685907e-05,
    6.25000029685907e-05,
    6.25000029685907e-05,
    6.25000029685907e-05,
    6.25000029685907e-05,
    6.25000029685907e-05,
    6.25000029685907e-05,
    6.25000029685907e-05,
    6.25000029685907e-05,
    6.25000029685907e-05
  ],
  "J": 17
}