{
  "mu": [
    0.0,
    -1.2150304317474365,
    -0.8855912089347839,
    -0.7579646706581116,
    -0.592513382434845,
    -0.4497334063053131,
    -0.3076411485671997,
    -0.08876312524080276,
    -0.1865909993648529,
    0.1005365177989006,
    0.267473965883255,
    0.10054197907447815,
    0.1755843311548233,
    0.2679457664489746,
    0.09524354338645935,
    0.3896981179714203,
    0.5785974860191345
  ],
  "sigma2": [
    1.3844386558048427e-05,
    0.0008608843199908733,
    0.0008598684798926115,
    0.0008583437884226441,
    0.0008095952798612416,
    0.0005778981721960008,
    0.00019458073074929416,
    0.00015380878176074475,
    0.0001695669925538823,
    0.0008619333384558558,
    0.00029551779152825475,
    0.0008619333384558558,
    0.00024390766338910908,
    0.0008618610445410013,
    9.387789032189175e-05,
    0.0006779226823709905,
    0.0008670304669067264
  ],
  "pi": [
    0.9990000128746033,
    3.57893412683552e-08,
    8.17540453112997e-08,
    2.1949028905510204e-07,
    2.9244681627460523e-06,
    2.1534877305384725e-05,
    0.00012780116230715066,
    0.00018528047075960785,
    0.00015365410945378244,
    1.322488896171592e-09,
    7.899374031694606e-05,
    1.3647281082995733e-09,
    0.00010373202530900016,
    8.160307984894644e-10,
    0.0003095691790804267,
    1.526103551441338e-05,
    9.084307066586916e-07
  ],
  "J": 17
}