{
  "mu": [
    0.0,
    -1.0596922636032104,
    -0.7416966557502747,
    -0.6099109649658203,
    -0.5066154599189758,
    -0.3826628029346466,
    -0.26111504435539246,
    -0.07959803193807602,
    -0.15129323303699493,
    -0.09474305808544159,
    0.19922064244747162,
    -0.09482558071613312,
    0.12998105585575104,
    0.24249520897865295,
    0.07928628474473953,
    0.33000442385673523,
    0.4851731061935425
  ],
  "sigma2": [
    1.560959208291024e-05,
    0.0008608855423517525,
    0.0008627204224467278,
    0.0008628273499198258,
    0.0008648930815979838,
    0.0008483276469632983,
    0.0006915124249644578,
    0.0006013283273205161,
    0.0007364194025285542,
    0.0008617525454610586,
    0.0008579480927437544,
    0.0008617060957476497,
    0.0008407555287703872,
    0.0008568940684199333,
    0.0006382770952768624,
    0.000867674418259412,
    0.0009065934573300183
  ],
  "pi": [
    0.9990000128746033,
    3.910363943759876e-08,
    8.875734636148991e-08,
    3.1774501962900104e-07,
    2.8714862310152967e-06,
    2.1504882170120254e-05,
    0.00013631198089569807,
    0.0001589519961271435,
    0.00016328523634001613,
    2.74534187383324e-07,
    6.0018941439921036e-05,
    3.354872148975119e-07,
    0.00014745040971320122,
    4.247060132911429e-05,
    0.00025044212816283107,
    1.4657459360023495e-05,
    9.792785249373992e-07
  ],
  "J": 17
}