{
  "mu": [
    0.0,
    -1.2437723875045776,
    -0.8766085505485535,
    -0.7747211456298828,
    -0.6041092872619629,
    -0.4575847387313843,
    -0.3145736753940582,
    -0.0922180712223053,
    -0.19265519082546234,
    0.0317172147333622,
    0.27045685052871704,
    0.03171294182538986,
    0.1765613555908203,
    0.26968327164649963,
    0.09377463161945343,
    0.39519453048706055,
    0.5787135362625122
  ],
  "sigma2": [
    1.882032120192889e-05,
    0.0008608888019807637,
    0.0008600538712926209,
    0.0008580753346905112,
    0.0008215367561206222,
    0.0006492513348348439,
    0.0003031857777386904,
    0.00030390513711608946,
    0.00029015346080996096,
    0.0008610025397501886,
    0.00041529041482135653,
    0.0008609967771917582,
    0.00036366700078360736,
    0.0008618828724138439,
    0.00020605239842552692,
    0.0007379829767160118,
    0.000869125360623002
  ],
  "pi": [
    0.9990000128746033,
    3.621378041884782e-08,
    8.200572665373329e-08,
    2.1942776129435515e-07,
    2.884931291191606e-06,
    2.1477228074218147e-05,
    0.00012729586160276085,
    0.00018796304357238114,
    0.0001529429864604026,
    1.6047445594580267e-09,
    7.859389734221622e-05,
    1.6642885958262355e-09,
    0.00010400899191154167,
    8.016713404224163e-10,
    0.0003084588097408414,
    1.5126890502870083e-05,
    9.056965950549056e-07
  ],
  "J": 17
}