{
  "mu": [
    0.0,
    -1.2567226886749268,
    -0.8347285985946655,
    -0.8348051905632019,
    -0.6246219873428345,
    -0.47536203265190125,
    -0.32692697644233704,
    -0.09139352291822433,
    -0.20109815895557404,
    0.0413135327398777,
    0.2802842855453491,
    0.04118447005748749,
    0.1843346655368805,
    0.2798745036125183,
    0.09618600457906723,
    0.406439870595932,
    0.6109879016876221
  ],
  "sigma2": [
    1.3837364349456038e-05,
    0.0008608851348981261,
    0.0008614165126346052,
    0.0008564080344513059,
    0.0008084584260359406,
    0.0005640838644467294,
    0.00019391236128285527,
    0.00013451631821226329,
    0.00016793161921668798,
    0.0008590722572989762,
    0.00028873272822238505,
    0.0008190635126084089,
    0.00023593651712872088,
    0.000861851149238646,
    9.114998101722449e-05,
    0.0006652544252574444,
    0.0008617464336566627
  ],
  "pi": [
    0.9990000128746033,
    3.4494650691385687e-08,
    1.878760791385048e-08,
    2.7289260629004275e-07,
    2.794855845422717e-06,
    2.091546411975287e-05,
    0.00012385155423544347,
    0.00020114151993766427,
    0.00014905130956321955,
    1.738007000540165e-07,
    7.673922664253041e-05,
    2.728663730522385e-06,
    0.00010177030344493687,
    5.631024535546203e-10,
    0.00030485590104945004,
    1.4770415873499587e-05,
    8.803983746474842e-07
  ],
  "J": 17
}