{
  "mu": [
    0.0,
    -1.1468682289123535,
    -0.8258004188537598,
    -0.724413275718689,
    -0.5623788833618164,
    -0.4267562925815582,
    -0.29283469915390015,
    -0.08863121271133423,
    -0.1759350299835205,
    -0.061823226511478424,
    0.25001803040504456,
    -0.06181315332651138,
    0.16243605315685272,
    0.24740836024284363,
    0.09123676270246506,
    0.3690185546875,
    0.5452160835266113
  ],
  "sigma2": [
    1.9705179511220194e-05,
    0.0008608945645391941,
    0.0008612090605311096,
    0.000859338091686368,
    0.0008325806120410562,
    0.0007025026716291904,
    0.0003383865987416357,
    0.00043223731336183846,
    0.0003364725271239877,
    0.0008619674481451511,
    0.0005139942513778806,
    0.0008619670988991857,
    0.0004831436090171337,
    0.0008618647698312998,
    0.00033139187144115567,
    0.0007770054508000612,
    0.0008766936953179538
  ],
  "pi": [
    0.9990000128746033,
    3.693942218774282e-08,
    8.129142514690102e-08,
    2.2754042561246024e-07,
    2.9877026008762186e-06,
    2.199542177550029e-05,
    0.00013084513193462044,
    0.0001742323365760967,
    0.00015671660366933793,
    2.424264788913888e-09,
    8.074540528468788e-05,
    2.535836651773593e-09,
    0.00010713664960348979,
    1.1404775790424537e-08,
    0.00030834597419016063,
    1.5701747543062083e-05,
    9.308750463787874e-07
  ],
  "J": 17
}