{
  "mu": [
    0.0,
    -1.1507389545440674,
    -0.8291088938713074,
    -0.7241242527961731,
    -0.5622724294662476,
    -0.4267076551914215,
    -0.2924697995185852,
    -0.08820389956235886,
    -0.17545852065086365,
    -0.05674988403916359,
    0.2505534291267395,
    -0.056748732924461365,
    0.16312500834465027,
    0.24830736219882965,
    0.09187719970941544,
    0.36932802200317383,
    0.546469509601593
  ],
  "sigma2": [
    1.3862262676411774e-05,
    0.0008608851348981261,
    0.0008611737284809351,
    0.0008589366916567087,
    0.0008292057900689542,
    0.0006802207208238542,
    0.0002841303066816181,
    0.00036665142397396266,
    0.00028129853308200836,
    0.0008619342115707695,
    0.00046763260615989566,
    0.0008619333384558558,
    0.00043822606676258147,
    0.0008618544088676572,
    0.000273688550805673,
    0.000762792129535228,
    0.0008765298407524824
  ],
  "pi": [
    0.9990000128746033,
    3.69060764171536e-08,
    8.185185151887708e-08,
    2.268971570629219e-07,
    2.9963125598442275e-06,
    2.199796108470764e-05,
    0.00013085428508929908,
    0.00017395125178154558,
    0.00015696931222919375,
    2.414546340645529e-09,
    8.074672950897366e-05,
    2.526017839343808e-09,
    0.00010694204684114084,
    9.894674413146731e-09,
    0.0003085104108322412,
    1.573997906234581e-05,
    9.312862516708265e-07
  ],
  "J": 17
}