{
  "mu": [
    0.0,
    -1.011635184288025,
    -0.7262349724769592,
    -0.5894810557365417,
    -0.4937566816806793,
    -0.3708328902721405,
    -0.2534210979938507,
    -0.0749247744679451,
    -0.14612486958503723,
    -0.06583717465400696,
    0.14443446695804596,
    -0.06845629215240479,
    0.14464858174324036,
    0.1952233463525772,
    0.08701471239328384,
    0.3094500005245209,
    0.4790584444999695
  ],
  "sigma2": [
    2.566219336586073e-05,
    0.0008608851348981261,
    0.0008626874769106507,
    0.0008639657171443105,
    0.0008625052287243307,
    0.000837364757899195,
    0.000741831143386662,
    0.0007223775610327721,
    0.000855020247399807,
    0.0008612464880570769,
    0.0008606039336882532,
    0.0008611766388639808,
    0.00086121482308954,
    0.001420560758560896,
    0.0010932700242847204,
    0.0009995736181735992,
    0.000890926516149193
  ],
  "pi": [
    0.9990000128746033,
    7.336042529004771e-08,
    1.2513996239249536e-07,
    3.744675041161827e-07,
    2.5537647161399946e-06,
    2.1040112187620252e-05,
    0.00013456163287628442,
    0.00016139456420205534,
    0.0001634865766391158,
    1.4803887893322099e-07,
    4.231053196690482e-07,
    1.8186793226959708e-07,
    2.3332660248343018e-07,
    0.0001249028864549473,
    0.00037298433016985655,
    1.6708276234567165e-05,
    8.086191769507423e-07
  ],
  "J": 17
}