{
  "mu": [
    0.0,
    -0.8900906443595886,
    -0.6788509488105774,
    -0.5641129016876221,
    -0.444899320602417,
    -0.3332552909851074,
    -0.24904407560825348,
    -0.22634947299957275,
    -0.21339266002178192,
    -0.001388026517815888,
    -0.0011004714760929346,
    -0.000823189620859921,
    0.0956917554140091,
    0.24373997747898102,
    0.2353581190109253,
    0.3277167081832886,
    0.46245071291923523
  ],
  "sigma2": [
    0.00264922808855772,
    0.0009353499626740813,
    0.0009361883858218789,
    0.0009334812639281154,
    0.0009352344204671681,
    0.00094645592616871,
    0.0009471470839343965,
    0.0008311874698847532,
    0.0009366903104819357,
    0.0009443776216357946,
    0.000947255059145391,
    0.0009456610423512757,
    0.0009397373651154339,
    0.0009294545161537826,
    0.0008747840765863657,
    0.0009388487669639289,
    0.0009497054270468652
  ],
  "pi": [
    0.9990000128746033,
    4.976804461875872e-07,
    6.435125214920845e-07,
    1.6637545741104987e-06,
    1.5011186405899934e-05,
    0.00011166644981130958,
    0.0002785147516988218,
    0.000320790393743664,
    1.428789346391568e-06,
    2.903678023358225e-06,
    3.549342864062055e-06,
    3.397355612833053e-06,
    7.488177402592555e-07,
    2.640227830852382e-05,
    0.00019731033535208553,
    3.2286883651977405e-05,
    3.1848933303990634e-06
  ],
  "J": 17
}