{
  "mu": [
    0.0,
    -1.1215554475784302,
    -0.7956451773643494,
    -0.683549702167511,
    -0.5367724895477295,
    -0.4023943543434143,
    -0.2762778401374817,
    -0.0859111025929451,
    -0.16267190873622894,
    -0.09419647604227066,
    0.23690633475780487,
    -0.0941629558801651,
    0.15039680898189545,
    0.23452098667621613,
    0.08970548212528229,
    0.3480135202407837,
    0.5137622356414795
  ],
  "sigma2": [
    1.3755775398749392e-05,
    0.0008608851348981261,
    0.0008603048627264798,
    0.000858444080222398,
    0.0008417419157922268,
    0.000740146089810878,
    0.00030311784939840436,
    0.00037530658300966024,
    0.00035265786573290825,
    0.0008618051651865244,
    0.0007028511608950794,
    0.0008617891580797732,
    0.0007310624932870269,
    0.0008572603110224009,
    0.0005006180726923048,
    0.0008028442389331758,
    0.0008965642773546278
  ],
  "pi": [
    0.9990000128746033,
    3.711320317734135e-08,
    8.495450032341978e-08,
    2.2923239839656162e-07,
    2.973548816953553e-06,
    2.265387593070045e-05,
    0.00013376795686781406,
    0.00016409870295319706,
    0.0001605538564035669,
    3.039670914972703e-08,
    8.10517740319483e-05,
    3.394531233880116e-08,
    0.00012480730947572738,
    2.328074515389744e-06,
    0.00029015037580393255,
    1.6235677321674302e-05,
    9.63196953307488e-07
  ],
  "J": 17
}