{
  "mu": [
    0.0,
    -1.1997079849243164,
    -0.8622356653213501,
    -0.7358676195144653,
    -0.5786054134368896,
    -0.43766140937805176,
    -0.3003719747066498,
    -0.08983194828033447,
    -0.18213415145874023,
    0.033556800335645676,
    0.2577390968799591,
    0.033566128462553024,
    0.1686094105243683,
    0.25707507133483887,
    0.09311231225728989,
    0.3781648874282837,
    0.5570551753044128
  ],
  "sigma2": [
    1.4174075658957008e-05,
    0.0008608855423517525,
    0.0008598484564572573,
    0.0008572586812078953,
    0.0008272259728983045,
    0.0006778754759579897,
    0.0003067950310651213,
    0.00032895413460209966,
    0.00028951550484634936,
    0.000861667504068464,
    0.00043397373519837856,
    0.0008616658742539585,
    0.0003860037249978632,
    0.0008618864812888205,
    0.00022178224753588438,
    0.0007544458494521677,
    0.0008753144647926092
  ],
  "pi": [
    0.9990000128746033,
    3.676186466350373e-08,
    8.341971380332325e-08,
    2.2329341220483911e-07,
    2.950735733975307e-06,
    2.1886649847147055e-05,
    0.0001298730494454503,
    0.00017717959417495877,
    0.00015595307922922075,
    1.4190388863966064e-09,
    8.032462210394442e-05,
    1.4649165214208892e-09,
    0.0001054414824466221,
    2.84556445073747e-09,
    0.00030966667691245675,
    1.5451603758265264e-05,
    9.233637570105202e-07
  ],
  "J": 17
}