{
  "mu": [
    0.0,
    -1.2549219131469727,
    -0.8360851407051086,
    -0.8360714316368103,
    -0.6256396174430847,
    -0.47584229707717896,
    -0.3275352418422699,
    -0.09208995848894119,
    -0.20194783806800842,
    0.04248461499810219,
    0.2798444926738739,
    0.04247872531414032,
    0.18381428718566895,
    0.27914074063301086,
    0.09546713531017303,
    0.40639203786849976,
    0.6084100604057312
  ],
  "sigma2": [
    1.3782563655695412e-05,
    0.0008608851348981261,
    0.0008614850812591612,
    0.0008572729420848191,
    0.0008147891494445503,
    0.000592125637922436,
    0.00021516135893762112,
    0.00020964225404895842,
    0.0001961951347766444,
    0.0008583339513279498,
    0.0003299881936982274,
    0.0008278988534584641,
    0.0002820727531798184,
    0.0008618544088676572,
    0.00012084649642929435,
    0.0006938118604011834,
    0.0008657447760924697
  ],
  "pi": [
    0.9990000128746033,
    3.424447569955191e-08,
    1.979868535784135e-08,
    2.714279219162563e-07,
    2.794132115013781e-06,
    2.0914461856591515e-05,
    0.0001238505938090384,
    0.0002011259348364547,
    0.00014905034913681448,
    2.940982710697426e-07,
    7.672882929909974e-05,
    2.8196141101943795e-06,
    0.00010177735384786502,
    6.741044389357853e-10,
    0.0003046749043278396,
    1.4763780200155452e-05,
    8.798643307272869e-07
  ],
  "J": 17
}