{
  "mu": [
    0.0,
    -1.1510169506072998,
    -0.8299629092216492,
    -0.7236074805259705,
    -0.5623540282249451,
    -0.42669835686683655,
    -0.2921936810016632,
    -0.08788710832595825,
    -0.17509156465530396,
    -0.06632742285728455,
    0.25087180733680725,
    -0.06632883846759796,
    0.16362957656383514,
    0.24915339052677155,
    0.09229365736246109,
    0.36951014399528503,
    0.5473494529724121
  ],
  "sigma2": [
    1.3753546227235347e-05,
    0.0008608851348981261,
    0.0008611023076809943,
    0.0008586008916608989,
    0.0008253324194811285,
    0.000660306541249156,
    0.0002470545005053282,
    0.0003071325772907585,
    0.00023778427566867322,
    0.0008619263535365462,
    0.00042752153240144253,
    0.0008619259460829198,
    0.00039523275336250663,
    0.0008618507417850196,
    0.00022139087377581745,
    0.0007489075069315732,
    0.000876051839441061
  ],
  "pi": [
    0.9990000128746033,
    3.68742014700274e-08,
    8.202226808862179e-08,
    2.265622214281393e-07,
    2.999633352374076e-06,
    2.2006339349900372e-05,
    0.0001308455684920773,
    0.0001738634891808033,
    0.00015706618432886899,
    2.315216240944551e-09,
    8.070305193541571e-05,
    2.4196775694207417e-09,
    0.00010673864744603634,
    8.244383842281877e-09,
    0.00030871524359099567,
    1.5771365724503994e-05,
    9.320530125478399e-07
  ],
  "J": 17
}