{
  "mu": [
    0.0,
    -1.2637511491775513,
    -0.864711344242096,
    -0.8040989637374878,
    -0.6167714595794678,
    -0.46980273723602295,
    -0.3227010667324066,
    -0.0922873318195343,
    -0.19889727234840393,
    0.0515381284058094,
    0.27622896432876587,
    0.051486652344465256,
    0.18084192276000977,
    0.2753462493419647,
    0.095052570104599,
    0.403925359249115,
    0.6004822850227356
  ],
  "sigma2": [
    1.4146229659672827e-05,
    0.0008608851348981261,
    0.0008614772814325988,
    0.0008598123677074909,
    0.0008186418563127518,
    0.000642453960608691,
    0.000321729778079316,
    0.0003710963355842978,
    0.0003034652036149055,
    0.0008492111810483038,
    0.0004109002184122801,
    0.0008458850206807256,
    0.0003601201460696757,
    0.0008618569117970765,
    0.00022369102225638926,
    0.0007394715794362128,
    0.0008661106112413108
  ],
  "pi": [
    0.9990000128746033,
    3.4747806409995974e-08,
    5.80968553265393e-08,
    2.3656940584260155e-07,
    2.826507852660143e-06,
    2.115882671205327e-05,
    0.00012529244122561067,
    0.00019424241327214986,
    0.00015075711417011917,
    2.256663719890639e-06,
    7.764004112686962e-05,
    2.8443243991205236e-06,
    0.00010282596485922113,
    2.713090863082357e-09,
    0.00030401835101656616,
    1.491553666710388e-05,
    8.896902272681473e-07
  ],
  "J": 17
}