{
  "mu": [
    0.0,
    -1.2050468921661377,
    -0.8666492104530334,
    -0.7405652403831482,
    -0.5847649574279785,
    -0.4424186050891876,
    -0.3024985194206238,
    -0.08971721678972244,
    -0.1832815408706665,
    0.09908957779407501,
    0.2611868977546692,
    0.09909075498580933,
    0.17080672085285187,
    0.26224517822265625,
    0.09375356137752533,
    0.3816881477832794,
    0.5710881352424622
  ],
  "sigma2": [
    2.440606476739049e-05,
    0.000860896660014987,
    0.000860049738548696,
    0.0008572369697503746,
    0.0008158656419254839,
    0.0006033920799382031,
    0.00025769302737899125,
    0.00023530104954261333,
    0.0002398874785285443,
    0.0008613470126874745,
    0.00034661110839806497,
    0.000861346663441509,
    0.000297277671052143,
    0.000861865992192179,
    0.00015924134640954435,
    0.0006968672387301922,
    0.0008708590175956488
  ],
  "pi": [
    0.9990000128746033,
    3.6543919890164034e-08,
    8.313990917940828e-08,
    2.2312144665193046e-07,
    2.9464672479662113e-06,
    2.1857718820683658e-05,
    0.00012964793131686747,
    0.00017818802734836936,
    0.00015581754269078374,
    7.453096473319931e-10,
    8.00913549028337e-05,
    7.599284534975936e-10,
    0.00010504808597033843,
    1.1504720509591948e-09,
    0.0003096406871918589,
    1.5494619219680317e-05,
    9.220342462867848e-07
  ],
  "J": 17
}