{
  "mu": [
    0.0,
    -0.9187025427818298,
    -0.7074762582778931,
    -0.5655866861343384,
    -0.4546464681625366,
    -0.33639001846313477,
    -0.23368394374847412,
    -0.16452762484550476,
    -0.21986626088619232,
    -0.001073984196409583,
    -0.0016478283796459436,
    -0.0007911922293715179,
    0.12763087451457977,
    0.23133417963981628,
    0.16767124831676483,
    0.31807219982147217,
    0.45947161316871643
  ],
  "sigma2": [
    0.0011381949298083782,
    0.0008609044598415494,
    0.0008606056217104197,
    0.0008577759144827724,
    0.0008535635424777865,
    0.0008413547184318304,
    0.0007779258885420859,
    0.0006785361911170185,
    0.0008619333384558558,
    0.0008619161089882255,
    0.0008619045838713646,
    0.0008619074942544103,
    0.0008618803694844246,
    0.0008443138794973493,
    0.0007142796530388296,
    0.0008507772581651807,
    0.0008757866453379393
  ],
  "pi": [
    0.9990000128746033,
    1.3104360618854116e-07,
    2.469755600031931e-07,
    7.898548801676952e-07,
    6.750977718184004e-06,
    5.6937860790640116e-05,
    0.0003161155618727207,
    0.0002465639845468104,
    5.483082077262225e-07,
    3.5783455132332165e-07,
    4.371675288439292e-07,
    4.18347553932108e-07,
    1.1879960482019669e-07,
    0.00010451042180648074,
    0.0002451003820169717,
    1.9056764358538203e-05,
    1.915678012665012e-06
  ],
  "J": 17
}