{
  "mu": [
    0.0,
    -1.117882490158081,
    -0.7738683223724365,
    -0.6613882184028625,
    -0.530368447303772,
    -0.39748311042785645,
    -0.2738956809043884,
    -0.08559980243444443,
    -0.16102494299411774,
    -0.09626433998346329,
    0.22084547579288483,
    -0.09630585461854935,
    0.14496533572673798,
    0.24942998588085175,
    0.08517960458993912,
    0.34545108675956726,
    0.5028603076934814
  ],
  "sigma2": [
    1.5508807337027974e-05,
    0.0008608855423517525,
    0.0008605145267210901,
    0.0008590431534685194,
    0.0008589689969085157,
    0.0008185727056115866,
    0.000514035695232451,
    0.0005667941295541823,
    0.0006032821838743985,
    0.0008617677958682179,
    0.0008575988467782736,
    0.0008617348503321409,
    0.0008355403551831841,
    0.0008608855423517525,
    0.0006461156881414354,
    0.0008538485271856189,
    0.0009018979035317898
  ],
  "pi": [
    0.9990000128746033,
    3.7954048792698813e-08,
    8.567992892949405e-08,
    2.3424070150213083e-07,
    3.0002975108800456e-06,
    2.2342275769915432e-05,
    0.0001338452857453376,
    0.0001624419674044475,
    0.00016212102491408587,
    1.0956822649177411e-07,
    5.236882861936465e-05,
    1.2800822446479287e-07,
    0.0001349788944935426,
    3.5908815334551036e-05,
    0.0002761427022051066,
    1.5285866538761184e-05,
    9.68568429016159e-07
  ],
  "J": 17
}