{
  "mu": [
    0.0,
    -1.2424752712249756,
    -0.8643860220909119,
    -0.7853190302848816,
    -0.6050724387168884,
    -0.45957157015800476,
    -0.3134956657886505,
    -0.09003908932209015,
    -0.19092237949371338,
    0.0413937121629715,
    0.27277132868766785,
    0.041399743407964706,
    0.17927438020706177,
    0.2724730968475342,
    0.09646505862474442,
    0.3958072066307068,
    0.5919157266616821
  ],
  "sigma2": [
    1.3800148735754192e-05,
    0.0008608847274444997,
    0.0008602556772530079,
    0.0008576159598305821,
    0.0008038743399083614,
    0.0005627676728181541,
    0.00019149042782373726,
    0.0001401471090503037,
    0.0001655824453337118,
    0.0008599021821282804,
    0.0002816464111674577,
    0.0008595438557676971,
    0.00022935873130336404,
    0.0008618503925390542,
    9.09785449039191e-05,
    0.000653637747745961,
    0.0008623222238384187
  ],
  "pi": [
    0.9990000128746033,
    3.571352280573592e-08,
    7.928706224902271e-08,
    2.2099455065927032e-07,
    2.8720171485474566e-06,
    2.1487483536475338e-05,
    0.00012728525325655937,
    0.0001879369665402919,
    0.00015294586773961782,
    1.0167784836312421e-07,
    7.860947516746819e-05,
    1.2090126233488263e-07,
    0.0001037761612678878,
    9.69535896011564e-10,
    0.00030844678985886276,
    1.5175760381680448e-05,
    9.047758453561983e-07
  ],
  "J": 17
}