{
  "mu": [
    0.0,
    -0.9716344475746155,
    -0.7050968408584595,
    -0.5770841240882874,
    -0.47736743092536926,
    -0.3514397144317627,
    -0.23935572803020477,
    -0.11951684951782227,
    -0.2211366444826126,
    -0.0034849822986871004,
    0.1444341391324997,
    -0.0019181170500814915,
    0.1481093168258667,
    0.1974710077047348,
    0.09989804774522781,
    0.31579825282096863,
    0.47561243176460266
  ],
  "sigma2": [
    0.0001894079177873209,
    0.0008608999196439981,
    0.0008611790835857391,
    0.0008585762698203325,
    0.0008474684436805546,
    0.0007827422814443707,
    0.0006613517762161791,
    0.0012451924849301577,
    0.0008621093002147973,
    0.0008624670444987714,
    0.0008617891580797732,
    0.0008625357295386493,
    0.0008618581341579556,
    0.0012908518547192216,
    0.0007906773826107383,
    0.0008866549469530582,
    0.0008777076145634055
  ],
  "pi": [
    0.9990000128746033,
    5.1009259038892196e-08,
    1.0941499795080745e-07,
    3.5761635786002444e-07,
    2.9230154723336454e-06,
    2.676590156625025e-05,
    0.00016561144730076194,
    0.0003102474147453904,
    2.1526932414417388e-07,
    5.290428362059174e-08,
    1.107470879446737e-07,
    6.175837086175306e-08,
    4.999861502597014e-08,
    0.00013544701505452394,
    0.0003450466028880328,
    1.2079570296918973e-05,
    8.703982530278154e-07
  ],
  "J": 17
}