{
  "mu": [
    0.0,
    -1.1532924175262451,
    -0.8333823084831238,
    -0.722247838973999,
    -0.5644921660423279,
    -0.4279709458351135,
    -0.2921900451183319,
    -0.08684203773736954,
    -0.17469583451747894,
    -0.08663518726825714,
    0.2528085708618164,
    -0.08663449436426163,
    0.16591641306877136,
    0.25453585386276245,
    0.09365184605121613,
    0.3713216483592987,
    0.553841769695282
  ],
  "sigma2": [
    1.3792793652100954e-05,
    0.0008608851348981261,
    0.00086064706556499,
    0.0008574099047109485,
    0.0008117437828332186,
    0.00060138019034639,
    0.0001980285014724359,
    0.00016900953778531402,
    0.00017151510110124946,
    0.0008618811261840165,
    0.0003215009637642652,
    0.000861880776938051,
    0.000266039976850152,
    0.0008618573774583638,
    0.00010457046300871298,
    0.0006986323278397322,
    0.000874325807671994
  ],
  "pi": [
    0.9990000128746033,
    3.6809886694300076e-08,
    8.306668064506084e-08,
    2.2544190869666636e-07,
    2.9982393243699335e-06,
    2.201463757955935e-05,
    0.00013083877274766564,
    0.00017389387357980013,
    0.00015704715042375028,
    1.357180923200474e-09,
    8.064012945396826e-05,
    1.3989089886479178e-09,
    0.00010597851360216737,
    3.428698880370007e-09,
    0.0003094809362664819,
    1.5821571651031263e-05,
    9.346654792352638e-07
  ],
  "J": 17
}