{
  "mu": [
    0.0,
    -1.205169677734375,
    -0.861891508102417,
    -0.7404971122741699,
    -0.5794302225112915,
    -0.43837103247642517,
    -0.29942601919174194,
    -0.08853823691606522,
    -0.18084360659122467,
    0.0951978862285614,
    0.25956568121910095,
    0.09519775956869125,
    0.17048735916614532,
    0.2608586847782135,
    0.09466612339019775,
    0.3796822428703308,
    0.5643652081489563
  ],
  "sigma2": [
    1.3934073649579659e-05,
    0.0008608847274444997,
    0.000859838561154902,
    0.0008569210767745972,
    0.0008129402995109558,
    0.0005975219537504017,
    0.00020306748047005385,
    0.0001664967421675101,
    0.00017754833970684558,
    0.0008619284490123391,
    0.0003183082735631615,
    0.0008619288564659655,
    0.00025965445092879236,
    0.0008618647698312998,
    0.00010229139297734946,
    0.0006925977650098503,
    0.0008698708261363208
  ],
  "pi": [
    0.9990000128746033,
    3.651469526744222e-08,
    8.314523114449912e-08,
    2.2310291569738183e-07,
    2.9467285003192956e-06,
    2.1889882191317156e-05,
    0.00012986782530788332,
    0.00017702436889521778,
    0.00015607225941494107,
    1.1107189612502566e-09,
    8.019170491024852e-05,
    1.1405452138291139e-09,
    0.00010506168473511934,
    1.6279726455792343e-09,
    0.0003101374604739249,
    1.5537694707745686e-05,
    9.237588187716028e-07
  ],
  "J": 17
}