{
  "mu": [
    0.0,
    -0.9575763940811157,
    -0.7998145818710327,
    -0.6966670155525208,
    -0.5774098038673401,
    -0.18460185825824738,
    -0.4356606900691986,
    -0.30324190855026245,
    -0.0018648274708539248,
    -0.0018792685586959124,
    -0.0018653504084795713,
    0.25545012950897217,
    0.3625951409339905,
    0.4681549072265625,
    0.17453064024448395,
    0.5902848243713379,
    0.7235624194145203
  ],
  "sigma2": [
    0.0011059208773076534,
    0.000865292502567172,
    0.0008674104465171695,
    0.0008803109521977603,
    0.000891916046384722,
    0.0008884455310180783,
    0.0008815673645585775,
    0.0010960850631818175,
    0.0008619847940281034,
    0.0008619851432740688,
    0.0008619847940281034,
    0.0009948723018169403,
    0.0009460619767196476,
    0.0008964924491010606,
    0.000739285082090646,
    0.0008710259571671486,
    0.0008590419311076403
  ],
  "pi": [
    0.9990000128746033,
    1.5067849972183467e-06,
    5.389789748733165e-06,
    1.3471991223923396e-05,
    3.514670970616862e-05,
    0.0001873431319836527,
    0.00014661182649433613,
    0.00013292106450535357,
    1.5016745624762962e-09,
    1.5175379841636527e-09,
    1.5030772182456076e-09,
    0.00016198755474761128,
    8.551962673664093e-05,
    2.6473855541553348e-05,
    0.00019615859491750598,
    6.814096650487045e-06,
    6.504384373329231e-07
  ],
  "J": 17
}