{
  "top1_error_pre[%]": 2.0499999999999963,
  "top1_error_post[%]": 6.399999999999995,
  "Delta[%]": 4.349999999999998,
  "|W|": 266200,
  "|W_nonzero|/|W|[%]": 5.049962434259955,
  "CR": 64.89863397761643,
  "acc_pretrain": 0.9795,
  "acc_retrain": 0.9838,
  "acc_quantized": 0.936
}