{
  "mu": [
    0.0,
    -0.8297482132911682,
    -0.6725711226463318,
    -0.5727617740631104,
    -0.5293340682983398,
    -0.34433045983314514,
    -0.4358893632888794,
    -0.2539035677909851,
    -0.19677120447158813,
    -0.08907237648963928,
    -0.1410379707813263,
    0.20702137053012848,
    0.3207915127277374,
    0.10490559786558151,
    0.45263028144836426,
    0.5608534216880798,
    0.6732257008552551
  ],
  "sigma2": [
    3.80383717129007e-05,
    0.0005061442498117685,
    0.00043793529039248824,
    0.0004135567869525403,
    0.0004084421962033957,
    0.000237400658079423,
    0.0003070830716751516,
    0.0003385817108210176,
    0.00036788906436413527,
    0.00032772947452031076,
    0.0003709622542373836,
    0.0005868423031643033,
    0.00044859881745651364,
    0.0006500105373561382,
    0.0003597892355173826,
    0.00038425324601121247,
    0.0004148638981860131
  ],
  "pi": [
    0.9990000128746033,
    1.8164104176321416e-06,
    3.8020748434064444e-06,
    7.618509243911831e-06,
    8.384468856093008e-06,
    9.679979120846838e-05,
    3.5631506762001663e-05,
    4.77637950098142e-05,
    5.530820635613054e-05,
    0.00011777721374528483,
    8.189746586140245e-05,
    0.00017578041297383606,
    8.013274782570079e-05,
    0.00026188045740127563,
    1.8801394617184997e-05,
    5.761706688645063e-06,
    8.43860959776066e-07
  ],
  "J": 17
}