{
  "mu": [
    0.0,
    -0.6967593431472778,
    -0.5757932662963867,
    -0.4868239164352417,
    -0.38050779700279236,
    -0.2893417477607727,
    -0.3811545968055725,
    -0.18681009113788605,
    -0.00037919593160040677,
    -0.00022803644242230803,
    -0.00037652679020538926,
    0.17241023480892181,
    0.17522557079792023,
    0.2590208053588867,
    0.3526467978954315,
    0.4620298445224762,
    0.5682849884033203
  ],
  "sigma2": [
    0.0012990308459848166,
    0.00038983862032182515,
    0.00038353403215296566,
    0.0003424739988986403,
    0.00039621227188035846,
    0.00012161290214862674,
    0.00024505783221684396,
    0.0003014463873114437,
    0.0004015877202618867,
    0.00040158582851290703,
    0.000401587545638904,
    0.00040125561645254493,
    0.0002823717659339309,
    0.00017388607375323772,
    0.00027062484878115356,
    0.00035564741119742393,
    0.00039080868009477854
  ],
  "pi": [
    0.9990000128746033,
    2.8383844892232446e-06,
    1.0333979844290297e-05,
    2.408871841907967e-05,
    1.7841294948084396e-06,
    0.00021262990776449442,
    8.051487384364009e-05,
    0.0001804869098123163,
    7.207967200884013e-08,
    8.22422379087584e-08,
    7.36426244429822e-08,
    3.4306972906961164e-07,
    0.0002489933685865253,
    0.00017308136739302427,
    4.774328772327863e-05,
    1.4232751709641889e-05,
    2.7014391434931895e-06
  ],
  "J": 17
}