{
  "mu": [
    0.0,
    -0.867822527885437,
    -0.7248619794845581,
    -0.6202704906463623,
    -0.5485355854034424,
    -0.3484960198402405,
    -0.44890058040618896,
    -0.24043187499046326,
    -0.15766273438930511,
    -0.15677359700202942,
    -0.0890132263302803,
    0.10993965715169907,
    0.2226964831352234,
    0.32629644870758057,
    0.4494134187698364,
    0.5701136589050293,
    0.6621859669685364
  ],
  "sigma2": [
    1.5531291865045205e-05,
    0.00040775659726932645,
    0.00037781838909722865,
    0.0003582643694244325,
    0.00032500852830708027,
    0.0001042029180098325,
    0.0002092246140819043,
    0.0001354640698991716,
    0.00012616913591045886,
    0.00040142174111679196,
    9.287341526942328e-05,
    0.0004385464999359101,
    8.552301733288914e-05,
    0.00014592600928153843,
    0.00027323499671183527,
    0.0003472869284451008,
    0.00038937415229156613
  ],
  "pi": [
    0.9990000128746033,
    1.9553997390175937e-06,
    3.2268221730191726e-06,
    5.921067440795014e-06,
    1.0303465387551114e-05,
    9.012319787871093e-05,
    3.288514562882483e-05,
    7.953940803417936e-05,
    8.513162902090698e-05,
    1.5894832117169244e-08,
    0.000147128346725367,
    0.0002998967538587749,
    0.00014007992285769433,
    7.775014091748744e-05,
    1.9241384507040493e-05,
    5.771051291958429e-06,
    1.0304007673767046e-06
  ],
  "J": 17
}