{
  "mu": [
    0.0,
    -0.7121036648750305,
    -0.5889770984649658,
    -0.5030698776245117,
    -0.4112496078014374,
    -0.3136640787124634,
    -0.40150266885757446,
    -0.11486105620861053,
    -0.05927276611328125,
    -0.05782078579068184,
    -0.05929695814847946,
    0.08654789626598358,
    0.19015836715698242,
    0.28331634402275085,
    0.38527193665504456,
    0.4970483183860779,
    0.5960642099380493
  ],
  "sigma2": [
    5.763777153333649e-05,
    0.0004174782370682806,
    0.0004046974645461887,
    0.0004166560829617083,
    0.0004035616584587842,
    0.00024779021623544395,
    0.0004230147460475564,
    0.004040413070470095,
    0.0004011500277556479,
    0.00033108325442299247,
    0.00040111292037181556,
    0.0009540105238556862,
    0.00026508315932005644,
    0.00027705784304998815,
    0.0003722724795807153,
    0.0003955872089136392,
    0.00039757564081810415
  ],
  "pi": [
    0.9990000128746033,
    2.035015995716094e-06,
    4.901603915641317e-06,
    1.1073554560425691e-05,
    1.3983227518110652e-06,
    9.200344356941059e-05,
    3.331983316456899e-05,
    0.00029654597165063024,
    6.029112853411789e-08,
    1.4678408660984132e-05,
    6.630095583659568e-08,
    0.0003092082915827632,
    0.00012989489187020808,
    7.670983177376911e-05,
    2.0651275917771272e-05,
    6.308811407507164e-06,
    1.1442256209193147e-06
  ],
  "J": 17
}