{
  "mu": [
    0.0,
    -0.9926554560661316,
    -0.8259394764900208,
    -0.7273606657981873,
    -0.6158434152603149,
    -0.3968464136123657,
    -0.511590838432312,
    -0.2799975574016571,
    -0.20061029493808746,
    -0.2012820541858673,
    -0.1008511409163475,
    0.12159988284111023,
    0.25336912274360657,
    0.36495253443717957,
    0.4936999976634979,
    0.6275374293327332,
    0.6863092184066772
  ],
  "sigma2": [
    1.6006742953322828e-05,
    0.0004109004221390933,
    0.000384635291993618,
    0.00037843958125449717,
    0.00034180606598965824,
    0.00015745220298413187,
    0.0002585368638392538,
    0.00019756352412514389,
    0.00018859158444684,
    0.00040154519956558943,
    0.00014696031576022506,
    9.619757474865764e-05,
    0.00012989640526939183,
    0.00018118851585313678,
    0.00030945701291784644,
    0.00036941206781193614,
    0.00039952396764419973
  ],
  "pi": [
    0.9990000128746033,
    1.951744252437493e-06,
    3.1566480629408034e-06,
    5.760772637586342e-06,
    1.0489688065717928e-05,
    8.994418021757156e-05,
    3.2828400435391814e-05,
    8.01592759671621e-05,
    8.425393752986565e-05,
    2.2224039275542395e-10,
    0.00014821643708273768,
    0.0002997962001245469,
    0.0001398547028657049,
    7.759481377433985e-05,
    1.9203776901122183e-05,
    6.425888386729639e-06,
    3.633931271451729e-07
  ],
  "J": 17
}