{
  "mu": [
    0.0,
    -0.7582566738128662,
    -0.6316373944282532,
    -0.5538799166679382,
    -0.4963492453098297,
    -0.3238779902458191,
    -0.40432867407798767,
    -0.21497495472431183,
    -0.11387016624212265,
    -0.13285541534423828,
    -0.07478120923042297,
    0.0969577208161354,
    0.1996200680732727,
    0.298561155796051,
    0.4124486446380615,
    0.5236474871635437,
    0.6238278150558472
  ],
  "sigma2": [
    1.9646820874186233e-05,
    0.00046191067667678,
    0.000413688161643222,
    0.00040151976281777024,
    0.00039707717951387167,
    0.00036234574508853257,
    0.00037719952524639666,
    0.0005261599435470998,
    0.00039488650509156287,
    0.0004101301310583949,
    0.0003517494769766927,
    0.0009168611722998321,
    0.0004927798872813582,
    0.0005326176178641617,
    0.00042522192234173417,
    0.00039006027509458363,
    0.0003937328001484275
  ],
  "pi": [
    0.9990000128746033,
    1.9321257695992244e-06,
    3.5934367588197347e-06,
    5.44057320439606e-06,
    1.051017261488596e-05,
    9.025005419971421e-05,
    3.276724964962341e-05,
    8.086160232778639e-05,
    4.850303230341524e-05,
    4.63547621620819e-05,
    0.00013599719386547804,
    0.00030150095699355006,
    0.0001386162475682795,
    7.801094034221023e-05,
    1.8885308236349374e-05,
    5.742934263253119e-06,
    1.0335204478906235e-06
  ],
  "J": 17
}