{
  "mu": [
    0.0,
    -0.9826438426971436,
    -0.8132973909378052,
    -0.7160570621490479,
    -0.6082620024681091,
    -0.390181303024292,
    -0.5030233263969421,
    -0.2738434374332428,
    -0.19395361840724945,
    -0.1938573718070984,
    -0.09812181442975998,
    0.11954739689826965,
    0.24975986778736115,
    0.36033162474632263,
    0.4885408580303192,
    0.6203781366348267,
    0.6869680285453796
  ],
  "sigma2": [
    1.6695743397576734e-05,
    0.0003887600905727595,
    0.00037176068872213364,
    0.00035106478026136756,
    0.00032201220165006816,
    0.00010962152009597048,
    0.00021476263646036386,
    0.00013245080481283367,
    0.00013348617358133197,
    0.00040152951260097325,
    9.0317043941468e-05,
    4.8668429371900856e-05,
    8.653526310808957e-05,
    0.0001325646589975804,
    0.0002710156259126961,
    0.000354142626747489,
    0.00039572626701556146
  ],
  "pi": [
    0.9990000128746033,
    1.9522633465385297e-06,
    3.221609404135961e-06,
    5.703089300368447e-06,
    1.049465481628431e-05,
    8.996891847345978e-05,
    3.282852048869245e-05,
    7.980843656696379e-05,
    8.465567225357518e-05,
    2.6056637403293337e-10,
    0.00014802218356635422,
    0.0002998606360051781,
    0.0001398693275405094,
    7.761855522403494e-05,
    1.9208348021493293e-05,
    6.220740942808334e-06,
    5.668591711582849e-07
  ],
  "J": 17
}