{
  "mu": [
    0.0,
    -0.9899348020553589,
    -0.8207780718803406,
    -0.7199249267578125,
    -0.6127961874008179,
    -0.39307114481925964,
    -0.507088303565979,
    -0.2763560712337494,
    -0.1969190388917923,
    -0.19665759801864624,
    -0.09928757697343826,
    0.12099044770002365,
    0.25186342000961304,
    0.36256301403045654,
    0.49161770939826965,
    0.6256616711616516,
    0.6859461665153503
  ],
  "sigma2": [
    1.5504283510381356e-05,
    0.00039695773739367723,
    0.00037202847306616604,
    0.0003570604894775897,
    0.00032360502518713474,
    0.0001116733328672126,
    0.00022399757290259004,
    0.0001434817968402058,
    0.00014100053522270173,
    0.00040153239388018847,
    9.778294042916968e-05,
    5.285942097543739e-05,
    9.089693776331842e-05,
    0.000138433781103231,
    0.0002820501395035535,
    0.00036268786061555147,
    0.0003987864183727652
  ],
  "pi": [
    0.9990000128746033,
    1.952046432052157e-06,
    3.2190744150284445e-06,
    5.695374056813307e-06,
    1.0502652003197e-05,
    8.995248936116695e-05,
    3.2824493246153e-05,
    7.996964995982125e-05,
    8.446077845292166e-05,
    2.3769422541342067e-10,
    0.00014811761502642184,
    0.0002998430863954127,
    0.00013986644626129419,
    7.760179869364947e-05,
    1.9206072465749457e-05,
    6.362954081851058e-06,
    4.2525815047156357e-07
  ],
  "J": 17
}