{
  "mu": [
    0.0,
    -0.9417041540145874,
    -0.785257875919342,
    -0.6785746812820435,
    -0.5865184664726257,
    -0.37355953454971313,
    -0.483796626329422,
    -0.2617698609828949,
    -0.18113261461257935,
    -0.18075697124004364,
    -0.09528157860040665,
    0.11590772122144699,
    0.23913775384426117,
    0.3472538888454437,
    0.47281667590141296,
    0.6048712730407715,
    0.6777361631393433
  ],
  "sigma2": [
    1.5546793292742223e-05,
    0.0003922686737496406,
    0.00037235519266687334,
    0.00035201574792154133,
    0.00032356331939809024,
    0.00010851066326722503,
    0.00021483268938027322,
    0.00013819542073179036,
    0.00013621323159895837,
    0.0004015256999991834,
    9.276285709347576e-05,
    6.910393858561292e-05,
    8.417374920099974e-05,
    0.00013221379776950926,
    0.00027521184529177845,
    0.00035404268419370055,
    0.00039196372381411493
  ],
  "pi": [
    0.9990000128746033,
    1.9531200905476e-06,
    3.2233476758847246e-06,
    5.760924523201538e-06,
    1.04439150163671e-05,
    9.000333375297487e-05,
    3.2843447115737945e-05,
    7.966969860717654e-05,
    8.491605694871396e-05,
    5.691423443643373e-10,
    0.00014758086763322353,
    0.00029999736580066383,
    0.00013994702021591365,
    7.765016925986856e-05,
    1.921711373142898e-05,
    5.885825885343365e-06,
    9.072653597286262e-07
  ],
  "J": 17
}