{
  "mu": [
    0.0,
    -0.9446098804473877,
    -0.7866702079772949,
    -0.6799164414405823,
    -0.5876134037971497,
    -0.3743763864040375,
    -0.48460933566093445,
    -0.2621334493160248,
    -0.181452676653862,
    -0.18118879199028015,
    -0.09534754604101181,
    0.11569303274154663,
    0.23964914679527283,
    0.34789419174194336,
    0.47394126653671265,
    0.6050930023193359,
    0.6780374646186829
  ],
  "sigma2": [
    1.9739882191061042e-05,
    0.00039072538493201137,
    0.0003727067669387907,
    0.00035105342976748943,
    0.00032421477953903377,
    0.00011861675011459738,
    0.000219516790821217,
    0.00014318122703116387,
    0.00013816695718560368,
    0.0004015260492451489,
    9.719785157358274e-05,
    6.860018038423732e-05,
    9.198305633617565e-05,
    0.00013847167429048568,
    0.00027375612989999354,
    0.00035243327147327363,
    0.0003912901156581938
  ],
  "pi": [
    0.9990000128746033,
    1.9531933048710926e-06,
    3.2234208902082173e-06,
    5.7647484936751425e-06,
    1.0439699508424383e-05,
    9.000445425044745e-05,
    3.284389094915241e-05,
    7.967004785314202e-05,
    8.491736662108451e-05,
    5.263645630471103e-10,
    0.00014757260214537382,
    0.00029999989783391356,
    0.00013995225890539587,
    7.76492670411244e-05,
    1.9217208318877965e-05,
    5.881437573407311e-06,
    9.099418889491062e-07
  ],
  "J": 17
}