{
  "mu": [
    0.0,
    -0.797764241695404,
    -0.6677860617637634,
    -0.5785214304924011,
    -0.5149403214454651,
    -0.330697238445282,
    -0.41776713728904724,
    -0.22288990020751953,
    -0.13630974292755127,
    -0.1351466178894043,
    -0.08094184100627899,
    0.10210080444812775,
    0.20779071748256683,
    0.30825111269950867,
    0.42574670910835266,
    0.5412729978561401,
    0.6408548355102539
  ],
  "sigma2": [
    1.8267603081767447e-05,
    0.0004586361174006015,
    0.0003952464903704822,
    0.0003840980934910476,
    0.00036634961725212634,
    0.0001853286084951833,
    0.0002655076968949288,
    0.00034372819936834276,
    0.00032127505983226,
    0.0003667522978503257,
    0.00028186917188577354,
    0.0008005044073797762,
    0.0003243446699343622,
    0.0003797733224928379,
    0.00036252825520932674,
    0.00036449197796173394,
    0.0003913679684046656
  ],
  "pi": [
    0.9990000128746033,
    1.9817719021375524e-06,
    3.27746329276124e-06,
    5.563708327827044e-06,
    1.072618761099875e-05,
    9.001122816698626e-05,
    3.2936852221610025e-05,
    7.965991244418547e-05,
    6.1504339100793e-05,
    2.6325724320486188e-05,
    0.0001442789944121614,
    0.00030026905005797744,
    0.0001393291022395715,
    7.802661275491118e-05,
    1.9306757167214528e-05,
    5.772307758888928e-06,
    1.03002776086214e-06
  ],
  "J": 17
}