{
  "mu": [
    0.0,
    -0.9911315441131592,
    -0.8247513175010681,
    -0.726801872253418,
    -0.6148780584335327,
    -0.3966153562068939,
    -0.5112690329551697,
    -0.2800283133983612,
    -0.20045889914035797,
    -0.20137199759483337,
    -0.10118389129638672,
    0.12122146785259247,
    0.2527904808521271,
    0.3643393814563751,
    0.4932120740413666,
    0.6265390515327454,
    0.6837350726127625
  ],
  "sigma2": [
    2.3057558792061172e-05,
    0.0004167075385339558,
    0.0003866630722768605,
    0.0003813058719970286,
    0.00035763674532063305,
    0.0001899165363283828,
    0.000279417319688946,
    0.00021678664779756218,
    0.00021151854889467359,
    0.0004015538434032351,
    0.0001673958176979795,
    0.00012197471369290724,
    0.00015460202121175826,
    0.0002047177404165268,
    0.00032858006306923926,
    0.00037502500344999135,
    0.0003994576691184193
  ],
  "pi": [
    0.9990000128746033,
    1.9516769498295616e-06,
    3.161462245770963e-06,
    5.755885922553716e-06,
    1.0530776307859924e-05,
    8.99417427717708e-05,
    3.2789121178211644e-05,
    8.01234200480394e-05,
    8.429354056715965e-05,
    2.262337817082738e-10,
    0.00014822481898590922,
    0.00029978115344420075,
    0.00013985940313432366,
    7.759669824736193e-05,
    1.9203915144316852e-05,
    6.3917850638972595e-06,
    3.943767126202147e-07
  ],
  "J": 17
}