{
  "mu": [
    0.0,
    -0.7916326522827148,
    -0.6616203188896179,
    -0.5741318464279175,
    -0.5123254656791687,
    -0.3297377824783325,
    -0.4153463542461395,
    -0.22110436856746674,
    -0.13403581082820892,
    -0.1338420957326889,
    -0.08024074137210846,
    0.10141030699014664,
    0.20629598200321198,
    0.30644384026527405,
    0.4234256446361542,
    0.5385269522666931,
    0.6384612321853638
  ],
  "sigma2": [
    1.659029112488497e-05,
    0.0004601644759532064,
    0.0003968254313804209,
    0.0003894287801813334,
    0.0003689863660838455,
    0.00021368841407820582,
    0.0002741775824688375,
    0.00037839700235053897,
    0.00036319525679573417,
    0.00037103318027220666,
    0.0003035471308976412,
    0.0008339859778061509,
    0.0003593391738831997,
    0.0004134219198022038,
    0.0003752668562810868,
    0.00037006119964644313,
    0.00039109817589633167
  ],
  "pi": [
    0.9990000128746033,
    1.9775247892539483e-06,
    3.3147450722026406e-06,
    5.54368443772546e-06,
    1.0686375389923342e-05,
    9.002965816762298e-05,
    3.291051689302549e-05,
    7.98516339273192e-05,
    4.876857201452367e-05,
    3.853117232210934e-05,
    0.00014455454947892576,
    0.00030064466409385204,
    0.00013892022252548486,
    7.823813211871311e-05,
    1.9222185073886067e-05,
    5.774202236352721e-06,
    1.0322357866243692e-06
  ],
  "J": 17
}