{
  "mu": [
    0.0,
    -0.7192071676254272,
    -0.5962836742401123,
    -0.5094600915908813,
    -0.44287529587745667,
    -0.31556466221809387,
    -0.39862877130508423,
    -0.20163804292678833,
    -0.05193394795060158,
    -0.0792824998497963,
    -0.0518842488527298,
    0.08694575726985931,
    0.19256682693958282,
    0.28640061616897583,
    0.39093348383903503,
    0.5012270212173462,
    0.601000964641571
  ],
  "sigma2": [
    2.8502086934167892e-05,
    0.00043103922507725656,
    0.0004087587876711041,
    0.0004134586197324097,
    0.00040183289092965424,
    0.00032649721833877265,
    0.0003954770800191909,
    0.0006188449915498495,
    0.0003935332933906466,
    0.0007999712834134698,
    0.00039154061232693493,
    0.001040868228301406,
    0.0003164118097629398,
    0.00034971864079125226,
    0.0004012927529402077,
    0.00040228417492471635,
    0.00039763079257681966
  ],
  "pi": [
    0.9990000128746033,
    1.9154222172801383e-06,
    4.42247755927383e-06,
    1.0059809937956743e-05,
    4.9257223508902825e-06,
    9.181855421047658e-05,
    2.9378204999375157e-05,
    8.678251469973475e-05,
    1.6614900459899218e-06,
    0.00022324430756270885,
    2.0852087345701875e-06,
    0.0003157347091473639,
    0.00012617470929399133,
    7.547174027422443e-05,
    1.9463508579065092e-05,
    5.8345490288047586e-06,
    1.0270895245412248e-06
  ],
  "J": 17
}