{
  "mu": [
    0.0,
    -0.6891643404960632,
    -0.5629786252975464,
    -0.4803466200828552,
    -0.39759042859077454,
    -0.2814106345176697,
    -0.36850932240486145,
    -0.22144831717014313,
    -0.0004979590303264558,
    -0.0003560601908247918,
    -0.0002844455011654645,
    0.16103240847587585,
    0.26429083943367004,
    0.2533235251903534,
    0.34172070026397705,
    0.4505558907985687,
    0.5603724122047424
  ],
  "sigma2": [
    0.0027585800271481276,
    0.0003911644162144512,
    0.0003769003669731319,
    0.0003699876251630485,
    0.0003984889481216669,
    0.0002623428881634027,
    0.0003742671979125589,
    0.0004007745301350951,
    0.0004015559097751975,
    0.00040154787711799145,
    0.00040155480382964015,
    0.0004016763705294579,
    0.00040129906847141683,
    0.0004271460056770593,
    0.000343025109032169,
    0.0003913867985829711,
    0.00040333563811145723
  ],
  "pi": [
    0.9990000128746033,
    5.048238108429359e-06,
    1.7864320398075506e-05,
    4.160251410212368e-05,
    3.1650124583393335e-05,
    0.00037787549081258476,
    0.0001160985921160318,
    4.1407230355616775e-07,
    2.4116786789818434e-07,
    2.7594583684731333e-07,
    2.4660320718794537e-07,
    1.1309693803696064e-07,
    1.1515354572111391e-06,
    0.0002926244924310595,
    8.47198607516475e-05,
    2.5255216314690188e-05,
    4.81878305436112e-06
  ],
  "J": 17
}