{
  "mu": [
    0.0,
    -0.8305304646492004,
    -0.6906190514564514,
    -0.5967735648155212,
    -0.5305582284927368,
    -0.3375742435455322,
    -0.431414932012558,
    -0.23013579845428467,
    -0.14470738172531128,
    -0.1407354176044464,
    -0.08482660353183746,
    0.1058862954378128,
    0.21408581733703613,
    0.3160760700702667,
    0.43710336089134216,
    0.556178629398346,
    0.6531885266304016
  ],
  "sigma2": [
    1.557179530209396e-05,
    0.000438012124504894,
    0.0003806324675679207,
    0.0003714559425134212,
    0.00034200368099845946,
    0.0001168111921288073,
    0.00022568982967641205,
    0.00021765609562862664,
    0.00020258140284568071,
    0.00039919873233884573,
    0.00018348751473240554,
    0.0006650714203715324,
    0.0001797104487195611,
    0.0002531173813622445,
    0.00030123317264951766,
    0.0003535606956575066,
    0.0003902236057911068
  ],
  "pi": [
    0.9990000128746033,
    2.012436198128853e-06,
    3.2358666430809535e-06,
    5.690067155228462e-06,
    1.0490136446605902e-05,
    9.018473065225407e-05,
    3.289665619377047e-05,
    7.967434066813439e-05,
    8.519373659510165e-05,
    7.0158006337806e-07,
    0.00014621054287999868,
    0.00030008412431925535,
    0.0001396493025822565,
    7.79010442784056e-05,
    1.9271055862191133e-05,
    5.774291821580846e-06,
    1.030169869409292e-06
  ],
  "J": 17
}