{
  "mu": [
    0.0,
    -0.9894154071807861,
    -0.8207379579544067,
    -0.7201447486877441,
    -0.6129000782966614,
    -0.3932237923145294,
    -0.5072851777076721,
    -0.27651557326316833,
    -0.1972464621067047,
    -0.1968948096036911,
    -0.09955979883670807,
    0.12093491107225418,
    0.251705139875412,
    0.3622226119041443,
    0.4913788139820099,
    0.624966561794281,
    0.6853030323982239
  ],
  "sigma2": [
    1.5662108125980012e-05,
    0.0004015490412712097,
    0.00037549633998423815,
    0.00036440821713767946,
    0.0003365203447174281,
    0.00012952974066138268,
    0.0002451541367918253,
    0.0001699093554634601,
    0.00016633167979307473,
    0.0004015427257400006,
    0.00012191853602416813,
    7.62577255954966e-05,
    0.00011198452557437122,
    0.00015792380145285279,
    0.00029662917950190604,
    0.0003697366628330201,
    0.00039870617911219597
  ],
  "pi": [
    0.9990000128746033,
    1.95204279407335e-06,
    3.2142825148184784e-06,
    5.692995728168171e-06,
    1.051073195412755e-05,
    8.995403914013878e-05,
    3.282397301518358e-05,
    7.998459477676079e-05,
    8.445214189123362e-05,
    2.454862979561767e-10,
    0.00014811752771493047,
    0.00029982361593283713,
    0.00013987311103846878,
    7.760684820823371e-05,
    1.9206092474632896e-05,
    6.3084667090151925e-06,
    4.793957941728877e-07
  ],
  "J": 17
}