{
  "mu": [
    0.0,
    -0.6995773911476135,
    -0.5777177214622498,
    -0.4872722923755646,
    -0.38252443075180054,
    -0.2902778387069702,
    -0.38194015622138977,
    -0.18572856485843658,
    -0.0002852856123354286,
    -0.00015811147750355303,
    -0.00027610460529103875,
    0.15667057037353516,
    0.17198479175567627,
    0.26006877422332764,
    0.35428115725517273,
    0.4635387659072876,
    0.5700585842132568
  ],
  "sigma2": [
    0.0010427947854623199,
    0.000390276632970199,
    0.00038295911508612335,
    0.0003317077353131026,
    0.00039854139322414994,
    0.00011141302820760757,
    0.00022737534891348332,
    0.00027457060059532523,
    0.0004015938611701131,
    0.0004015926970168948,
    0.0004015936574432999,
    0.00040157928015105426,
    0.0002914166252594441,
    0.0001490455906605348,
    0.00026262953178957105,
    0.0003492235264275223,
    0.0003897979040630162
  ],
  "pi": [
    0.9990000128746033,
    2.703082600419293e-06,
    9.843852240010165e-06,
    2.2961732611292973e-05,
    8.916834417505015e-07,
    0.000202380761038512,
    7.734253449598327e-05,
    0.00018201008788309991,
    4.74565275965233e-08,
    5.411978776237447e-08,
    4.848088508424553e-08,
    2.9793974931635603e-07,
    0.0002749094273895025,
    0.0001649456680752337,
    4.544486364466138e-05,
    1.3547615708375815e-05,
    2.5706688120408216e-06
  ],
  "J": 17
}