{
  "mu": [
    0.0,
    -0.9811643958091736,
    -0.8116494417190552,
    -0.7149122953414917,
    -0.6083460450172424,
    -0.3899646997451782,
    -0.5023888349533081,
    -0.2737525403499603,
    -0.19377081096172333,
    -0.19333495199680328,
    -0.09832170605659485,
    0.11943423748016357,
    0.24920053780078888,
    0.35976120829582214,
    0.487904816865921,
    0.6199837923049927,
    0.6851711869239807
  ],
  "sigma2": [
    1.553084803163074e-05,
    0.0003904166223946959,
    0.00037364684976637363,
    0.0003545466170180589,
    0.0003264760598540306,
    0.00010963908425765112,
    0.00021891260985285044,
    0.00013205411960370839,
    0.00013638260134030133,
    0.00040152971632778645,
    9.351875633001328e-05,
    4.855355291510932e-05,
    8.733132563065737e-05,
    0.00013557625061366707,
    0.00027552773826755583,
    0.000354774238076061,
    0.0003960794711019844
  ],
  "pi": [
    0.9990000128746033,
    1.952192633325467e-06,
    3.2214609291258967e-06,
    5.703469469153788e-06,
    1.0494150956219528e-05,
    8.996422548079863e-05,
    3.282846955698915e-05,
    7.980687951203436e-05,
    8.464734128210694e-05,
    2.7118118861579887e-10,
    0.0001480224309489131,
    0.00029986241133883595,
    0.00013988418504595757,
    7.76139204390347e-05,
    1.9208209778298624e-05,
    6.192343334987527e-06,
    5.98078656821599e-07
  ],
  "J": 17
}