{
  "mu": [
    0.0,
    -0.8523920774459839,
    -0.7098119258880615,
    -0.6113362908363342,
    -0.540383517742157,
    -0.34314054250717163,
    -0.44046077132225037,
    -0.2349046915769577,
    -0.1511504054069519,
    -0.1501026302576065,
    -0.08609719574451447,
    0.10815533250570297,
    0.21935759484767914,
    0.3221440315246582,
    0.44439104199409485,
    0.565874457359314,
    0.6596906781196594
  ],
  "sigma2": [
    1.5797431842656806e-05,
    0.0004163689154665917,
    0.0003728135779965669,
    0.0003558828611858189,
    0.00031682339613325894,
    0.00010416248551337048,
    0.00020628284255508333,
    0.00013155423221178353,
    0.00012480119767133147,
    0.0004012253775727004,
    9.565179789206013e-05,
    0.0004888389375992119,
    9.229367424268275e-05,
    0.00016376544954255223,
    0.000272057659458369,
    0.0003453562967479229,
    0.0003886455378960818
  ],
  "pi": [
    0.9990000128746033,
    2.013213361351518e-06,
    3.228511559427716e-06,
    5.764988600276411e-06,
    1.040712868416449e-05,
    9.015508840093389e-05,
    3.289654341642745e-05,
    7.939006900414824e-05,
    8.525991870556027e-05,
    4.613105630824066e-08,
    0.00014711696712765843,
    0.0003000140131916851,
    0.00013987837883178145,
    7.777764403726906e-05,
    1.924809293996077e-05,
    5.772892109234817e-06,
    1.0305234354746062e-06
  ],
  "J": 17
}