{
  "mu": [
    0.0,
    -0.9943227767944336,
    -0.8262335062026978,
    -0.7268154621124268,
    -0.6162893176078796,
    -0.39645105600357056,
    -0.5113084316253662,
    -0.27943316102027893,
    -0.19981911778450012,
    -0.1995006948709488,
    -0.10020972043275833,
    0.12174813449382782,
    0.25387880206108093,
    0.36557796597480774,
    0.4941694438457489,
    0.6288086771965027,
    0.6910755038261414
  ],
  "sigma2": [
    1.5520097804255784e-05,
    0.0003983844362664968,
    0.0003743546549230814,
    0.00035829734406434,
    0.00031836869311518967,
    0.0001108094584196806,
    0.00021630030823871493,
    0.00013935555762145668,
    0.00013791471428703517,
    0.00040152930887416005,
    9.646988473832607e-05,
    4.834881110582501e-05,
    8.769964188104495e-05,
    0.00013731064973399043,
    0.0002792234008666128,
    0.00035668304190039635,
    0.00039928455953486264
  ],
  "pi": [
    0.9990000128746033,
    1.9517306100169662e-06,
    3.162433813486132e-06,
    5.759475243394263e-06,
    1.0471450877957977e-05,
    8.993483788799495e-05,
    3.284189369878732e-05,
    8.012950274860486e-05,
    8.427642023889348e-05,
    2.0852790327818838e-10,
    0.00014820015348959714,
    0.00029986302251927555,
    0.00013982497330289334,
    7.759050640743226e-05,
    1.9203762349206954e-05,
    6.526640845549991e-06,
    2.630610538290057e-07
  ],
  "J": 17
}