{
  "mu": [
    0.0,
    -0.9510912299156189,
    -0.7915982604026794,
    -0.6850589513778687,
    -0.5922718644142151,
    -0.3780117630958557,
    -0.48817160725593567,
    -0.2655579745769501,
    -0.18564428389072418,
    -0.18597286939620972,
    -0.0977276861667633,
    0.11594847589731216,
    0.24027632176876068,
    0.34910091757774353,
    0.4759630262851715,
    0.6063605546951294,
    0.6777461171150208
  ],
  "sigma2": [
    2.199848859163467e-05,
    0.0003955885476898402,
    0.00038601222331635654,
    0.0003679953806567937,
    0.00034819793654605746,
    0.00016795612464193255,
    0.0002681574842426926,
    0.00019930109556298703,
    0.0001894812739919871,
    0.00040154578164219856,
    0.00015011131472419947,
    0.0001189909889944829,
    0.00013873697025701404,
    0.00019064403022639453,
    0.00031471901456825435,
    0.0003703079710248858,
    0.0003939196467399597
  ],
  "pi": [
    0.9990000128746033,
    1.9530784811649937e-06,
    3.2229686439677607e-06,
    5.780594619864132e-06,
    1.041654650180135e-05,
    9.000207501230761e-05,
    3.284928607172333e-05,
    7.958683272590861e-05,
    8.495205111103132e-05,
    5.052065432664676e-10,
    0.00014766550157219172,
    0.0002999599673785269,
    0.00013995541667100042,
    7.764666952425614e-05,
    1.9215985957998782e-05,
    5.908139883104013e-06,
    8.843956038617762e-07
  ],
  "J": 17
}