{
  "mu": [
    0.0,
    -0.6701472401618958,
    -0.5614736676216125,
    -0.47698652744293213,
    -0.409767746925354,
    -0.36082834005355835,
    -0.3285987973213196,
    -0.14389388263225555,
    -0.013866763561964035,
    0.0013187952572479844,
    0.0097216060385108,
    0.12024900317192078,
    0.29030629992485046,
    0.39067691564559937,
    0.3996947407722473,
    0.4492158591747284,
    0.557279646396637
  ],
  "sigma2": [
    0.00681551918387413,
    0.003923019859939814,
    0.00395812327042222,
    0.003972462844103575,
    0.0038023446686565876,
    0.0035494635812938213,
    0.003898211754858494,
    0.0039899167604744434,
    0.003963348921388388,
    0.003968975506722927,
    0.003958290908485651,
    0.0039782216772437096,
    0.003923523239791393,
    0.0038467291742563248,
    0.0037737677339464426,
    0.003871168941259384,
    0.003934815060347319
  ],
  "pi": [
    0.9990000128746033,
    8.805943252809811e-06,
    3.0787326977588236e-05,
    9.268226858694106e-05,
    0.0002709395776037127,
    0.0003274651535321027,
    1.4307106539490633e-05,
    7.305871349672088e-06,
    1.784632695489563e-05,
    2.0547910025925376e-05,
    1.8321023162570782e-05,
    7.185201866377611e-06,
    3.66785889127641e-06,
    3.788223330047913e-05,
    9.069508814718574e-05,
    4.458518742467277e-05,
    6.975981250434415e-06
  ],
  "J": 17
}