{
  "mu": [
    0.0,
    -0.840247392654419,
    -0.7022812962532043,
    -0.6044395565986633,
    -0.5365965366363525,
    -0.3424316644668579,
    -0.4375968277454376,
    -0.23435638844966888,
    -0.15041430294513702,
    -0.14626722037792206,
    -0.0872597023844719,
    0.10683425515890121,
    0.21683314442634583,
    0.31884831190109253,
    0.44031527638435364,
    0.5606464743614197,
    0.6545950770378113
  ],
  "sigma2": [
    1.5749295926070772e-05,
    0.00043576181633397937,
    0.00038195043453015387,
    0.0003705012204591185,
    0.0003446727350819856,
    0.00013530359137803316,
    0.00023711059475317597,
    0.00020961406698916107,
    0.00021460026619024575,
    0.00040063157211989164,
    0.0002025931898970157,
    0.0006877308478578925,
    0.0001802404731279239,
    0.00026123362476937473,
    0.00030604578205384314,
    0.0003607486723922193,
    0.00039072558865882456
  ],
  "pi": [
    0.9990000128746033,
    2.009708623518236e-06,
    3.23256108458736e-06,
    5.671814506058581e-06,
    1.0499715244804975e-05,
    9.015065006678924e-05,
    3.289187952759676e-05,
    7.934432505862787e-05,
    8.473700290778652e-05,
    2.919554162872373e-07,
    0.00014743463543709368,
    0.00030019626137800515,
    0.00013971062435302883,
    7.78001849539578e-05,
    1.922557203215547e-05,
    5.772475560661405e-06,
    1.030717953653948e-06
  ],
  "J": 17
}