{
  "mu": [
    0.0,
    -0.9934611320495605,
    -0.8259572982788086,
    -0.7268965840339661,
    -0.6161229014396667,
    -0.3966376483440399,
    -0.5114691257476807,
    -0.27973562479019165,
    -0.20022904872894287,
    -0.20036280155181885,
    -0.10055404901504517,
    0.12167009711265564,
    0.25364816188812256,
    0.3652232885360718,
    0.4939057528972626,
    0.6281315088272095,
    0.6878228783607483
  ],
  "sigma2": [
    1.55464222189039e-05,
    0.00040359573904424906,
    0.00037893379339948297,
    0.000367267697583884,
    0.00032711931271478534,
    0.00012667466944549233,
    0.00023355678422376513,
    0.0001638474641367793,
    0.00015998020535334945,
    0.0004015352460555732,
    0.0001192315758089535,
    6.719618977513164e-05,
    0.00010415344149805605,
    0.0001546782732475549,
    0.00029233269742690027,
    0.0003634371096268296,
    0.00039943878073245287
  ],
  "pi": [
    0.9990000128746033,
    1.9517888176778797e-06,
    3.1603426577930804e-06,
    5.760021394962678e-06,
    1.046768193191383e-05,
    8.993963274406269e-05,
    3.284767080913298e-05,
    8.01444475655444e-05,
    8.426336717093363e-05,
    2.1565055297045888e-10,
    0.00014822010416537523,
    0.00029981121770106256,
    0.0001398506574332714,
    7.759120489936322e-05,
    1.9203869669581763e-05,
    6.483720881078625e-06,
    3.0409964324462635e-07
  ],
  "J": 17
}