{
  "mu": [
    0.0,
    -0.9889633059501648,
    -0.820920467376709,
    -0.7198002338409424,
    -0.6131911873817444,
    -0.3932437002658844,
    -0.5072078108787537,
    -0.27673646807670593,
    -0.19750672578811646,
    -0.19815225899219513,
    -0.09995782375335693,
    0.12066426128149033,
    0.25113198161125183,
    0.3617038130760193,
    0.49073514342308044,
    0.6244850158691406,
    0.6855148673057556
  ],
  "sigma2": [
    1.8261995137436315e-05,
    0.00040565169183537364,
    0.0003780615224968642,
    0.0003739346575457603,
    0.00034799211425706744,
    0.00015837943647056818,
    0.00027006588061340153,
    0.00020054345077369362,
    0.00019494812295306474,
    0.00040155419264920056,
    0.00014958101382944733,
    0.0001053094383678399,
    0.00013973111344967037,
    0.00018371670739725232,
    0.00031110848067328334,
    0.00037699006497859955,
    0.0003989973629359156
  ],
  "pi": [
    0.9990000128746033,
    1.9520343812473584e-06,
    3.2083164569485234e-06,
    5.6927128753159195e-06,
    1.0517130249354523e-05,
    8.995243842946365e-05,
    3.282357647549361e-05,
    8.000956586329266e-05,
    8.44205787871033e-05,
    2.504211837894843e-10,
    0.00014812612789683044,
    0.00029982844716869295,
    0.00013987054990138859,
    7.76044835220091e-05,
    1.9206143406336196e-05,
    6.285541530814953e-06,
    5.020834237257077e-07
  ],
  "J": 17
}