{
  "mu": [
    0.0,
    -0.7076972126960754,
    -0.5849249958992004,
    -0.5005480647087097,
    -0.40194201469421387,
    -0.3105718195438385,
    -0.3993739187717438,
    -0.12200458347797394,
    -0.07046731561422348,
    -0.07006288319826126,
    -0.0704757422208786,
    0.09204696118831635,
    0.18747542798519135,
    0.28024402260780334,
    0.3807506859302521,
    0.4930005967617035,
    0.5897119641304016
  ],
  "sigma2": [
    0.00012380589032545686,
    0.0004012429853901267,
    0.0003993367135990411,
    0.0004094624309800565,
    0.0004017068422399461,
    0.00021572576952166855,
    0.00039717659819871187,
    0.003412585938349366,
    0.00040141635690815747,
    0.0004009647236671299,
    0.0004014106234535575,
    0.0007062476361170411,
    0.00024217947793658823,
    0.0002470205945428461,
    0.00035261749872006476,
    0.0003871591470669955,
    0.0003995994047727436
  ],
  "pi": [
    0.9990000128746033,
    2.0844834125455236e-06,
    5.370783128455514e-06,
    1.1718709174601827e-05,
    5.046858859714121e-07,
    0.00010218172974418849,
    3.840367935481481e-05,
    0.00029427430126816034,
    1.0653650406311499e-08,
    6.03032432877626e-08,
    1.128688875695616e-08,
    0.00028604999533854425,
    0.0001432797871530056,
    8.503598655806854e-05,
    2.2937729227123782e-05,
    6.857279913674574e-06,
    1.2187045967948507e-06
  ],
  "J": 17
}