{
  "mu": [
    0.0,
    -0.9607785940170288,
    -0.7937607169151306,
    -0.6932878494262695,
    -0.5970102548599243,
    -0.38205912709236145,
    -0.49298903346061707,
    -0.2678868770599365,
    -0.18756234645843506,
    -0.1872444599866867,
    -0.09756480157375336,
    0.11688647419214249,
    0.24271900951862335,
    0.35200151801109314,
    0.47854241728782654,
    0.6095311641693115,
    0.6789274215698242
  ],
  "sigma2": [
    3.1298910471377894e-05,
    0.0004041910287924111,
    0.0003930734528694302,
    0.0003734193742275238,
    0.00035447426489554346,
    0.00018417861429043114,
    0.0002783962117973715,
    0.0002033019409282133,
    0.00019863659690599889,
    0.00040155017632059753,
    0.00016025248623918742,
    0.0001245530293090269,
    0.0001558750809635967,
    0.0001979491935344413,
    0.00032215347164310515,
    0.0003686640120577067,
    0.00039625042700208724
  ],
  "pi": [
    0.9990000128746033,
    1.9528552002157085e-06,
    3.1841675536270486e-06,
    5.8259415709471796e-06,
    1.0406216460978612e-05,
    8.998905104817823e-05,
    3.284749254817143e-05,
    7.962308882270008e-05,
    8.489365427521989e-05,
    4.1379080717440786e-10,
    0.00014774745795875788,
    0.00029996316879987717,
    0.0001399262109771371,
    7.763390021864325e-05,
    1.9214734493289143e-05,
    5.991172656649724e-06,
    8.004926712601446e-07
  ],
  "J": 17
}