{
  "mu": [
    0.0,
    -0.906867504119873,
    -0.7535151243209839,
    -0.6501733064651489,
    -0.5664511919021606,
    -0.36171427369117737,
    -0.4683414697647095,
    -0.25274917483329773,
    -0.17108646035194397,
    -0.17027360200881958,
    -0.09329213947057724,
    0.11210784316062927,
    0.23034806549549103,
    0.33662843704223633,
    0.46076759696006775,
    0.5887815952301025,
    0.6734253168106079
  ],
  "sigma2": [
    4.476590402191505e-05,
    0.0004022040229756385,
    0.00037664687260985374,
    0.00036079081473872066,
    0.0003428995260037482,
    0.00017460710660088807,
    0.00025582913076505065,
    0.00017975330410990864,
    0.00018465326866135,
    0.00040153408190235496,
    0.00013966730330139399,
    0.00025203320547007024,
    0.00014141800056677312,
    0.0001849029795266688,
    0.0003006789193022996,
    0.00035738921724259853,
    0.0003946638316847384
  ],
  "pi": [
    0.9990000128746033,
    1.9551155219232896e-06,
    3.237026248825714e-06,
    5.899988991586724e-06,
    1.0325843504688237e-05,
    9.009725908981636e-05,
    3.286136416136287e-05,
    7.963897223817185e-05,
    8.491992048220709e-05,
    1.6815191461461154e-09,
    0.0001472594594815746,
    0.000299947801977396,
    0.00014009267033543438,
    7.7728160249535e-05,
    1.9235840227338485e-05,
    5.775023964815773e-06,
    1.0239531320621609e-06
  ],
  "J": 17
}