{
  "mu": [
    0.0,
    -0.9132038354873657,
    -0.7618222236633301,
    -0.6573395133018494,
    -0.569885790348053,
    -0.36385083198547363,
    -0.47145143151283264,
    -0.2540990114212036,
    -0.1726173609495163,
    -0.17205142974853516,
    -0.09327921271324158,
    0.11376684904098511,
    0.2329578548669815,
    0.3393620252609253,
    0.4634198844432831,
    0.5938634872436523,
    0.6705939173698425
  ],
  "sigma2": [
    1.5814948710612953e-05,
    0.0003983798960689455,
    0.0003713524783961475,
    0.0003478738071862608,
    0.0003234146279282868,
    0.00011281924525974318,
    0.0002172442473238334,
    0.00013904426305089146,
    0.00013473238504957408,
    0.00040152377914637327,
    9.199533087667078e-05,
    0.0001811862748581916,
    8.667633665027097e-05,
    0.00013527055853046477,
    0.00027521236916072667,
    0.0003491572570055723,
    0.00039210112299770117
  ],
  "pi": [
    0.9990000128746033,
    1.9540239009074867e-06,
    3.224872898499598e-06,
    5.830675036122557e-06,
    1.0381765605416149e-05,
    9.004506136989221e-05,
    3.2858668419066817e-05,
    7.970516162458807e-05,
    8.478097151964903e-05,
    1.249066627906359e-09,
    0.0001474678865633905,
    0.00030002943822182715,
    0.00014001436647959054,
    7.76836895965971e-05,
    1.9225974028813653e-05,
    5.788361704617273e-06,
    1.0077992556034587e-06
  ],
  "J": 17
}