{
  "mu": [
    0.0,
    -0.6931377053260803,
    -0.5763565897941589,
    -0.49708884954452515,
    -0.39695432782173157,
    -0.3041173815727234,
    -0.39468902349472046,
    -0.15003855526447296,
    -0.00033040400012396276,
    -0.0068860603496432304,
    -0.00033421965781599283,
    0.10505827516317368,
    0.18239621818065643,
    0.27425238490104675,
    0.372501939535141,
    0.48216718435287476,
    0.5843595862388611
  ],
  "sigma2": [
    0.00032365191145800054,
    0.00039207309600897133,
    0.0003859614080283791,
    0.0003879969008266926,
    0.00040086565422825515,
    0.00016483957006130368,
    0.0003241826198063791,
    0.002457404974848032,
    0.00040160954813472927,
    0.00040161298238672316,
    0.00040160954813472927,
    0.00036452829954214394,
    0.00021325235138647258,
    0.00019916106248274446,
    0.0003110515244770795,
    0.00037832590169273317,
    0.00039442599518224597
  ],
  "pi": [
    0.9990000128746033,
    2.7111505005450454e-06,
    6.583532467629993e-06,
    1.4879351510899141e-05,
    5.321944058778172e-07,
    0.00013227413001004606,
    5.0518225179985166e-05,
    0.00023648080241400748,
    1.537791582961745e-08,
    1.742901822865406e-08,
    1.5692812382894772e-08,
    0.00022023724159225821,
    0.00018583808559924364,
    0.00010955060861306265,
    2.9823055228916928e-05,
    8.905250979296397e-06,
    1.6180129023268819e-06
  ],
  "J": 17
}