{
  "mu": [
    0.0,
    -0.8749209046363831,
    -0.7288010120391846,
    -0.6270996928215027,
    -0.5502880215644836,
    -0.350341260433197,
    -0.45139995217323303,
    -0.2425059974193573,
    -0.1603490114212036,
    -0.15912717580795288,
    -0.09023570269346237,
    0.10978460311889648,
    0.22331638634204865,
    0.32732024788856506,
    0.4515817165374756,
    0.5730277895927429,
    0.664165198802948
  ],
  "sigma2": [
    3.0004630389157683e-05,
    0.00040669500594958663,
    0.00038547292933799326,
    0.00036597822327166796,
    0.0003372914798092097,
    0.0001556458737468347,
    0.00024280804791487753,
    0.0001754800177877769,
    0.00017412372108083218,
    0.00040147878462448716,
    0.00014005330740474164,
    0.00046212878078222275,
    0.00012988327944185585,
    0.0001834358845371753,
    0.0002955595264211297,
    0.00035598978865891695,
    0.00039170493255369365
  ],
  "pi": [
    0.9990000128746033,
    1.9552353478502482e-06,
    3.2138059395947494e-06,
    5.920119292568415e-06,
    1.0315971849195193e-05,
    9.009381028590724e-05,
    3.287790241301991e-05,
    7.951260340632871e-05,
    8.51494914968498e-05,
    1.1159681179151448e-08,
    0.0001470610877731815,
    0.00030006575980223715,
    0.00014005844423081726,
    7.772587559884414e-05,
    1.9238132153986953e-05,
    5.770243205915904e-06,
    1.0304053148502135e-06
  ],
  "J": 17
}