{
  "mu": [
    0.0,
    -0.966559648513794,
    -0.7998622059822083,
    -0.7044513821601868,
    -0.6031051278114319,
    -0.38631826639175415,
    -0.49823129177093506,
    -0.2717088460922241,
    -0.19146278500556946,
    -0.19261758029460907,
    -0.09874245524406433,
    0.1176440417766571,
    0.24530133605003357,
    0.3551286458969116,
    0.48220357298851013,
    0.6126076579093933,
    0.6859604120254517
  ],
  "sigma2": [
    3.037033457076177e-05,
    0.0004011461860500276,
    0.0003874140093103051,
    0.0003690442827064544,
    0.00035625690361484885,
    0.0001918029593070969,
    0.00029192399233579636,
    0.00022165538393892348,
    0.00021709181601181626,
    0.0004015628364868462,
    0.00018684043607208878,
    0.00012794157373718917,
    0.00016328653146047145,
    0.00020781508646905422,
    0.0003157974570058286,
    0.0003732902987394482,
    0.0003955508000217378
  ],
  "pi": [
    0.9990000128746033,
    1.9520200567058055e-06,
    3.2147495403478388e-06,
    5.721477918996243e-06,
    1.045563203661004e-05,
    8.996228280011564e-05,
    3.285266211605631e-05,
    7.963836833368987e-05,
    8.48152776597999e-05,
    3.423750727371555e-10,
    0.00014806083345320076,
    0.00029983287095092237,
    0.00013988571299705654,
    7.761066081002355e-05,
    1.9207242075935937e-05,
    6.103434770921012e-06,
    6.865539603495563e-07
  ],
  "J": 17
}