{
  "mu": [
    0.0,
    0.0013998337090015411,
    0.1175515428185463,
    -0.1744333654642105,
    -0.28305408358573914,
    -0.41623565554618835,
    -0.40616175532341003,
    -0.11987235397100449,
    -0.2594863176345825,
    -0.07562605291604996,
    -0.005504780914634466,
    -0.04244991019368172,
    -0.010998682118952274,
    0.06498277932405472,
    0.15088115632534027,
    0.28220295906066895,
    0.39515212178230286
  ],
  "sigma2": [
    9.99999993922529e-09,
    0.002336119068786502,
    9.99999993922529e-09,
    9.99999993922529e-09,
    9.99999993922529e-09,
    9.99999993922529e-09,
    9.99999993922529e-09,
    9.99999993922529e-09,
    9.99999993922529e-09,
    9.99999993922529e-09,
    9.99999993922529e-09,
    9.99999993922529e-09,
    9.99999993922529e-09,
    9.99999993922529e-09,
    9.99999993922529e-09,
    9.99999993922529e-09,
    9.99999993922529e-09
  ],
  "pi": [
    0.9990000128746033,
    0.000703836209140718,
    1.1216169468752923e-06,
    5.92578999203397e-07,
    1.7316698404101771e-06,
    9.393087907483277e-07,
    5.214807288211887e-07,
    8.94398169748456e-07,
    2.873765197364264e-06,
    5.180903599466546e-07,
    0.00016207048611249775,
    2.5584440663806163e-06,
    0.00012008079647785053,
    1.2382580507619423e-06,
    4.919547222925758e-07,
    3.652797317954537e-07,
    1.656347450307294e-07
  ],
  "J": 17
}