{
  "top1_error_pre[%]": 0.9299999999999975,
  "top1_error_post[%]": 90.25999999999999,
  "Delta[%]": 89.33,
  "|W|": 430500,
  "|W_nonzero|/|W|[%]": 34.43670150987224,
  "CR": 30.789311352888063,
  "acc_pretrain": 0.9907,
  "acc_retrain": 0.9935,
  "acc_quantized": 0.0974
}