{
  "mu": [
    0.0,
    -1.0817629098892212,
    -0.018717661499977112,
    -0.04519498348236084,
    -0.11195273697376251,
    -0.11184457689523697,
    -0.11120668798685074,
    -0.107497937977314,
    -0.08956912159919739,
    -0.08568541705608368,
    -0.08478397876024246,
    -0.08440696448087692,
    -0.08415483683347702,
    -0.08384215086698532,
    -0.0828961655497551,
    -0.08322715014219284,
    -0.14908143877983093,
    -0.14906126260757446,
    -0.14890308678150177,
    -0.2352239340543747,
    -0.41000914573669434,
    -0.5959377288818359,
    -0.8003666996955872,
    -0.25692182779312134,
    -0.3538745641708374,
    -0.1664588451385498,
    -0.08227819949388504,
    -0.08220753073692322,
    -0.12342173606157303,
    -0.21066226065158844,
    -0.303011029958725,
    -0.5277780294418335,
    -0.6899839043617249,
    -0.46589943766593933,
    -0.2352733314037323,
    -0.148853600025177,
    -0.14905591309070587,
    -0.1490776240825653,
    -0.10984603315591812,
    -0.07094182074069977,
    -0.08377626538276672,
    -0.08411281555891037,
    -0.08436383306980133,
    -0.08470668643712997,
    -0.08547789603471756,
    -0.08843041211366653,
    -0.10590526461601257,
    -0.11102422326803207,
    -0.11181709170341492,
    -0.11195462942123413,
    0.018633078783750534,
    0.045873306691646576,
    0.08367588371038437,
    0.2474440485239029,
    0.39113491773605347,
    0.4601941704750061,
    0.5719134211540222,
    0.9533937573432922,
    0.7120835185050964,
    0.12604093551635742,
    0.2056495100259781,
    0.16600285470485687,
    0.2941291034221649,
    0.34126001596450806
  ],
  "sigma2": [
    1.7477868823334575e-06,
    0.0004897582111880183,
    7.828001253074035e-05,
    0.00024363426200579852,
    0.00040160512435249984,
    0.00040160512435249984,
    0.00040160512435249984,
    0.00040160497883334756,
    0.0004016072489321232,
    0.0004016062885057181,
    0.0004016060847789049,
    0.0004016062885057181,
    0.0004016060847789049,
    0.0004016060847789049,
    0.0004016062885057181,
    0.0004015812010038644,
    0.00040151303983293474,
    0.00040153966983780265,
    0.0004015329759567976,
    0.00040088192326948047,
    0.0004230794729664922,
    0.0004092258750461042,
    0.00045242885244078934,
    0.00043235873454250395,
    0.00043445680057629943,
    0.00042358797509223223,
    0.0003977658343501389,
    0.00039758719503879547,
    0.0004168870218563825,
    0.00043358528637327254,
    0.0004328942741267383,
    0.00040880675078369677,
    0.00041616702219471335,
    0.0004051400173921138,
    0.00040076495497487485,
    0.00040152817382477224,
    0.0004015411832369864,
    0.0004015203157905489,
    0.0004015207232441753,
    0.0003434734244365245,
    0.0004016062885057181,
    0.00040160573553293943,
    0.00040160593925975263,
    0.0004016060847789049,
    0.0004016062885057181,
    0.00040160687058232725,
    0.00040160477510653436,
    0.00040160512435249984,
    0.00040160512435249984,
    0.00040160512435249984,
    7.924354576971382e-05,
    0.0002573349920567125,
    0.00039564439794048667,
    0.00041130048339255154,
    0.0004366347857285291,
    0.0004748438950628042,
    0.0004940824001096189,
    0.0011090212501585484,
    0.0006802311399951577,
    0.00040822778828442097,
    0.000406507751904428,
    0.00040235748747363687,
    0.0004151843022555113,
    0.0004222857824061066
  ],
  "pi": [
    0.9900000095367432,
    1.4888885857544665e-07,
    0.0007969322032295167,
    0.001055053435266018,
    1.6916864353788696e-07,
    1.6244416656263638e-07,
    1.547086156961086e-07,
    1.459096949929517e-07,
    1.3597581016711047e-07,
    1.2473047661387682e-07,
    1.1188009807483468e-07,
    9.714491966406058e-08,
    8.010714225292759e-08,
    6.006091268773162e-08,
    5.3390667886787924e-08,
    8.592350241087843e-06,
    3.3007404454110656e-06,
    2.2974650164542254e-06,
    2.5248423298762646e-06,
    4.995570634491742e-06,
    2.106178908434231e-05,
    1.7181251905640238e-06,
    4.1929558847186854e-07,
    0.00020908146689180285,
    5.0569437007652596e-05,
    0.0006337775266729295,
    0.0005530433845706284,
    0.0005708808312192559,
    0.000878815189935267,
    0.0003915753623005003,
    0.00011097358947154135,
    3.5966768336948007e-06,
    1.2306483085922082e-06,
    9.760394277691375e-06,
    5.809097729070345e-06,
    2.6803265882335836e-06,
    2.250139914394822e-06,
    3.0287910703918897e-06,
    6.872942776681157e-06,
    3.6868219467578456e-05,
    5.648812972935957e-08,
    7.708210603141197e-08,
    9.453451355057041e-08,
    1.096025670221934e-07,
    1.2272657556877675e-07,
    1.342123283620822e-07,
    1.4433692285820143e-07,
    1.5333436920172971e-07,
    1.612608997447751e-07,
    1.681825523291991e-07,
    0.0007763971807435155,
    0.0010325011098757386,
    0.0010208593448624015,
    0.000182888368726708,
    2.1832758648088202e-05,
    9.602010322851129e-06,
    4.8067963689391036e-06,
    1.5816998484297073e-06,
    4.249775429343572e-06,
    0.0007056677713990211,
    0.00028627098072320223,
    0.0004556796629913151,
    8.655871351948008e-05,
    4.072843512403779e-05
  ],
  "J": 64
}