{
  "top1_error_pre[%]": 92.64,
  "top1_error_post[%]": 0.9199999999999986,
  "Delta[%]": -91.72,
  "|W|": 430500,
  "|W_nonzero|/|W|[%]": 3.7637630662020904,
  "CR": 55.20801189440907,
  "acc_pretrain": 0.0736,
  "acc_retrain": 0.9893,
  "acc_quantized": 0.9908
}