{
  "mu": [
    0.0,
    -0.8437174558639526,
    -0.6560261249542236,
    -0.562606155872345,
    -0.4809868037700653,
    -0.34033069014549255,
    -0.4074183702468872,
    -0.2592694163322449,
    0.11806515604257584,
    0.08743734657764435,
    0.11816831678152084,
    0.045663002878427505,
    0.4629165232181549,
    0.3398297131061554,
    0.46284550428390503,
    0.5790741443634033,
    0.6654418110847473
  ],
  "sigma2": [
    3.3843029086710885e-05,
    0.000340893428074196,
    0.0003472821554169059,
    0.0002966967585962266,
    0.0002434540365356952,
    0.00019211380276829004,
    0.0002543049049563706,
    0.00023977701494004577,
    0.00029089185409247875,
    0.00026876837364397943,
    0.00028904652572236955,
    0.035503312945365906,
    0.00029328043456189334,
    0.0003015122492797673,
    0.0002700841869227588,
    0.0002839693916030228,
    0.000292255193926394
  ],
  "pi": [
    0.9990000128746033,
    1.460367457184475e-06,
    5.337908987712581e-06,
    1.3049255358055234e-05,
    1.6503921870025806e-05,
    8.309780969284475e-05,
    2.2578195057576522e-05,
    4.536386768450029e-05,
    1.988433359656483e-05,
    0.00010959251085296273,
    3.1309955375036225e-05,
    0.000599041348323226,
    2.388263453667605e-07,
    4.035143138025887e-05,
    8.341745342477225e-06,
    3.521860890032258e-06,
    3.266089834141894e-07
  ],
  "J": 17
}