{
  "top1_error_pre[%]": 2.0499999999999963,
  "top1_error_post[%]": 38.67,
  "Delta[%]": 36.620000000000005,
  "|W|": 266200,
  "|W_nonzero|/|W|[%]": 5.7787377911344855,
  "CR": 66.6129700732724,
  "acc_pretrain": 0.9795,
  "acc_retrain": 0.9802,
  "acc_quantized": 0.6133
}