{
  "top1_error_pre[%]": 0.9299999999999975,
  "top1_error_post[%]": 2.6000000000000023,
  "Delta[%]": 1.6700000000000048,
  "|W|": 430500,
  "|W_nonzero|/|W|[%]": 4.935656213704994,
  "CR": 36.9707395489763,
  "acc_pretrain": 0.9907,
  "acc_retrain": 0.9935,
  "acc_quantized": 0.974
}