{
  "top1_error_pre[%]": 2.0499999999999963,
  "top1_error_post[%]": 4.190000000000005,
  "Delta[%]": 2.1400000000000086,
  "|W|": 266200,
  "|W_nonzero|/|W|[%]": 5.1697971450037565,
  "CR": 66.69276419836211,
  "acc_pretrain": 0.9795,
  "acc_retrain": 0.9839,
  "acc_quantized": 0.9581
}