{
  "top1_error_pre[%]": 13.749999999999996,
  "top1_error_post[%]": 10.729999999999995,
  "Delta[%]": -3.0200000000000005,
  "|W|": 2745264,
  "|W_nonzero|/|W|[%]": 8.638695586289698,
  "CR": 74.2708460854303,
  "acc_pretrain": 0.8625,
  "acc_retrain": 0.9065,
  "acc_quantized": 0.8927
}