{
  "mu": [
    0.0,
    -0.9008960127830505,
    -0.7494603991508484,
    -0.587936520576477,
    -0.46521854400634766,
    -0.13013939559459686,
    -0.3276788592338562,
    -0.22100654244422913,
    -0.2205231636762619,
    0.2077997624874115,
    0.2053852379322052,
    0.208832785487175,
    0.38008880615234375,
    0.2285650670528412,
    0.12357468903064728,
    0.5579473972320557,
    0.7127140164375305
  ],
  "sigma2": [
    3.652453233371489e-05,
    0.0018225538078695536,
    0.0017908718436956406,
    0.0016840473981574178,
    0.0016403993358835578,
    0.0013827176298946142,
    0.0014610301004722714,
    0.0017229875084012747,
    0.001794419134967029,
    0.0017943885177373886,
    0.0017944440478459,
    0.0017942780395969748,
    0.0018521386664360762,
    0.0018513131653890014,
    0.0012103058397769928,
    0.0017696353606879711,
    0.0017842046217992902
  ],
  "pi": [
    0.9990000128746033,
    8.392769927922927e-07,
    3.3511662422824884e-06,
    1.5912797607597895e-05,
    3.505546192172915e-05,
    0.0001932819141075015,
    0.00014842164819128811,
    5.7171819207724184e-05,
    2.211421978870476e-08,
    1.7953863107322832e-07,
    2.5782734169865762e-08,
    5.003202545594831e-07,
    7.090709550539032e-05,
    0.00019371547386981547,
    0.0002699571195989847,
    1.019946466840338e-05,
    4.590642674884293e-07
  ],
  "J": 17
}