{
  "top1_error_pre[%]": 2.0499999999999963,
  "top1_error_post[%]": 2.0499999999999963,
  "Delta[%]": 0.0,
  "|W|": 266200,
  "|W_nonzero|/|W|[%]": 5.616453794139745,
  "CR": 64.14651043706135,
  "acc_pretrain": 0.9795,
  "acc_retrain": 0.9813,
  "acc_quantized": 0.9795
}