{
  "mu": [
    0.0,
    -0.9819304943084717,
    -0.8115571141242981,
    -0.7071287035942078,
    -0.5807341933250427,
    -0.4317896366119385,
    -0.22149430215358734,
    -0.29845309257507324,
    -0.0017508858582004905,
    -0.001756577636115253,
    -0.001750594237819314,
    0.27757588028907776,
    0.3184763193130493,
    0.4329473674297333,
    0.2231786549091339,
    0.5806178450584412,
    0.7623592615127563
  ],
  "sigma2": [
    0.0018432120559737086,
    0.001307531725615263,
    0.0013136010384187102,
    0.0013172723120078444,
    0.0014032244216650724,
    0.001404239097610116,
    0.0010410483228042722,
    0.0012736320495605469,
    0.0012965265195816755,
    0.0012965271016582847,
    0.0012965265195816755,
    0.001296431291848421,
    0.0015143604250624776,
    0.001524508697912097,
    0.001111391349695623,
    0.0013524721143767238,
    0.0012958633014932275
  ],
  "pi": [
    0.9990000128746033,
    2.1578871383098885e-06,
    5.606253125733929e-06,
    1.546846942801494e-05,
    4.4411739509087056e-05,
    0.000197792483959347,
    0.00015539852029178292,
    0.00013067394320387393,
    1.4614638388366075e-09,
    1.4889505184356722e-09,
    1.4644132573238267e-09,
    8.57957047628588e-08,
    0.00014653813559561968,
    6.111151014920324e-05,
    0.00022863542835693806,
    1.1541422281879932e-05,
    5.739912580793316e-07
  ],
  "J": 17
}