{
  "mu": [
    0.0,
    -0.08818981051445007,
    -0.9054293632507324,
    -0.2965998947620392,
    -0.2907049357891083,
    -0.2076672911643982,
    -0.29726484417915344,
    -0.2974297106266022,
    -0.19156953692436218,
    -0.5719972848892212,
    -0.42994117736816406,
    -0.29809272289276123,
    0.2669377624988556,
    0.26910677552223206,
    0.1642465740442276,
    0.0806145891547203,
    0.3329717814922333
  ],
  "sigma2": [
    2.490407496225089e-05,
    0.0011070177424699068,
    0.003583296434953809,
    0.0035947677679359913,
    0.003597677918151021,
    0.0035978080704808235,
    0.0035835185553878546,
    0.003571980632841587,
    0.0027791874017566442,
    0.003564378945156932,
    0.003556018229573965,
    0.0035319302696734667,
    0.0035975133068859577,
    0.003595684887841344,
    0.0029098480008542538,
    0.0009273728937841952,
    0.003994780592620373
  ],
  "pi": [
    0.9990000128746033,
    0.00024249980924651027,
    4.752443771849357e-08,
    9.227990176441381e-07,
    5.813582859559574e-08,
    1.3639243512386656e-08,
    4.209583039482823e-06,
    7.514854587498121e-06,
    0.00020643470634240657,
    7.525965770582843e-07,
    4.3712147999031e-06,
    1.835979855968617e-05,
    1.6493288512720028e-08,
    1.4775848455883533e-07,
    0.00014708780508954078,
    0.0003554152208380401,
    1.2148126188549213e-05
  ],
  "J": 17
}