{
  "mu": [
    0.0,
    -0.514052152633667,
    -0.27032792568206787,
    -0.2704252600669861,
    -0.2707290053367615,
    -0.27080851793289185,
    -0.27043700218200684,
    -0.2704209089279175,
    -0.2708338499069214,
    -0.2706286311149597,
    0.22973941266536713,
    0.23001901805400848,
    0.22996869683265686,
    0.22972829639911652,
    0.2300146520137787,
    0.2301279902458191,
    0.42990562319755554
  ],
  "sigma2": [
    0.0019933218136429787,
    0.0030446199234575033,
    0.002754124579951167,
    0.0027393177151679993,
    0.0026945723220705986,
    0.00268317898735404,
    0.0027376359794288874,
    0.002740041585639119,
    0.0026795912999659777,
    0.002709184540435672,
    0.0026869047433137894,
    0.0027174700517207384,
    0.0027119105216115713,
    0.002685695420950651,
    0.0027169364038854837,
    0.002729236613959074,
    0.0030179116874933243
  ],
  "pi": [
    0.9864253401756287,
    0.0005922755808569491,
    0.0006904089823365211,
    0.000745970755815506,
    0.0009173424914479256,
    0.0009623162914067507,
    0.0007534158648923039,
    0.0007445375667884946,
    0.0009769891621544957,
    0.0008620130247436464,
    0.0010949919233098626,
    0.0009512823889963329,
    0.0009770795004442334,
    0.0011007401626557112,
    0.0009536627330817282,
    0.0008970886701717973,
    0.00035453663440421224
  ],
  "J": 17
}