{
  "top1_error_pre[%]": 2.0499999999999963,
  "top1_error_post[%]": 4.459999999999997,
  "Delta[%]": 2.410000000000001,
  "|W|": 266200,
  "|W_nonzero|/|W|[%]": 7.246055597295267,
  "CR": 36.26147218580258,
  "acc_pretrain": 0.9795,
  "acc_retrain": 0.9825,
  "acc_quantized": 0.9554
}