{
  "mu": [
    0.0,
    -0.7777240872383118,
    -0.6369223594665527,
    -0.5347868204116821,
    -0.4403851628303528,
    -0.33025410771369934,
    -0.4402484893798828,
    -0.1141396164894104,
    0.13120774924755096,
    0.1313064992427826,
    0.1312171220779419,
    0.17993049323558807,
    0.30784690380096436,
    0.0782792940735817,
    0.43206676840782166,
    0.5433542728424072,
    0.6526675224304199
  ],
  "sigma2": [
    1.3639164535561576e-05,
    0.000841689296066761,
    0.0008002620306797326,
    0.0007777783321216702,
    0.0007491513970308006,
    0.0008545437594875693,
    0.0007866767118684947,
    0.003432119730859995,
    0.0007867247913964093,
    0.0007867127424106002,
    0.0007867232779972255,
    0.0012021687580272555,
    0.0009170898119919002,
    0.0006737780058756471,
    0.0007847835659049451,
    0.0007798743317835033,
    0.0007794126286171377
  ],
  "pi": [
    0.9990000128746033,
    1.543928760838753e-06,
    4.92553135700291e-06,
    1.0155687959922943e-05,
    2.4516062694601715e-05,
    9.90346452454105e-05,
    4.222398430897556e-08,
    0.0003194872406311333,
    1.0832449603981331e-08,
    1.895151235942194e-08,
    1.1422572221420069e-08,
    0.000181050127139315,
    7.059780909912661e-05,
    0.0002662538317963481,
    1.6864189092302695e-05,
    4.759823241329286e-06,
    7.277540703398699e-07
  ],
  "J": 17
}