{
  "top1_error_pre[%]": 2.0499999999999963,
  "top1_error_post[%]": 1.9000000000000017,
  "Delta[%]": -0.14999999999999458,
  "|W|": 266200,
  "|W_nonzero|/|W|[%]": 7.77160030052592,
  "CR": 53.948410059595055,
  "acc_pretrain": 0.9795,
  "acc_retrain": 0.9827,
  "acc_quantized": 0.981
}