{
  "mu": [
    0.0,
    -0.9194619059562683,
    -0.7643318772315979,
    -0.6558464765548706,
    -0.5568776726722717,
    -0.3573402464389801,
    -0.45882174372673035,
    -0.23396870493888855,
    -0.000662159058265388,
    -0.0006604510708712041,
    -0.0006620946805924177,
    0.28468698263168335,
    0.20176510512828827,
    0.37780678272247314,
    0.4621807336807251,
    0.5669388175010681,
    0.6907544732093811
  ],
  "sigma2": [
    0.0015842498978599906,
    0.00047181433183141053,
    0.0004705132741946727,
    0.0004669276240747422,
    0.0004537850327324122,
    0.0005150536308065057,
    0.0004228804027661681,
    0.0010315224062651396,
    0.0004647507448680699,
    0.00046475051203742623,
    0.00046475051203742623,
    0.0005281605990603566,
    0.0005465174908749759,
    0.0004703926097135991,
    0.0004542359965853393,
    0.00046518267481587827,
    0.0004612967895809561
  ],
  "pi": [
    0.9990000128746033,
    2.0090933503524866e-06,
    1.1118776455987245e-05,
    1.9710309061338194e-05,
    3.947978620999493e-05,
    0.00014001560339238495,
    0.00011350480053806677,
    0.00020880110969301313,
    1.6237076128078343e-09,
    1.6407117886529932e-09,
    1.6253298706914165e-09,
    0.00014742533676326275,
    0.0002050610346486792,
    7.1707610914018e-05,
    2.9505539714591578e-05,
    9.93061166809639e-06,
    1.725594415802334e-06
  ],
  "J": 17
}