{
  "top1_error_pre[%]": 2.0499999999999963,
  "top1_error_post[%]": 10.050000000000004,
  "Delta[%]": 8.000000000000007,
  "|W|": 266200,
  "|W_nonzero|/|W|[%]": 4.125469571750563,
  "CR": 73.39525426065379,
  "acc_pretrain": 0.9795,
  "acc_retrain": 0.9827,
  "acc_quantized": 0.8995
}