{
  "mu": [
    0.0,
    -0.020678216591477394,
    -0.020594632253050804,
    -0.020516378805041313,
    -0.020404350012540817,
    -0.0201631560921669,
    -0.01924094930291176,
    -0.018282774835824966,
    -0.019366832450032234,
    -0.020014582201838493,
    -0.02014014683663845,
    -0.020056361332535744,
    -0.01952269673347473,
    -0.018432533368468285,
    -0.019060682505369186,
    -0.020046887919306755,
    -0.020338265225291252
  ],
  "sigma2": [
    0.012542773969471455,
    0.04772449657320976,
    0.0476299524307251,
    0.0475410632789135,
    0.04741333797574043,
    0.04713600128889084,
    0.04604397714138031,
    0.04485549032688141,
    0.04619476944208145,
    0.046960026025772095,
    0.04710438475012779,
    0.04700836166739464,
    0.04638142138719559,
    0.04504489153623581,
    0.045824695378541946,
    0.04700114578008652,
    0.047337714582681656
  ],
  "pi": [
    0.9946925044059753,
    0.0002674106799531728,
    0.00027315813349559903,
    0.0002785386168397963,
    0.000286263064481318,
    0.0003032025706488639,
    0.00037319117109291255,
    0.00044840126065537333,
    0.00036394913331605494,
    0.0003156309830956161,
    0.0003069412778131664,
    0.0003126964147668332,
    0.000352041533915326,
    0.0004364164487924427,
    0.0003871706430800259,
    0.00031158659840002656,
    0.00029088513110764325
  ],
  "J": 17
}