{
  "mu": [
    0.0,
    -1.000799536705017,
    -0.850570023059845,
    -0.709220826625824,
    -0.5705142617225647,
    -0.4344412684440613,
    -0.23000526428222656,
    -0.31531041860580444,
    -0.001041147275827825,
    -0.0010434412397444248,
    -0.001041223993524909,
    0.2855183184146881,
    0.3287849426269531,
    0.4247894287109375,
    0.23188847303390503,
    0.5756939649581909,
    0.7706360816955566
  ],
  "sigma2": [
    0.0021220643538981676,
    0.0010760772274807096,
    0.001084693823941052,
    0.0010983903193846345,
    0.0010610281024128199,
    0.0009867664193734527,
    0.0009684523683972657,
    0.0010887501994147897,
    0.001067618140950799,
    0.0010676175588741899,
    0.001067618140950799,
    0.0010675707599148154,
    0.001154790399596095,
    0.0011348883854225278,
    0.0009717440698295832,
    0.001076630549505353,
    0.0010608378797769547
  ],
  "pi": [
    0.9990000128746033,
    1.751272179717489e-06,
    5.933102784183575e-06,
    2.0193212549202144e-05,
    5.203119872021489e-05,
    0.00019652700575534254,
    0.0001440513733541593,
    0.00014111412747297436,
    1.936711901961985e-09,
    1.970722474098352e-09,
    1.939481020230005e-09,
    6.79129996683514e-08,
    0.0001300041622016579,
    6.421696889447048e-05,
    0.00022982509108260274,
    1.3747424418397713e-05,
    5.313868882694806e-07
  ],
  "J": 17
}