{
  "top1_error_pre[%]": 2.0499999999999963,
  "top1_error_post[%]": 15.659999999999997,
  "Delta[%]": 13.61,
  "|W|": 266200,
  "|W_nonzero|/|W|[%]": 3.684823441021788,
  "CR": 79.51015531660693,
  "acc_pretrain": 0.9795,
  "acc_retrain": 0.9791,
  "acc_quantized": 0.8434
}