{
  "mu": [
    0.0,
    -0.27982351183891296,
    -0.49702662229537964,
    -0.17577525973320007,
    -0.2812590003013611,
    -0.2818305790424347,
    -0.28267553448677063,
    -0.28195658326148987,
    -0.2819267511367798,
    -0.28245675563812256,
    0.171332448720932,
    0.25400498509407043,
    0.17863483726978302,
    0.1787225753068924,
    0.2536413073539734,
    0.25357896089553833,
    0.32116883993148804
  ],
  "sigma2": [
    0.001064778072759509,
    0.0024830333422869444,
    0.0031698038801550865,
    0.0021013468503952026,
    0.0023770525585860014,
    0.0023308726958930492,
    0.0022577077616006136,
    0.0023202041629701853,
    0.002322165295481682,
    0.002277476480230689,
    0.002501856768503785,
    0.002478520618751645,
    0.002405299572274089,
    0.0024074383545666933,
    0.0024935707915574312,
    0.0024962022434920073,
    0.0030321369413286448
  ],
  "pi": [
    0.9908217787742615,
    0.00032594663207419217,
    0.00022355708642862737,
    0.0006743581616319716,
    0.0005788903217762709,
    0.0006813043146394193,
    0.0008551063947379589,
    0.0007170715252868831,
    0.000712810957338661,
    0.0008138766861520708,
    0.0001819828466977924,
    0.0006320758839137852,
    0.0006944714696146548,
    0.000689749838784337,
    0.0005671519902534783,
    0.0005561693105846643,
    0.00027372734621167183
  ],
  "J": 17
}