{
  "top1_error_pre[%]": 0.9299999999999975,
  "top1_error_post[%]": 3.190000000000004,
  "Delta[%]": 2.2600000000000064,
  "|W|": 430500,
  "|W_nonzero|/|W|[%]": 3.507781649245064,
  "CR": 44.435986181492105,
  "acc_pretrain": 0.9907,
  "acc_retrain": 0.9936,
  "acc_quantized": 0.9681
}