{
  "top1_error_pre[%]": 2.0499999999999963,
  "top1_error_post[%]": 3.5599999999999965,
  "Delta[%]": 1.5100000000000002,
  "|W|": 266200,
  "|W_nonzero|/|W|[%]": 7.583395942900075,
  "CR": 70.83024986488172,
  "acc_pretrain": 0.9795,
  "acc_retrain": 0.9819,
  "acc_quantized": 0.9644
}