{
  "top1_error_pre[%]": 2.0499999999999963,
  "top1_error_post[%]": 8.399999999999997,
  "Delta[%]": 6.35,
  "|W|": 266200,
  "|W_nonzero|/|W|[%]": 5.924492862509392,
  "CR": 43.0133154245838,
  "acc_pretrain": 0.9795,
  "acc_retrain": 0.9831,
  "acc_quantized": 0.916
}