{
  "mu": [
    0.0,
    -1.0331770181655884,
    -0.8280410170555115,
    -0.7134298086166382,
    -0.5825105905532837,
    -0.32445797324180603,
    -0.4433836042881012,
    -0.27236053347587585,
    -0.0011001030215993524,
    -0.0010994422482326627,
    -0.0011000747326761484,
    0.3031840920448303,
    0.367291122674942,
    0.45447400212287903,
    0.2906205654144287,
    0.6001781225204468,
    0.7787989974021912
  ],
  "sigma2": [
    0.0037956712767481804,
    0.000997020280919969,
    0.0009913404937833548,
    0.0009751977049745619,
    0.0009680982329882681,
    0.0012342316331341863,
    0.0010417366866022348,
    0.0009939135052263737,
    0.0009941045427694917,
    0.0009941040771082044,
    0.0009941040771082044,
    0.0009941078023985028,
    0.0010055119637399912,
    0.0010057776235044003,
    0.0009593748254701495,
    0.0009894317481666803,
    0.0009951820829883218
  ],
  "pi": [
    0.9990000128746033,
    1.9987128325738013e-06,
    8.092621101241093e-06,
    2.6976282242685556e-05,
    7.123241812223569e-05,
    0.0002631820389069617,
    0.0002423320256639272,
    9.611028417566558e-08,
    1.5325137825428214e-09,
    1.5704055833509756e-09,
    1.536356486475654e-09,
    6.849124378760507e-09,
    0.00013264542212709785,
    5.218817386776209e-05,
    0.00018551548419054598,
    1.4988146176619921e-05,
    7.411618980768253e-07
  ],
  "J": 17
}