{
  "top1_error_pre[%]": 2.0499999999999963,
  "top1_error_post[%]": 30.220000000000002,
  "Delta[%]": 28.170000000000005,
  "|W|": 266200,
  "|W_nonzero|/|W|[%]": 2.7941397445529677,
  "CR": 94.97285183905099,
  "acc_pretrain": 0.9795,
  "acc_retrain": 0.9809,
  "acc_quantized": 0.6978
}