{
  "top1_error_pre[%]": 2.0499999999999963,
  "top1_error_post[%]": 17.679999999999996,
  "Delta[%]": 15.629999999999999,
  "|W|": 266200,
  "|W_nonzero|/|W|[%]": 3.7956423741547707,
  "CR": 82.47550443437513,
  "acc_pretrain": 0.9795,
  "acc_retrain": 0.9839,
  "acc_quantized": 0.8232
}