{
  "mu": [
    0.0,
    -0.8686866164207458,
    -0.6804425716400146,
    -0.5527116060256958,
    -0.44725143909454346,
    -0.25304895639419556,
    -0.3527335822582245,
    -0.13850153982639313,
    0.1642637699842453,
    0.164906844496727,
    0.16432403028011322,
    0.20417086780071259,
    0.321078360080719,
    0.11587146669626236,
    0.4582522213459015,
    0.5706677436828613,
    0.6740269064903259
  ],
  "sigma2": [
    4.43544595327694e-05,
    0.0006495591369457543,
    0.0006092352559790015,
    0.000589630682952702,
    0.00046571975690312684,
    0.0005486999289132655,
    0.00034008652437478304,
    0.00109107478056103,
    0.000591309042647481,
    0.0005912131746299565,
    0.0005913084605708718,
    0.00070520507870242,
    0.000861706561408937,
    0.0006079221493564546,
    0.0005159402498975396,
    0.0005442334222607315,
    0.0005854922928847373
  ],
  "pi": [
    0.9990000128746033,
    1.7903586240208824e-06,
    6.88223963152268e-06,
    1.777273246261757e-05,
    3.012194429174997e-05,
    9.826252062339336e-05,
    0.0001123170877690427,
    0.00018705602269619703,
    1.2291695661303947e-08,
    3.896815883308591e-07,
    1.3711841440056105e-08,
    0.00018650773563422263,
    0.00011202089081052691,
    0.00021788560843560845,
    2.1118359654792584e-05,
    6.644086170126684e-06,
    1.2047649988744524e-06
  ],
  "J": 17
}