{
  "top1_error_pre[%]": 2.0499999999999963,
  "top1_error_post[%]": 2.0100000000000007,
  "Delta[%]": -0.039999999999995595,
  "|W|": 266200,
  "|W_nonzero|/|W|[%]": 5.3369646882043575,
  "CR": 64.49717582567348,
  "acc_pretrain": 0.9795,
  "acc_retrain": 0.9796,
  "acc_quantized": 0.9799
}