{
  "mu": [
    0.0,
    -0.5695434212684631,
    -0.31389299035072327,
    -0.31332698464393616,
    -0.3123209476470947,
    -0.3130442798137665,
    -0.31343191862106323,
    -0.3129335045814514,
    -0.3127991855144501,
    -0.31330880522727966,
    0.2835036814212799,
    0.28235700726509094,
    0.282550185918808,
    0.28245848417282104,
    0.28350743651390076,
    0.28336429595947266,
    0.2842448949813843
  ],
  "sigma2": [
    0.0031361314468085766,
    0.0070175169967114925,
    0.006785905454307795,
    0.006706694141030312,
    0.006566120311617851,
    0.006669505499303341,
    0.00669516809284687,
    0.006651031319051981,
    0.006631732918322086,
    0.006704241037368774,
    0.006843999028205872,
    0.006791781168431044,
    0.006776302121579647,
    0.006797168869525194,
    0.006844524294137955,
    0.006837680470198393,
    0.006866668350994587
  ],
  "pi": [
    0.9950276017189026,
    0.00015202051145024598,
    0.0002678169694263488,
    0.0003295387723483145,
    0.000443178229033947,
    0.00035935177584178746,
    0.0003396723768673837,
    0.00037412974052131176,
    0.0003895909176208079,
    0.0003315095091238618,
    0.0002715890295803547,
    0.0003014171961694956,
    0.00030965401674620807,
    0.00029841915238648653,
    0.00027129377122037113,
    0.00027519455761648715,
    0.000257994543062523
  ],
  "J": 17
}