{
  "top1_error_pre[%]": 89.4,
  "top1_error_post[%]": 0.9499999999999953,
  "Delta[%]": -88.45,
  "|W|": 430500,
  "|W_nonzero|/|W|[%]": 4.373983739837398,
  "CR": 52.3708690842321,
  "acc_pretrain": 0.106,
  "acc_retrain": 0.9918,
  "acc_quantized": 0.9905
}