{
  "top1_error_pre[%]": 2.0499999999999963,
  "top1_error_post[%]": 19.910000000000004,
  "Delta[%]": 17.86000000000001,
  "|W|": 266200,
  "|W_nonzero|/|W|[%]": 3.5916604057099923,
  "CR": 85.09125053691476,
  "acc_pretrain": 0.9795,
  "acc_retrain": 0.9837,
  "acc_quantized": 0.8009
}