{
  "top1_error_pre[%]": 89.9,
  "top1_error_post[%]": 0.7399999999999962,
  "Delta[%]": -89.16000000000001,
  "|W|": 430500,
  "|W_nonzero|/|W|[%]": 4.383507549361208,
  "CR": 50.929040939909946,
  "acc_pretrain": 0.101,
  "acc_retrain": 0.9918,
  "acc_quantized": 0.9926
}