{
  "mu": [
    0.0,
    -0.8203812837600708,
    -0.6555177569389343,
    -0.552726686000824,
    -0.48406755924224854,
    -0.3370741009712219,
    -0.412935733795166,
    -0.24559921026229858,
    -0.11096137017011642,
    -0.06635279208421707,
    -0.16087934374809265,
    0.12006937712430954,
    0.40101656317710876,
    0.33276093006134033,
    0.4600144326686859,
    0.5561109781265259,
    0.6711785793304443
  ],
  "sigma2": [
    1.3458951798384078e-05,
    0.00035497869248501956,
    0.00029611814534291625,
    0.00025485773221589625,
    0.00020438125648070127,
    8.730476110940799e-05,
    0.00017750008555594832,
    0.00019788916688412428,
    0.00015440385323017836,
    0.0001287919149035588,
    0.0002402148675173521,
    0.004005651455372572,
    0.00028034966089762747,
    0.0001936650660354644,
    0.0002093653311021626,
    0.00025718187680467963,
    0.0002821712114382535
  ],
  "pi": [
    0.9990000128746033,
    1.4540843267241144e-06,
    4.987011379853357e-06,
    7.490062671422493e-06,
    1.4679528248962015e-05,
    7.045552774798125e-05,
    2.1767471480416134e-05,
    6.867689808132127e-05,
    9.540255996398628e-05,
    0.00015399744734168053,
    1.5016003999335226e-05,
    0.00046767242019996047,
    1.8197249573859153e-06,
    5.844717816216871e-05,
    1.3055682757112663e-05,
    4.482571966946125e-06,
    5.95852554852172e-07
  ],
  "J": 17
}