{
  "mu": [
    0.0,
    -0.8227646946907043,
    -0.5753663182258606,
    -0.682404637336731,
    -0.46982714533805847,
    -0.31931737065315247,
    -0.47287625074386597,
    -0.07703253626823425,
    -0.16188861429691315,
    0.2689487934112549,
    0.18195097148418427,
    0.2717198133468628,
    0.3799435794353485,
    0.17251652479171753,
    0.07927661389112473,
    0.5448585152626038,
    0.7259490489959717
  ],
  "sigma2": [
    9.351238077215385e-06,
    0.0015960184391587973,
    0.0015202867798507214,
    0.00155016896314919,
    0.0013783262111246586,
    0.0007750294753350317,
    0.0015663282247260213,
    0.0004750441003125161,
    0.0007794140838086605,
    0.001571847009472549,
    0.0015731254825368524,
    0.001228276640176773,
    0.0011618193238973618,
    0.0008813907625153661,
    0.00041560540557838976,
    0.0013693487271666527,
    0.001553840353153646
  ],
  "pi": [
    0.9990000128746033,
    1.1097048400188214e-06,
    7.866819942137226e-06,
    2.3814195628801826e-06,
    2.275252882100176e-05,
    0.00011397965135984123,
    8.146753884830105e-07,
    0.0002068219328066334,
    0.0001055232496582903,
    2.9365006071202515e-07,
    2.6592486435106366e-08,
    7.194895442808047e-05,
    3.550453038769774e-05,
    0.00015158425958361477,
    0.00027298633358441293,
    6.0691245380439796e-06,
    3.3663548038020963e-07
  ],
  "J": 17
}