{
  "mu": [
    0.0,
    -0.5062238574028015,
    -0.08407235890626907,
    -0.33998000621795654,
    -0.19901782274246216,
    -0.1455036699771881,
    0.14235427975654602,
    0.231641486287117,
    0.3772869408130646,
    0.14173118770122528,
    0.3196864426136017,
    0.23166409134864807,
    0.16208148002624512,
    0.14150817692279816,
    0.14225246012210846,
    0.07169456034898758,
    0.47975319623947144
  ],
  "sigma2": [
    1.1864792213600595e-05,
    0.0015802511479705572,
    0.000854299811180681,
    0.0016347529599443078,
    0.0017334241420030594,
    0.0012964998604729772,
    0.0012961815809831023,
    0.0012761792168021202,
    0.0012961061438545585,
    0.0012272591702640057,
    0.0012927150819450617,
    0.0012946478091180325,
    0.001296529546380043,
    0.0012965005589649081,
    0.0012963057961314917,
    0.0005986536270938814,
    0.0012962204637005925
  ],
  "pi": [
    0.9990000128746033,
    3.7623287880705902e-06,
    0.0002599151339381933,
    2.9880155125283636e-05,
    0.00018129641830455512,
    1.4266500869553056e-08,
    6.933909730832966e-07,
    4.3130319681949914e-05,
    1.8277996787219308e-06,
    0.00013990270963404328,
    9.502646207693033e-06,
    4.295688086131122e-06,
    9.862278993466589e-09,
    5.011106551933153e-08,
    4.430409887845599e-07,
    0.00032467080745846033,
    6.05356433425186e-07
  ],
  "J": 17
}