{
  "top1_error_pre[%]": 90.49000000000001,
  "top1_error_post[%]": 0.7000000000000006,
  "Delta[%]": -89.79,
  "|W|": 430500,
  "|W_nonzero|/|W|[%]": 5.084088269454123,
  "CR": 48.979765980821945,
  "acc_pretrain": 0.0951,
  "acc_retrain": 0.9922,
  "acc_quantized": 0.993
}