{
  "mu": [
    0.0,
    -0.9694172739982605,
    -0.7553845047950745,
    -0.7559380531311035,
    -0.5901057720184326,
    -0.06182168424129486,
    -0.41478243470191956,
    -0.25464069843292236,
    -0.25327855348587036,
    -0.14746171236038208,
    -0.2531690001487732,
    0.25863903760910034,
    0.16024035215377808,
    0.3828797936439514,
    0.07120390981435776,
    0.5538249611854553,
    0.6833996772766113
  ],
  "sigma2": [
    9.869428140518721e-06,
    0.001533075119368732,
    0.0013691717758774757,
    0.0015705905389040709,
    0.0009989452082663774,
    6.489313091151416e-05,
    0.00039480760460719466,
    0.0010276420507580042,
    0.001572233042679727,
    0.0006246692501008511,
    0.001572860637679696,
    0.0010522973025217652,
    0.0006539613241329789,
    0.0008951908093877137,
    0.00010804329940583557,
    0.0013503347290679812,
    0.0015460130525752902
  ],
  "pi": [
    0.9990000128746033,
    4.72716180865973e-07,
    4.487708338274388e-06,
    4.4900303919348517e-08,
    1.3618098819279112e-05,
    0.0002905957226175815,
    6.91311142873019e-05,
    5.793812670162879e-05,
    7.418370984169087e-08,
    8.819161303108558e-05,
    2.2048629588766744e-08,
    6.564757495652884e-05,
    0.00012140565377194434,
    3.856333569274284e-05,
    0.00024397845845669508,
    5.318422608979745e-06,
    5.104302545078099e-07
  ],
  "J": 17
}