{
  "top1_error_pre[%]": 2.0499999999999963,
  "top1_error_post[%]": 1.749999999999996,
  "Delta[%]": -0.30000000000000027,
  "|W|": 266200,
  "|W_nonzero|/|W|[%]": 12.577385424492862,
  "CR": 36.67724421213074,
  "acc_pretrain": 0.9795,
  "acc_retrain": 0.9842,
  "acc_quantized": 0.9825
}