{
  "top1_error_pre[%]": 2.0499999999999963,
  "top1_error_post[%]": 4.510000000000003,
  "Delta[%]": 2.4600000000000066,
  "|W|": 266200,
  "|W_nonzero|/|W|[%]": 7.291510142749813,
  "CR": 36.39393149649023,
  "acc_pretrain": 0.9795,
  "acc_retrain": 0.9832,
  "acc_quantized": 0.9549
}