{
  "mu": [
    0.0,
    -0.5843007564544678,
    -0.022389909252524376,
    -0.0542750246822834,
    -0.0956154391169548,
    -0.09523922204971313,
    -0.09483353793621063,
    -0.09438347816467285,
    -0.09387409687042236,
    -0.0932845026254654,
    -0.09257324784994125,
    -0.09166494011878967,
    -0.0904000923037529,
    -0.0883839800953865,
    -0.07992222160100937,
    -0.09565470367670059,
    -0.14277799427509308,
    -0.1548198014497757,
    -0.1579003781080246,
    -0.17112530767917633,
    -0.18367314338684082,
    -0.17993874847888947,
    -0.4164436459541321,
    -0.19114463031291962,
    -0.22350285947322845,
    -0.12346841394901276,
    -0.09139756858348846,
    -0.09135199338197708,
    -0.13436052203178406,
    -0.1617189198732376,
    -0.275725781917572,
    -0.3369101881980896,
    -0.17242279648780823,
    -0.1843494176864624,
    -0.17643699049949646,
    -0.1585722714662552,
    -0.15520361065864563,
    -0.1455649733543396,
    -0.10794448852539062,
    -0.017545079812407494,
    -0.08796217292547226,
    -0.09014610201120377,
    -0.09149596095085144,
    -0.09244875609874725,
    -0.09318633377552032,
    -0.0937938317656517,
    -0.09431716799736023,
    -0.09477917104959488,
    -0.09519679099321365,
    -0.09558866173028946,
    0.02102435566484928,
    0.04903961345553398,
    0.07998717576265335,
    0.12520790100097656,
    0.1967524141073227,
    0.2445090115070343,
    0.3811190128326416,
    0.782074511051178,
    0.5178051590919495,
    0.08892527222633362,
    0.08879683166742325,
    0.12496639043092728,
    0.1603197157382965,
    0.3033020496368408
  ],
  "sigma2": [
    5.303925718180835e-06,
    0.002057719975709915,
    8.937461825553328e-05,
    0.0002987914776895195,
    0.0004016017192043364,
    0.00040160131175071,
    0.00040160055505111814,
    0.00040160035132430494,
    0.0004016009042970836,
    0.0004016015154775232,
    0.0004016022721771151,
    0.0004016034072265029,
    0.00040160477510653436,
    0.00040160704520531,
    0.00040160954813472927,
    0.0004017254104837775,
    0.0004016595194116235,
    0.00040157680632546544,
    0.0004015513404738158,
    0.00040165436803363264,
    0.00040175800677388906,
    0.0004021368804387748,
    0.0005130331846885383,
    0.00039715366438031197,
    0.00044287191121838987,
    0.0004001764173153788,
    0.00038605142617598176,
    0.00038540121749974787,
    0.0004042239743284881,
    0.000397019786760211,
    0.0004530076403170824,
    0.00047797587467357516,
    0.000402133067836985,
    0.00040177255868911743,
    0.0004017096944153309,
    0.00040154464659281075,
    0.0004015735466964543,
    0.0004016463062725961,
    0.0004031346761621535,
    5.201386011322029e-05,
    0.0004016074526589364,
    0.00040160512435249984,
    0.0004016034072265029,
    0.0004016024759039283,
    0.0004016015154775232,
    0.0004016009042970836,
    0.00040160035132430494,
    0.00040160035132430494,
    0.00040160131175071,
    0.0004016015154775232,
    7.446357631124556e-05,
    0.0002495975058991462,
    0.00040063943015411496,
    0.0003992761776316911,
    0.00042968688649125397,
    0.0004327493952587247,
    0.0004968788125552237,
    0.0026788399554789066,
    0.0006162454374134541,
    0.0004024194786325097,
    0.0004024636000394821,
    0.0003973260463681072,
    0.00038912970921956003,
    0.000455328292446211
  ],
  "pi": [
    0.9900000095367432,
    5.142973350302782e-06,
    0.0008286288357339799,
    0.0012941665481776,
    3.0584621413254354e-07,
    2.931669200734177e-07,
    2.787266737414029e-07,
    2.6231637662021967e-07,
    2.4362358885809954e-07,
    2.2225974305456475e-07,
    1.978122128321047e-07,
    1.6967750582352892e-07,
    1.3703920842544903e-07,
    9.834857195301083e-08,
    5.999258689826092e-08,
    1.526321648270823e-05,
    6.083833795855753e-06,
    4.265385086910101e-06,
    4.5197757572168484e-06,
    7.428591288771713e-06,
    1.7187248886330053e-05,
    4.605021240422502e-05,
    1.2346603398327716e-05,
    0.00019564533431548625,
    0.0002341790241189301,
    0.0004429002001415938,
    0.000598931685090065,
    0.0006212372099980712,
    0.0004680645652115345,
    0.0003271376190241426,
    9.198350744554773e-05,
    3.29976792272646e-05,
    5.334320303518325e-05,
    2.0004657926619984e-05,
    8.296447958855424e-06,
    4.744981197291054e-06,
    4.170495230937377e-06,
    5.595271886704722e-06,
    1.2270193110452965e-05,
    7.36092624720186e-05,
    9.13891824438906e-08,
    1.3124372344464064e-07,
    1.647044456376534e-07,
    1.9348325963619573e-07,
    2.1846651065970946e-07,
    2.402875054485776e-07,
    2.593854446786281e-07,
    2.761620407909504e-07,
    2.9096372600179166e-07,
    3.0402111406147014e-07,
    0.000822305039037019,
    0.000980891170911491,
    0.00041569035965949297,
    0.00030615704599767923,
    0.00026300683384761214,
    0.00013789137301500887,
    1.9601320673245937e-05,
    4.712160716735525e-06,
    6.2055419220996555e-06,
    0.00038958515506237745,
    0.00038118299562484026,
    0.00038337806472554803,
    0.0003960362228099257,
    5.272290582070127e-05
  ],
  "J": 64
}