{
  "mu": [
    0.0,
    -0.39987966418266296,
    -0.0440233014523983,
    -0.07168262451887131,
    -0.09745551645755768,
    -0.09663461893796921,
    -0.09584568440914154,
    -0.09504897147417068,
    -0.09421912580728531,
    -0.09332802891731262,
    -0.09232345968484879,
    -0.0911170169711113,
    -0.08952740579843521,
    -0.08711300790309906,
    -0.07716172933578491,
    -0.0986933708190918,
    -0.1440950483083725,
    -0.15281111001968384,
    -0.15404188632965088,
    -0.15603329241275787,
    -0.15960071980953217,
    -0.19566985964775085,
    -0.29791632294654846,
    -0.16201946139335632,
    -0.163271963596344,
    -0.11972375214099884,
    -0.09774176776409149,
    -0.09359429031610489,
    -0.11973799765110016,
    -0.13670402765274048,
    -0.20007555186748505,
    -0.2433629184961319,
    -0.196043461561203,
    -0.16025783121585846,
    -0.15647011995315552,
    -0.15422654151916504,
    -0.15301348268985748,
    -0.14654351770877838,
    -0.11166863888502121,
    -6.3946172303985804e-06,
    -0.08661717921495438,
    -0.08921687304973602,
    -0.09089936316013336,
    -0.09215356409549713,
    -0.0931854322552681,
    -0.09409429877996445,
    -0.09493755549192429,
    -0.09574686735868454,
    -0.0965510755777359,
    -0.09740228950977325,
    0.043030280619859695,
    0.06810230761766434,
    0.0748041421175003,
    0.11230739206075668,
    0.1559702754020691,
    0.18920031189918518,
    0.32207927107810974,
    0.7384317517280579,
    0.47449371218681335,
    0.07768334448337555,
    0.09580794721841812,
    0.11233457177877426,
    0.13860975205898285,
    0.23688119649887085
  ],
  "sigma2": [
    5.027245788369328e-05,
    0.004647004883736372,
    0.00010993098112521693,
    0.0002523008733987808,
    0.0004017353930976242,
    0.00040171967702917755,
    0.00040170454303734004,
    0.00040169229032471776,
    0.0004016846069134772,
    0.0004016813763882965,
    0.0004016825114376843,
    0.0004016890306957066,
    0.0004017047176603228,
    0.0004017240717075765,
    0.00040176871698349714,
    0.0004052829754073173,
    0.0004392086702864617,
    0.00041736458661034703,
    0.00041238198173232377,
    0.00041089748265221715,
    0.0004104181134607643,
    0.00041013266309164464,
    0.0005132830119691789,
    0.0004104785912204534,
    0.00040911915129981935,
    0.00040857656858861446,
    0.00040839737630449235,
    0.00040125695522874594,
    0.0004084949323441833,
    0.00041041240910999477,
    0.00041019704076461494,
    0.00040399565477855504,
    0.0004102533566765487,
    0.0004103879618924111,
    0.00041077384958043694,
    0.00041201600106433034,
    0.00041605791193433106,
    0.00043310175533406436,
    0.00044625072041526437,
    2.314107223355677e-05,
    0.000401726778363809,
    0.00040170762804336846,
    0.0004016903694719076,
    0.00040168288978748024,
    0.0004016811726614833,
    0.0004016836464870721,
    0.00040169074782170355,
    0.00040170224383473396,
    0.00040171717409975827,
    0.00040173230809159577,
    0.00010373305121902376,
    0.00025908678071573377,
    0.000336029683239758,
    0.0003921235620509833,
    0.000391078443499282,
    0.0004128510190639645,
    0.0006947087240405381,
    0.0027842780109494925,
    0.0006578050670213997,
    0.0003629795683082193,
    0.0004034981830045581,
    0.00039098577690310776,
    0.0004106575215701014,
    0.0006129397079348564
  ],
  "pi": [
    0.9900000095367432,
    2.8947220926056616e-05,
    0.0011522243730723858,
    0.0012422929285094142,
    4.816968157683732e-07,
    4.6178925572348817e-07,
    4.391040704376792e-07,
    4.1331051647830463e-07,
    3.839072348910122e-07,
    3.502963465962239e-07,
    3.1179783377410786e-07,
    2.675086534509319e-07,
    2.1610397027416184e-07,
    1.5514700635321788e-07,
    9.477130191726246e-08,
    2.400907214905601e-05,
    9.449531717109494e-06,
    6.554491392307682e-06,
    6.826804565207567e-06,
    1.0696836397983134e-05,
    2.2223986889002845e-05,
    5.0602135161170736e-05,
    4.626388908945955e-05,
    0.00017080179532058537,
    0.00025766927865333855,
    0.00036254076985642314,
    0.0004649775510188192,
    0.00048142593004740775,
    0.0003796880191657692,
    0.00027281409711577,
    0.00018200180784333497,
    0.00011762151552829891,
    5.712162237614393e-05,
    2.527371543692425e-05,
    1.1801404070865829e-05,
    7.133503459044732e-06,
    6.397795459633926e-06,
    8.674065611558035e-06,
    1.9273918951512314e-05,
    0.0001856962771853432,
    1.441761128262442e-07,
    2.0697565616956126e-07,
    2.596784156594367e-07,
    3.0498313208227046e-07,
    3.4432292750352644e-07,
    3.7865987678742385e-07,
    4.086982698936481e-07,
    4.350740709924139e-07,
    4.583266672852915e-07,
    4.788282694789814e-07,
    0.0009285591077059507,
    0.000611795752774924,
    0.00037961892667226493,
    0.0002856397768482566,
    0.00027364070410840213,
    0.00025096183526329696,
    4.4165186409372836e-05,
    5.5708869695081376e-06,
    7.885224476922303e-06,
    0.0003613060980569571,
    0.00035459481296129525,
    0.0003557097224984318,
    0.00035955404746346176,
    0.00016299818526022136
  ],
  "J": 64
}