{
  "mu": [
    0.0,
    -0.4088979661464691,
    -0.18310995399951935,
    -0.1829664409160614,
    -0.00045996715198270977,
    -0.0004303310706745833,
    -0.0004056345496792346,
    -0.0003867940977215767,
    -0.0003751398762688041,
    -0.0003722090332303196,
    -0.000379997247364372,
    -0.00040129863191396,
    -0.0004398890014272183,
    -0.0005002699326723814,
    -0.0006663742242380977,
    -6.645729445153847e-05,
    -0.000647550739813596,
    -0.0018758299993351102,
    -0.003215909469872713,
    -0.004934609401971102,
    -0.007642969489097595,
    -0.012910658493638039,
    -0.031434156000614166,
    -0.1760609894990921,
    -0.2096693217754364,
    -0.21449562907218933,
    -0.22051259875297546,
    -0.2224951684474945,
    -0.21507686376571655,
    -0.2108382284641266,
    -0.18892629444599152,
    -0.04119301587343216,
    -0.014268962666392326,
    -0.008229783736169338,
    -0.00527123361825943,
    -0.003448204370215535,
    -0.0020780451595783234,
    -0.0008209770894609392,
    -9.881635196506977e-05,
    1.8905577235273086e-05,
    -0.0005092483479529619,
    -0.00044732188689522445,
    -0.00040567098767496645,
    -0.00038195791421458125,
    -0.0003722416877280921,
    -0.00037365153548307717,
    -0.0003840862773358822,
    -0.00040195207111537457,
    -0.00042595871491357684,
    -0.0004553670878522098,
    0.19336767494678497,
    0.1943584680557251,
    0.1955648511648178,
    0.19687139987945557,
    0.19786345958709717,
    0.19919706881046295,
    0.3339712619781494,
    0.7832727432250977,
    0.5505634546279907,
    0.19837982952594757,
    0.1985158920288086,
    0.1986250877380371,
    0.19870273768901825,
    0.19875670969486237
  ],
  "sigma2": [
    0.001544508384540677,
    0.002487720688804984,
    0.0010231671622022986,
    0.0010109551949426532,
    0.0012524592457339168,
    0.0012241766089573503,
    0.0011989561608061194,
    0.0011783523950725794,
    0.0011644632322713733,
    0.0011594683164730668,
    0.0011654653353616595,
    0.0011842144886031747,
    0.0012165135703980923,
    0.0012607526732608676,
    0.0013434926513582468,
    0.0005233639385551214,
    0.001410710858181119,
    0.0018392259953543544,
    0.002029422204941511,
    0.002151970751583576,
    0.002247735159471631,
    0.0023255962878465652,
    0.0023883688263595104,
    0.0024379556998610497,
    0.002435714239254594,
    0.002437142189592123,
    0.0024525891058146954,
    0.002456597751006484,
    0.0024383917916566133,
    0.002435513539239764,
    0.0024375072680413723,
    0.0023974536452442408,
    0.002336324192583561,
    0.002261025132611394,
    0.0021682893857359886,
    0.0020512992050498724,
    0.0018777502700686455,
    0.0015086736530065536,
    0.0006707058637402952,
    8.033340418478474e-05,
    0.0012679233914241195,
    0.0012223515659570694,
    0.0011879585217684507,
    0.0011671064421534538,
    0.0011591907823458314,
    0.001162618980742991,
    0.001175322220660746,
    0.0011951107298955321,
    0.0012199182529002428,
    0.0012483136961236596,
    0.0012136779259890318,
    0.0012438015546649694,
    0.0012761263642460108,
    0.0013071090215817094,
    0.0013303591404110193,
    0.0013569960137829185,
    0.0014740641927346587,
    0.0016273712972179055,
    0.0015325204003602266,
    0.0013465237570926547,
    0.0013495699968189,
    0.0013519054045900702,
    0.0013535238103941083,
    0.0013546484988182783
  ],
  "pi": [
    0.9900000095367432,
    1.1981614079559222e-05,
    5.1369475841056556e-05,
    4.803906995221041e-05,
    2.903651875385549e-06,
    2.9028872177150333e-06,
    2.856413630070165e-06,
    2.7752059850172373e-06,
    2.656948254298186e-06,
    2.495227136023459e-06,
    2.2819251626060577e-06,
    2.0079698970221216e-06,
    1.6624331919956603e-06,
    1.2256939498911379e-06,
    8.327991736223339e-07,
    0.00020741912885569036,
    3.37222263624426e-05,
    1.6341144146281295e-05,
    1.1880115380336065e-05,
    1.009975494525861e-05,
    9.189514457830228e-06,
    8.642704415251501e-06,
    8.280289875983726e-06,
    8.51018830871908e-06,
    1.0354237019782886e-05,
    1.271562541660387e-05,
    1.5265379261109047e-05,
    1.5706538761151023e-05,
    1.3113558452459984e-05,
    1.0708329682529438e-05,
    8.749771041038912e-06,
    8.235132554545999e-06,
    8.57504528539721e-06,
    9.08444962988142e-06,
    9.915951522998512e-06,
    1.1493883903312963e-05,
    1.5263669411069714e-05,
    2.866751492547337e-05,
    0.00013729542843066156,
    0.009043736383318901,
    1.1439267382229446e-06,
    1.5985451682354324e-06,
    1.956720780071919e-06,
    2.2410047222365392e-06,
    2.46306581175304e-06,
    2.6320012693759054e-06,
    2.7560786293179262e-06,
    2.841746891135699e-06,
    2.8910019409522647e-06,
    2.8891777219541837e-06,
    1.3988689715915825e-05,
    1.412233632436255e-05,
    1.3299549209477846e-05,
    1.2130290997447446e-05,
    1.154982965090312e-05,
    1.0787933206302114e-05,
    9.80545246420661e-06,
    3.948030098399613e-06,
    5.550911737373099e-06,
    1.4478838238574099e-05,
    1.4491416550299618e-05,
    1.4492549780698027e-05,
    1.449245337425964e-05,
    1.449172032153001e-05
  ],
  "J": 64
}