{
  "mu": [
    0.0,
    -0.26189252734184265,
    -0.1046227365732193,
    -0.10569105297327042,
    -0.0003709744196385145,
    -0.00035119405947625637,
    -0.0003341528936289251,
    -0.00032082991674542427,
    -0.00031216134084388614,
    -0.00030903867445886135,
    -0.0003124541835859418,
    -0.0003234913165215403,
    -0.0003429744392633438,
    -0.00036979260039515793,
    -0.00044008420081809163,
    -0.00013554879114963114,
    -0.09515783190727234,
    -0.14810262620449066,
    -0.1498204618692398,
    -0.15027204155921936,
    -0.15039978921413422,
    -0.15080682933330536,
    -0.21664384007453918,
    -0.14977672696113586,
    -0.14716899394989014,
    -0.1445501446723938,
    -0.14288859069347382,
    -0.14273269474506378,
    -0.1442088633775711,
    -0.14672909677028656,
    -0.14936043322086334,
    -0.2167206108570099,
    -0.15092524886131287,
    -0.15043798089027405,
    -0.15029975771903992,
    -0.14993873238563538,
    -0.14853303134441376,
    -0.13439102470874786,
    -0.00032452502637170255,
    -1.4579895832866896e-06,
    -0.00037385409814305604,
    -0.00034645150299184024,
    -0.000325671280734241,
    -0.00031337246764451265,
    -0.0003088260709773749,
    -0.00031100327032618225,
    -0.00031889628735370934,
    -0.00033158608130179346,
    -0.00034816216793842614,
    -0.00036768169957213104,
    0.10769479721784592,
    0.10861023515462875,
    0.11097268760204315,
    0.11504486948251724,
    0.16260963678359985,
    0.16289055347442627,
    0.2582665979862213,
    0.6955267786979675,
    0.4180266261100769,
    0.11578887701034546,
    0.11655387282371521,
    0.11735979467630386,
    0.11817384511232376,
    0.1901184767484665
  ],
  "sigma2": [
    0.0005520714912563562,
    0.005913654342293739,
    0.00024365542049054056,
    0.00025187223218381405,
    0.0005664483178406954,
    0.0005594708491116762,
    0.0005531674833036959,
    0.0005481436965055764,
    0.0005450012977235019,
    0.000544305017683655,
    0.0005465794820338488,
    0.0005522318533621728,
    0.0005613467656075954,
    0.0005730616976507008,
    0.0005987877957522869,
    0.0004318034334573895,
    0.0009371361811645329,
    0.000985642895102501,
    0.0009833258809521794,
    0.0009876942494884133,
    0.0009956430876627564,
    0.0010038238251581788,
    0.0010169587330892682,
    0.0009880780708044767,
    0.0009530979441478848,
    0.0009134468855336308,
    0.0008838676149025559,
    0.0008808824350126088,
    0.0009076839196495712,
    0.0009468702482990921,
    0.0009825762826949358,
    0.0010146241402253509,
    0.0010054631857201457,
    0.0009968691738322377,
    0.000988790299743414,
    0.0009834101656451821,
    0.0009850871283560991,
    0.0009571933187544346,
    0.0005462323897518218,
    2.3120666810427792e-05,
    0.0005747948889620602,
    0.0005629268707707524,
    0.0005533061921596527,
    0.0005471077747642994,
    0.0005443174741230905,
    0.0005445824936032295,
    0.0005473888595588505,
    0.0005521660204976797,
    0.0005583155434578657,
    0.000565219612326473,
    0.0003680490772239864,
    0.0003827254113275558,
    0.0004169731109868735,
    0.00046278967056423426,
    0.0005229139351285994,
    0.0005380070069804788,
    0.0009839304257184267,
    0.0022858104202896357,
    0.0010099264327436686,
    0.00046947787632234395,
    0.0004757597635034472,
    0.00048172398237511516,
    0.00048704995424486697,
    0.0005585624021477997
  ],
  "pi": [
    0.9900000095367432,
    0.0001207520326715894,
    0.0007154966006055474,
    0.0006648164126090705,
    2.455152753100265e-06,
    2.3996394702407997e-06,
    2.321063902854803e-06,
    2.220250053142081e-06,
    2.0945883534295717e-06,
    1.9404208160267444e-06,
    1.7534878224978456e-06,
    1.5286772168110474e-06,
    1.2585209105964168e-06,
    9.278538186663354e-07,
    6.27654458185134e-07,
    0.0001227995235240087,
    2.365966429351829e-05,
    1.530476401967462e-05,
    1.4518292118737008e-05,
    1.8276965420227498e-05,
    2.6310272005503066e-05,
    3.916674177162349e-05,
    5.6541564845247194e-05,
    7.863013888709247e-05,
    0.0001063613744918257,
    0.0001397190208081156,
    0.00017322355415672064,
    0.00017862717504613101,
    0.00014517824456561357,
    0.00011147671466460451,
    8.262535993708298e-05,
    5.974904343020171e-05,
    4.161060132901184e-05,
    2.799636422423646e-05,
    1.9217366570956074e-05,
    1.4812512745265849e-05,
    1.4795859897276387e-05,
    2.1335612473194487e-05,
    8.473385241813958e-05,
    0.004688245244324207,
    8.668002919876017e-07,
    1.2096602404199075e-06,
    1.487998474658525e-06,
    1.7192788845932228e-06,
    1.9117194369755452e-06,
    2.0706002032966353e-06,
    2.2003191588737536e-06,
    2.3046111436997307e-06,
    2.3861107365519274e-06,
    2.4432897589576896e-06,
    0.00019763385353144258,
    0.0001976480707526207,
    0.0001809332170523703,
    0.00015957387222442776,
    0.00014931750774849206,
    0.00015551508113276213,
    0.00010749030479928479,
    7.715075298619922e-06,
    1.3220952496340033e-05,
    0.000195444721612148,
    0.00019534019520506263,
    0.00019510206766426563,
    0.0001948974677361548,
    0.00020605747704394162
  ],
  "J": 64
}