{
  "mu": [
    0.0,
    -0.5741967558860779,
    -0.4413604736328125,
    -0.30274760723114014,
    -0.1613444685935974,
    -0.09999191015958786,
    -0.07372748851776123,
    -0.058289576321840286,
    -0.04723008722066879,
    -0.038564205169677734,
    -0.031657423824071884,
    -0.02638421393930912,
    -0.023055607452988625,
    -0.023825952783226967,
    -0.012002894654870033,
    -0.0004780072486028075,
    -0.0005085348966531456,
    -0.000533070822712034,
    -0.0005515236989594996,
    -0.000565303023904562,
    -0.0005758653278462589,
    -0.0005841351230628788,
    -0.0005905816215090454,
    -0.000595345045439899,
    -0.0005975612439215183,
    -0.0005971521604806185,
    -0.0005991697544232011,
    -0.0005998954293318093,
    -0.000597899779677391,
    -0.0005975301610305905,
    -0.0005959176924079657,
    -0.0005914505454711616,
    -0.0005852692411281168,
    -0.0005773106822744012,
    -0.0005671554245054722,
    -0.0005539716221392155,
    -0.0005363676464185119,
    -0.0005128519260324538,
    -0.0004831590340472758,
    -0.00045686750672757626,
    0.02400568313896656,
    0.021756291389465332,
    0.02466423623263836,
    0.029663970693945885,
    0.03632839024066925,
    0.044756509363651276,
    0.055563196539878845,
    0.07075047492980957,
    0.09718970209360123,
    0.16374310851097107,
    0.3235035836696625,
    0.45773184299468994,
    0.5410884618759155,
    0.5944443941116333,
    0.6305771470069885,
    0.6543096303939819,
    0.6665056347846985,
    0.6674966812133789,
    0.6609235405921936,
    0.6529868245124817,
    0.6470834016799927,
    0.6434125900268555,
    0.641391932964325,
    0.6405736207962036
  ],
  "sigma2": [
    0.013231155462563038,
    0.012577774003148079,
    0.012455453164875507,
    0.012388586066663265,
    0.01235632598400116,
    0.01210811547935009,
    0.011772978119552135,
    0.01143175084143877,
    0.011119484901428223,
    0.010865838266909122,
    0.010699084028601646,
    0.010646223090589046,
    0.010735291056334972,
    0.01102687232196331,
    0.010799942538142204,
    0.006164200138300657,
    0.007180456537753344,
    0.008229851722717285,
    0.009207397699356079,
    0.010068756528198719,
    0.010808438062667847,
    0.011427684687077999,
    0.011924983933568,
    0.012298748828470707,
    0.012550282292068005,
    0.01268891803920269,
    0.012736904434859753,
    0.012738781049847603,
    0.012701703235507011,
    0.012579466216266155,
    0.012346714735031128,
    0.011992374435067177,
    0.011514567770063877,
    0.010914495214819908,
    0.010193687863647938,
    0.009351733140647411,
    0.008391142822802067,
    0.007347537204623222,
    0.006318464409559965,
    0.005581270903348923,
    0.011105967685580254,
    0.010765108279883862,
    0.01064981333911419,
    0.010682715103030205,
    0.010833995416760445,
    0.011077708564698696,
    0.011385700665414333,
    0.011729025281965733,
    0.012073528952896595,
    0.012329788878560066,
    0.012344436720013618,
    0.012405048124492168,
    0.012516521848738194,
    0.01263940054923296,
    0.012754456140100956,
    0.012853112071752548,
    0.012933065183460712,
    0.012995203956961632,
    0.013041785918176174,
    0.013076197355985641,
    0.013101392425596714,
    0.013119660317897797,
    0.013132678344845772,
    0.013141831383109093
  ],
  "pi": [
    0.9900000095367432,
    2.2890944819664583e-05,
    2.262570160382893e-05,
    2.2548565539182164e-05,
    2.3064265405992046e-05,
    2.3982203856576234e-05,
    2.4822942577884533e-05,
    2.5570252546458505e-05,
    2.6253888790961355e-05,
    2.6866480766329914e-05,
    2.7334252081345767e-05,
    2.74473841272993e-05,
    2.6637409973773174e-05,
    2.3058657461660914e-05,
    3.0650066037196666e-05,
    0.00098895700648427,
    0.0006586185772903264,
    0.00045074496301822364,
    0.0003326358855701983,
    0.00026685124612413347,
    0.00022805665503256023,
    0.00020360162307042629,
    0.00018752219330053777,
    0.0001768927031662315,
    0.00017020988161675632,
    0.0001665950840106234,
    0.00016532115114387125,
    0.0001652697828831151,
    0.00016625718853902072,
    0.0001694455131655559,
    0.00017559037951286882,
    0.00018551546963863075,
    0.00020057977235410362,
    0.00022340619761962444,
    0.0002593084645923227,
    0.00031949704862199724,
    0.0004269294731784612,
    0.0006179791525937617,
    0.0009264672989957035,
    0.001236883457750082,
    2.180956471420359e-05,
    2.627413414302282e-05,
    2.7349426090950146e-05,
    2.7334142941981554e-05,
    2.690378823899664e-05,
    2.6302654077881016e-05,
    2.561720430094283e-05,
    2.485658296791371e-05,
    2.398140713921748e-05,
    2.299305378983263e-05,
    2.2501521016238257e-05,
    2.265108923893422e-05,
    2.2863845515530556e-05,
    2.3019163563731126e-05,
    2.312123979208991e-05,
    2.3187305487226695e-05,
    2.3230822989717126e-05,
    2.3260539819602855e-05,
    2.328181108168792e-05,
    2.3297152438317426e-05,
    2.330840470676776e-05,
    2.331646282982547e-05,
    2.3322345441556536e-05,
    2.33266873692628e-05
  ],
  "J": 64
}