{
  "mu": [
    0.0,
    -0.5091679096221924,
    -0.34946951270103455,
    -0.3510436713695526,
    -0.0006151256384328008,
    -0.0005948767648078501,
    -0.000578025879804045,
    -0.0005641172174364328,
    -0.0005540944403037429,
    -0.0005493760108947754,
    -0.0005517973331734538,
    -0.0005641258903779089,
    -0.0005942365387454629,
    -0.0007046653190627694,
    -0.0010614675702527165,
    -0.0001182738778879866,
    -0.0003302404657006264,
    -0.0005256885197013617,
    -0.0006538553861901164,
    -0.0007460798951797187,
    -0.0008224055636674166,
    -0.0008901834371499717,
    -0.0009505451889708638,
    -0.0010021940106526017,
    -0.0010445655789226294,
    -0.001076878746971488,
    -0.0010937390616163611,
    -0.0010937618790194392,
    -0.0010804753983393312,
    -0.0010505178943276405,
    -0.0010095027973875403,
    -0.0009593145805411041,
    -0.0009002277511171997,
    -0.0008335917955264449,
    -0.0007588675944134593,
    -0.0006700761732645333,
    -0.0005496407975442708,
    -0.0003668334102258086,
    -0.00014127849135547876,
    -7.133698090910912e-05,
    -0.0004527533601503819,
    -0.0005508165340870619,
    -0.0005480142426677048,
    -0.0005421836394816637,
    -0.0005416674539446831,
    -0.0005470822798088193,
    -0.0005576006951741874,
    -0.0005721047054976225,
    -0.0005896673537790775,
    -0.0006104756612330675,
    0.3460804522037506,
    0.349921852350235,
    0.458974152803421,
    0.5346851944923401,
    0.5471745729446411,
    0.5551142692565918,
    0.6791824102401733,
    0.8426367044448853,
    0.6913424730300903,
    0.33182021975517273,
    0.3315942883491516,
    0.3314848244190216,
    0.33142468333244324,
    0.33140721917152405
  ],
  "sigma2": [
    0.00429427158087492,
    0.004098204895853996,
    0.003792671486735344,
    0.0037374324165284634,
    0.003584114834666252,
    0.0034737272653728724,
    0.0033787612337619066,
    0.003298879601061344,
    0.0032394868321716785,
    0.0032074085902422667,
    0.003209985326975584,
    0.003254408948123455,
    0.003347446909174323,
    0.003496857825666666,
    0.0036787029821425676,
    0.0009330215980298817,
    0.0021333941258490086,
    0.0031887872610241175,
    0.00386273511685431,
    0.004334302619099617,
    0.004694071598351002,
    0.004976335447281599,
    0.005193621851503849,
    0.005351567640900612,
    0.005454687867313623,
    0.0055099776946008205,
    0.005528610199689865,
    0.005529274698346853,
    0.005514924414455891,
    0.005466436501592398,
    0.0053713759407401085,
    0.005222339183092117,
    0.005014765076339245,
    0.0047432975843548775,
    0.0043971240520477295,
    0.003947255667299032,
    0.003315317677333951,
    0.0023311995901167393,
    0.0010736313415691257,
    0.0006132932030595839,
    0.0035258287098258734,
    0.0033660943154245615,
    0.0032646844629198313,
    0.0032130680046975613,
    0.0032043803948909044,
    0.003231686307117343,
    0.003287673695012927,
    0.003365484531968832,
    0.003460032632574439,
    0.0035733727272599936,
    0.0037742715794593096,
    0.0038633281365036964,
    0.003942979499697685,
    0.003999198786914349,
    0.0040486715734004974,
    0.004089346621185541,
    0.004121517762541771,
    0.004160815849900246,
    0.004162708763033152,
    0.004152817651629448,
    0.00416002981364727,
    0.004166148137301207,
    0.004170544445514679,
    0.004173705819994211
  ],
  "pi": [
    0.9900000095367432,
    7.744368303974625e-06,
    8.819280992611311e-06,
    8.488572348142043e-06,
    8.592701306042727e-06,
    8.96190704224864e-06,
    9.134499123319983e-06,
    9.19566082302481e-06,
    9.146271622739732e-06,
    8.951810741564259e-06,
    8.549444828531705e-06,
    7.849710527807474e-06,
    6.7390260483080056e-06,
    5.06621881868341e-06,
    3.6271724184189225e-06,
    0.001819283002987504,
    0.00019667958258651197,
    8.045550202950835e-05,
    5.423494803835638e-05,
    4.408200038596988e-05,
    3.889738945872523e-05,
    3.578293399186805e-05,
    3.373231811565347e-05,
    3.2335345167666674e-05,
    3.141553679597564e-05,
    3.088945959461853e-05,
    3.069233935093507e-05,
    3.068390651606023e-05,
    3.083834599237889e-05,
    3.130681943730451e-05,
    3.2159754482563585e-05,
    3.347269739606418e-05,
    3.5400014894548804e-05,
    3.829972411040217e-05,
    4.3038715375587344e-05,
    5.2028401114512235e-05,
    7.399858441203833e-05,
    0.00016069278353825212,
    0.0011658129515126348,
    0.005550998263061047,
    4.724462542071706e-06,
    6.508026217488805e-06,
    7.695618478464894e-06,
    8.451351277471986e-06,
    8.892953701433726e-06,
    9.113190571952146e-06,
    9.178423169942107e-06,
    9.12519135454204e-06,
    8.950470146373846e-06,
    8.543811418348923e-06,
    7.003159680607496e-06,
    7.101743449311471e-06,
    7.0573087214143015e-06,
    7.0868318289285526e-06,
    7.112506864359602e-06,
    7.127937806217233e-06,
    7.130328413040843e-06,
    7.118285338947317e-06,
    7.14713269189815e-06,
    7.3619853537820745e-06,
    7.36887250241125e-06,
    7.372292202489916e-06,
    7.374563665507594e-06,
    7.3761279963946436e-06
  ],
  "J": 64
}