{
  "mu": [
    0.0,
    -0.45270875096321106,
    -0.03939937800168991,
    -0.06746716052293777,
    -0.09745870530605316,
    -0.09663401544094086,
    -0.09584163874387741,
    -0.09504252672195435,
    -0.09421216696500778,
    -0.09332359582185745,
    -0.09232654422521591,
    -0.09113678336143494,
    -0.08958367258310318,
    -0.0872609093785286,
    -0.07822181284427643,
    -0.09869254380464554,
    -0.1439436674118042,
    -0.15240053832530975,
    -0.15359675884246826,
    -0.15580852329730988,
    -0.16315153241157532,
    -0.17992830276489258,
    -0.328701913356781,
    -0.1471877545118332,
    -0.1805092841386795,
    -0.11199901252985,
    -0.0986156091094017,
    -0.09091417491436005,
    -0.12525713443756104,
    -0.14566345512866974,
    -0.21700868010520935,
    -0.26382413506507874,
    -0.1799592524766922,
    -0.16560868918895721,
    -0.15639419853687286,
    -0.15377531945705414,
    -0.15259821712970734,
    -0.14622874557971954,
    -0.11149890720844269,
    -5.13401028001681e-06,
    -0.08678976446390152,
    -0.08928243815898895,
    -0.09092317521572113,
    -0.09215852618217468,
    -0.09318174421787262,
    -0.09408750385046005,
    -0.09493088722229004,
    -0.09574239701032639,
    -0.09655022621154785,
    -0.09740526974201202,
    0.038835808634757996,
    0.0667169988155365,
    0.07269351929426193,
    0.11281990259885788,
    0.16194966435432434,
    0.19650566577911377,
    0.3298092484474182,
    0.7473538517951965,
    0.4814777970314026,
    0.07422322034835815,
    0.10189396888017654,
    0.1119772419333458,
    0.1415676772594452,
    0.24676837027072906
  ],
  "sigma2": [
    3.36118318955414e-05,
    0.0037084941286593676,
    0.00011195174738531932,
    0.00025969682610593736,
    0.00040162086952477694,
    0.00040161990909837186,
    0.00040162066579796374,
    0.0004016214224975556,
    0.0004016212187707424,
    0.00040162066579796374,
    0.00040162046207115054,
    0.00040162086952477694,
    0.0004016200837213546,
    0.0004016187449451536,
    0.00040160954813472927,
    0.00040449335938319564,
    0.0004184626159258187,
    0.00040688549051992595,
    0.0004048316041007638,
    0.0004042974323965609,
    0.00040422301390208304,
    0.0004035087476950139,
    0.0005123256705701351,
    0.0004044977540615946,
    0.0003999543550889939,
    0.00040463186451233923,
    0.0004039769701194018,
    0.00040175224421545863,
    0.000405087077524513,
    0.0004034964367747307,
    0.00040029987576417625,
    0.0004500302020460367,
    0.00040347277536056936,
    0.0004042253131046891,
    0.00040426329360343516,
    0.0004046926333103329,
    0.00040632206946611404,
    0.0004148223961237818,
    0.0004336679994594306,
    2.6304849598091096e-05,
    0.00040161836659535766,
    0.00040162025834433734,
    0.00040162066579796374,
    0.00040162086952477694,
    0.00040162046207115054,
    0.00040162086952477694,
    0.0004016210150439292,
    0.0004016210150439292,
    0.00040161990909837186,
    0.00040162046207115054,
    0.00010624770220601931,
    0.00027607064112089574,
    0.00033869282924570143,
    0.00039873033529147506,
    0.00039652848499827087,
    0.0004287672636564821,
    0.000682521378621459,
    0.0026801866479218006,
    0.0006723321275785565,
    0.00035121431574225426,
    0.00040460677701048553,
    0.00039814229239709675,
    0.00040336736128665507,
    0.000557661522179842
  ],
  "pi": [
    0.9900000095367432,
    1.7006979760481045e-05,
    0.0010440696496516466,
    0.001265883445739746,
    4.040806231841998e-07,
    3.873603020565497e-07,
    3.6830752492278407e-07,
    3.4665350767681957e-07,
    3.219753352823318e-07,
    2.937680676495802e-07,
    2.614734171402233e-07,
    2.2431032675740425e-07,
    1.8119318667686457e-07,
    1.300634977496884e-07,
    7.94070373899558e-08,
    2.0150779164396226e-05,
    7.974896107043605e-06,
    5.556475116463844e-06,
    5.828771918459097e-06,
    9.310017958341632e-06,
    2.0138415493420325e-05,
    4.8593003157293424e-05,
    3.186895264661871e-05,
    0.00017743812350090593,
    0.0002741566568147391,
    0.0003877250128425658,
    0.0005000364035367966,
    0.0005179783329367638,
    0.00040649986476637423,
    0.0002899174578487873,
    0.0001890161365736276,
    9.327771113021299e-05,
    5.5342999985441566e-05,
    2.3095710275811143e-05,
    1.031974534271285e-05,
    6.102367024141131e-06,
    5.42746647624881e-06,
    7.3264059210487176e-06,
    1.6188063455047086e-05,
    0.00012613307626452297,
    1.2086447043202497e-07,
    1.735358807763987e-07,
    2.1774101810478896e-07,
    2.5575545237188635e-07,
    2.887569792164868e-07,
    3.175687766088231e-07,
    3.427831529734249e-07,
    3.649244888492831e-07,
    3.8445210748250247e-07,
    4.016723949007428e-07,
    0.0009277041535824537,
    0.0006615868769586086,
    0.0003944284108001739,
    0.0002890057221520692,
    0.0002761120267678052,
    0.0002394955517956987,
    3.8970272726146504e-05,
    5.292101377563085e-06,
    7.5498787737160455e-06,
    0.00037335429806262255,
    0.0003597157774493098,
    0.00036149093648418784,
    0.0003640422655735165,
    0.00013302172010298818
  ],
  "J": 64
}