{
  "mu": [
    0.0,
    -0.6244498491287231,
    -0.017315974459052086,
    -0.045497648417949677,
    -0.0969812422990799,
    -0.09630545973777771,
    -0.09565164893865585,
    -0.0949963927268982,
    -0.09432176500558853,
    -0.09360888600349426,
    -0.09282024949789047,
    -0.09189444780349731,
    -0.09070564061403275,
    -0.08895476907491684,
    -0.0819314569234848,
    -0.0972549244761467,
    -0.15481989085674286,
    -0.15950262546539307,
    -0.15968671441078186,
    -0.15761615335941315,
    -0.19498883187770844,
    -0.19529321789741516,
    -0.4619978964328766,
    -0.2206353098154068,
    -0.26421135663986206,
    -0.1199081614613533,
    -0.08449909090995789,
    -0.08406822383403778,
    -0.13741366565227509,
    -0.17186062037944794,
    -0.31994134187698364,
    -0.38430505990982056,
    -0.1953582614660263,
    -0.1950739622116089,
    -0.15776260197162628,
    -0.15959583222866058,
    -0.15957845747470856,
    -0.1564418524503708,
    -0.11903731524944305,
    -0.022238895297050476,
    -0.08860264718532562,
    -0.09047716110944748,
    -0.09172964096069336,
    -0.09268846362829208,
    -0.0934959203004837,
    -0.09422089159488678,
    -0.09490484744310379,
    -0.09556944668292999,
    -0.0962345078587532,
    -0.0969330370426178,
    0.017252078279852867,
    0.04426025226712227,
    0.08011872321367264,
    0.14419656991958618,
    0.22338995337486267,
    0.2687413692474365,
    0.40589576959609985,
    0.807953417301178,
    0.5388842225074768,
    0.09994620829820633,
    0.08014412224292755,
    0.1249685287475586,
    0.1786300092935562,
    0.32493749260902405
  ],
  "sigma2": [
    2.0650052192650037e-06,
    0.0019155938643962145,
    7.31968684704043e-05,
    0.0002625656488817185,
    0.0004016122256871313,
    0.0004016120219603181,
    0.0004016116727143526,
    0.000401611061533913,
    0.0004016114689875394,
    0.000401611061533913,
    0.00040161050856113434,
    0.00040160995558835566,
    0.00040160916978493333,
    0.0004016078310087323,
    0.0004016062885057181,
    0.00040181659278459847,
    0.00040153428562916815,
    0.000401597295422107,
    0.0004016024759039283,
    0.0004015837039332837,
    0.0004008591640740633,
    0.0003994119761046022,
    0.0004590820462908596,
    0.0004145232087466866,
    0.0004299463180359453,
    0.0003921905008610338,
    0.00040389897185377777,
    0.00040337216341868043,
    0.0004065973043907434,
    0.0004118164360988885,
    0.0004421756020747125,
    0.0004462038923520595,
    0.0003990122058894485,
    0.000400723482016474,
    0.0004015913582406938,
    0.0004016028542537242,
    0.00040159825584851205,
    0.00040155480382964015,
    0.0004014048899989575,
    9.158321336144581e-05,
    0.0004016076272819191,
    0.00040160916978493333,
    0.00040160975186154246,
    0.00040161030483432114,
    0.00040161091601476073,
    0.0004016112652607262,
    0.000401611061533913,
    0.0004016112652607262,
    0.0004016120219603181,
    0.0004016122256871313,
    7.228596223285422e-05,
    0.0002613011747598648,
    0.0003891427186317742,
    0.0003971002879552543,
    0.0004120670782867819,
    0.0004320491570979357,
    0.000462730968138203,
    0.0026884926483035088,
    0.0005844769184477627,
    0.0004080419603269547,
    0.00038974234485067427,
    0.00040213402826339006,
    0.00042437907541170716,
    0.00043814643868245184
  ],
  "pi": [
    0.9900000095367432,
    4.084765350853559e-06,
    0.0009233225719071925,
    0.001072593848221004,
    2.970388379708311e-07,
    2.8472166491155804e-07,
    2.706935333662841e-07,
    2.547532744756609e-07,
    2.36598324931947e-07,
    2.1585277920621593e-07,
    1.9210629886856623e-07,
    1.647812837290985e-07,
    1.3308313384641224e-07,
    9.550734603180899e-08,
    5.824266224863095e-08,
    1.4824369827692863e-05,
    5.940037681284593e-06,
    4.181730218988378e-06,
    4.454475856618956e-06,
    7.430738605762599e-06,
    1.7906713765114546e-05,
    5.1202307076891884e-05,
    6.8864742388541345e-06,
    0.00023256543499883264,
    0.0001267534971702844,
    0.0005107937031425536,
    0.0006029435317032039,
    0.0006256175111047924,
    0.0005337517941370606,
    0.00041283192695118487,
    4.7995508793974295e-05,
    1.864549267338589e-05,
    6.0349291743477806e-05,
    2.1030613424954936e-05,
    8.326260285684839e-06,
    4.683179668063531e-06,
    4.090792572242208e-06,
    5.4678425840393174e-06,
    1.1934293070225976e-05,
    7.369360537268221e-05,
    8.874874879438721e-08,
    1.2745459798679803e-07,
    1.5995109947652963e-07,
    1.8790170486226998e-07,
    2.1216810353053006e-07,
    2.3335778109867533e-07,
    2.5190658448082104e-07,
    2.682025694866752e-07,
    2.825811122875166e-07,
    2.952660054234002e-07,
    0.0009328981977887452,
    0.0009944638004526496,
    0.00041542702820152044,
    0.0003406818432267755,
    0.0001873760047601536,
    8.871190220816061e-05,
    1.570526546856854e-05,
    4.204453944112174e-06,
    5.543772203964181e-06,
    0.00038024000241421163,
    0.0003806448949035257,
    0.00042615889105945826,
    0.00036993101821281016,
    3.940020178561099e-05
  ],
  "J": 64
}