{
  "mu": [
    0.0,
    -0.6001695394515991,
    -0.018807070329785347,
    -0.04827200248837471,
    -0.09437374770641327,
    -0.0941692590713501,
    -0.09392087161540985,
    -0.0936242863535881,
    -0.09326953440904617,
    -0.09284145385026932,
    -0.09230642020702362,
    -0.0916026160120964,
    -0.09059640765190125,
    -0.08894965052604675,
    -0.08143774420022964,
    -0.09385795146226883,
    -0.1512434333562851,
    -0.16188818216323853,
    -0.16401998698711395,
    -0.16767168045043945,
    -0.19872057437896729,
    -0.1990220993757248,
    -0.43563252687454224,
    -0.19990216195583344,
    -0.2415895313024521,
    -0.12397478520870209,
    -0.08741943538188934,
    -0.0873676985502243,
    -0.13361835479736328,
    -0.1677445024251938,
    -0.29700684547424316,
    -0.3608253002166748,
    -0.1676819771528244,
    -0.1988200843334198,
    -0.1702888309955597,
    -0.16440536081790924,
    -0.16215091943740845,
    -0.15501272678375244,
    -0.11131755262613297,
    -0.017734119668602943,
    -0.08859990537166595,
    -0.09039152413606644,
    -0.0914696455001831,
    -0.09221097826957703,
    -0.09276856482028961,
    -0.09321202337741852,
    -0.09357868880033493,
    -0.09388525038957596,
    -0.09414256364107132,
    -0.09435562789440155,
    0.018543926998972893,
    0.04642470180988312,
    0.08248914033174515,
    0.13462737202644348,
    0.20922085642814636,
    0.25685879588127136,
    0.3968616724014282,
    0.795652449131012,
    0.5274149775505066,
    0.09435547143220901,
    0.08250954747200012,
    0.12362935394048691,
    0.16815584897994995,
    0.31610679626464844
  ],
  "sigma2": [
    2.9938246370875277e-06,
    0.0020309702958911657,
    7.424879004247487e-05,
    0.00027711017173714936,
    0.0004016076272819191,
    0.0004016072489321232,
    0.00040160704520531,
    0.0004016066959593445,
    0.0004016062885057181,
    0.00040160573553293943,
    0.00040160512435249984,
    0.00040160436765290797,
    0.00040160419302992523,
    0.0004016034072265029,
    0.0004016062885057181,
    0.0004016024759039283,
    0.0004016137681901455,
    0.0004015456070192158,
    0.0004015385056845844,
    0.000401525292545557,
    0.0004013210709672421,
    0.00040075177093967795,
    0.0004912869771942496,
    0.0003979016619268805,
    0.0004293104575481266,
    0.0003952283877879381,
    0.00039317167829722166,
    0.00039264257065951824,
    0.000407292740419507,
    0.0003975447325501591,
    0.00046040944289416075,
    0.00046296732034534216,
    0.00040112112765200436,
    0.0004012611461803317,
    0.000401562632760033,
    0.0004015354497823864,
    0.0004015454032924026,
    0.00040157296461984515,
    0.00040177503251470625,
    6.842598668299615e-05,
    0.0004016038146801293,
    0.0004016038146801293,
    0.0004016038146801293,
    0.00040160512435249984,
    0.00040160573553293943,
    0.0004016062885057181,
    0.0004016066959593445,
    0.00040160704520531,
    0.0004016072489321232,
    0.0004016076272819191,
    7.214745710371062e-05,
    0.00026189119671471417,
    0.0003997032472398132,
    0.0004000621265731752,
    0.00041584589052945375,
    0.0004368728259578347,
    0.00046454003313556314,
    0.0026602311991155148,
    0.00060920329997316,
    0.0004028779221698642,
    0.0003997979802079499,
    0.0004041553766001016,
    0.0004164902202319354,
    0.0004549300647340715
  ],
  "pi": [
    0.9900000095367432,
    4.777399681188399e-06,
    0.0008525929297320545,
    0.0011598740238696337,
    3.059592756926577e-07,
    2.932742120265175e-07,
    2.7882737185791484e-07,
    2.6240965667057026e-07,
    2.4370999085476797e-07,
    2.2233852803310583e-07,
    1.978800696633698e-07,
    1.6973424976640672e-07,
    1.370838731418189e-07,
    9.837864922701556e-08,
    5.999554986146904e-08,
    1.5269668438122608e-05,
    6.0950951592531055e-06,
    4.282147074263776e-06,
    4.5477404455596115e-06,
    7.520653525716625e-06,
    1.7705642676446587e-05,
    4.8652294935891405e-05,
    9.547565241518896e-06,
    0.00021775462664663792,
    0.00019059411715716124,
    0.00046760065015405416,
    0.0006237383931875229,
    0.0006471549859270453,
    0.0004929893184453249,
    0.0003633466549217701,
    6.766516889911145e-05,
    2.4358445443795063e-05,
    5.637880167341791e-05,
    2.0686258721980266e-05,
    8.409033398493193e-06,
    4.777260073751677e-06,
    4.187808826827677e-06,
    5.608061655948404e-06,
    1.2276538654987235e-05,
    7.598254887852818e-05,
    9.141686518887582e-08,
    1.3128611442425608e-07,
    1.6475920006087108e-07,
    1.9354908431523654e-07,
    2.1854334875115455e-07,
    2.403724863597745e-07,
    2.5947764470402035e-07,
    2.7626151677395683e-07,
    2.9106962529112934e-07,
    3.041335219222674e-07,
    0.0009147985256277025,
    0.001006608596071601,
    0.0003979458997491747,
    0.0003192840958945453,
    0.00021936923440080136,
    0.0001151516626123339,
    1.6410052921855822e-05,
    4.39757195636048e-06,
    5.8038845054397825e-06,
    0.0003726324066519737,
    0.0003650318831205368,
    0.000400202494347468,
    0.0003990945406258106,
    4.445450394996442e-05
  ],
  "J": 64
}