{
  "mu": [
    0.0,
    -0.6569809317588806,
    -0.018466372042894363,
    -0.04739964008331299,
    -0.11860767006874084,
    -0.11684741079807281,
    -0.11428454518318176,
    -0.11063917726278305,
    -0.10606086999177933,
    -0.10136072337627411,
    -0.09732235223054886,
    -0.09409386664628983,
    -0.09139171242713928,
    -0.0887826457619667,
    -0.08219865709543228,
    -0.12113233655691147,
    -0.15673135221004486,
    -0.15771615505218506,
    -0.15790019929409027,
    -0.15740709006786346,
    -0.21935199201107025,
    -0.21955886483192444,
    -0.4873301088809967,
    -0.2496509701013565,
    -0.2926497161388397,
    -0.1227230355143547,
    -0.08554138988256454,
    -0.08553610742092133,
    -0.1547507345676422,
    -0.19070029258728027,
    -0.341001033782959,
    -0.40318751335144043,
    -0.2196081131696701,
    -0.21939271688461304,
    -0.15713049471378326,
    -0.1579103320837021,
    -0.1577429622411728,
    -0.15713012218475342,
    -0.12166448682546616,
    -0.040123049169778824,
    -0.08835909515619278,
    -0.09098437428474426,
    -0.09364467859268188,
    -0.09677687287330627,
    -0.10070066899061203,
    -0.1053658127784729,
    -0.11006197333335876,
    -0.11390180885791779,
    -0.1166381686925888,
    -0.11853840202093124,
    0.01816287636756897,
    0.04558393731713295,
    0.08451154083013535,
    0.1642206460237503,
    0.24152767658233643,
    0.2829532027244568,
    0.4165133535861969,
    0.8196630477905273,
    0.5492166876792908,
    0.11577783524990082,
    0.08452785015106201,
    0.13408058881759644,
    0.20042839646339417,
    0.33601853251457214
  ],
  "sigma2": [
    1.7438477470932412e-06,
    0.001878770417533815,
    8.448595326626673e-05,
    0.0002860478707589209,
    0.000401602650526911,
    0.0004016028542537242,
    0.00040160477510653436,
    0.00040160687058232725,
    0.0004016089951619506,
    0.00040160975186154246,
    0.00040160934440791607,
    0.00040160800563171506,
    0.0004016074526589364,
    0.0004016062885057181,
    0.0004016062885057181,
    0.0004012701683677733,
    0.0004015791055280715,
    0.00040158446063287556,
    0.00040158425690606236,
    0.00040157450712285936,
    0.00040004763286560774,
    0.0003966173389926553,
    0.00048151868395507336,
    0.00041868933476507664,
    0.00042055099038407207,
    0.00038644851883873343,
    0.00039724798989482224,
    0.00039702586946077645,
    0.00040218388312496245,
    0.0004123707767575979,
    0.00042512803338468075,
    0.0004377304867375642,
    0.0003955906140618026,
    0.0003997486492153257,
    0.0004015733429696411,
    0.00040158332558348775,
    0.00040158542105928063,
    0.0004015777667518705,
    0.0004013293073512614,
    0.00014066556468605995,
    0.0004016064922325313,
    0.0004016072489321232,
    0.0004016078310087323,
    0.00040160916978493333,
    0.00040161030483432114,
    0.0004016087914351374,
    0.00040160704520531,
    0.00040160497883334756,
    0.00040160302887670696,
    0.0004016028542537242,
    8.384326793020591e-05,
    0.00026997600798495114,
    0.0003893524408340454,
    0.00040155017632059753,
    0.00040772859938442707,
    0.0004043517983518541,
    0.00046081270556896925,
    0.0027806719299405813,
    0.0005627365899272263,
    0.00040260469540953636,
    0.00039053690852597356,
    0.0004022310604341328,
    0.00041063304524868727,
    0.0004338702710811049
  ],
  "pi": [
    0.9900000095367432,
    3.6171718420519028e-06,
    0.0010332305682823062,
    0.0010216572554782033,
    2.936619978299859e-07,
    2.8139629648649134e-07,
    2.674407255653932e-07,
    2.5160267114188173e-07,
    2.3359851297755085e-07,
    2.1306922803887574e-07,
    1.8960641057219618e-07,
    1.6262950452983205e-07,
    1.3134453524799028e-07,
    9.426322122862985e-08,
    5.749055631554256e-08,
    1.4668062249256764e-05,
    5.874166618013987e-06,
    4.137596988584846e-06,
    4.411982445162721e-06,
    7.382168860203819e-06,
    1.9308557966724038e-05,
    6.0998838307568803e-05,
    6.533048235723982e-06,
    0.0001463607040932402,
    7.888855179771781e-05,
    0.0007060070638544858,
    0.0005522609571926296,
    0.0005769129493273795,
    0.0005572320660576224,
    0.00035109336022287607,
    3.52282113453839e-05,
    1.6797126590972766e-05,
    7.338225987041369e-05,
    2.2955060558160767e-05,
    8.27706480777124e-06,
    4.639863618649542e-06,
    4.047991296829423e-06,
    5.40774726687232e-06,
    1.182564392365748e-05,
    7.475295569747686e-05,
    8.759333525176771e-08,
    1.257894126638348e-07,
    1.578622601527968e-07,
    1.8545456725860276e-07,
    2.0942769651810522e-07,
    2.3039113727918448e-07,
    2.4877957116586913e-07,
    2.6496849159229896e-07,
    2.7927143264605547e-07,
    2.9190516670496436e-07,
    0.0009768474847078323,
    0.0010093693854287267,
    0.00047745590563863516,
    0.0003711996250785887,
    0.00013848677917849272,
    7.041088974801823e-05,
    1.620210605324246e-05,
    4.140245437156409e-06,
    5.473511464515468e-06,
    0.00036195720895193517,
    0.00043587887194007635,
    0.00042281521018594503,
    0.00026083108969032764,
    3.678526991279796e-05
  ],
  "J": 64
}