{
  "mu": [
    0.0,
    -0.644371509552002,
    -0.01765834167599678,
    -0.04577163979411125,
    -0.11140314489603043,
    -0.10864271968603134,
    -0.10571319609880447,
    -0.1027694121003151,
    -0.10000108927488327,
    -0.09751058369874954,
    -0.09527923166751862,
    -0.09321711957454681,
    -0.09116077423095703,
    -0.08882003277540207,
    -0.08196143805980682,
    -0.11655496805906296,
    -0.15383212268352509,
    -0.15502788126468658,
    -0.15487587451934814,
    -0.15356403589248657,
    -0.20835942029953003,
    -0.2084663361310959,
    -0.4775888919830322,
    -0.23668275773525238,
    -0.27982819080352783,
    -0.11958972364664078,
    -0.08755195885896683,
    -0.08212930709123611,
    -0.14748576283454895,
    -0.18192972242832184,
    -0.3324613869190216,
    -0.39707255363464355,
    -0.20850205421447754,
    -0.20836922526359558,
    -0.15242046117782593,
    -0.15481963753700256,
    -0.1550258845090866,
    -0.15433435142040253,
    -0.11967208236455917,
    -0.03789296746253967,
    -0.08840890228748322,
    -0.09081863611936569,
    -0.09289928525686264,
    -0.09495377540588379,
    -0.09716007113456726,
    -0.09962283074855804,
    -0.10237935185432434,
    -0.10534900426864624,
    -0.10835707932710648,
    -0.1112683117389679,
    0.017486784607172012,
    0.043896522372961044,
    0.08173109591007233,
    0.15718607604503632,
    0.2360471487045288,
    0.28185293078422546,
    0.41177624464035034,
    0.816554844379425,
    0.5447902083396912,
    0.10905268788337708,
    0.08179153501987457,
    0.13041210174560547,
    0.1927444040775299,
    0.3350796103477478
  ],
  "sigma2": [
    1.7831022205427871e-06,
    0.0018847400788217783,
    7.761107553960755e-05,
    0.0002777554909698665,
    0.0004016024759039283,
    0.00040160477510653436,
    0.0004016076272819191,
    0.00040160995558835566,
    0.00040161091601476073,
    0.00040161050856113434,
    0.00040160975186154246,
    0.0004016089951619506,
    0.00040160800563171506,
    0.0004016078310087323,
    0.0004016062885057181,
    0.00040137808537110686,
    0.00040161528158932924,
    0.0004016074526589364,
    0.00040160934440791607,
    0.0004016344319097698,
    0.0004005941445939243,
    0.00039854709757491946,
    0.00048421788960695267,
    0.00041550910100340843,
    0.00042699690675362945,
    0.0003863768361043185,
    0.00040475052082911134,
    0.00039748259587213397,
    0.0004080694052390754,
    0.000408853346016258,
    0.0004167552397120744,
    0.0004373682604636997,
    0.0003979566681664437,
    0.0004004102374892682,
    0.00040165340760722756,
    0.00040161091601476073,
    0.0004016074526589364,
    0.00040161091601476073,
    0.0004013340803794563,
    0.000122513432870619,
    0.0004016076272819191,
    0.00040160800563171506,
    0.0004016085877083242,
    0.00040160916978493333,
    0.00040161050856113434,
    0.00040161091601476073,
    0.00040161010110750794,
    0.00040160820935852826,
    0.00040160497883334756,
    0.000401602650526911,
    7.735355757176876e-05,
    0.00026170295313932,
    0.0003836415708065033,
    0.0003935890272259712,
    0.0004154368070885539,
    0.00041344319470226765,
    0.00046814954839646816,
    0.002765270182862878,
    0.0005611018277704716,
    0.0004068866837769747,
    0.0003855411196127534,
    0.0004022546636406332,
    0.0004099269863218069,
    0.0004168420855421573
  ],
  "pi": [
    0.9900000095367432,
    3.658075684143114e-06,
    0.0010012390557676554,
    0.0010332331294193864,
    2.9524622391363664e-07,
    2.829528966685757e-07,
    2.689719167392468e-07,
    2.5310191631433554e-07,
    2.3504378532379633e-07,
    2.1442002662297455e-07,
    1.9082537505710206e-07,
    1.636806530314061e-07,
    1.3219435857081407e-07,
    9.487249030826206e-08,
    5.786097290183534e-08,
    1.4741785889782477e-05,
    5.909888386668172e-06,
    4.16215061704861e-06,
    4.4372777665557805e-06,
    7.4205072451150045e-06,
    1.8640126654645428e-05,
    5.605627302429639e-05,
    6.6055531533493195e-06,
    0.00018494897813070565,
    9.74433496594429e-05,
    0.000604461703915149,
    0.0005665130447596312,
    0.0005916662630625069,
    0.0005571671645157039,
    0.000385183870093897,
    4.302213346818462e-05,
    1.6961195797193795e-05,
    6.673968164250255e-05,
    2.202998257416766e-05,
    8.319408152601682e-06,
    4.666208951675799e-06,
    4.0719405660638586e-06,
    5.4404581533162855e-06,
    1.1882197213708423e-05,
    7.44943754398264e-05,
    8.815923990823649e-08,
    1.2660353831961402e-07,
    1.5888274162989546e-07,
    1.866482506329703e-07,
    2.1075820200167072e-07,
    2.3182231245755247e-07,
    2.502696077044675e-07,
    2.664924636519572e-07,
    2.8082112635274825e-07,
    2.934818326139066e-07,
    0.0009703350369818509,
    0.0009873382514342666,
    0.00045896382653154433,
    0.0003611975407693535,
    0.0001633085630601272,
    7.362465839833021e-05,
    1.5591527699143626e-05,
    4.158041974733351e-06,
    5.464220066642156e-06,
    0.0003728909941855818,
    0.00041951253660954535,
    0.00043757009552791715,
    0.000291256932541728,
    3.3388289011782035e-05
  ],
  "J": 64
}