{
  "mu": [
    0.0,
    -0.26205649971961975,
    -0.08558167517185211,
    -0.09966004639863968,
    -0.0006035488331690431,
    -0.000574346340727061,
    -0.0005491465562954545,
    -0.0005291339475661516,
    -0.0005153650417923927,
    -0.0005087254103273153,
    -0.0005101035931147635,
    -0.0005201810272410512,
    -0.0005384691758081317,
    -0.0005598432617262006,
    -0.0005866684368811548,
    -0.00032667804043740034,
    -0.13970983028411865,
    -0.146540105342865,
    -0.14635704457759857,
    -0.14543715119361877,
    -0.14508654177188873,
    -0.17632098495960236,
    -0.2222164273262024,
    -0.1811152696609497,
    -0.13556280732154846,
    -0.1305832415819168,
    -0.12792521715164185,
    -0.12765157222747803,
    -0.13002599775791168,
    -0.1346220076084137,
    -0.1409996896982193,
    -0.19888831675052643,
    -0.18062491714954376,
    -0.14539629220962524,
    -0.14529810845851898,
    -0.14623431861400604,
    -0.14660321176052094,
    -0.1417112499475479,
    -0.000985600519925356,
    -2.2190165509528015e-06,
    -0.0005620554438792169,
    -0.0005414297920651734,
    -0.0005221518804319203,
    -0.0005107334582135081,
    -0.0005080195260234177,
    -0.0005134859238751233,
    -0.0005262490012682974,
    -0.0005454054335132241,
    -0.0005699482280761003,
    -0.000598735234234482,
    0.08964815735816956,
    0.0904950276017189,
    0.09348773956298828,
    0.09967958927154541,
    0.14609520137310028,
    0.14699552953243256,
    0.26616427302360535,
    0.6986419558525085,
    0.4281904995441437,
    0.09883607923984528,
    0.10013977438211441,
    0.11398091912269592,
    0.1436302363872528,
    0.19524922966957092
  ],
  "sigma2": [
    0.0003780676343012601,
    0.0064483401365578175,
    0.0001730263902572915,
    0.0002671268011908978,
    0.00048245248035527766,
    0.00047846365487203,
    0.00047486627590842545,
    0.0004720271972473711,
    0.00047029208508320153,
    0.00046997290337458253,
    0.00047136348439380527,
    0.0004746972117573023,
    0.0004800274036824703,
    0.00048682684428058565,
    0.0005023943958804011,
    0.0004164661804679781,
    0.0008024737471714616,
    0.0007982641691341996,
    0.0007803545449860394,
    0.0007763832109048963,
    0.0007787825306877494,
    0.0007847442757338285,
    0.0007815700373612344,
    0.0007738462882116437,
    0.0007321847951970994,
    0.0006955705466680229,
    0.0006664679385721684,
    0.0006629923591390252,
    0.0006901535671204329,
    0.0007264013402163982,
    0.0007626481237821281,
    0.0007781113963574171,
    0.0007840399630367756,
    0.0007794694975018501,
    0.0007764209294691682,
    0.0007789076771587133,
    0.0007941187941469252,
    0.0008098624530248344,
    0.0005215216660872102,
    1.891819920274429e-05,
    0.0004878148902207613,
    0.0004809456877410412,
    0.0004753264074679464,
    0.0004716773401014507,
    0.00046999036567285657,
    0.0004700616409536451,
    0.00047160041867755353,
    0.0004742913006339222,
    0.000477791327284649,
    0.00048172054812312126,
    0.0002562214795034379,
    0.00026852882001549006,
    0.0003083708288613707,
    0.00037398209678940475,
    0.000447253230959177,
    0.0004547045100480318,
    0.000997169059701264,
    0.002542344853281975,
    0.0008521600975655019,
    0.0003662170493043959,
    0.00037803594022989273,
    0.00040250751771964133,
    0.00043510799878276885,
    0.0005130700883455575
  ],
  "pi": [
    0.9900000095367432,
    0.00013274981756694615,
    0.0009679097565822303,
    0.0008807198610156775,
    1.7876476476885728e-06,
    1.7439150497011724e-06,
    1.6844368246893282e-06,
    1.6093177919174195e-06,
    1.5166273215072579e-06,
    1.4037797200217028e-06,
    1.2677649010583991e-06,
    1.1048945225411444e-06,
    9.097078077502374e-07,
    6.710982916047215e-07,
    4.543529428246984e-07,
    8.688688831171021e-05,
    2.350891190872062e-05,
    1.554737173137255e-05,
    1.5083789548953064e-05,
    1.9927252651541494e-05,
    3.078369627473876e-05,
    4.9268077418673784e-05,
    8.017238724278286e-05,
    0.00010804763587657362,
    0.00014945058501325548,
    0.00019946089014410973,
    0.0002494982327334583,
    0.0002575146791059524,
    0.00020764236978720874,
    0.00015712279127910733,
    0.00011384152458049357,
    8.538085967302322e-05,
    5.293976573739201e-05,
    3.314459536341019e-05,
    2.116091491188854e-05,
    1.5475161490030587e-05,
    1.506613534729695e-05,
    2.139044227078557e-05,
    6.025749462423846e-05,
    0.002952203620225191,
    6.270506673899945e-07,
    8.744379442759964e-07,
    1.0754764616649481e-06,
    1.2429466096364195e-06,
    1.3828599776388728e-06,
    1.4990396266512107e-06,
    1.5946087614793214e-06,
    1.6722204918551142e-06,
    1.7338333009320195e-06,
    1.7789722051020362e-06,
    0.00029062843532301486,
    0.0002876081853173673,
    0.0002559401036705822,
    0.00021962699247524142,
    0.00021262222435325384,
    0.00021607891540043056,
    0.00010466088133398443,
    7.393812666123267e-06,
    1.179844002763275e-05,
    0.00027048966148868203,
    0.0002696610754355788,
    0.0002686293446458876,
    0.0002727076062001288,
    0.00028236384969204664
  ],
  "J": 64
}