{
  "mu": [
    0.0,
    -0.708961009979248,
    -0.01800823025405407,
    -0.04559304192662239,
    -0.12312345951795578,
    -0.12269288301467896,
    -0.12204211950302124,
    -0.12096960842609406,
    -0.11897437274456024,
    -0.112978994846344,
    -0.09047845751047134,
    -0.08826485276222229,
    -0.08775600045919418,
    -0.0873313769698143,
    -0.08526559919118881,
    -0.12398172914981842,
    -0.15582163631916046,
    -0.15646593272686005,
    -0.15761440992355347,
    -0.16204218566417694,
    -0.2338819056749344,
    -0.2601882517337799,
    -0.5343692898750305,
    -0.29556989669799805,
    -0.339532732963562,
    -0.12439610809087753,
    -0.08585777133703232,
    -0.08581041544675827,
    -0.16206054389476776,
    -0.19838403165340424,
    -0.3920692205429077,
    -0.4528220593929291,
    -0.2369495928287506,
    -0.2341204732656479,
    -0.16308043897151947,
    -0.15795248746871948,
    -0.15654848515987396,
    -0.15596693754196167,
    -0.12410775572061539,
    -0.04615579918026924,
    -0.08724972605705261,
    -0.08769368380308151,
    -0.08815676718950272,
    -0.08970596641302109,
    -0.11052253097295761,
    -0.11852947622537613,
    -0.12077299505472183,
    -0.12194018065929413,
    -0.12264217436313629,
    -0.12310759723186493,
    0.01808307319879532,
    0.04514898732304573,
    0.083673395216465,
    0.17051100730895996,
    0.2528323531150818,
    0.30000296235084534,
    0.4335719347000122,
    0.8623312711715698,
    0.5807180404663086,
    0.11687904596328735,
    0.08370371162891388,
    0.13737158477306366,
    0.20981580018997192,
    0.3558342456817627
  ],
  "sigma2": [
    1.7293448308919324e-06,
    0.0018191476119682193,
    8.357734623132274e-05,
    0.00027527956990525126,
    0.00040159901254810393,
    0.00040159959462471306,
    0.00040159979835152626,
    0.000401599972974509,
    0.00040160035132430494,
    0.0004016036109533161,
    0.0004016074526589364,
    0.0004016062885057181,
    0.0004016060847789049,
    0.0004016060847789049,
    0.00040160532807931304,
    0.00040154674206860363,
    0.0004015877202618867,
    0.00040158964111469686,
    0.000401587545638904,
    0.00040157491457648575,
    0.0004013985744677484,
    0.0004032108117826283,
    0.00046571376151405275,
    0.0004039149498566985,
    0.00041650235652923584,
    0.0003932022082153708,
    0.00039544180617667735,
    0.00039502777508459985,
    0.0004010337288491428,
    0.0003962820046581328,
    0.00041871648863889277,
    0.00043178535997867584,
    0.0003995885490439832,
    0.00040133119910024107,
    0.00040157430339604616,
    0.0004015859740320593,
    0.0004015900194644928,
    0.0004015871381852776,
    0.00040152797009795904,
    0.0002799131616484374,
    0.00040160573553293943,
    0.0004016060847789049,
    0.0004016062885057181,
    0.00040160687058232725,
    0.00040160532807931304,
    0.00040160055505111814,
    0.000401599972974509,
    0.00040159979835152626,
    0.00040159959462471306,
    0.00040159939089789987,
    8.632663957541808e-05,
    0.0002756775647867471,
    0.00039372508763335645,
    0.0004064854292664677,
    0.00039863050915300846,
    0.0004056899924762547,
    0.00045619631418958306,
    0.002579273423179984,
    0.0005957339308224618,
    0.00039494317024946213,
    0.00039420658140443265,
    0.00040914255077950656,
    0.00039863414713181555,
    0.00041756979771889746
  ],
  "pi": [
    0.9900000095367432,
    3.1070210297912126e-06,
    0.0009327435400336981,
    0.001067100907675922,
    2.881144780531031e-07,
    2.760673112334189e-07,
    2.623542627588904e-07,
    2.467685078499926e-07,
    2.290182976594224e-07,
    2.0873203254723194e-07,
    1.8575035198864498e-07,
    1.593802778643294e-07,
    1.2874247090621793e-07,
    9.240740439508954e-08,
    5.636047006873923e-08,
    1.4392509001481812e-05,
    5.765481091657421e-06,
    4.062288553541293e-06,
    4.334118330007186e-06,
    7.2664065555727575e-06,
    2.5279170586145483e-05,
    0.00010567574645392597,
    4.8872116167331114e-06,
    8.466884173685685e-05,
    4.869340773439035e-05,
    0.0007609499152749777,
    0.0005238420562818646,
    0.0005475267535075545,
    0.0005542213330045342,
    0.0003991710254922509,
    2.259620487166103e-05,
    1.0347822353651281e-05,
    0.00013887810928281397,
    3.139644468319602e-05,
    8.151791917043738e-06,
    4.558742148219608e-06,
    3.974518676841399e-06,
    5.3079661483934615e-06,
    1.1604620340222027e-05,
    7.597847434226424e-05,
    8.586998490045517e-08,
    1.2329950038747484e-07,
    1.5471344738671178e-07,
    1.8169868098993902e-07,
    2.0513175513769966e-07,
    2.2585614090075978e-07,
    2.4398966047556314e-07,
    2.599236097466928e-07,
    2.7398007773626887e-07,
    2.863899908334133e-07,
    0.0008969682967290282,
    0.0010162417311221361,
    0.0004571410536300391,
    0.0004116811614949256,
    0.00015179569891188294,
    7.448096584994346e-05,
    1.7103118807426654e-05,
    3.8548923839698546e-06,
    5.580618108069757e-06,
    0.0004207188612781465,
    0.00041667657205834985,
    0.00041672741645015776,
    0.000266057817498222,
    3.431483855820261e-05
  ],
  "J": 64
}