{
  "mu": [
    0.0,
    -0.27762988209724426,
    -0.07251811772584915,
    -0.09570124000310898,
    -0.0025304497685283422,
    -0.0021930038928985596,
    -0.0019528402481228113,
    -0.0017738292226567864,
    -0.0016401475295424461,
    -0.0015418615657836199,
    -0.001471503172069788,
    -0.001421296619810164,
    -0.0013783951289951801,
    -0.0013151655439287424,
    -0.001086574513465166,
    -0.0019883066415786743,
    -0.14247658848762512,
    -0.15124669671058655,
    -0.15220536291599274,
    -0.15371732413768768,
    -0.15865962207317352,
    -0.1905509978532791,
    -0.2366340458393097,
    -0.17058072984218597,
    -0.14664863049983978,
    -0.11871852725744247,
    -0.1166405975818634,
    -0.11638304591178894,
    -0.11832915246486664,
    -0.13179796934127808,
    -0.1651550978422165,
    -0.18667829036712646,
    -0.19240929186344147,
    -0.16011902689933777,
    -0.15412801504135132,
    -0.15231719613075256,
    -0.15143045783042908,
    -0.1448630839586258,
    -0.10862921923398972,
    8.219853953050915e-06,
    -0.0012997258454561234,
    -0.0013696645619347692,
    -0.0014135708333924413,
    -0.0014617481501773,
    -0.0015285864938050508,
    -0.0016225384315475821,
    -0.0017511745681986213,
    -0.0019243598217144608,
    -0.0021584350615739822,
    -0.0024935074616223574,
    0.07518597692251205,
    0.07603368908166885,
    0.08037902414798737,
    0.11768146604299545,
    0.1520446091890335,
    0.15358948707580566,
    0.27632367610931396,
    0.702021062374115,
    0.43332618474960327,
    0.08874627947807312,
    0.0923987329006195,
    0.11657048016786575,
    0.11636506766080856,
    0.19833116233348846
  ],
  "sigma2": [
    0.000255134713370353,
    0.0067749228328466415,
    0.00011783833906520158,
    0.0002802392700687051,
    0.00043644392280839384,
    0.0004343985638115555,
    0.00043256080243736506,
    0.00043112289858981967,
    0.00043025397462770343,
    0.00043010542867705226,
    0.00043081893818452954,
    0.0004325156332924962,
    0.00043523599742911756,
    0.00043870400986634195,
    0.0004470739222597331,
    0.00040975521551445127,
    0.0006919511361047626,
    0.0006558078457601368,
    0.0006334739737212658,
    0.0006268124561756849,
    0.0006263852119445801,
    0.0006288629374466836,
    0.0006185972015373409,
    0.0006210345309227705,
    0.0005997390835545957,
    0.0005699729663319886,
    0.0005463397828862071,
    0.0005433419137261808,
    0.0005656509893015027,
    0.0005956848035566509,
    0.0006180835771374404,
    0.0006256926571950316,
    0.0006284486153163016,
    0.000626555469352752,
    0.0006264342227950692,
    0.0006316265207715333,
    0.0006505259079858661,
    0.0006891026278026402,
    0.0005051888874731958,
    1.7391019355272874e-05,
    0.00043920049211010337,
    0.00043570323032326996,
    0.0004328354261815548,
    0.0004309769137762487,
    0.00043011363595724106,
    0.0004301376757211983,
    0.00043090563849546015,
    0.0004322657478041947,
    0.0004340482410043478,
    0.0004360546881798655,
    0.0001813204144127667,
    0.00019251582853030413,
    0.00024398817913606763,
    0.000360773759894073,
    0.0004259264678694308,
    0.00041460702777840197,
    0.0009345684666186571,
    0.0027454900555312634,
    0.0007462229114025831,
    0.00031874660635367036,
    0.0003420310968067497,
    0.00039577382267452776,
    0.0004135126364417374,
    0.000559512700419873
  ],
  "pi": [
    0.9900000095367432,
    0.00011084887955803424,
    0.0012277414789423347,
    0.0010276613757014275,
    1.2156551747466438e-06,
    1.1846034340123879e-06,
    1.1432435940150754e-06,
    1.0914811809925595e-06,
    1.0280045898980461e-06,
    9.510870313533815e-07,
    8.58710109241656e-07,
    7.483690183107683e-07,
    6.163170382933458e-07,
    4.549426364519604e-07,
    3.0832225661470147e-07,
    5.805569526273757e-05,
    2.065479930024594e-05,
    1.3849628885509446e-05,
    1.3703087461180985e-05,
    1.891957981570158e-05,
    3.131334233330563e-05,
    5.42960551683791e-05,
    9.637760376790538e-05,
    0.0001301735610468313,
    0.00018120079766958952,
    0.000245006027398631,
    0.0003085682983510196,
    0.0003187064139638096,
    0.00025542991352267563,
    0.00019097475160378963,
    0.0001365595089737326,
    9.989861428039148e-05,
    5.8955538406735286e-05,
    3.412362639210187e-05,
    2.0279760065022856e-05,
    1.4128190741757862e-05,
    1.3448398931359407e-05,
    1.8842134522856213e-05,
    4.3723957787733525e-05,
    0.0016107420669868588,
    4.251460268278606e-07,
    5.924613333263551e-07,
    7.284554044417746e-07,
    8.418811034971441e-07,
    9.368617384097888e-07,
    1.0160008514503716e-06,
    1.081400910152297e-06,
    1.134835997618211e-06,
    1.1776456858569873e-06,
    1.2097211765649263e-06,
    0.0003992979764007032,
    0.0003881400334648788,
    0.00032495229970663786,
    0.00026451944722793996,
    0.0002558472624514252,
    0.0002557953412178904,
    9.457978012505919e-05,
    7.183006800914882e-06,
    1.0884962648560759e-05,
    0.00032994861248880625,
    0.0003272270259913057,
    0.0003258831857237965,
    0.0003310330503154546,
    0.0003117795567959547
  ],
  "J": 64
}