{
  "mu": [
    0.0,
    -0.6896616816520691,
    -0.017961936071515083,
    -0.04567983001470566,
    -0.12119635194540024,
    -0.12055886536836624,
    -0.11952704936265945,
    -0.11780252307653427,
    -0.11475855112075806,
    -0.10816072672605515,
    -0.09521999210119247,
    -0.08985919505357742,
    -0.0881316289305687,
    -0.08704569190740585,
    -0.08377266675233841,
    -0.12175257503986359,
    -0.15052273869514465,
    -0.150558203458786,
    -0.15056820213794708,
    -0.15357258915901184,
    -0.2536675035953522,
    -0.231329083442688,
    -0.521206259727478,
    -0.2804430425167084,
    -0.3269331157207489,
    -0.12300810217857361,
    -0.08447722345590591,
    -0.08444766700267792,
    -0.15868832170963287,
    -0.19386467337608337,
    -0.3800104558467865,
    -0.44071683287620544,
    -0.23130974173545837,
    -0.2537376880645752,
    -0.15486183762550354,
    -0.15066486597061157,
    -0.15053874254226685,
    -0.15059716999530792,
    -0.12175531685352325,
    -0.04200230538845062,
    -0.08687654137611389,
    -0.08794544637203217,
    -0.0894814282655716,
    -0.09383449703454971,
    -0.10646482557058334,
    -0.11412865668535233,
    -0.11748979240655899,
    -0.119362972676754,
    -0.12047987431287766,
    -0.12117350846529007,
    0.01808881014585495,
    0.04594990611076355,
    0.08498505502939224,
    0.17202164232730865,
    0.2532908618450165,
    0.2983120083808899,
    0.42912036180496216,
    0.8460217714309692,
    0.5703939199447632,
    0.1187526136636734,
    0.08497541397809982,
    0.13712729513645172,
    0.2127923220396042,
    0.35182252526283264
  ],
  "sigma2": [
    1.7286902220803313e-06,
    0.001830324879847467,
    8.36475082905963e-05,
    0.00027848887839354575,
    0.00040159825584851205,
    0.000401598634198308,
    0.00040159901254810393,
    0.000401599972974509,
    0.0004016022721771151,
    0.0004016078310087323,
    0.00040161030483432114,
    0.0004016074526589364,
    0.0004016066959593445,
    0.00040160573553293943,
    0.00040160593925975263,
    0.0004015084414277226,
    0.0004016378952655941,
    0.0004016317834611982,
    0.00040163579978980124,
    0.0004016378952655941,
    0.00040158675983548164,
    0.0003991425328422338,
    0.00046302450937218964,
    0.00041184411384165287,
    0.0004122077953070402,
    0.00039181666215881705,
    0.0003958517627324909,
    0.0003955894790124148,
    0.0004020189808215946,
    0.0004085269174538553,
    0.00041730687371455133,
    0.000434708344982937,
    0.00039847849984653294,
    0.00040157491457648575,
    0.0004016311722807586,
    0.0004016375169157982,
    0.000401631579734385,
    0.00040163539233617485,
    0.00040150154381990433,
    0.0002296294696861878,
    0.00040160573553293943,
    0.0004016064922325313,
    0.0004016072489321232,
    0.00040160934440791607,
    0.0004016078310087323,
    0.000401602650526911,
    0.00040160014759749174,
    0.0004015992162749171,
    0.000401598634198308,
    0.00040159825584851205,
    8.806396363070235e-05,
    0.0002757356851361692,
    0.0003919644805137068,
    0.00040346142486669123,
    0.0004077363992109895,
    0.00041082652751356363,
    0.0004502081428654492,
    0.0026625865139067173,
    0.0005810720031149685,
    0.0004040405328851193,
    0.0003923197218682617,
    0.0003989142132923007,
    0.0004085378022864461,
    0.0004187136946711689
  ],
  "pi": [
    0.9900000095367432,
    3.3793062357290182e-06,
    0.000953394453972578,
    0.001039552385918796,
    2.8858585210400634e-07,
    2.7652058065541496e-07,
    2.6278797804479836e-07,
    2.4718377744648024e-07,
    2.2942141697512852e-07,
    2.0915450704706018e-07,
    1.8609098617616837e-07,
    1.5964653243827343e-07,
    1.2895432632831216e-07,
    9.255727206891606e-08,
    5.645344103299976e-08,
    1.4416371413972229e-05,
    5.771125870523974e-06,
    4.065277153131319e-06,
    4.3355908019293565e-06,
    7.2579514380777255e-06,
    2.385147126915399e-05,
    0.00010007656965171918,
    4.808512585441349e-06,
    0.0001019454502966255,
    5.9369987866375595e-05,
    0.0007647144375368953,
    0.0005249961977824569,
    0.0005485600559040904,
    0.0005439197411760688,
    0.0003884363395627588,
    2.3551308913738467e-05,
    1.1253288903390057e-05,
    0.0001270896173082292,
    2.9360202461248264e-05,
    8.138556950143538e-06,
    4.559751232591225e-06,
    3.97729445467121e-06,
    5.31291061633965e-06,
    1.1624007129285019e-05,
    7.567735156044364e-05,
    8.600964918059617e-08,
    1.2350216138656833e-07,
    1.5497084859816823e-07,
    1.8202028684299876e-07,
    2.0556400670557196e-07,
    2.2625717122082278e-07,
    2.444018889491417e-07,
    2.603536017886654e-07,
    2.744312439517671e-07,
    2.868582953396981e-07,
    0.0009482299210503697,
    0.0010323625756427646,
    0.0004645050212275237,
    0.0004154433263465762,
    0.0001346086064586416,
    6.621970533160493e-05,
    1.5784664356033318e-05,
    3.979464963776991e-06,
    5.579416665568715e-06,
    0.0003955984429921955,
    0.0004236054955981672,
    0.00042201991891488433,
    0.00024108558136504143,
    3.3400159736629575e-05
  ],
  "J": 64
}