{
  "mu": [
    0.0,
    -0.6963014602661133,
    -0.019890088587999344,
    -0.04797292500734329,
    -0.12298161536455154,
    -0.12250226736068726,
    -0.12176518142223358,
    -0.12052624672651291,
    -0.1181812584400177,
    -0.1115410178899765,
    -0.09179168939590454,
    -0.08803635835647583,
    -0.08721460402011871,
    -0.08668149262666702,
    -0.0843985304236412,
    -0.12390490621328354,
    -0.15096375346183777,
    -0.15106573700904846,
    -0.1511911302804947,
    -0.15690553188323975,
    -0.25055626034736633,
    -0.25089627504348755,
    -0.5237500667572021,
    -0.2864600121974945,
    -0.32547780871391296,
    -0.12749293446540833,
    -0.08779148012399673,
    -0.08777665346860886,
    -0.1650855839252472,
    -0.20038355886936188,
    -0.3795088231563568,
    -0.44179925322532654,
    -0.22934286296367645,
    -0.2505912482738495,
    -0.1585865318775177,
    -0.15137174725532532,
    -0.15104791522026062,
    -0.151068314909935,
    -0.12403976172208786,
    -0.04501786455512047,
    -0.0865883082151413,
    -0.08712799102067947,
    -0.08784868568181992,
    -0.09056229889392853,
    -0.10923108458518982,
    -0.11765794456005096,
    -0.1202966570854187,
    -0.12164865434169769,
    -0.12244534492492676,
    -0.12296409159898758,
    0.019528215751051903,
    0.04715070500969887,
    0.08670729398727417,
    0.1751190572977066,
    0.2535563111305237,
    0.2975444495677948,
    0.42948266863822937,
    0.8543745279312134,
    0.573901355266571,
    0.12097406387329102,
    0.08689455687999725,
    0.14051012694835663,
    0.2154354304075241,
    0.3524931073188782
  ],
  "sigma2": [
    1.7132740595116047e-06,
    0.0018747763242572546,
    9.536615834804252e-05,
    0.0002885103167500347,
    0.00040160975186154246,
    0.00040160934440791607,
    0.0004016089951619506,
    0.00040160841308534145,
    0.0004016078310087323,
    0.00040160553180612624,
    0.00040160593925975263,
    0.0004016060847789049,
    0.00040160573553293943,
    0.00040160593925975263,
    0.0004016060847789049,
    0.0004016367602162063,
    0.00040155460010282695,
    0.0004015691520180553,
    0.0004015727899968624,
    0.0004017064638901502,
    0.00040234290645457804,
    0.0004045568057335913,
    0.0004726831102743745,
    0.0004013995348941535,
    0.0004038161423522979,
    0.00040954796713776886,
    0.00039721126086078584,
    0.0003968664968851954,
    0.0004124773549847305,
    0.0004030501004308462,
    0.00041423315997235477,
    0.00042493734508752823,
    0.00039804528933018446,
    0.0004025163652841002,
    0.0004017539613414556,
    0.00040157506009563804,
    0.00040156973409466445,
    0.0004015584127046168,
    0.00040165529935620725,
    0.00025459390599280596,
    0.00040160593925975263,
    0.00040160573553293943,
    0.0004016060847789049,
    0.0004016060847789049,
    0.00040160512435249984,
    0.0004016074526589364,
    0.00040160820935852826,
    0.0004016087914351374,
    0.00040160934440791607,
    0.00040160975186154246,
    9.549703099764884e-05,
    0.0002818549401126802,
    0.00040491597610525787,
    0.00040199197246693075,
    0.0003978777676820755,
    0.00040410333895124495,
    0.00046385786845348775,
    0.0026761589106172323,
    0.0005985702737234533,
    0.00039328320417553186,
    0.00040567509131506085,
    0.0004056106845382601,
    0.00039920458220876753,
    0.0004120924277231097
  ],
  "pi": [
    0.9900000095367432,
    3.3688422718114452e-06,
    0.0009723232942633331,
    0.0010416758013889194,
    2.9061513373562775e-07,
    2.7846235184370016e-07,
    2.646295627073414e-07,
    2.4890795202736626e-07,
    2.3100581358903582e-07,
    2.1055694787719403e-07,
    1.8735612172804395e-07,
    1.607539559245197e-07,
    1.2985107389340556e-07,
    9.320136484802788e-08,
    5.68447120485871e-08,
    1.451854950573761e-05,
    5.808798505313462e-06,
    4.091172286280198e-06,
    4.362019808468176e-06,
    7.297474894585321e-06,
    2.4729311917326413e-05,
    0.00010016487067332491,
    5.184220299270237e-06,
    8.19130873424001e-05,
    5.721167690353468e-05,
    0.0007897461182437837,
    0.0005369530408643186,
    0.0005612637614831328,
    0.00054301688214764,
    0.00035028057754971087,
    2.747907092270907e-05,
    1.218552188220201e-05,
    0.00012570082617457956,
    3.05866269627586e-05,
    8.182178135029972e-06,
    4.587191142491065e-06,
    4.002532023150707e-06,
    5.3474386731977575e-06,
    1.1706800250976812e-05,
    7.642338459845632e-05,
    8.660751404931943e-08,
    1.2436113649982872e-07,
    1.5604675240865618e-07,
    1.8326700512716343e-07,
    2.0693150304396113e-07,
    2.278164288327389e-07,
    2.4610523041701526e-07,
    2.6217762183478044e-07,
    2.763575821518316e-07,
    2.888754409013927e-07,
    0.0009082682081498206,
    0.0010305152973160148,
    0.00048037717351689935,
    0.00041204423177987337,
    0.00013296821271069348,
    7.294199895113707e-05,
    1.7231224774150178e-05,
    4.012497356598033e-06,
    5.6987305470102e-06,
    0.0003985903749708086,
    0.00043774835648946464,
    0.00042196037247776985,
    0.00022838993754703552,
    3.493137046461925e-05
  ],
  "J": 64
}