{
  "mu": [
    0.0,
    -0.4184917211532593,
    -0.24083252251148224,
    -0.24010933935642242,
    -0.0005472528864629567,
    -0.0005164410104043782,
    -0.000490926147904247,
    -0.0004712525987997651,
    -0.0004588085284922272,
    -0.00045524482266046107,
    -0.00046252121683210135,
    -0.0004829656973015517,
    -0.0005190963274799287,
    -0.0005750734708271921,
    -0.0007447564275935292,
    -5.221293758950196e-05,
    -0.000418589886976406,
    -0.0009938323637470603,
    -0.001538262004032731,
    -0.0021032579243183136,
    -0.0027589628007262945,
    -0.0035508074797689915,
    -0.0045056575909256935,
    -0.005635677836835384,
    -0.006939037702977657,
    -0.008412414230406284,
    -0.010040812194347382,
    -0.010290668345987797,
    -0.008662239648401737,
    -0.007162760943174362,
    -0.0058309100568294525,
    -0.004672151990234852,
    -0.003689927514642477,
    -0.002873622812330723,
    -0.002198685659095645,
    -0.001623588497750461,
    -0.0010816477006301284,
    -0.000507137447129935,
    -8.325118687935174e-05,
    1.0092499906022567e-05,
    -0.0005747664254158735,
    -0.0005254795541986823,
    -0.0004871015844400972,
    -0.000464413984445855,
    -0.00045521583524532616,
    -0.00045723418588750064,
    -0.00046845144242979586,
    -0.00048718234756961465,
    -0.0005121019785292447,
    -0.0005429467419162393,
    0.2322908341884613,
    0.232792466878891,
    0.23344776034355164,
    0.23415584862232208,
    0.23453322052955627,
    0.23517337441444397,
    0.38517677783966064,
    0.7837550640106201,
    0.5687141418457031,
    0.2345365732908249,
    0.23457998037338257,
    0.2346177101135254,
    0.23464573919773102,
    0.23466052114963531
  ],
  "sigma2": [
    0.0021416805684566498,
    0.0024759231600910425,
    0.0016853335546329618,
    0.001657498418353498,
    0.0017426509875804186,
    0.0016984991962090135,
    0.0016595569904893637,
    0.0016275234520435333,
    0.0016053724102675915,
    0.0015963525511324406,
    0.0016036799643188715,
    0.0016301898285746574,
    0.0016775843687355518,
    0.0017449849983677268,
    0.0018594639841467142,
    0.0005689064273610711,
    0.0015971725806593895,
    0.0022166024427860975,
    0.0025339042767882347,
    0.002741158939898014,
    0.0028985021635890007,
    0.0030227405950427055,
    0.0031184086110442877,
    0.003187300404533744,
    0.003231410402804613,
    0.003254435257986188,
    0.0032619705889374018,
    0.0032622364815324545,
    0.003256433177739382,
    0.0032363510690629482,
    0.0031958259642124176,
    0.003130954224616289,
    0.0030396124348044395,
    0.0029200322460383177,
    0.0027684366796165705,
    0.0025713294744491577,
    0.002279308158904314,
    0.001728213275782764,
    0.0007257999386638403,
    0.0001451509742764756,
    0.0017564601730555296,
    0.0016863689525052905,
    0.0016356348060071468,
    0.0016059372574090958,
    0.0015957435825839639,
    0.0016024584183469415,
    0.0016228815075010061,
    0.0016537602059543133,
    0.0016921961214393377,
    0.001736806589178741,
    0.0017675337148830295,
    0.0018099854933097959,
    0.0018525441410019994,
    0.0018923142924904823,
    0.001924313954077661,
    0.0019636305514723063,
    0.0019911902491003275,
    0.0021176994778215885,
    0.0020406225230544806,
    0.0019511478021740913,
    0.001955171348527074,
    0.001958282897248864,
    0.001960447756573558,
    0.001961959060281515
  ],
  "pi": [
    0.9900000095367432,
    7.083382570272079e-06,
    2.1674088202416897e-05,
    2.0315803340054117e-05,
    3.540832267390215e-06,
    3.581564214982791e-06,
    3.5573523291532183e-06,
    3.4874076391133713e-06,
    3.3691917451506015e-06,
    3.192940994267701e-06,
    2.945368805740145e-06,
    2.6113862077181693e-06,
    2.1739667772635585e-06,
    1.6059663039413863e-06,
    1.0983210358972428e-06,
    0.0003257503267377615,
    4.7070720029296353e-05,
    2.2049422113923356e-05,
    1.5784002243890427e-05,
    1.3293431948113721e-05,
    1.201631675940007e-05,
    1.1246357644267846e-05,
    1.0733264389273245e-05,
    1.0376178579463158e-05,
    1.0134600415767636e-05,
    9.99240182864014e-06,
    9.937614777300041e-06,
    9.935230082191993e-06,
    9.978316484193783e-06,
    1.0105519322678447e-05,
    1.0330567420169245e-05,
    1.0667464266589377e-05,
    1.1150996215292253e-05,
    1.1868652109114919e-05,
    1.303611043113051e-05,
    1.5244077076204121e-05,
    2.053094794973731e-05,
    3.970209581893869e-05,
    0.00020863722602371126,
    0.008940971456468105,
    1.4982678067099187e-06,
    2.091598844344844e-06,
    2.547254098317353e-06,
    2.8961255793547025e-06,
    3.155998001602711e-06,
    3.3420021736674244e-06,
    3.46768001691089e-06,
    3.5429332001513103e-06,
    3.569739874365041e-06,
    3.5226644286012743e-06,
    6.139909601188265e-06,
    6.205991212482331e-06,
    5.96456720813876e-06,
    5.59473710382008e-06,
    5.405165211413987e-06,
    5.120270088809775e-06,
    5.028930900152773e-06,
    3.7587749375234125e-06,
    4.456941496755462e-06,
    6.376802048180252e-06,
    6.381863386195619e-06,
    6.383142135746311e-06,
    6.383799245668342e-06,
    6.384106654877542e-06
  ],
  "J": 64
}