{
  "mu": [
    0.0,
    -0.6826510429382324,
    -0.018242258578538895,
    -0.04610526189208031,
    -0.12233760207891464,
    -0.12160539627075195,
    -0.12038515508174896,
    -0.1181303858757019,
    -0.11356104165315628,
    -0.10477375239133835,
    -0.09587042033672333,
    -0.09150038659572601,
    -0.08926646411418915,
    -0.0876019299030304,
    -0.0831020399928093,
    -0.12338413298130035,
    -0.15492309629917145,
    -0.155698761343956,
    -0.15524859726428986,
    -0.15305408835411072,
    -0.23302994668483734,
    -0.2330676019191742,
    -0.512679398059845,
    -0.2716655731201172,
    -0.31540924310684204,
    -0.12539584934711456,
    -0.08579672127962112,
    -0.08576484769582748,
    -0.16322866082191467,
    -0.1983099728822708,
    -0.3682001829147339,
    -0.4307869076728821,
    -0.23306532204151154,
    -0.23304209113121033,
    -0.15249039232730865,
    -0.15508511662483215,
    -0.15567733347415924,
    -0.15532240271568298,
    -0.12351636588573456,
    -0.039745885878801346,
    -0.08734296262264252,
    -0.08898875117301941,
    -0.09106516093015671,
    -0.09494615346193314,
    -0.1032063439488411,
    -0.1125791072845459,
    -0.11769069731235504,
    -0.12018312513828278,
    -0.12151462584733963,
    -0.122311532497406,
    0.018438024446368217,
    0.045787263661623,
    0.0839623510837555,
    0.16482964158058167,
    0.24442477524280548,
    0.28697097301483154,
    0.4232670068740845,
    0.8354252576828003,
    0.5627768635749817,
    0.11660655587911606,
    0.08398451656103134,
    0.13215337693691254,
    0.20287373661994934,
    0.34249347448349
  ],
  "sigma2": [
    1.7270309626837843e-06,
    0.001783748622983694,
    8.365221583517268e-05,
    0.0002767718688119203,
    0.00040160800563171506,
    0.0004016078310087323,
    0.0004016074526589364,
    0.00040160704520531,
    0.0004016062885057181,
    0.0004016062885057181,
    0.0004016064922325313,
    0.00040160593925975263,
    0.00040160573553293943,
    0.0004016064922325313,
    0.00040160532807931304,
    0.0004015863814856857,
    0.00040158582851290703,
    0.0004016020684503019,
    0.0004016017192043364,
    0.0004015771846752614,
    0.000400724820792675,
    0.0003986267256550491,
    0.0004793492262251675,
    0.00040712032932788134,
    0.0004094393807463348,
    0.0004054629534948617,
    0.00039740087231621146,
    0.00039715919410809875,
    0.0004078851779922843,
    0.0004002141940873116,
    0.00041995340143330395,
    0.00043549822294153273,
    0.0003979771863669157,
    0.0004005494702141732,
    0.00040156743489205837,
    0.00040160014759749174,
    0.0004016024759039283,
    0.000401591561967507,
    0.0004016078310087323,
    0.0001823195198085159,
    0.0004016060847789049,
    0.0004016060847789049,
    0.00040160593925975263,
    0.0004016064922325313,
    0.0004016066959593445,
    0.0004016060847789049,
    0.00040160687058232725,
    0.0004016074526589364,
    0.0004016076272819191,
    0.00040160800563171506,
    8.700503531144932e-05,
    0.00027271773433312774,
    0.0003888542705681175,
    0.0003972710983362049,
    0.0004099080106243491,
    0.0004078791243955493,
    0.00046969240065664053,
    0.0027056473772972822,
    0.0005584619357250631,
    0.0004012577119283378,
    0.0003898990398738533,
    0.00040330388583242893,
    0.0004070058057550341,
    0.0004370549286250025
  ],
  "pi": [
    0.9900000095367432,
    3.2057807857199805e-06,
    0.0009519754094071686,
    0.001053841202519834,
    2.896196917845373e-07,
    2.775082350581215e-07,
    2.6372256911599834e-07,
    2.480593650489027e-07,
    2.3023535788979643e-07,
    2.099321818604949e-07,
    1.8681392077724013e-07,
    1.6025143168008071e-07,
    1.2943294791512017e-07,
    9.289450275673516e-08,
    5.665426172640764e-08,
    1.4469816051132511e-05,
    5.785675057268236e-06,
    4.074361640959978e-06,
    4.34304638474714e-06,
    7.259387984959176e-06,
    2.0241343008819968e-05,
    6.903910252731293e-05,
    5.259165845927782e-06,
    0.00011734766303561628,
    5.926155063207261e-05,
    0.0008092137868516147,
    0.000556661922018975,
    0.0005817949422635138,
    0.0005382962408475578,
    0.0003455490223132074,
    2.6972074920195155e-05,
    1.1547123904165346e-05,
    8.438614167971537e-05,
    2.4284099708893336e-05,
    8.137001714203507e-06,
    4.566937604977284e-06,
    3.9859864955360536e-06,
    5.326050541043514e-06,
    1.1668017577903811e-05,
    7.497485785279423e-05,
    8.632196113467216e-08,
    1.2395938142617524e-07,
    1.555558242216648e-07,
    1.827258273578991e-07,
    2.0633915198686736e-07,
    2.2706119295889948e-07,
    2.452671310493315e-07,
    2.6127926844310423e-07,
    2.7541116764950857e-07,
    2.878859106658638e-07,
    0.0009497396531514823,
    0.000999533454887569,
    0.0004708197375293821,
    0.0004211406921967864,
    0.00014358313637785614,
    7.633808854734525e-05,
    1.615608562133275e-05,
    4.084434294782113e-06,
    5.478659659274854e-06,
    0.0003690031880978495,
    0.00042960289283655584,
    0.00040622640517540276,
    0.0002638441219460219,
    3.678517532534897e-05
  ],
  "J": 64
}