{
  "mu": [
    0.0,
    -0.5749499201774597,
    -0.48277732729911804,
    -0.3083665072917938,
    -0.017468005418777466,
    -0.00962824746966362,
    -0.007492437027394772,
    -0.006289123557507992,
    -0.0053650988265872,
    -0.004601357504725456,
    -0.004007312469184399,
    -0.003643038682639599,
    -0.003681126981973648,
    -0.00506055960431695,
    -0.0037059166934341192,
    -0.00039887084858492017,
    -0.0004736291302833706,
    -0.000543855014257133,
    -0.0005929223261773586,
    -0.0006246931152418256,
    -0.0006476819980889559,
    -0.000665561412461102,
    -0.0006795609369874001,
    -0.0006897132261656225,
    -0.0006960651371628046,
    -0.0007027536048553884,
    -0.0007046099053695798,
    -0.0007050466374494135,
    -0.0007037165923975408,
    -0.0006969238165766001,
    -0.0006909467047080398,
    -0.0006814348744228482,
    -0.0006680229562334716,
    -0.0006507990183308721,
    -0.0006287702126428485,
    -0.0005988029297441244,
    -0.0005532419309020042,
    -0.0004853810532949865,
    -0.00040986205567605793,
    -0.0003544140490703285,
    0.004546077456325293,
    0.002579177264124155,
    0.002432044828310609,
    0.0027446297463029623,
    0.0032984898425638676,
    0.004027404822409153,
    0.004920719191431999,
    0.00609968276694417,
    0.008263742551207542,
    0.017318684607744217,
    0.34718841314315796,
    0.49607035517692566,
    0.5447967052459717,
    0.5740225911140442,
    0.5994465947151184,
    0.6356220245361328,
    0.7153635621070862,
    0.7962596416473389,
    0.7632980346679688,
    0.5535874962806702,
    0.5291218757629395,
    0.5250621438026428,
    0.5236125588417053,
    0.5230752825737
  ],
  "sigma2": [
    0.009032734669744968,
    0.008494926616549492,
    0.00834511499851942,
    0.008309743367135525,
    0.0080557307228446,
    0.007762373890727758,
    0.007515762932598591,
    0.007299700751900673,
    0.00712193176150322,
    0.006996441166847944,
    0.006938893347978592,
    0.006965563166886568,
    0.007094626314938068,
    0.0073654442094266415,
    0.0074325911700725555,
    0.003220290644094348,
    0.004190452862530947,
    0.005349799524992704,
    0.006353792268782854,
    0.007155410014092922,
    0.007802105508744717,
    0.008323746733367443,
    0.008732711896300316,
    0.009034987539052963,
    0.009235826320946217,
    0.009345399215817451,
    0.009383014403283596,
    0.00938446819782257,
    0.009355435147881508,
    0.009258940815925598,
    0.00907348096370697,
    0.008787528611719608,
    0.008395728655159473,
    0.007892505265772343,
    0.00726679852232337,
    0.006492730230093002,
    0.005523235071450472,
    0.004371956456452608,
    0.0033500068821012974,
    0.0027438788674771786,
    0.007429026532918215,
    0.007125396281480789,
    0.006977420300245285,
    0.006936071440577507,
    0.00698157399892807,
    0.0070982095785439014,
    0.007270295638591051,
    0.007484073750674725,
    0.007733069825917482,
    0.008041189052164555,
    0.008257784880697727,
    0.008326984941959381,
    0.008444096893072128,
    0.008558347821235657,
    0.008657790720462799,
    0.008739889599382877,
    0.00880450289696455,
    0.008855191990733147,
    0.008886696770787239,
    0.008905697613954544,
    0.008918548002839088,
    0.008929790928959846,
    0.008938314393162727,
    0.008944620378315449
  ],
  "pi": [
    0.9900000095367432,
    1.5445109966094606e-05,
    1.5259100109688006e-05,
    1.488729685661383e-05,
    1.6969695934676565e-05,
    1.8131690012523904e-05,
    1.8883640223066323e-05,
    1.9473180145723745e-05,
    1.9957476979470812e-05,
    2.0314813809818588e-05,
    2.04439402295975e-05,
    2.0111128833377734e-05,
    1.8808324966812506e-05,
    1.5347130101872608e-05,
    1.4331200873130001e-05,
    0.001509845838882029,
    0.0007349910447373986,
    0.0003463833418209106,
    0.00021612687851302326,
    0.0001642542047193274,
    0.0001381116744596511,
    0.0001227918837685138,
    0.0001130434829974547,
    0.00010666966409189627,
    0.00010265471792081371,
    0.00010045925591839477,
    9.967156802304089e-05,
    9.963913907995448e-05,
    0.00010025205847341567,
    0.00010219339310424402,
    0.00010588975419523194,
    0.00011183935566805303,
    0.0001209465553984046,
    0.00013514359307009727,
    0.00015896560216788203,
    0.00020485863205976784,
    0.00031535979360342026,
    0.0006452262168750167,
    0.0013672284549102187,
    0.0021257309708744287,
    1.4387662304216065e-05,
    1.8411024939268827e-05,
    1.9952338334405795e-05,
    2.0395751562318765e-05,
    2.0318724637036212e-05,
    1.9984016034868546e-05,
    1.9506636817823164e-05,
    1.8912180166807957e-05,
    1.8135004211217165e-05,
    1.6861731637618504e-05,
    1.4834865396551322e-05,
    1.5146843907132279e-05,
    1.5316389180952683e-05,
    1.5414016161230393e-05,
    1.5474617612198927e-05,
    1.5514095139224082e-05,
    1.554526897962205e-05,
    1.5577265003230423e-05,
    1.5584510038024746e-05,
    1.5598880054312758e-05,
    1.5612997231073678e-05,
    1.5620495105395094e-05,
    1.5625355445081368e-05,
    1.5628713299520314e-05
  ],
  "J": 64
}