{
  "mu": [
    0.0,
    -0.4929044842720032,
    -0.42310631275177,
    -0.3567841649055481,
    -0.29801467061042786,
    -0.24991165101528168,
    -0.21166303753852844,
    -0.18062223494052887,
    -0.15450656414031982,
    -0.1319247931241989,
    -0.11222813278436661,
    -0.09531717747449875,
    -0.0817328616976738,
    -0.07439213991165161,
    -0.043940480798482895,
    -0.000528282776940614,
    -0.0005384140531532466,
    -0.0005455318605527282,
    -0.0005489061586558819,
    -0.000551467586774379,
    -0.0005544075393117964,
    -0.0005571662331931293,
    -0.0005595594993792474,
    -0.0005617616698145866,
    -0.0005632286774925888,
    -0.0005620450247079134,
    -0.000559976149816066,
    -0.0005606225458905101,
    -0.0005615178379230201,
    -0.0005632731481455266,
    -0.0005620786687359214,
    -0.0005599209107458591,
    -0.0005575648974627256,
    -0.0005548415356315672,
    -0.0005512451170943677,
    -0.0005459219682961702,
    -0.0005393695319071412,
    -0.0005340396892279387,
    -0.0005293925059959292,
    -0.0005248139495961368,
    0.07381483912467957,
    0.07913747429847717,
    0.09206227213144302,
    0.10855221748352051,
    0.1279180943965912,
    0.15022654831409454,
    0.17614491283893585,
    0.2071985900402069,
    0.2460988461971283,
    0.29642802476882935,
    0.3596627116203308,
    0.43056240677833557,
    0.5003677010536194,
    0.5631111264228821,
    0.6155343055725098,
    0.6558934450149536,
    0.6834797263145447,
    0.6986045837402344,
    0.7032644748687744,
    0.701484203338623,
    0.6976938843727112,
    0.6945239901542664,
    0.6926274299621582,
    0.6918286681175232
  ],
  "sigma2": [
    0.019450800493359566,
    0.01875123381614685,
    0.018655212596058846,
    0.018577871844172478,
    0.018501482903957367,
    0.01838008314371109,
    0.01818111352622509,
    0.01790611445903778,
    0.017582928761839867,
    0.017254507169127464,
    0.016971027478575706,
    0.016784196719527245,
    0.016745928674936295,
    0.01694021373987198,
    0.016361145302653313,
    0.011526977643370628,
    0.01253837812691927,
    0.0135049382224679,
    0.014415876008570194,
    0.015259146690368652,
    0.01601996086537838,
    0.016682639718055725,
    0.017231658101081848,
    0.017654884606599808,
    0.017945827916264534,
    0.018109265714883804,
    0.0181667972356081,
    0.0181691013276577,
    0.018124520778656006,
    0.01798001118004322,
    0.017709970474243164,
    0.017307352274656296,
    0.016777539625763893,
    0.016131872311234474,
    0.015385382808744907,
    0.014554215595126152,
    0.013653174974024296,
    0.012695073150098324,
    0.011690625920891762,
    0.01102883368730545,
    0.01701178029179573,
    0.016759764403104782,
    0.016769414767622948,
    0.016937468200922012,
    0.01721061021089554,
    0.017537202686071396,
    0.01786547526717186,
    0.018149282783269882,
    0.018355410546064377,
    0.01847582869231701,
    0.01854260452091694,
    0.01860959641635418,
    0.018701300024986267,
    0.018808092921972275,
    0.018915416672825813,
    0.019014548510313034,
    0.019100910052657127,
    0.01917283609509468,
    0.019229944795370102,
    0.019273824989795685,
    0.019306594505906105,
    0.019330505281686783,
    0.019347650930285454,
    0.019359704107046127
  ],
  "pi": [
    0.9900000095367432,
    3.56147502316162e-05,
    3.5494056646712124e-05,
    3.544104765751399e-05,
    3.549665416358039e-05,
    3.567048770491965e-05,
    3.5936311178375036e-05,
    3.62581413355656e-05,
    3.660372749436647e-05,
    3.6934856325387955e-05,
    3.717696381499991e-05,
    3.714389822562225e-05,
    3.6298297345638275e-05,
    3.260597077314742e-05,
    5.1765950047411025e-05,
    0.0006466042250394821,
    0.0005065019940957427,
    0.00041690608486533165,
    0.0003573702706489712,
    0.0003165071830153465,
    0.0002876346989069134,
    0.00026683585019782186,
    0.00025183294201269746,
    0.00024129044322762638,
    0.00023441211669705808,
    0.00023062368563842028,
    0.00022928437101654708,
    0.00022923054348211735,
    0.00023026717826724052,
    0.0002336128818569705,
    0.00023996208619792014,
    0.0002498755056876689,
    0.00026409243582747877,
    0.0002838388318195939,
    0.00031120565836317837,
    0.00034977911855094135,
    0.0004056914185639471,
    0.00048935686936602,
    0.0006191973225213587,
    0.0007281232392415404,
    3.120578548987396e-05,
    3.5927405406255275e-05,
    3.7026798963779584e-05,
    3.7144483940210193e-05,
    3.693222242873162e-05,
    3.6609009839594364e-05,
    3.6260658816900104e-05,
    3.5929246223531663e-05,
    3.5649656638270244e-05,
    3.5464545362628996e-05,
    3.541241676430218e-05,
    3.5485623811837286e-05,
    3.562610436347313e-05,
    3.5775607102550566e-05,
    3.590216874727048e-05,
    3.599612318794243e-05,
    3.6060650018043816e-05,
    3.610353451222181e-05,
    3.61325110134203e-05,
    3.615276000346057e-05,
    3.61675483873114e-05,
    3.617835318436846e-05,
    3.6186229408485815e-05,
    3.61919155693613e-05
  ],
  "J": 64
}