{
  "mu": [
    0.0,
    -0.5304601788520813,
    -0.03187509998679161,
    -0.06143280491232872,
    -0.09745850414037704,
    -0.09663297981023788,
    -0.09583857655525208,
    -0.09503639489412308,
    -0.09420186281204224,
    -0.09330865740776062,
    -0.09230682253837585,
    -0.09111294150352478,
    -0.08955980837345123,
    -0.08725553750991821,
    -0.07868541777133942,
    -0.0986863300204277,
    -0.14398406445980072,
    -0.1535569280385971,
    -0.15534599125385284,
    -0.15952730178833008,
    -0.17502397298812866,
    -0.174735426902771,
    -0.3834203779697418,
    -0.16467773914337158,
    -0.20039500296115875,
    -0.11305291205644608,
    -0.09832551330327988,
    -0.08781097084283829,
    -0.13033892214298248,
    -0.15086892247200012,
    -0.24613063037395477,
    -0.3069687485694885,
    -0.17276327311992645,
    -0.17917928099632263,
    -0.16067983210086823,
    -0.15567488968372345,
    -0.1538112461566925,
    -0.14647848904132843,
    -0.11176963150501251,
    -0.02120204269886017,
    -0.08679179102182388,
    -0.08925949782133102,
    -0.09089894592761993,
    -0.09213804453611374,
    -0.09316603094339371,
    -0.09407653659582138,
    -0.09492415189743042,
    -0.09573884308338165,
    -0.09654898196458817,
    -0.09740499407052994,
    0.03030623123049736,
    0.05815375596284866,
    0.06722728163003922,
    0.1295253336429596,
    0.177297443151474,
    0.21857714653015137,
    0.3543342351913452,
    0.7582950592041016,
    0.4933058023452759,
    0.08280052989721298,
    0.10247648507356644,
    0.1024600937962532,
    0.1450686901807785,
    0.2740674614906311
  ],
  "sigma2": [
    1.5398249161080457e-05,
    0.002620574552565813,
    0.00010930396092589945,
    0.00027306724223308265,
    0.00040161493234336376,
    0.0004016151069663465,
    0.00040161528158932924,
    0.00040161528158932924,
    0.00040161568904295564,
    0.00040161568904295564,
    0.00040161589276976883,
    0.0004016162420157343,
    0.0004016164457425475,
    0.00040161682409234345,
    0.00040160954813472927,
    0.0004031173884868622,
    0.0004035428282804787,
    0.0004018783220089972,
    0.0004017279134131968,
    0.00040168288978748024,
    0.0004017012834083289,
    0.00040157471084967256,
    0.0005168553325347602,
    0.00040152377914637327,
    0.0003990797558799386,
    0.0004028533585369587,
    0.00040227899444289505,
    0.0004007257812190801,
    0.0004009404219686985,
    0.00040247701690532267,
    0.0004523949755821377,
    0.0004751634842250496,
    0.00040153926238417625,
    0.0004017039609607309,
    0.00040167715633288026,
    0.00040171737782657146,
    0.00040183443343266845,
    0.0004028781258966774,
    0.00041473517194390297,
    3.478447979432531e-05,
    0.00040161682409234345,
    0.0004016164457425475,
    0.0004016162420157343,
    0.00040161589276976883,
    0.00040161568904295564,
    0.00040161568904295564,
    0.00040161548531614244,
    0.00040161528158932924,
    0.0004016151069663465,
    0.00040161493234336376,
    0.00010113312600878999,
    0.0002716312010306865,
    0.000364902924047783,
    0.0004038275219500065,
    0.00038381520425900817,
    0.0004602355766110122,
    0.000596710538957268,
    0.0027153484988957644,
    0.0006437443662434816,
    0.0004030626150779426,
    0.0003928105579689145,
    0.0003926216159015894,
    0.00040230914601124823,
    0.0005379493231885135
  ],
  "pi": [
    0.9900000095367432,
    8.667858310218435e-06,
    0.0008584397728554904,
    0.0012898738496005535,
    2.9838005843885185e-07,
    2.8601002100003825e-07,
    2.7192282914256793e-07,
    2.5591407393221743e-07,
    2.3767890411363624e-07,
    2.1683919726456224e-07,
    1.9298883557894442e-07,
    1.6554189130602026e-07,
    1.337030539616535e-07,
    9.595844829846101e-08,
    5.8549911585714653e-08,
    1.4890107195242308e-05,
    5.937316473136889e-06,
    4.162643563176971e-06,
    4.410501333040884e-06,
    7.243078925966984e-06,
    1.6690184565959498e-05,
    4.4519954826682806e-05,
    1.692904879746493e-05,
    0.00018733103934209794,
    0.00030418604728765786,
    0.0004315520345699042,
    0.0005616447306238115,
    0.0005824763793498278,
    0.000454967055702582,
    0.00031843731994740665,
    0.00014472886687144637,
    5.0715541874524206e-05,
    5.1527189498301595e-05,
    1.9415463611949235e-05,
    8.085089575615712e-06,
    4.630111106962431e-06,
    4.069988790433854e-06,
    5.460617103381082e-06,
    1.1973565960943233e-05,
    6.641707295784727e-05,
    8.916885718690537e-08,
    1.280497627931254e-07,
    1.6069064656676346e-07,
    1.8876562535297126e-07,
    2.1313849174475763e-07,
    2.3442441943188896e-07,
    2.530546510115528e-07,
    2.694210081699566e-07,
    2.838606008026545e-07,
    2.9659952360816533e-07,
    0.000851040764246136,
    0.0007700113928876817,
    0.0004184660501778126,
    0.0003046106139663607,
    0.0002961189311463386,
    0.00019668058666866273,
    2.757613947323989e-05,
    5.121069079905283e-06,
    6.933883469173452e-06,
    0.0003936460998374969,
    0.00038470423896797,
    0.0003873749228660017,
    0.00038994374335743487,
    8.405801781918854e-05
  ],
  "J": 64
}