{
  "mu": [
    0.0,
    -0.5901469588279724,
    -0.020451711490750313,
    -0.05125734955072403,
    -0.09494110196828842,
    -0.09467416256666183,
    -0.09436912834644318,
    -0.09401701390743256,
    -0.09360574930906296,
    -0.09311725944280624,
    -0.09251458197832108,
    -0.09172941744327545,
    -0.09061525017023087,
    -0.08880389481782913,
    -0.08076156675815582,
    -0.09468904137611389,
    -0.1470968872308731,
    -0.16018275916576385,
    -0.16276486217975616,
    -0.16745202243328094,
    -0.1909504532814026,
    -0.1846577674150467,
    -0.42256391048431396,
    -0.19644498825073242,
    -0.2325027585029602,
    -0.12522085011005402,
    -0.08977904170751572,
    -0.08960351347923279,
    -0.13303886353969574,
    -0.166788712143898,
    -0.2846134901046753,
    -0.34671247005462646,
    -0.16698119044303894,
    -0.190668523311615,
    -0.1703534871339798,
    -0.16323146224021912,
    -0.16050885617733002,
    -0.1511622816324234,
    -0.10865489393472672,
    -0.01734236441552639,
    -0.08842046558856964,
    -0.0903891921043396,
    -0.09158185869455338,
    -0.09240776300430298,
    -0.09303484857082367,
    -0.09353987127542496,
    -0.09396400302648544,
    -0.09432686120271683,
    -0.0946420282125473,
    -0.09492030739784241,
    0.0194637943059206,
    0.047470249235630035,
    0.0835108757019043,
    0.1267164647579193,
    0.2031199187040329,
    0.25039440393447876,
    0.3900894522666931,
    0.7889058589935303,
    0.5221157073974609,
    0.08988972753286362,
    0.08356660604476929,
    0.12671704590320587,
    0.16445298492908478,
    0.31101831793785095
  ],
  "sigma2": [
    3.906005531462142e-06,
    0.00208846153691411,
    8.164151222445071e-05,
    0.00029098367667756975,
    0.0004016072489321232,
    0.00040160687058232725,
    0.00040160687058232725,
    0.0004016064922325313,
    0.0004016062885057181,
    0.00040160573553293943,
    0.00040160457137972116,
    0.00040160419302992523,
    0.00040160477510653436,
    0.00040160593925975263,
    0.0004016078310087323,
    0.0004015992162749171,
    0.0004016763705294579,
    0.00040154519956558943,
    0.0004015235754195601,
    0.00040147933759726584,
    0.0004016259917989373,
    0.00040192046435549855,
    0.0004972618189640343,
    0.00039969850331544876,
    0.0004314350662752986,
    0.00039807663415558636,
    0.00039063894655555487,
    0.0003900173178408295,
    0.0004052211588714272,
    0.00039501304854638875,
    0.0004444406076800078,
    0.0004611443728208542,
    0.0004005857335869223,
    0.00040161589276976883,
    0.00040152992005459964,
    0.00040151667781174183,
    0.0004015434824395925,
    0.00040163847734220326,
    0.000402190227760002,
    5.9574671467998996e-05,
    0.0004016060847789049,
    0.00040160436765290797,
    0.0004016038146801293,
    0.00040160457137972116,
    0.00040160553180612624,
    0.0004016060847789049,
    0.0004016064922325313,
    0.0004016066959593445,
    0.00040160687058232725,
    0.0004016072489321232,
    7.269751222338527e-05,
    0.000255585735430941,
    0.0003972410049755126,
    0.00039039371768012643,
    0.00042915489757433534,
    0.00043948288657702506,
    0.00046468470827676356,
    0.0027051663491874933,
    0.000612882140558213,
    0.00040497255395166576,
    0.00039784208638593554,
    0.0003874313842970878,
    0.0003947912191506475,
    0.0004645816807169467
  ],
  "pi": [
    0.9900000095367432,
    4.995242306904402e-06,
    0.0008370541036128998,
    0.0012317916844040155,
    3.0716287824361643e-07,
    2.944284176464862e-07,
    2.7992578566227166e-07,
    2.63444405845803e-07,
    2.446714688630891e-07,
    2.2321333403851895e-07,
    1.9865959188791749e-07,
    1.7040389366229647e-07,
    1.376255909235624e-07,
    9.876855955326391e-08,
    6.02390741732961e-08,
    1.5329376765294e-05,
    6.11333416600246e-06,
    4.290904143999796e-06,
    4.5520341700466815e-06,
    7.504459972551558e-06,
    1.7466838471591473e-05,
    4.724626705865376e-05,
    1.107436946767848e-05,
    0.0002051608607871458,
    0.0002084828302031383,
    0.000454581604572013,
    0.0006145070074126124,
    0.0006374905351549387,
    0.00047993435873650014,
    0.0003457576676737517,
    8.018069638637826e-05,
    2.831694291671738e-05,
    5.503997454070486e-05,
    2.036256955761928e-05,
    8.384426109842025e-06,
    4.780328254128108e-06,
    4.195922883809544e-06,
    5.623561719403369e-06,
    1.2323262126301415e-05,
    7.542232924606651e-05,
    9.177918514069461e-08,
    1.3180505220589112e-07,
    1.6540921876639914e-07,
    1.9431210773745988e-07,
    2.1940385863672418e-07,
    2.413207766949199e-07,
    2.605008262435149e-07,
    2.7734981244975643e-07,
    2.9221570230220095e-07,
    3.053298769373214e-07,
    0.0008701412007212639,
    0.0009885358158499002,
    0.0004055822500959039,
    0.00031673884950578213,
    0.00023329212854150683,
    0.00012815531226806343,
    1.713370693323668e-05,
    4.577505478664534e-06,
    6.007542197039584e-06,
    0.000379924284061417,
    0.0003719686937984079,
    0.0003969823010265827,
    0.00040051917312666774,
    4.801940667675808e-05
  ],
  "J": 64
}