{
  "mu": [
    0.0,
    -0.5049368143081665,
    -0.4667060673236847,
    -0.4297884404659271,
    -0.39453616738319397,
    -0.36110126972198486,
    -0.32945987582206726,
    -0.2994864284992218,
    -0.2710134983062744,
    -0.24390201270580292,
    -0.21810436248779297,
    -0.1937420815229416,
    -0.17132972180843353,
    -0.15313051640987396,
    -0.11020346730947495,
    -0.032193832099437714,
    -0.023378219455480576,
    -0.01569678820669651,
    -0.009512592107057571,
    -0.005000247620046139,
    -0.0021936811972409487,
    -0.0008839127840474248,
    -0.0005335148307494819,
    -0.0005057153175584972,
    -0.0005056779482401907,
    -0.0005058107199147344,
    -0.0005075002554804087,
    -0.0005067799938842654,
    -0.0005064301658421755,
    -0.0005055661895312369,
    -0.0005057553062215447,
    -0.0004886820679530501,
    -0.0002234827697975561,
    0.0008964084554463625,
    0.0034511820413172245,
    0.007700482849031687,
    0.013640091754496098,
    0.02111867442727089,
    0.02981610968708992,
    0.04808079078793526,
    0.1505005806684494,
    0.16724933683872223,
    0.18926067650318146,
    0.2134125828742981,
    0.23908066749572754,
    0.2661210298538208,
    0.2945929765701294,
    0.3246804475784302,
    0.3566322326660156,
    0.39070311188697815,
    0.4270755648612976,
    0.4657522141933441,
    0.506443440914154,
    0.5484509468078613,
    0.5906143188476562,
    0.6313729286193848,
    0.6689112186431885,
    0.7013480067253113,
    0.7269975543022156,
    0.7447899580001831,
    0.7549406886100769,
    0.7594254016876221,
    0.761325478553772,
    0.7633801102638245
  ],
  "sigma2": [
    0.028658650815486908,
    0.028099818155169487,
    0.02803022228181362,
    0.027960022911429405,
    0.027882447466254234,
    0.027786806225776672,
    0.027660392224788666,
    0.027493445202708244,
    0.027283931151032448,
    0.02704235352575779,
    0.02679334580898285,
    0.026574140414595604,
    0.026431482285261154,
    0.026437513530254364,
    0.025705354288220406,
    0.022194255143404007,
    0.022597946226596832,
    0.023119699209928513,
    0.02371945232152939,
    0.02435752935707569,
    0.024995075538754463,
    0.02559557929635048,
    0.026125352829694748,
    0.026556046679615974,
    0.02686632052063942,
    0.02704850398004055,
    0.027115629985928535,
    0.027118390426039696,
    0.027066031470894814,
    0.026903823018074036,
    0.026613647118210793,
    0.02620094269514084,
    0.025685185566544533,
    0.025093892589211464,
    0.024459879845380783,
    0.02381955459713936,
    0.02321152575314045,
    0.022675788030028343,
    0.022251907736063004,
    0.022788099944591522,
    0.026468656957149506,
    0.026423675939440727,
    0.02655000053346157,
    0.026761705055832863,
    0.027009708806872368,
    0.027255181223154068,
    0.027470622211694717,
    0.027643105015158653,
    0.02777283824980259,
    0.027868730947375298,
    0.02794390171766281,
    0.028010256588459015,
    0.02807595767080784,
    0.02814454585313797,
    0.028215281665325165,
    0.028285140171647072,
    0.028350800275802612,
    0.028409937396645546,
    0.028460511937737465,
    0.028502274304628372,
    0.028535474091768265,
    0.028560876846313477,
    0.02857968956232071,
    0.028593212366104126
  ],
  "pi": [
    0.9900000095367432,
    6.076126737752929e-05,
    6.0670736274914816e-05,
    6.05842906225007e-05,
    6.050727824913338e-05,
    6.0441947425715625e-05,
    6.0385245888028294e-05,
    6.032617966411635e-05,
    6.0242840845603496e-05,
    6.009393109707162e-05,
    5.979611523798667e-05,
    5.915520523558371e-05,
    5.761730426456779e-05,
    5.291223351377994e-05,
    8.119366248138249e-05,
    0.00040499039459973574,
    0.0003678827197290957,
    0.00034321012208238244,
    0.00032444592216052115,
    0.00030917947879061103,
    0.00029646040638908744,
    0.00028589728754013777,
    0.0002773450396489352,
    0.00027076859259977937,
    0.0002661721664480865,
    0.00026350721600465477,
    0.00026252790121361613,
    0.00026248759240843356,
    0.0002632486284710467,
    0.0002656179713085294,
    0.000269899086561054,
    0.0002761568466667086,
    0.0002843877882696688,
    0.0002946147578768432,
    0.000306956673739478,
    0.0003217469493392855,
    0.0003398002590984106,
    0.0003631555300671607,
    0.0003973415005020797,
    0.0003838708798866719,
    5.1192499086027965e-05,
    5.713208156521432e-05,
    5.8946872741216794e-05,
    5.968658661004156e-05,
    6.002773443469778e-05,
    6.0197995480848476e-05,
    6.0292713897069916e-05,
    6.035837213858031e-05,
    6.0420021327445284e-05,
    6.049078729120083e-05,
    6.057561404304579e-05,
    6.067330468795262e-05,
    6.077849684515968e-05,
    6.088378358981572e-05,
    6.098171434132382e-05,
    6.106652290327474e-05,
    6.113515701144934e-05,
    6.118727469583973e-05,
    6.122484046500176e-05,
    6.125082290964201e-05,
    6.126880180090666e-05,
    6.128136737970635e-05,
    6.129017128841951e-05,
    6.129615212557837e-05
  ],
  "J": 64
}