{
  "mu": [
    0.0,
    -0.49193841218948364,
    -0.1459924578666687,
    -0.3782905042171478,
    -0.056519679725170135,
    -0.05674126371741295,
    -0.06337026506662369,
    -0.06661916524171829,
    -0.06533702462911606,
    -0.06531886011362076,
    -0.06656451523303986,
    -0.0490778312087059,
    -0.05679160729050636,
    -0.056512992829084396,
    0.09133728593587875,
    0.32372334599494934,
    0.4326159656047821
  ],
  "sigma2": [
    1.121998684538994e-05,
    0.00023673189571127295,
    0.005680482368916273,
    0.00023436002084054053,
    0.00022041569172870368,
    0.00022042114869691432,
    0.00024388045130763203,
    0.0002226840442745015,
    0.00022143374371808022,
    0.0002214263513451442,
    0.0002225596399512142,
    0.0001958616339834407,
    0.0002204226329922676,
    0.00022041526972316206,
    0.002993053989484906,
    0.0002745185047388077,
    0.0003000086871907115
  ],
  "pi": [
    0.9990000128746033,
    1.6425952935605892e-06,
    0.0003739467647392303,
    8.434813935309649e-06,
    3.9129357531919595e-08,
    5.3997837312635966e-08,
    3.530733738443814e-05,
    3.415146693441784e-06,
    1.4762977116333786e-06,
    1.464633783143654e-06,
    3.219494374206988e-06,
    4.2625793867046013e-05,
    5.7395173058694127e-08,
    3.87126739553878e-08,
    0.0005188531358726323,
    7.273359187820461e-06,
    2.151436547137564e-06
  ],
  "J": 17
}