{
  "top1_error_pre[%]": 90.84,
  "top1_error_post[%]": 2.1100000000000008,
  "Delta[%]": -88.73,
  "|W|": 430500,
  "|W_nonzero|/|W|[%]": 5.536817653890824,
  "CR": 50.036684851698766,
  "acc_pretrain": 0.0916,
  "acc_retrain": 0.99,
  "acc_quantized": 0.9789
}