{
  "top1_error_pre[%]": 2.0499999999999963,
  "top1_error_post[%]": 4.900000000000004,
  "Delta[%]": 2.850000000000008,
  "|W|": 266200,
  "|W_nonzero|/|W|[%]": 6.573253193087904,
  "CR": 39.81379349025033,
  "acc_pretrain": 0.9795,
  "acc_retrain": 0.9814,
  "acc_quantized": 0.951
}