{
  "mu": [
    0.0,
    -0.8371421694755554,
    -0.6985458731651306,
    -0.6016196608543396,
    -0.5354582667350769,
    -0.34214067459106445,
    -0.436683714389801,
    -0.23417295515537262,
    -0.150425985455513,
    -0.14679089188575745,
    -0.08772648125886917,
    0.10613183677196503,
    0.2156948298215866,
    0.3176073431968689,
    0.4389605224132538,
    0.5587151646614075,
    0.6528168320655823
  ],
  "sigma2": [
    2.0293979105190374e-05,
    0.0004431659763213247,
    0.0003877111885230988,
    0.00037864173646084964,
    0.0003600691561587155,
    0.00017489359015598893,
    0.0002621183230075985,
    0.00024787368602119386,
    0.0002541950671002269,
    0.0004006445815321058,
    0.0002449353924021125,
    0.0007287514745257795,
    0.0002245540963485837,
    0.0003040190786123276,
    0.0003221682272851467,
    0.00036930901114828885,
    0.00039172940887510777
  ],
  "pi": [
    0.9990000128746033,
    2.0099080302315997e-06,
    3.2377308798459126e-06,
    5.7087545428657904e-06,
    1.0459893928782549e-05,
    9.015185059979558e-05,
    3.289158485131338e-05,
    7.93521903688088e-05,
    8.425740816164762e-05,
    4.217619391511107e-07,
    0.00014774723968002945,
    0.0003002060402650386,
    0.0001397646265104413,
    7.778843428241089e-05,
    1.920022077683825e-05,
    5.771416908828542e-06,
    1.0309253184459521e-06
  ],
  "J": 17
}