{
  "mu": [
    0.0,
    -0.6990533471107483,
    -0.582024335861206,
    -0.49214354157447815,
    -0.3852480947971344,
    -0.2937930226325989,
    -0.3852485120296478,
    -0.18761742115020752,
    -0.00027766497805714607,
    -0.0003676449123304337,
    -0.0002718149626161903,
    0.13384780287742615,
    0.17098698019981384,
    0.26345813274383545,
    0.35898834466934204,
    0.468296080827713,
    0.5683833956718445
  ],
  "sigma2": [
    0.0008906393777579069,
    0.0003987023956142366,
    0.00040261197136715055,
    0.0003557929303497076,
    0.00040009705116972327,
    0.00014708327944390476,
    0.0002688573149498552,
    0.0002993722155224532,
    0.0004015976737719029,
    0.0004015967424493283,
    0.0004015974991489202,
    0.00040036498103290796,
    0.0003504912310745567,
    0.0001669014891376719,
    0.00028368219500407577,
    0.0003612356085795909,
    0.000395743059925735
  ],
  "pi": [
    0.9990000128746033,
    2.7453654638520675e-06,
    9.32827970245853e-06,
    2.2295549570117146e-05,
    5.821640911563009e-07,
    0.00019559604697860777,
    7.492096483474597e-05,
    0.00018257915508002043,
    3.361499878451468e-08,
    3.8311920746991746e-08,
    3.433692441490166e-08,
    5.220212528911361e-07,
    0.00029247000929899514,
    0.00015937814896460623,
    4.390592948766425e-05,
    1.3100515388941858e-05,
    2.4696521450096043e-06
  ],
  "J": 17
}