{
  "mu": [
    0.0,
    -0.7665337920188904,
    -0.6411627531051636,
    -0.5596932768821716,
    -0.5009680986404419,
    -0.32544243335723877,
    -0.4071922302246094,
    -0.2164059281349182,
    -0.11915314942598343,
    -0.13427424430847168,
    -0.076649010181427,
    0.09843873232603073,
    0.20140132308006287,
    0.3004099130630493,
    0.4150717556476593,
    0.5276347994804382,
    0.6272789239883423
  ],
  "sigma2": [
    1.669550510996487e-05,
    0.0004617739177774638,
    0.0004053473530802876,
    0.00040041713509708643,
    0.00039006731822155416,
    0.0003238436474930495,
    0.0003481590829323977,
    0.0005105318268761039,
    0.0003971319238189608,
    0.0004061523941345513,
    0.00034279326791875064,
    0.0008981928694993258,
    0.0004614415520336479,
    0.0005167624331079423,
    0.00041577883530408144,
    0.00038844914524815977,
    0.0003918103175237775
  ],
  "pi": [
    0.9990000128746033,
    1.9451460957498057e-06,
    3.4593667805893347e-06,
    5.2431641961447895e-06,
    1.0776619092212059e-05,
    9.006888285512105e-05,
    3.286571882199496e-05,
    8.101151615846902e-05,
    5.116663305670954e-05,
    4.0935898141469806e-05,
    0.00013871023838873953,
    0.00030139126465655863,
    0.0001382967020617798,
    7.834722782718018e-05,
    1.897744368761778e-05,
    5.77120044908952e-06,
    1.0329731594538316e-06
  ],
  "J": 17
}