{
  "mu": [
    0.0,
    -0.8238233923912048,
    -0.6862505078315735,
    -0.5939562916755676,
    -0.5278661847114563,
    -0.3374207317829132,
    -0.42984768748283386,
    -0.23017165064811707,
    -0.14505141973495483,
    -0.1420164257287979,
    -0.08566790074110031,
    0.10484756529331207,
    0.2123607099056244,
    0.3141767978668213,
    0.4346082806587219,
    0.5535481572151184,
    0.6492921113967896
  ],
  "sigma2": [
    1.6324222087860107e-05,
    0.0004487152036745101,
    0.00039272947469726205,
    0.000388060201657936,
    0.0003744362329598516,
    0.00017683792975731194,
    0.00027876815875060856,
    0.00032286980422213674,
    0.00029646288021467626,
    0.00039683643262833357,
    0.0002844355767592788,
    0.0007880208431743085,
    0.0002901578845921904,
    0.0003544627979863435,
    0.0003523662162479013,
    0.0003738018567673862,
    0.0003923876502085477
  ],
  "pi": [
    0.9990000128746033,
    2.0093343664484564e-06,
    3.2388250019721454e-06,
    5.769029030489037e-06,
    1.042639087245334e-05,
    9.015975228976458e-05,
    3.2911157177295536e-05,
    7.956561603350565e-05,
    8.150637586368248e-05,
    3.3947364954656223e-06,
    0.00014730646216776222,
    0.00030016445089131594,
    0.00013960451178718358,
    7.786648347973824e-05,
    1.927238372445572e-05,
    5.772565600636881e-06,
    1.031989995681215e-06
  ],
  "J": 17
}