{
  "mu": [
    0.0,
    -0.9758071899414062,
    -0.8083774447441101,
    -0.711994469165802,
    -0.6078979969024658,
    -0.39034825563430786,
    -0.5018513798713684,
    -0.27366867661476135,
    -0.19438263773918152,
    -0.1947539746761322,
    -0.09928862005472183,
    0.11828861385583878,
    0.2472551167011261,
    0.35784611105918884,
    0.4866151213645935,
    0.618082582950592,
    0.6861686706542969
  ],
  "sigma2": [
    2.9274739063112065e-05,
    0.00039774097967892885,
    0.00038381339982151985,
    0.00037826059269718826,
    0.0003559341130312532,
    0.00019489867554511875,
    0.0002813790342770517,
    0.0002059891412500292,
    0.00020743216737173498,
    0.00040155439637601376,
    0.00017015470075421035,
    0.00012794011854566634,
    0.00016080161731224507,
    0.00020009317086078227,
    0.00031420920277014375,
    0.00036552597885020077,
    0.00039697380270808935
  ],
  "pi": [
    0.9990000128746033,
    1.95218649423623e-06,
    3.221744236725499e-06,
    5.716974101233063e-06,
    1.0476493116584606e-05,
    8.996645192382857e-05,
    3.283016485511325e-05,
    7.982289389474317e-05,
    8.462675759801641e-05,
    2.915827301830376e-10,
    0.00014801521319895983,
    0.00029987559537403286,
    0.00013988272985443473,
    7.761154847685248e-05,
    1.92080951819662e-05,
    6.160251814435469e-06,
    6.327315986709436e-07
  ],
  "J": 17
}