{
  "mu": [
    0.0,
    -0.9644730687141418,
    -0.7957146763801575,
    -0.6967549324035645,
    -0.5975438356399536,
    -0.3823701739311218,
    -0.4936107397079468,
    -0.26810112595558167,
    -0.1879647672176361,
    -0.18738853931427002,
    -0.09721127152442932,
    0.11779478937387466,
    0.24465474486351013,
    0.3545246720314026,
    0.48073580861091614,
    0.6122706532478333,
    0.6837673783302307
  ],
  "sigma2": [
    1.548979889776092e-05,
    0.0003960551111958921,
    0.00037953886203467846,
    0.00035398543695919216,
    0.0003262740501668304,
    0.00011239045124966651,
    0.00022438069572672248,
    0.00014098668179940432,
    0.00013842360931448638,
    0.00040152930887416005,
    9.744864655658603e-05,
    5.32071317138616e-05,
    9.177608444588259e-05,
    0.0001404993236064911,
    0.00028348207706585526,
    0.00035875433241017163,
    0.00039455803926102817
  ],
  "pi": [
    0.9990000128746033,
    1.9527783479134087e-06,
    3.2210539302468533e-06,
    5.762584805779625e-06,
    1.0440970982017461e-05,
    8.99912920431234e-05,
    3.283792830188759e-05,
    7.965768600115553e-05,
    8.483557030558586e-05,
    3.732258113675613e-10,
    0.00014777177420910448,
    0.00029995263321325183,
    0.0001399327884428203,
    7.763659959891811e-05,
    1.921378316183109e-05,
    6.095945536799263e-06,
    6.962620773265371e-07
  ],
  "J": 17
}