{
  "mu": [
    0.0,
    -0.9405257701873779,
    -0.7852080464363098,
    -0.6782882213592529,
    -0.586333155632019,
    -0.37356695532798767,
    -0.4837172329425812,
    -0.2619621157646179,
    -0.18143144249916077,
    -0.18085816502571106,
    -0.09557001292705536,
    0.11577863246202469,
    0.23870623111724854,
    0.3466488718986511,
    0.47221851348876953,
    0.6044511795043945,
    0.6772260665893555
  ],
  "sigma2": [
    1.555425114929676e-05,
    0.0003954942221753299,
    0.0003767675661947578,
    0.00035865887184627354,
    0.0003363361756782979,
    0.0001225843734573573,
    0.00023176816466730088,
    0.00016161367238964885,
    0.0001598760427441448,
    0.00040153085137717426,
    0.00011487469600979239,
    9.800663247006014e-05,
    9.860627324087545e-05,
    0.0001481676154071465,
    0.00028860883321613073,
    0.0003610069688875228,
    0.00039259035838767886
  ],
  "pi": [
    0.9990000128746033,
    1.953128958120942e-06,
    3.2232132980425376e-06,
    5.75681133341277e-06,
    1.0448236935189925e-05,
    9.001117723528296e-05,
    3.2843472581589594e-05,
    7.966925477376208e-05,
    8.492271444993094e-05,
    6.090076776210651e-10,
    0.00014758006727788597,
    0.00029997588717378676,
    0.00013995346671435982,
    7.765171903884038e-05,
    1.9217111912439577e-05,
    5.883417543373071e-06,
    9.09754930944473e-07
  ],
  "J": 17
}