{
  "mu": [
    0.0,
    -0.865039587020874,
    -0.7236172556877136,
    -0.6187891364097595,
    -0.5478400588035583,
    -0.34843993186950684,
    -0.4484167695045471,
    -0.24050889909267426,
    -0.15768541395664215,
    -0.15600569546222687,
    -0.08940830081701279,
    0.10957446694374084,
    0.22206027805805206,
    0.32542532682418823,
    0.44826605916023254,
    0.5686958432197571,
    0.6609669923782349
  ],
  "sigma2": [
    1.555564631416928e-05,
    0.0004119330842513591,
    0.0003826854517683387,
    0.00036533502861857414,
    0.0003360883565619588,
    0.00011341807839926332,
    0.00022159238869789988,
    0.0001582773547852412,
    0.0001478518679505214,
    0.00040139243355952203,
    0.00011750212433980778,
    0.0004972646711394191,
    0.00010101764928549528,
    0.00016530837456230074,
    0.00028519637999124825,
    0.000352196570020169,
    0.0003899350995197892
  ],
  "pi": [
    0.9990000128746033,
    1.9553519905457506e-06,
    3.2256587019219296e-06,
    5.912223514314974e-06,
    1.0313916391169187e-05,
    9.011912334244698e-05,
    3.288503285148181e-05,
    7.953828753670678e-05,
    8.51431759656407e-05,
    2.3205194210618174e-08,
    0.0001471037248848006,
    0.00029991462361067533,
    0.00014007542631588876,
    7.774753612466156e-05,
    1.9241360860178247e-05,
    5.7710371947905514e-06,
    1.030403041113459e-06
  ],
  "J": 17
}