{
  "mu": [
    0.0,
    -0.8955942392349243,
    -0.7463515996932983,
    -0.643252432346344,
    -0.561119556427002,
    -0.3591567575931549,
    -0.4638718068599701,
    -0.25025129318237305,
    -0.16831593215465546,
    -0.167375847697258,
    -0.09312237799167633,
    0.11173198372125626,
    0.2279471606016159,
    0.33272290229797363,
    0.4576287865638733,
    0.5835220813751221,
    0.671123743057251
  ],
  "sigma2": [
    2.1038580598542467e-05,
    0.0004075528704561293,
    0.0003813276707660407,
    0.0003701305540744215,
    0.0003464412584435195,
    0.0001773763942765072,
    0.00026136497035622597,
    0.0001955120824277401,
    0.00019287933537270874,
    0.00040153219015337527,
    0.00014182426093611866,
    0.00036400355747900903,
    0.00013990700244903564,
    0.00018160387116950005,
    0.00031464279163628817,
    0.00036304982495494187,
    0.0003957271983381361
  ],
  "pi": [
    0.9990000128746033,
    1.954965455297497e-06,
    3.2274870136461686e-06,
    5.9187050283071585e-06,
    1.0300076610292308e-05,
    9.008641791297123e-05,
    3.287432627985254e-05,
    7.962017843965441e-05,
    8.497218368574977e-05,
    3.4702836160249717e-09,
    0.00014720828039571643,
    0.000299997569527477,
    0.00014007951540406793,
    7.772070966893807e-05,
    1.9236193111282773e-05,
    5.7675320022099186e-06,
    1.0323969945602585e-06
  ],
  "J": 17
}