{
  "mu": [
    0.0,
    -0.6971388459205627,
    -0.5738041996955872,
    -0.4860888123512268,
    -0.3795319199562073,
    -0.28855204582214355,
    -0.3803146779537201,
    -0.18916055560112,
    -0.0004282489244360477,
    -0.00047392971464432776,
    -0.00043243097024969757,
    0.1793118268251419,
    0.178924098610878,
    0.2580040991306305,
    0.350861132144928,
    0.45981988310813904,
    0.565452516078949
  ],
  "sigma2": [
    0.0015346439322456717,
    0.00039149526855908334,
    0.0003863993042614311,
    0.0003549028479028493,
    0.00039363050018437207,
    0.00014826332335360348,
    0.0002741765638347715,
    0.00031894698622636497,
    0.00040157794137485325,
    0.00040157491457648575,
    0.0004015775630250573,
    0.0004011289856862277,
    0.0002798365312628448,
    0.00021120048768352717,
    0.0002867541916202754,
    0.00036253861617296934,
    0.0003926066274289042
  ],
  "pi": [
    0.9990000128746033,
    3.033116854567197e-06,
    1.10754572233418e-05,
    2.5620680389693007e-05,
    3.6194662698108004e-06,
    0.00022745101887267083,
    8.449058805126697e-05,
    0.00017345912056043744,
    1.1539133737414886e-07,
    1.3172311241760326e-07,
    1.1790513809728509e-07,
    4.175108188064769e-07,
    0.00021677928452845663,
    0.0001845563092501834,
    5.103085277369246e-05,
    1.5214014638331719e-05,
    2.8876793294330128e-06
  ],
  "J": 17
}