{
  "mu": [
    0.0,
    -0.8188422322273254,
    -0.6832802295684814,
    -0.5910106897354126,
    -0.5248496532440186,
    -0.3358447849750519,
    -0.42739757895469666,
    -0.228716179728508,
    -0.14306610822677612,
    -0.14078177511692047,
    -0.08458167314529419,
    0.10386420786380768,
    0.21100233495235443,
    0.31260445713996887,
    0.43378496170043945,
    0.5500752329826355,
    0.6466755270957947
  ],
  "sigma2": [
    2.725363810895942e-05,
    0.00045713045983575284,
    0.00039831871981732547,
    0.00038964758277870715,
    0.0003764084540307522,
    0.0002011199394473806,
    0.0002890366013161838,
    0.00034438029979355633,
    0.0003135940060019493,
    0.00039611986721865833,
    0.0002956951211672276,
    0.0008041994296945632,
    0.0003194891905877739,
    0.00038614345248788595,
    0.00036058510886505246,
    0.00037797572440467775,
    0.0003920063318219036
  ],
  "pi": [
    0.9990000128746033,
    1.9735678051802097e-06,
    3.2592686238785973e-06,
    5.6881226555560715e-06,
    1.0604442650219426e-05,
    9.010623034555465e-05,
    3.291137545602396e-05,
    7.933357846923172e-05,
    8.052182965911925e-05,
    4.878140316577628e-06,
    0.0001469184790039435,
    0.00030019908444955945,
    0.0001395254221279174,
    7.804373308317736e-05,
    1.922973206092138e-05,
    5.773659722763114e-06,
    1.0333515092497692e-06
  ],
  "J": 17
}