{
  "mu": [
    0.0,
    -0.6717742085456848,
    -0.5564971566200256,
    -0.48685839772224426,
    -0.3903915286064148,
    -0.29674211144447327,
    -0.33720967173576355,
    -0.1637468934059143,
    -0.007592988200485706,
    -0.00031867006327956915,
    0.005198869854211807,
    0.12572653591632843,
    0.30772319436073303,
    0.29666340351104736,
    0.3189343512058258,
    0.4374304711818695,
    0.5690236687660217
  ],
  "sigma2": [
    0.00458337040618062,
    0.0011567689944058657,
    0.0011664332123473287,
    0.001172928255982697,
    0.0011725658550858498,
    0.0009989599930122495,
    0.001151585252955556,
    0.00117670395411551,
    0.0011980542913079262,
    0.0012076677521690726,
    0.0012002367293462157,
    0.0011778929037973285,
    0.0011567639885470271,
    0.0011170171201229095,
    0.0011560317361727357,
    0.0011757751926779747,
    0.001178758218884468
  ],
  "pi": [
    0.9990000128746033,
    7.734356586297508e-06,
    2.061807936115656e-05,
    5.49567885173019e-05,
    0.00014963418652769178,
    0.0004656189412344247,
    1.3647926607518457e-05,
    1.4201298199623125e-06,
    3.1811325698072324e-06,
    3.65011464964482e-06,
    3.2581447158008814e-06,
    1.3663932350027608e-06,
    2.065713260890334e-06,
    9.249230788554996e-05,
    0.00013121326628606766,
    4.4680695282295346e-05,
    4.4618386709771585e-06
  ],
  "J": 17
}