{
  "mu": [
    0.0,
    -0.6905730962753296,
    -0.5633869767189026,
    -0.4794763922691345,
    -0.3767692446708679,
    -0.2814089059829712,
    -0.37457385659217834,
    -0.21625810861587524,
    -0.0004101819358766079,
    -0.0002537526306696236,
    -0.0003039265866391361,
    0.1901777982711792,
    0.2517695128917694,
    0.2515607476234436,
    0.3433712124824524,
    0.4520465135574341,
    0.5618569850921631
  ],
  "sigma2": [
    0.0024577132426202297,
    0.00038811276317574084,
    0.0003694751358125359,
    0.0003521042235661298,
    0.0003962810442317277,
    0.00017746470985002816,
    0.00034585167304612696,
    0.0003966283402405679,
    0.0004015559097751975,
    0.00040154787711799145,
    0.00040155480382964015,
    0.00040150422137230635,
    0.00040138920303434134,
    0.0003794561780523509,
    0.0003028494247701019,
    0.00037706573493778706,
    0.0003967565717175603
  ],
  "pi": [
    0.9990000128746033,
    5.025678092351882e-06,
    1.7871418094728142e-05,
    4.1819348552962765e-05,
    2.0075449356227182e-05,
    0.00037069644895382226,
    0.0001230354973813519,
    2.669381728992448e-06,
    1.8868942674998834e-07,
    2.1582829390354163e-07,
    1.929151522972461e-07,
    1.029567897603556e-07,
    1.1146136102979654e-06,
    0.00030449716723524034,
    8.282552880700678e-05,
    2.487768688297365e-05,
    4.7914600145304576e-06
  ],
  "J": 17
}