{
  "mu": [
    0.0,
    -0.9345877766609192,
    -0.775322675704956,
    -0.6683517098426819,
    -0.5796767473220825,
    -0.36823397874832153,
    -0.47795775532722473,
    -0.2575119435787201,
    -0.17680339515209198,
    -0.1766456663608551,
    -0.09392359107732773,
    0.11495882272720337,
    0.2368927150964737,
    0.3446532189846039,
    0.46982741355895996,
    0.599486768245697,
    0.6743074059486389
  ],
  "sigma2": [
    1.672452526690904e-05,
    0.00039263805956579745,
    0.0003702124522533268,
    0.0003460567386355251,
    0.00031259909155778587,
    0.00010761941666714847,
    0.00020536832744255662,
    0.00012355923536233604,
    0.00011954583169426769,
    0.0004015260492451489,
    7.722545706201345e-05,
    7.078987255226821e-05,
    7.927921978989616e-05,
    0.00012564861390274018,
    0.00026341486955061555,
    0.00034524351940490305,
    0.00039076077518984675
  ],
  "pi": [
    0.9990000128746033,
    1.95401025848696e-06,
    3.2248337902274216e-06,
    5.825583684782032e-06,
    1.0386450412624981e-05,
    9.004940511658788e-05,
    3.28586611431092e-05,
    7.970677688717842e-05,
    8.478399831801653e-05,
    6.84151013619072e-10,
    0.00014746346278116107,
    0.0003000218130182475,
    0.0001400150213157758,
    7.768664363538846e-05,
    1.9225961295887828e-05,
    5.829364454257302e-06,
    9.673464091974893e-07
  ],
  "J": 17
}