{
  "mu": [
    0.0,
    -0.9397321343421936,
    -0.7855463027954102,
    -0.6782623529434204,
    -0.5863615274429321,
    -0.37367287278175354,
    -0.4838402271270752,
    -0.2621365785598755,
    -0.18178345263004303,
    -0.18149662017822266,
    -0.09598445892333984,
    0.11549130827188492,
    0.2382688671350479,
    0.3460511565208435,
    0.47168290615081787,
    0.6042130589485168,
    0.6768580079078674
  ],
  "sigma2": [
    1.6260519259958528e-05,
    0.0003994709986727685,
    0.00038218506961129606,
    0.0003688132856041193,
    0.0003521144681144506,
    0.00015194974548649043,
    0.0002566200855653733,
    0.00019426738435868174,
    0.00019171572057530284,
    0.00040154444286599755,
    0.00014322738570626825,
    0.00013106747064739466,
    0.00012352071644272655,
    0.00017483922420069575,
    0.00030793237965554,
    0.0003694196348078549,
    0.00039365881821140647
  ],
  "pi": [
    0.9990000128746033,
    1.9531225916580297e-06,
    3.2226141684077447e-06,
    5.762528417108115e-06,
    1.0441491212986875e-05,
    8.999855344882235e-05,
    3.284497870481573e-05,
    7.966398698044941e-05,
    8.489497849950567e-05,
    6.388216067243491e-10,
    0.00014758019824512303,
    0.00030004658037796617,
    0.00013993923494126648,
    7.76403394411318e-05,
    1.9217122826376e-05,
    5.882737696083495e-06,
    9.109039638133254e-07
  ],
  "J": 17
}