{
  "mu": [
    0.0,
    -0.8860942125320435,
    -0.7382026314735413,
    -0.6362407803535461,
    -0.5552696585655212,
    -0.3537195920944214,
    -0.4569578170776367,
    -0.2457428276538849,
    -0.1635206937789917,
    -0.16276636719703674,
    -0.09079933166503906,
    0.11142125725746155,
    0.2266036868095398,
    0.3310525417327881,
    0.45524999499320984,
    0.5778943300247192,
    0.6668841242790222
  ],
  "sigma2": [
    1.560591408633627e-05,
    0.00039983366150408983,
    0.00037372022052295506,
    0.0003513084666337818,
    0.0003148531832266599,
    0.00010531144653214142,
    0.00020690976816695184,
    0.00012690307630691677,
    0.00012503348989412189,
    0.00040149391861632466,
    8.394975156988949e-05,
    0.00034562943619675934,
    7.911714055808261e-05,
    0.0001313711836701259,
    0.0002679539902601391,
    0.00034616203629411757,
    0.00038921841769479215
  ],
  "pi": [
    0.9990000128746033,
    1.9551021068764385e-06,
    3.226829448976787e-06,
    5.894556579733035e-06,
    1.0326745723432396e-05,
    9.009863424580544e-05,
    3.287761137471534e-05,
    7.963714597281069e-05,
    8.488737512379885e-05,
    5.257294599658735e-09,
    0.00014732246927451342,
    0.000299905426800251,
    0.0001400956098223105,
    7.773007382638752e-05,
    1.9237029846408404e-05,
    5.769833478552755e-06,
    1.0303606359229889e-06
  ],
  "J": 17
}