{
  "mu": [
    0.0,
    -0.9538432359695435,
    -0.7932694554328918,
    -0.6872162818908691,
    -0.593008816242218,
    -0.37796688079833984,
    -0.4886908531188965,
    -0.2652800381183624,
    -0.18535621464252472,
    -0.18545442819595337,
    -0.09673459082841873,
    0.11684667319059372,
    0.24156935513019562,
    0.35065633058547974,
    0.47735142707824707,
    0.6072453260421753,
    0.6781917810440063
  ],
  "sigma2": [
    1.5505391274928115e-05,
    0.00039525667671114206,
    0.00037665170384570956,
    0.0003556350420694798,
    0.00032724879565648735,
    0.00011369596904842183,
    0.00022357328271027654,
    0.00014634396939072758,
    0.0001427916286047548,
    0.00040152797009795904,
    0.00010186598228756338,
    6.527192454086617e-05,
    9.292567847296596e-05,
    0.00014345826639328152,
    0.0002841370878741145,
    0.00035947180003859103,
    0.00039401339017786086
  ],
  "pi": [
    0.9990000128746033,
    1.9530061763362028e-06,
    3.2228156214841874e-06,
    5.7638394537207205e-06,
    1.0440239748277236e-05,
    8.999856800073758e-05,
    3.284168997197412e-05,
    7.960733637446538e-05,
    8.491209155181423e-05,
    4.6370407513762757e-10,
    0.00014767918037250638,
    0.00029998747049830854,
    0.00013993961329106241,
    7.764458132442087e-05,
    1.921600050991401e-05,
    5.940375103818951e-06,
    8.527456429874292e-07
  ],
  "J": 17
}