{
  "mu": [
    0.0,
    -0.8817494511604309,
    -0.7356739640235901,
    -0.6338815689086914,
    -0.5539992451667786,
    -0.35386985540390015,
    -0.45631447434425354,
    -0.24604453146457672,
    -0.16383828222751617,
    -0.1623857319355011,
    -0.0916140228509903,
    0.110809326171875,
    0.2254789024591446,
    0.3296110928058624,
    0.4535067081451416,
    0.5759092569351196,
    0.6649144887924194
  ],
  "sigma2": [
    1.564835838507861e-05,
    0.00040551842539571226,
    0.0003833860973827541,
    0.00036827661097049713,
    0.00033698120387271047,
    0.00013744230091106147,
    0.00023795462038833648,
    0.00017085114086512476,
    0.00017091486370190978,
    0.0004014948499388993,
    0.00012878993584308773,
    0.0004538536595646292,
    0.00010876065789489076,
    0.00016339993453584611,
    0.0002933665819000453,
    0.000357302138581872,
    0.00039062590803951025
  ],
  "pi": [
    0.9990000128746033,
    1.9551107470761053e-06,
    3.2266266316582914e-06,
    5.9038211475126445e-06,
    1.0319829925720114e-05,
    9.010110807139426e-05,
    3.2875293982215226e-05,
    7.962244853843004e-05,
    8.486848673783243e-05,
    8.653637806332881e-09,
    0.0001473417942179367,
    0.00029991703922860324,
    0.00014009070582687855,
    7.773187098791823e-05,
    1.9237015294493176e-05,
    5.770008556282846e-06,
    1.0302786677129916e-06
  ],
  "J": 17
}