{
  "mu": [
    0.0,
    -0.9109004735946655,
    -0.7603815793991089,
    -0.6561955809593201,
    -0.5692782402038574,
    -0.3636181354522705,
    -0.4708065092563629,
    -0.25418776273727417,
    -0.17260539531707764,
    -0.17192058265209198,
    -0.09346985071897507,
    0.113558828830719,
    0.23243330419063568,
    0.33850187063217163,
    0.4626629054546356,
    0.5931263566017151,
    0.6697964072227478
  ],
  "sigma2": [
    1.704329770291224e-05,
    0.00040020313463173807,
    0.0003744078567251563,
    0.0003534961142577231,
    0.00032975067733787,
    0.00012805302685592324,
    0.00023361426428891718,
    0.00015992102271411568,
    0.00015446865290869027,
    0.0004015287559013814,
    0.00011089116742368788,
    0.0002184406912419945,
    0.00010181246034335345,
    0.00014967090100981295,
    0.00028554172604344785,
    0.00035297684371471405,
    0.00039300316711887717
  ],
  "pi": [
    0.9990000128746033,
    1.954045046659303e-06,
    3.2249629384750733e-06,
    5.838151992065832e-06,
    1.037439960782649e-05,
    9.004666935652494e-05,
    3.2858395570656285e-05,
    7.969720172695816e-05,
    8.47875198815018e-05,
    1.415943473581649e-09,
    0.0001474605523981154,
    0.000300044019240886,
    0.00014000605733599514,
    7.768424256937578e-05,
    1.9225986761739478e-05,
    5.781963864137651e-06,
    1.0144468660655548e-06
  ],
  "J": 17
}