{
  "mu": [
    0.0,
    -0.6987203359603882,
    -0.5792022347450256,
    -0.49949896335601807,
    -0.3994058668613434,
    -0.30777156352996826,
    -0.397578626871109,
    -0.13626939058303833,
    -0.0029120207764208317,
    -0.08282256871461868,
    -0.003471971023827791,
    0.099208764731884,
    0.18494820594787598,
    0.27723029255867004,
    0.3772766590118408,
    0.48790910840034485,
    0.587798535823822
  ],
  "sigma2": [
    0.0002175863628508523,
    0.0003982999187428504,
    0.0003938775626011193,
    0.00040950538823381066,
    0.00040139147313311696,
    0.00019046156376134604,
    0.00037021705065853894,
    0.0029345599468797445,
    0.00040162564255297184,
    0.0004012588760815561,
    0.0004016261955257505,
    0.0004994359333068132,
    0.00022750049538444728,
    0.0002229349920526147,
    0.0003472311364021152,
    0.00038350257091224194,
    0.00040029321098700166
  ],
  "pi": [
    0.9990000128746033,
    2.3896955099189654e-06,
    6.107992703618947e-06,
    1.303286808251869e-05,
    4.942875193592045e-07,
    0.00011663293116725981,
    4.4216889364179224e-05,
    0.00026621558936312795,
    1.045366371243972e-08,
    2.164959056472071e-08,
    1.066433874541417e-08,
    0.00025462463963776827,
    0.00016383964975830168,
    9.687981219030917e-05,
    2.6329327738494612e-05,
    7.784593435644638e-06,
    1.4090479680817225e-06
  ],
  "J": 17
}