{
  "mu": [
    0.0,
    -0.9526785612106323,
    -0.7927345037460327,
    -0.6870949864387512,
    -0.5926977396011353,
    -0.3781205117702484,
    -0.48877280950546265,
    -0.2654980719089508,
    -0.18561802804470062,
    -0.1861284226179123,
    -0.09704327583312988,
    0.11670361459255219,
    0.24128217995166779,
    0.35022589564323425,
    0.47689634561538696,
    0.6067996025085449,
    0.6782914400100708
  ],
  "sigma2": [
    1.6100915672723204e-05,
    0.00039891572669148445,
    0.00038388074608519673,
    0.0003646800760179758,
    0.00034181601949967444,
    0.00013642630074173212,
    0.00024747283896431327,
    0.00017378843040205538,
    0.00016858968592714518,
    0.00040153678855858743,
    0.00012817619426641613,
    9.46901855058968e-05,
    0.00011647347128018737,
    0.000168146361829713,
    0.0003048072394449264,
    0.0003684881085064262,
    0.00039493603981100023
  ],
  "pi": [
    0.9990000128746033,
    1.953003220478422e-06,
    3.222123950763489e-06,
    5.765979040006641e-06,
    1.0438382560096215e-05,
    9.000146383186802e-05,
    3.28420392179396e-05,
    7.961547089507803e-05,
    8.490886102663353e-05,
    4.87137608029542e-10,
    0.00014768590335734189,
    0.000299977749818936,
    0.0001399354950990528,
    7.764394104015082e-05,
    1.9216013242839836e-05,
    5.936919478699565e-06,
    8.562354310015508e-07
  ],
  "J": 17
}