{
  "mu": [
    0.0,
    -0.9794183373451233,
    -0.8110678195953369,
    -0.7146741151809692,
    -0.6081913113594055,
    -0.39018985629081726,
    -0.5024722218513489,
    -0.2740907073020935,
    -0.1945703625679016,
    -0.19432316720485687,
    -0.09906128793954849,
    0.11903121322393417,
    0.24839524924755096,
    0.35897982120513916,
    0.487242728471756,
    0.6188770532608032,
    0.6844773888587952
  ],
  "sigma2": [
    1.6781659724074416e-05,
    0.0003977512242272496,
    0.0003838529228232801,
    0.0003710853634402156,
    0.0003483897598925978,
    0.0001585004647495225,
    0.000260488799540326,
    0.00017878905055113137,
    0.00018957869906444103,
    0.0004015465674456209,
    0.00014581679715774953,
    0.00010031892452389002,
    0.00013427638623397797,
    0.00017938597011379898,
    0.0003076910797972232,
    0.0003662142262328416,
    0.0003966527001466602
  ],
  "pi": [
    0.9990000128746033,
    1.9522810816852143e-06,
    3.2140728762897197e-06,
    5.714166036341339e-06,
    1.0489747182873543e-05,
    8.996530232252553e-05,
    3.282957914052531e-05,
    7.980420195963234e-05,
    8.464683924103156e-05,
    2.876258120565467e-10,
    0.00014802119403611869,
    0.0002998666896019131,
    0.00013988498540129513,
    7.761411688989028e-05,
    1.92083516594721e-05,
    6.133584975032136e-06,
    6.54658265375474e-07
  ],
  "J": 17
}