{
  "mu": [
    0.0,
    -0.8624464869499207,
    -0.7223532199859619,
    -0.6177182197570801,
    -0.5471231341362,
    -0.34846875071525574,
    -0.4480608105659485,
    -0.24058960378170013,
    -0.1579364836215973,
    -0.15679289400577545,
    -0.08982841670513153,
    0.10920494794845581,
    0.22142855823040009,
    0.32470953464508057,
    0.44737809896469116,
    0.5678937435150146,
    0.6596946716308594
  ],
  "sigma2": [
    1.5772444385220297e-05,
    0.00041667299228720367,
    0.0003898973809555173,
    0.0003748585586436093,
    0.0003494810953270644,
    0.00013623179984278977,
    0.00024312688037753105,
    0.00019217537192162126,
    0.0001803991908673197,
    0.0004013899597339332,
    0.00015001243446022272,
    0.0005499800317920744,
    0.00012735300697386265,
    0.00019386447092983872,
    0.0003009638166986406,
    0.0003594128356780857,
    0.00039038347313180566
  ],
  "pi": [
    0.9990000128746033,
    1.9557196537789423e-06,
    3.224682586733252e-06,
    5.929818144068122e-06,
    1.0297479093424045e-05,
    9.012012742459774e-05,
    3.2884800020838156e-05,
    7.948448183014989e-05,
    8.518099639331922e-05,
    3.137799708952116e-08,
    0.0001471115683671087,
    0.00029990251641720533,
    0.00014008537982590497,
    7.774798723403364e-05,
    1.9241448171669617e-05,
    5.771244559582556e-06,
    1.0304503348379512e-06
  ],
  "J": 17
}