{
  "mu": [
    0.0,
    -0.7480329871177673,
    -0.6217436790466309,
    -0.5453150868415833,
    -0.49149274826049805,
    -0.32186925411224365,
    -0.4018167555332184,
    -0.21244485676288605,
    -0.10693897306919098,
    -0.1281449943780899,
    -0.07166795432567596,
    0.09567274153232574,
    0.19849556684494019,
    0.29641151428222656,
    0.4088229238986969,
    0.5188986659049988,
    0.6182883381843567
  ],
  "sigma2": [
    1.8700397049542516e-05,
    0.0004635783552657813,
    0.0004167691513430327,
    0.0003990310069639236,
    0.0003990089753642678,
    0.0003752715128939599,
    0.00038439841591753066,
    0.0005576001130975783,
    0.0003958823508583009,
    0.0004133574548177421,
    0.00034002019674517214,
    0.0009281285456381738,
    0.0004750187217723578,
    0.0005290813860483468,
    0.0004272262449376285,
    0.00040051108226180077,
    0.0003937292203772813
  ],
  "pi": [
    0.9990000128746033,
    1.9550564047676744e-06,
    3.899673174601048e-06,
    5.529493137146346e-06,
    1.0005596777773462e-05,
    9.030666842591017e-05,
    3.246597771067172e-05,
    8.176628762157634e-05,
    4.9464902986073866e-05,
    5.172478995518759e-05,
    0.00012901810987386853,
    0.00030374142806977034,
    0.0001365117495879531,
    7.80180052970536e-05,
    1.8788316083373502e-05,
    5.763945409853477e-06,
    1.0400540304544847e-06
  ],
  "J": 17
}