{
  "mu": [
    0.0,
    -0.7485699653625488,
    -0.6488185524940491,
    -0.647716760635376,
    -0.5352165102958679,
    -0.09944694489240646,
    -0.1939525604248047,
    -0.33312398195266724,
    -0.195490300655365,
    0.19524814188480377,
    0.194864884018898,
    0.19528236985206604,
    0.18715468049049377,
    0.3306933641433716,
    0.094573974609375,
    0.5168761610984802,
    0.6834273338317871
  ],
  "sigma2": [
    0.00011814957542810589,
    0.0028531323187053204,
    0.002864184556528926,
    0.00286426511593163,
    0.0028770307544618845,
    0.0013229394098743796,
    0.0027416099328547716,
    0.0028304727748036385,
    0.002864445559680462,
    0.0028645466081798077,
    0.002864729380235076,
    0.0028644849080592394,
    0.002478433307260275,
    0.0029179833363741636,
    0.001091468846425414,
    0.0029122494161128998,
    0.0028579989448189735
  ],
  "pi": [
    0.9990000128746033,
    1.9657732082123403e-06,
    6.941652372915996e-07,
    6.407513524209207e-07,
    2.2888103558216244e-05,
    0.00020447727001737803,
    7.165160059230402e-05,
    0.0001580375392222777,
    2.0737370221013407e-07,
    1.5280230059033784e-07,
    3.9779898486358434e-08,
    1.905056166151553e-07,
    0.00021315687627065927,
    8.319205517182127e-05,
    0.00023401998623739928,
    8.460024218948092e-06,
    2.2541631494732428e-07
  ],
  "J": 17
}