{
  "top1_error_pre[%]": 2.0499999999999963,
  "top1_error_post[%]": 5.459999999999998,
  "Delta[%]": 3.410000000000002,
  "|W|": 266200,
  "|W_nonzero|/|W|[%]": 4.5503380916604055,
  "CR": 74.45242715052353,
  "acc_pretrain": 0.9795,
  "acc_retrain": 0.9834,
  "acc_quantized": 0.9454
}