{
  "mu": [
    0.0,
    -0.357494592666626,
    -0.3574809432029724,
    -0.35738128423690796,
    -0.35733431577682495,
    -0.3573327660560608,
    -0.3573475778102875,
    -0.35844263434410095,
    -0.35846978425979614,
    -0.35847795009613037,
    -0.358468621969223,
    -0.3584236204624176,
    -0.35847869515419006,
    -0.3585573732852936,
    -0.35865747928619385,
    0.36846262216567993,
    0.3684602379798889
  ],
  "sigma2": [
    0.007399498485028744,
    0.019495023414492607,
    0.019487377256155014,
    0.019431259483098984,
    0.019404921680688858,
    0.01940402016043663,
    0.019412366673350334,
    0.020026441663503647,
    0.020041722804307938,
    0.020046023651957512,
    0.02004116401076317,
    0.020015936344861984,
    0.02004830725491047,
    0.02009390853345394,
    0.020152263343334198,
    0.01762392558157444,
    0.017601769417524338
  ],
  "pi": [
    0.994378924369812,
    0.0004246525641065091,
    0.0004269761557225138,
    0.0004440538177732378,
    0.0004521014343481511,
    0.0004523815878201276,
    0.0004498674243222922,
    0.000265122129349038,
    0.0002605451154522598,
    0.000259258842561394,
    0.0002607089700177312,
    0.0002682617341633886,
    0.0002586256596259773,
    0.00024503457825630903,
    0.00022771691146772355,
    0.000461085292045027,
    0.0004646838642656803
  ],
  "J": 17
}