{
  "mu": [
    0.0,
    -0.7631452083587646,
    -0.0004984202096238732,
    -0.4042315185070038,
    -0.021727610379457474,
    -0.38899195194244385,
    -0.3083125054836273,
    -0.3454252779483795,
    -0.04930287227034569,
    0.5370065569877625,
    0.2295522689819336,
    0.2179488092660904,
    -0.001776570570655167,
    0.025505412369966507,
    0.32784199714660645,
    0.5370054841041565,
    0.6849461197853088
  ],
  "sigma2": [
    9.99999993922529e-09,
    9.99999993922529e-09,
    0.030612358823418617,
    9.99999993922529e-09,
    9.99999993922529e-09,
    9.99999993922529e-09,
    9.99999993922529e-09,
    9.99999993922529e-09,
    9.99999993922529e-09,
    3.220542055260012e-08,
    0.04049159213900566,
    9.99999993922529e-09,
    2.7243711883784272e-05,
    9.99999993922529e-09,
    9.99999993922529e-09,
    9.99999993922529e-09,
    9.99999993922529e-09
  ],
  "pi": [
    0.9990000128746033,
    2.835150958446775e-08,
    0.00037554599111899734,
    4.2352698415015766e-07,
    5.741271161241457e-05,
    4.988243063053233e-07,
    6.217469490366057e-07,
    2.133340331056388e-06,
    5.410977792053018e-06,
    1.40230262957175e-08,
    1.0118759519173182e-06,
    1.875050998023653e-06,
    0.0005249128444120288,
    2.8450724130379967e-05,
    1.32390960061457e-06,
    3.33650262973606e-07,
    2.442462232465914e-09
  ],
  "J": 17
}