{
  "mu": [
    0.0,
    -0.7715342044830322,
    -0.0038168777246028185,
    -0.4111335277557373,
    -0.021328644827008247,
    -0.3954201340675354,
    -0.3123406767845154,
    -0.3473895192146301,
    -0.05030663684010506,
    0.5456705689430237,
    0.0013716623652726412,
    0.2216186672449112,
    -0.002158533316105604,
    0.0266704298555851,
    0.33402708172798157,
    0.5417699813842773,
    0.6871826648712158
  ],
  "sigma2": [
    9.99999993922529e-09,
    9.99999993922529e-09,
    0.00029520990210585296,
    9.99999993922529e-09,
    9.99999993922529e-09,
    9.99999993922529e-09,
    9.99999993922529e-09,
    9.99999993922529e-09,
    9.99999993922529e-09,
    9.99999993922529e-09,
    0.035940077155828476,
    9.99999993922529e-09,
    9.99999993922529e-09,
    9.99999993922529e-09,
    9.99999993922529e-09,
    9.99999993922529e-09,
    9.99999993922529e-09
  ],
  "pi": [
    0.9990000128746033,
    5.5841429258407516e-09,
    0.0006358057726174593,
    1.3208203597514512e-07,
    1.1816058758995496e-05,
    1.672889737847072e-07,
    2.0253226296063076e-07,
    1.2086730976079707e-06,
    1.1555264336493565e-06,
    1.3469628967754943e-08,
    0.0002748854167293757,
    3.4900796208603424e-07,
    7.054244633764029e-05,
    3.475174253253499e-06,
    2.1312047238097875e-07,
    2.6665974317552354e-08,
    1.27882227030085e-09
  ],
  "J": 17
}