{
  "mu": [
    0.0,
    -0.7821146845817566,
    -0.008105388842523098,
    -0.4167969524860382,
    -0.01909046061336994,
    -0.401979923248291,
    -0.31778383255004883,
    -0.34985247254371643,
    -0.04873185604810715,
    0.5534910559654236,
    0.0008510478655807674,
    0.22684700787067413,
    -0.0028340904973447323,
    0.02790866792201996,
    0.34036293625831604,
    0.550475537776947,
    0.6977396607398987
  ],
  "sigma2": [
    9.99999993922529e-09,
    9.99999993922529e-09,
    9.99999993922529e-09,
    9.99999993922529e-09,
    9.99999993922529e-09,
    9.99999993922529e-09,
    9.99999993922529e-09,
    9.99999993922529e-09,
    9.99999993922529e-09,
    9.99999993922529e-09,
    0.012635326944291592,
    9.99999993922529e-09,
    9.99999993922529e-09,
    9.99999993922529e-09,
    9.99999993922529e-09,
    9.99999993922529e-09,
    9.99999993922529e-09
  ],
  "pi": [
    0.9990000128746033,
    7.603713214621166e-09,
    0.00011455125786596909,
    6.58540329823154e-07,
    4.1835486626951024e-05,
    8.43534678551805e-07,
    9.268224516745249e-07,
    1.7007196220220067e-06,
    4.551885012915591e-06,
    1.1779977882042658e-07,
    0.0007127028075046837,
    6.555086429216317e-07,
    0.00011003392864950001,
    1.0582146387605462e-05,
    7.136018780329323e-07,
    9.648174170706625e-08,
    2.196152948386043e-08
  ],
  "J": 17
}