{
  "mu": [
    0.0,
    -0.7730606198310852,
    -0.003241164144128561,
    -0.41259369254112244,
    -0.020306477323174477,
    -0.39714476466178894,
    -0.3140624761581421,
    -0.3481023907661438,
    -0.0494198352098465,
    0.5492085218429565,
    0.005739795044064522,
    0.22350835800170898,
    -0.0032386588864028454,
    0.0271791722625494,
    0.33669406175613403,
    0.544520378112793,
    0.6895089745521545
  ],
  "sigma2": [
    9.99999993922529e-09,
    9.99999993922529e-09,
    1.0839626156666782e-06,
    9.99999993922529e-09,
    9.99999993922529e-09,
    9.99999993922529e-09,
    9.99999993922529e-09,
    9.99999993922529e-09,
    9.99999993922529e-09,
    9.99999993922529e-09,
    0.026421893388032913,
    9.99999993922529e-09,
    9.99999993922529e-09,
    9.99999993922529e-09,
    9.99999993922529e-09,
    9.99999993922529e-09,
    9.99999993922529e-09
  ],
  "pi": [
    0.9990000128746033,
    1.3266948428736214e-08,
    4.291646746423794e-06,
    8.209183874896553e-07,
    8.727953536435962e-05,
    9.086036243388662e-07,
    1.0901205769187072e-06,
    2.325261220903485e-06,
    7.536429620813578e-06,
    2.2161985668844864e-07,
    0.0004265545285306871,
    1.7429879335395526e-06,
    0.0004450222768355161,
    2.1086627384647727e-05,
    1.0006843922383268e-06,
    7.744718999447286e-08,
    2.8173987587365446e-08
  ],
  "J": 17
}