{
  "mu": [
    0.0,
    -0.7702175974845886,
    0.030665630474686623,
    -0.40996497869491577,
    -0.0216487068682909,
    -0.39423954486846924,
    -0.3118407428264618,
    -0.34696337580680847,
    -0.0504826195538044,
    0.5414237380027771,
    -0.02877546288073063,
    0.22138884663581848,
    -0.0022492005955427885,
    0.026470381766557693,
    0.3334665596485138,
    0.5414237380027771,
    0.6881647706031799
  ],
  "sigma2": [
    9.99999993922529e-09,
    9.99999993922529e-09,
    0.006627401802688837,
    9.99999993922529e-09,
    9.99999993922529e-09,
    9.99999993922529e-09,
    9.99999993922529e-09,
    9.99999993922529e-09,
    9.99999993922529e-09,
    9.99999993922529e-09,
    0.05971323698759079,
    9.99999993922529e-09,
    9.99999993922529e-09,
    9.99999993922529e-09,
    9.99999993922529e-09,
    9.99999993922529e-09,
    9.99999993922529e-09
  ],
  "pi": [
    0.9990000128746033,
    7.843691207654047e-08,
    0.00022111197176855057,
    1.1000561244145501e-06,
    7.25101272109896e-05,
    1.1842445246657007e-06,
    1.6827528952489956e-06,
    3.4522131500125397e-06,
    1.1905219253094401e-05,
    1.3360248019012033e-08,
    0.00017290492542088032,
    4.402522790769581e-06,
    0.000466078839963302,
    4.074787284480408e-05,
    2.4165649392671185e-06,
    4.078651727468241e-07,
    3.0581455146005965e-09
  ],
  "J": 17
}