{
  "mu": [
    0.0,
    -0.7723090052604675,
    -0.0032875987235456705,
    -0.4123131334781647,
    -0.0203669685870409,
    -0.39669281244277954,
    -0.3137458264827728,
    -0.3479018807411194,
    -0.049459781497716904,
    0.5486323833465576,
    0.005314381327480078,
    0.2232028692960739,
    -0.0032719403970986605,
    0.027114585041999817,
    0.3361630439758301,
    0.5440597534179688,
    0.6887187957763672
  ],
  "sigma2": [
    9.99999993922529e-09,
    9.99999993922529e-09,
    1.090988916985225e-06,
    9.99999993922529e-09,
    9.99999993922529e-09,
    9.99999993922529e-09,
    9.99999993922529e-09,
    9.99999993922529e-09,
    9.99999993922529e-09,
    9.99999993922529e-09,
    0.02664138562977314,
    9.99999993922529e-09,
    9.99999993922529e-09,
    9.99999993922529e-09,
    9.99999993922529e-09,
    9.99999993922529e-09,
    9.99999993922529e-09
  ],
  "pi": [
    0.9990000128746033,
    9.203568573923349e-09,
    7.039874162728665e-06,
    7.25901202258683e-07,
    8.670637907925993e-05,
    8.271982778751408e-07,
    1.0416943041491322e-06,
    2.175464032916352e-06,
    6.878206477267668e-06,
    2.0861183713805076e-07,
    0.0004287963383831084,
    1.5564793329758686e-06,
    0.00044260083814151585,
    2.046463305305224e-05,
    8.785696650193131e-07,
    6.29262970619493e-08,
    2.7714214922980318e-08
  ],
  "J": 17
}