{
  "mu": [
    0.0,
    -0.790696918964386,
    -0.007828205823898315,
    -0.4206535518169403,
    -0.018167346715927124,
    -0.40617120265960693,
    -0.32050246000289917,
    -0.3518798053264618,
    -0.048302989453077316,
    0.5589413046836853,
    -0.0016104315873235464,
    0.22973912954330444,
    -0.002702252706512809,
    0.02854788862168789,
    0.34500858187675476,
    0.5529188513755798,
    0.7041401267051697
  ],
  "sigma2": [
    9.99999993922529e-09,
    9.99999993922529e-09,
    9.99999993922529e-09,
    9.99999993922529e-09,
    9.99999993922529e-09,
    9.99999993922529e-09,
    9.99999993922529e-09,
    9.99999993922529e-09,
    9.99999993922529e-09,
    9.99999993922529e-09,
    0.010262640193104744,
    9.99999993922529e-09,
    9.99999993922529e-09,
    9.99999993922529e-09,
    9.99999993922529e-09,
    9.99999993922529e-09,
    9.99999993922529e-09
  ],
  "pi": [
    0.9990000128746033,
    8.844365240179286e-09,
    5.63352441531606e-05,
    3.813280216036219e-07,
    2.667419903445989e-05,
    3.677271251945058e-07,
    4.35188582059709e-07,
    1.0938080095002078e-06,
    2.240599314973224e-06,
    1.0555465479455961e-07,
    0.0008332576835528016,
    2.4180906166293425e-07,
    7.195152284111828e-05,
    6.35162859907723e-06,
    5.082288225821685e-07,
    4.343413451124434e-08,
    3.212425214726977e-09
  ],
  "J": 17
}