{
  "mu": [
    0.0,
    -0.6442508101463318,
    -0.563368022441864,
    -0.4803061783313751,
    -0.42935478687286377,
    -0.3639872670173645,
    -0.3013401925563812,
    -0.1716635525226593,
    -0.009835206903517246,
    0.0017535004299134016,
    0.005900056567043066,
    0.15362945199012756,
    0.33970510959625244,
    0.31534311175346375,
    0.36134928464889526,
    0.4491637647151947,
    0.5332183241844177
  ],
  "sigma2": [
    0.005298658274114132,
    0.007974949665367603,
    0.009302189573645592,
    0.006465536076575518,
    0.004689143504947424,
    0.0015644181985408068,
    0.0006877593696117401,
    0.1529957801103592,
    0.004787514451891184,
    0.00445401668548584,
    0.0042676241137087345,
    0.1028105765581131,
    0.0058096894063055515,
    0.0008326655952259898,
    0.002548906719312072,
    0.004001859575510025,
    0.012930943630635738
  ],
  "pi": [
    0.9990000128746033,
    2.8776528324669925e-06,
    1.5341884136432782e-05,
    6.086259600124322e-05,
    0.00010006896627601236,
    0.00018962007015943527,
    0.0003646189870778471,
    1.6212334230658598e-06,
    2.9394159355433658e-06,
    3.6073463434149744e-06,
    3.180844032613095e-06,
    1.5986099697329337e-06,
    2.010673597396817e-06,
    0.00013563617540057749,
    7.551794988103211e-05,
    3.7935576983727515e-05,
    2.5621211534598842e-06
  ],
  "J": 17
}