{
  "mu": [
    0.0,
    -0.7215309143066406,
    -0.48209667205810547,
    -0.38571494817733765,
    -0.2821348011493683,
    -0.3705710768699646,
    -0.29831790924072266,
    -0.19268012046813965,
    -0.07743249833583832,
    0.35303574800491333,
    0.040549539029598236,
    0.14554597437381744,
    0.35172638297080994,
    0.19145840406417847,
    0.28464317321777344,
    0.49626031517982483,
    0.626689076423645
  ],
  "sigma2": [
    0.0014195572584867477,
    9.99999993922529e-09,
    0.00928378663957119,
    9.99999993922529e-09,
    0.005340005271136761,
    9.99999993922529e-09,
    9.99999993922529e-09,
    0.13229285180568695,
    0.013441315852105618,
    0.0035139438696205616,
    0.008917492814362049,
    0.143545001745224,
    0.0023069260641932487,
    0.0004158657102379948,
    0.0007360174204222858,
    0.00015473066014237702,
    0.0003631438594311476
  ],
  "pi": [
    0.9990000128746033,
    7.681835256789782e-08,
    6.624638626817614e-05,
    4.027460818178952e-06,
    0.00042823798139579594,
    2.1645535071002087e-06,
    1.0942885637632571e-05,
    6.524591977807859e-09,
    5.964312599360255e-09,
    7.532235457574643e-08,
    5.729994700942598e-09,
    5.601974883973071e-09,
    5.482547203428112e-05,
    0.000257866398897022,
    0.00016169364971574396,
    1.280994365515653e-05,
    1.0094044000652502e-06
  ],
  "J": 17
}