{
  "mu": [
    0.0,
    -0.777458667755127,
    -0.003172945696860552,
    -0.41537606716156006,
    -0.020170483738183975,
    -0.3996366858482361,
    -0.3167916238307953,
    -0.34930312633514404,
    -0.049499787390232086,
    0.5514054894447327,
    0.0075011602602899075,
    0.22492413222789764,
    -0.0031510742846876383,
    0.027332985773682594,
    0.3393169641494751,
    0.5473316311836243,
    0.6932135820388794
  ],
  "sigma2": [
    9.99999993922529e-09,
    9.99999993922529e-09,
    1.0612070582283195e-06,
    9.99999993922529e-09,
    9.99999993922529e-09,
    9.99999993922529e-09,
    9.99999993922529e-09,
    9.99999993922529e-09,
    9.99999993922529e-09,
    9.99999993922529e-09,
    0.024784427136182785,
    9.99999993922529e-09,
    9.99999993922529e-09,
    9.99999993922529e-09,
    9.99999993922529e-09,
    9.99999993922529e-09,
    9.99999993922529e-09
  ],
  "pi": [
    0.9990000128746033,
    1.5592368285410885e-08,
    8.41008841234725e-07,
    1.0389412636868656e-06,
    8.90062001417391e-05,
    1.09711663753842e-06,
    1.4534643923980184e-06,
    2.5039282718353206e-06,
    9.200911335938144e-06,
    2.489935013727518e-07,
    0.0004187582235317677,
    2.3372033410851145e-06,
    0.00044861400965601206,
    2.340316859772429e-05,
    1.3598589703178732e-06,
    9.269674450251841e-08,
    2.8707377808245838e-08
  ],
  "J": 17
}