{
  "mu": [
    0.0,
    -0.7633864879608154,
    0.0004529146826826036,
    -0.4047853946685791,
    -0.021638480946421623,
    -0.389518141746521,
    -0.30851343274116516,
    -0.3455342948436737,
    -0.04927343130111694,
    0.5375248193740845,
    0.22904261946678162,
    0.21821729838848114,
    -0.002557397587224841,
    0.025698626413941383,
    0.3284570276737213,
    0.5375239253044128,
    0.6849461197853088
  ],
  "sigma2": [
    9.99999993922529e-09,
    9.99999993922529e-09,
    0.031406182795763016,
    9.99999993922529e-09,
    9.99999993922529e-09,
    9.99999993922529e-09,
    9.99999993922529e-09,
    9.99999993922529e-09,
    9.99999993922529e-09,
    1.5921688856224137e-08,
    0.04905862733721733,
    9.99999993922529e-09,
    1.3384513977143797e-06,
    9.99999993922529e-09,
    9.99999993922529e-09,
    9.99999993922529e-09,
    9.99999993922529e-09
  ],
  "pi": [
    0.9990000128746033,
    3.446779928140131e-08,
    0.0004165174614172429,
    6.12021210599778e-07,
    6.755328649887815e-05,
    6.778793135708838e-07,
    8.84364624198497e-07,
    2.6456186787982006e-06,
    7.085679953888757e-06,
    1.0894163793295775e-08,
    7.545893936367065e-07,
    2.5163019472529413e-06,
    0.0004647013556677848,
    3.397011096240021e-05,
    1.646089458517963e-06,
    3.882261978560564e-07,
    1.730202536798231e-09
  ],
  "J": 17
}