{
  "mu": [
    0.0,
    -0.7814916968345642,
    -0.00905698910355568,
    -0.41614866256713867,
    -0.019721025601029396,
    -0.4004872739315033,
    -0.3172024190425873,
    -0.34958919882774353,
    -0.04937013238668442,
    0.5522084832191467,
    -0.0016968564596027136,
    0.22580213844776154,
    -0.003004130208864808,
    0.027408810332417488,
    0.3394239544868469,
    0.5486932396888733,
    0.695124626159668
  ],
  "sigma2": [
    9.99999993922529e-09,
    9.99999993922529e-09,
    8.000364459803677e-07,
    9.99999993922529e-09,
    9.99999993922529e-09,
    9.99999993922529e-09,
    9.99999993922529e-09,
    9.99999993922529e-09,
    9.99999993922529e-09,
    9.99999993922529e-09,
    0.011107571423053741,
    9.99999993922529e-09,
    9.99999993922529e-09,
    9.99999993922529e-09,
    9.99999993922529e-09,
    9.99999993922529e-09,
    9.99999993922529e-09
  ],
  "pi": [
    0.9990000128746033,
    2.825764289227095e-09,
    4.5066858547215816e-06,
    3.616611081724841e-07,
    2.5765357349882834e-05,
    4.34599485288345e-07,
    4.120151402275951e-07,
    1.1459571851446526e-06,
    7.969393323037366e-07,
    1.0865716149055515e-07,
    0.0008593253442086279,
    2.2543831335042341e-07,
    0.00010248960461467505,
    3.971947080572136e-06,
    3.255501042076503e-07,
    1.0318316157054142e-07,
    2.428991408010006e-08
  ],
  "J": 17
}