{
  "mu": [
    0.0,
    -0.679699718952179,
    -0.5737636685371399,
    -0.48087406158447266,
    -0.4351140260696411,
    -0.3544236719608307,
    -0.29128971695899963,
    -0.17285078763961792,
    -0.009661538526415825,
    0.009353172034025192,
    0.005769921932369471,
    0.15591591596603394,
    0.3569648265838623,
    0.29110321402549744,
    0.3419976830482483,
    0.44027042388916016,
    0.5592681169509888
  ],
  "sigma2": [
    0.004464955069124699,
    0.0023893360048532486,
    0.007382300682365894,
    0.004869758617132902,
    0.0037039348389953375,
    0.0009842710569500923,
    0.00030702920048497617,
    0.16347119212150574,
    0.004778202623128891,
    0.004404659848660231,
    0.004203879740089178,
    0.13420431315898895,
    0.0030921308789402246,
    0.0006035118130967021,
    0.0010876341257244349,
    0.0026817910838872194,
    0.006119835656136274
  ],
  "pi": [
    0.9990000128746033,
    2.6842699298867956e-06,
    1.3382634278968908e-05,
    4.963125320500694e-05,
    8.613757381681353e-05,
    0.00019742381118703634,
    0.0003463703906163573,
    4.0111325461111846e-07,
    6.870744755360647e-07,
    8.40040968341782e-07,
    7.403859854093753e-07,
    4.11700739277876e-07,
    9.594235734766698e-07,
    0.00016608464648015797,
    8.775677270023152e-05,
    4.3377120164223015e-05,
    3.1118488550418988e-06
  ],
  "J": 17
}