{
  "mu": [
    0.0,
    -0.7080522179603577,
    -0.5699319243431091,
    -0.4599069058895111,
    -0.30591773986816406,
    -0.358249694108963,
    -0.29206225275993347,
    -0.17354603111743927,
    -0.01018881518393755,
    0.23843614757061005,
    0.006163128651678562,
    0.15645325183868408,
    0.35941073298454285,
    0.2675139009952545,
    0.33811837434768677,
    0.4559152126312256,
    0.5730082392692566
  ],
  "sigma2": [
    0.003167663002386689,
    0.00016583244723733515,
    0.003458411432802677,
    0.0028615458868443966,
    0.004105433821678162,
    1.429969984201307e-06,
    8.682536645210348e-08,
    0.15334615111351013,
    0.004945147316902876,
    0.004506227094680071,
    0.004245055373758078,
    0.1436394602060318,
    0.0026083162520080805,
    0.0008583867456763983,
    0.001343123847618699,
    0.0014608432538807392,
    0.003672003047540784
  ],
  "pi": [
    0.9990000128746033,
    2.7136800326843513e-06,
    1.4264845958678052e-05,
    8.838043868308887e-05,
    0.00017475849017500877,
    0.00010225650476058945,
    0.00023222705931402743,
    1.3227482043021155e-07,
    2.1020741769461893e-07,
    2.9650894362021063e-07,
    2.2577914648991282e-07,
    1.37940617150889e-07,
    6.301256121332699e-07,
    0.0002686683146748692,
    8.405993867199868e-05,
    2.821839188982267e-05,
    2.8195509003126062e-06
  ],
  "J": 17
}