{
  "mu": [
    0.0,
    -0.7440945506095886,
    -0.18019941449165344,
    -0.3993281424045563,
    -0.02145194821059704,
    -0.3821527659893036,
    -0.3047683835029602,
    -0.3331467807292938,
    -0.0474194660782814,
    0.5298177003860474,
    0.31928786635398865,
    0.2070687711238861,
    0.023997219279408455,
    0.023632682859897614,
    0.32217004895210266,
    0.5299824476242065,
    0.6766544580459595
  ],
  "sigma2": [
    9.99999993922529e-09,
    9.99999993922529e-09,
    0.04947366565465927,
    9.99999993922529e-09,
    9.99999993922529e-09,
    9.99999993922529e-09,
    9.99999993922529e-09,
    0.0030795028433203697,
    7.97369793872349e-05,
    9.212008649228665e-07,
    0.0047403243370354176,
    0.0005440699169412255,
    0.009700547903776169,
    9.99999993922529e-09,
    9.99999993922529e-09,
    9.99999993922529e-09,
    9.99999993922529e-09
  ],
  "pi": [
    0.9990000128746033,
    1.5158336452714138e-07,
    9.906803461490199e-05,
    1.5277595366569585e-06,
    0.0001661837741266936,
    1.8229162606075988e-06,
    2.6621230517775984e-06,
    2.8704878786811605e-05,
    2.17216947930865e-05,
    7.581644467791193e-08,
    3.41251798090525e-05,
    1.8952694517793134e-05,
    0.0004504570970311761,
    0.00016543522360734642,
    6.680815204163082e-06,
    2.2801987142884172e-06,
    1.502831565858287e-07
  ],
  "J": 17
}