{
  "mu": [
    0.0,
    -0.7217192053794861,
    -0.4856458008289337,
    -0.38635018467903137,
    -0.2785896956920624,
    -0.3709776699542999,
    -0.2990468442440033,
    -0.19518384337425232,
    -0.09796715527772903,
    0.35197868943214417,
    0.05649299547076225,
    0.142717644572258,
    0.35917067527770996,
    0.18998032808303833,
    0.287751168012619,
    0.49955976009368896,
    0.6304141283035278
  ],
  "sigma2": [
    0.0013083344092592597,
    9.99999993922529e-09,
    0.00890292413532734,
    9.99999993922529e-09,
    0.005778846796602011,
    9.99999993922529e-09,
    9.99999993922529e-09,
    0.12530384957790375,
    0.014614565297961235,
    0.0034663723781704903,
    0.01032219734042883,
    0.13850536942481995,
    0.0020306401420384645,
    0.0005048370803706348,
    0.0006522826733998954,
    6.963178020669147e-05,
    0.0002519582340028137
  ],
  "pi": [
    0.9990000128746033,
    4.6427427236039875e-08,
    6.15577882854268e-05,
    4.326404450694099e-06,
    0.00042423218837939203,
    3.1632794161851052e-06,
    1.3679888979822863e-05,
    6.419158093962096e-09,
    5.864173147074325e-09,
    8.128118622607872e-08,
    5.4896651668912e-09,
    5.466249675123436e-09,
    4.7886805987218395e-05,
    0.0002753437729552388,
    0.00015645843814127147,
    1.2239192074048333e-05,
    9.612970188754844e-07
  ],
  "J": 17
}