{
  "mu": [
    0.0,
    -0.7716290354728699,
    -0.003705659881234169,
    -0.41141653060913086,
    -0.020813224837183952,
    -0.39571213722229004,
    -0.3127150237560272,
    -0.3475664258003235,
    -0.04983824864029884,
    0.5466172695159912,
    0.0022938938345760107,
    0.2221919745206833,
    -0.002050734357908368,
    0.02676813118159771,
    0.3348335325717926,
    0.5423187613487244,
    0.6863902807235718
  ],
  "sigma2": [
    9.99999993922529e-09,
    9.99999993922529e-09,
    7.499337516492233e-05,
    9.99999993922529e-09,
    9.99999993922529e-09,
    9.99999993922529e-09,
    9.99999993922529e-09,
    9.99999993922529e-09,
    9.99999993922529e-09,
    9.99999993922529e-09,
    0.031777430325746536,
    9.99999993922529e-09,
    9.99999993922529e-09,
    9.99999993922529e-09,
    9.99999993922529e-09,
    9.99999993922529e-09,
    9.99999993922529e-09
  ],
  "pi": [
    0.9990000128746033,
    4.031232236911819e-09,
    0.0005039875395596027,
    4.4623425310419407e-07,
    6.088861482567154e-05,
    4.586217983160168e-07,
    6.58073133763537e-07,
    1.5929707615214284e-06,
    4.615545549313538e-06,
    1.118140815492552e-07,
    0.0003220706421416253,
    1.0559263046161504e-06,
    8.750710549065843e-05,
    1.5990324754966423e-05,
    5.583004849540885e-07,
    5.1076106899472506e-08,
    3.2369011915278634e-09
  ],
  "J": 17
}