{
  "mu": [
    0.0,
    -0.7288426756858826,
    -0.28437089920043945,
    -0.3946256935596466,
    -0.08727625012397766,
    -0.3771263659000397,
    -0.30394190549850464,
    -0.3648306131362915,
    -0.18196535110473633,
    0.5206485390663147,
    0.41476359963417053,
    0.19190233945846558,
    0.19667507708072662,
    0.07685010135173798,
    0.31459343433380127,
    0.5196130871772766,
    0.6625450253486633
  ],
  "sigma2": [
    0.00014974286023061723,
    9.99999993922529e-09,
    0.014437276870012283,
    9.99999993922529e-09,
    0.000654349394608289,
    9.99999993922529e-09,
    9.99999993922529e-09,
    0.09399540722370148,
    0.00448041083291173,
    5.686018084816169e-06,
    0.03652021661400795,
    0.20931309461593628,
    0.007892219349741936,
    0.0002973088703583926,
    3.717923746648921e-08,
    9.99999993922529e-09,
    2.852495128990995e-07
  ],
  "pi": [
    0.9990000128746033,
    3.263339110048946e-08,
    0.0002429090382065624,
    7.17994566912239e-07,
    0.0002100797719322145,
    8.859751687850803e-07,
    9.653065262682503e-07,
    8.31583656690782e-06,
    3.1717370951866997e-09,
    3.823523911705706e-06,
    6.166559707310171e-09,
    1.0480690981751195e-08,
    0.00033821380930021405,
    0.00018690530851017684,
    5.903601959289517e-06,
    9.368689006805653e-07,
    2.905347002979397e-07
  ],
  "J": 17
}