{
  "mu": [
    0.0,
    -0.766193687915802,
    0.02098202519118786,
    -0.40737536549568176,
    -0.021461406722664833,
    -0.3917970657348633,
    -0.31006112694740295,
    -0.3461931049823761,
    -0.04936261475086212,
    0.539577305316925,
    0.03212906792759895,
    0.21960118412971497,
    -0.0022627993021160364,
    0.026203719899058342,
    0.3308909237384796,
    0.5395771861076355,
    0.685764491558075
  ],
  "sigma2": [
    9.99999993922529e-09,
    9.99999993922529e-09,
    0.00735136354342103,
    9.99999993922529e-09,
    9.99999993922529e-09,
    9.99999993922529e-09,
    9.99999993922529e-09,
    9.99999993922529e-09,
    9.99999993922529e-09,
    9.99999993922529e-09,
    0.06303979456424713,
    9.99999993922529e-09,
    9.99999993922529e-09,
    9.99999993922529e-09,
    9.99999993922529e-09,
    9.99999993922529e-09,
    9.99999993922529e-09
  ],
  "pi": [
    0.9990000128746033,
    6.386510875699969e-08,
    0.00022362316667567939,
    9.698140956970747e-07,
    7.006751548033208e-05,
    1.131406406784663e-06,
    1.522043248769478e-06,
    3.265955911047058e-06,
    9.80079948931234e-06,
    1.284667394685357e-08,
    0.00017928247689269483,
    3.4970821616298053e-06,
    0.0004670818743761629,
    3.7180707295192406e-05,
    2.1075315999041777e-06,
    3.912219597168587e-07,
    1.714244413086874e-09
  ],
  "J": 17
}