{
  "mu": [
    0.0,
    -0.7641831040382385,
    0.0058191753923892975,
    -0.40615421533584595,
    -0.021508172154426575,
    -0.39063379168510437,
    -0.30907344818115234,
    -0.3457771837711334,
    -0.04927528649568558,
    0.5385717153549194,
    0.21887598931789398,
    0.21885272860527039,
    -0.002311103045940399,
    0.02600244991481304,
    0.3297237157821655,
    0.5385730266571045,
    0.6851237416267395
  ],
  "sigma2": [
    9.99999993922529e-09,
    9.99999993922529e-09,
    0.02812081016600132,
    9.99999993922529e-09,
    9.99999993922529e-09,
    9.99999993922529e-09,
    9.99999993922529e-09,
    9.99999993922529e-09,
    9.99999993922529e-09,
    9.99999993922529e-09,
    0.4014936089515686,
    9.99999993922529e-09,
    2.4027761114098212e-08,
    9.99999993922529e-09,
    9.99999993922529e-09,
    9.99999993922529e-09,
    9.99999993922529e-09
  ],
  "pi": [
    0.9990000128746033,
    4.9520529898927634e-08,
    0.0004023152869194746,
    8.404887807955674e-07,
    6.869500793982297e-05,
    9.28502913666307e-07,
    1.2880688018412911e-06,
    3.0147600682539633e-06,
    8.665164386911783e-06,
    1.1059896998233398e-08,
    6.014045993651962e-06,
    2.933345285782707e-06,
    0.00046730649773962796,
    3.566309533198364e-05,
    1.8889189732362865e-06,
    3.8491285181407875e-07,
    1.4346838161927167e-09
  ],
  "J": 17
}