{
  "mu": [
    0.0,
    -0.7150726914405823,
    -0.4747750163078308,
    -0.3802061676979065,
    -0.282778799533844,
    -0.3669251501560211,
    -0.29462549090385437,
    -0.17756812274456024,
    -0.013789237476885319,
    0.3156450390815735,
    0.008127279579639435,
    0.1559200882911682,
    0.35931143164634705,
    0.2510196268558502,
    0.32898423075675964,
    0.47583141922950745,
    0.5665392279624939
  ],
  "sigma2": [
    0.0023777566384524107,
    2.167650166029489e-07,
    0.004442450124770403,
    1.0790392224180323e-07,
    0.0015708633000031114,
    9.99999993922529e-09,
    9.99999993922529e-09,
    0.156997948884964,
    0.005781813059002161,
    0.003656654618680477,
    0.004606127738952637,
    0.15533731877803802,
    0.002536388346925378,
    0.0016069529810920358,
    0.0023843280505388975,
    0.0006831191712990403,
    0.003974973689764738
  ],
  "pi": [
    0.9990000128746033,
    2.2971782982494915e-06,
    9.197882900480181e-05,
    4.220889604766853e-05,
    0.0003572139248717576,
    3.228940477129072e-05,
    4.928646012558602e-05,
    4.0149082281004667e-08,
    5.0642711357795633e-08,
    1.830619709153325e-07,
    5.3898354224202194e-08,
    3.925479674649068e-08,
    4.2274427869415376e-07,
    0.0003150317643303424,
    8.836592314764857e-05,
    1.802005135687068e-05,
    2.517896064091474e-06
  ],
  "J": 17
}