{
  "mu": [
    0.0,
    -0.7339336276054382,
    -0.6501278281211853,
    -0.5677579641342163,
    -0.47783058881759644,
    -0.3824077844619751,
    -0.2790348529815674,
    -0.15759778022766113,
    -0.03813457489013672,
    0.0003719425294548273,
    0.02964070439338684,
    0.13975635170936584,
    0.2609133720397949,
    0.36423859000205994,
    0.4597052037715912,
    0.5542715191841125,
    0.6473761200904846
  ],
  "sigma2": [
    0.016791298985481262,
    0.06169020012021065,
    0.059485431760549545,
    0.06352529674768448,
    0.07086839526891708,
    0.07814454287290573,
    0.08778679370880127,
    0.04449855908751488,
    0.011414543725550175,
    0.010937179438769817,
    0.01078316755592823,
    0.021512582898139954,
    0.07892218977212906,
    0.10704875737428665,
    0.12097489833831787,
    0.13329267501831055,
    0.14864332973957062
  ],
  "pi": [
    0.9990000128746033,
    2.4277411284856498e-05,
    2.6430519938003272e-05,
    2.7519907234818675e-05,
    2.697309355426114e-05,
    2.3394528398057446e-05,
    3.346327503095381e-05,
    6.61328958813101e-05,
    0.00019671690824907273,
    0.00022316306421998888,
    0.00021139014279469848,
    5.902667180635035e-05,
    1.7985745216719806e-05,
    1.3444290743791498e-05,
    1.5948113286867738e-05,
    1.6918293113121763e-05,
    1.7215257685165852e-05
  ],
  "J": 17
}