{
  "mu": [
    0.0,
    -0.8025681376457214,
    -0.007749949581921101,
    -0.42522335052490234,
    -0.017000511288642883,
    -0.41206496953964233,
    -0.32468467950820923,
    -0.35423505306243896,
    -0.04803546145558357,
    0.5655697584152222,
    -0.0013144939439371228,
    0.23493485152721405,
    -0.002618588740006089,
    0.02978227660059929,
    0.3527500331401825,
    0.5592551231384277,
    0.7052728533744812
  ],
  "sigma2": [
    9.99999993922529e-09,
    9.99999993922529e-09,
    9.99999993922529e-09,
    9.99999993922529e-09,
    9.99999993922529e-09,
    9.99999993922529e-09,
    9.99999993922529e-09,
    9.99999993922529e-09,
    9.99999993922529e-09,
    9.99999993922529e-09,
    0.009009651839733124,
    9.99999993922529e-09,
    9.99999993922529e-09,
    9.99999993922529e-09,
    9.99999993922529e-09,
    9.99999993922529e-09,
    9.99999993922529e-09
  ],
  "pi": [
    0.9990000128746033,
    9.211437834721892e-09,
    5.124528252054006e-05,
    4.854216513194842e-07,
    2.653967385413125e-05,
    3.788171341057023e-07,
    3.316541778985993e-07,
    1.141397888204665e-06,
    2.7335338472767035e-06,
    3.7972789357354486e-08,
    0.0008467273437418044,
    2.2813655675690825e-07,
    6.362182466546074e-05,
    6.088955615268787e-06,
    3.442057732172543e-07,
    8.610115997953471e-08,
    3.901314549192847e-10
  ],
  "J": 17
}