{
  "mu": [
    0.0,
    -0.77210533618927,
    -0.0036153108812868595,
    -0.4117721915245056,
    -0.020525062456727028,
    -0.3960418701171875,
    -0.3131643533706665,
    -0.3476780354976654,
    -0.049582257866859436,
    0.5475069284439087,
    0.004352195654064417,
    0.2226685732603073,
    -0.003334977198392153,
    0.027016641572117805,
    0.3354586362838745,
    0.5428169369697571,
    0.6874675154685974
  ],
  "sigma2": [
    9.99999993922529e-09,
    9.99999993922529e-09,
    1.1152623073940049e-06,
    9.99999993922529e-09,
    9.99999993922529e-09,
    9.99999993922529e-09,
    9.99999993922529e-09,
    9.99999993922529e-09,
    9.99999993922529e-09,
    9.99999993922529e-09,
    0.027078617364168167,
    9.99999993922529e-09,
    9.99999993922529e-09,
    9.99999993922529e-09,
    9.99999993922529e-09,
    9.99999993922529e-09,
    9.99999993922529e-09
  ],
  "pi": [
    0.9990000128746033,
    5.5350861671854545e-09,
    8.108819019980729e-05,
    5.323294658410305e-07,
    8.312114368891343e-05,
    6.722341368003981e-07,
    8.061752510002407e-07,
    1.870564460659807e-06,
    5.513858013728168e-06,
    1.727909335613731e-07,
    0.0004283366142772138,
    1.1914452215933125e-06,
    0.0003781653067562729,
    1.7808024495025165e-05,
    6.48181753604149e-07,
    5.486057830239588e-08,
    1.2955415407134296e-08
  ],
  "J": 17
}