{
  "mu": [
    0.0,
    -0.7758058309555054,
    -0.0032009752467274666,
    -0.4141446053981781,
    -0.020192744210362434,
    -0.3985430598258972,
    -0.3154870569705963,
    -0.34869644045829773,
    -0.04939829930663109,
    0.5504688024520874,
    0.006846847012639046,
    0.22435712814331055,
    -0.0031689712777733803,
    0.02728731743991375,
    0.33810651302337646,
    0.5462909936904907,
    0.6923724412918091
  ],
  "sigma2": [
    9.99999993922529e-09,
    9.99999993922529e-09,
    1.0690611134123174e-06,
    9.99999993922529e-09,
    9.99999993922529e-09,
    9.99999993922529e-09,
    9.99999993922529e-09,
    9.99999993922529e-09,
    9.99999993922529e-09,
    9.99999993922529e-09,
    0.02562844380736351,
    9.99999993922529e-09,
    9.99999993922529e-09,
    9.99999993922529e-09,
    9.99999993922529e-09,
    9.99999993922529e-09,
    9.99999993922529e-09
  ],
  "pi": [
    0.9990000128746033,
    1.5374887141206273e-08,
    1.4854560959065566e-06,
    9.562184004607843e-07,
    8.84948021848686e-05,
    1.0605638181004906e-06,
    1.306328385908273e-06,
    2.451175532769412e-06,
    8.738587894185912e-06,
    2.486713697180676e-07,
    0.00042134709656238556,
    2.1397056571004214e-06,
    0.00044771627290174365,
    2.2728354451828636e-05,
    1.2035844747515512e-06,
    7.918892919178688e-08,
    2.859342629335515e-08
  ],
  "J": 17
}