{
  "mu": [
    0.0,
    -0.7820538878440857,
    -0.00817075464874506,
    -0.4165850579738617,
    -0.019193392246961594,
    -0.4016771912574768,
    -0.31760862469673157,
    -0.34975138306617737,
    -0.04882301017642021,
    0.5532017946243286,
    0.0004171161854173988,
    0.22660943865776062,
    -0.002865874907001853,
    0.027768610045313835,
    0.3399517834186554,
    0.5501733422279358,
    0.6974316835403442
  ],
  "sigma2": [
    9.99999993922529e-09,
    9.99999993922529e-09,
    9.99999993922529e-09,
    9.99999993922529e-09,
    9.99999993922529e-09,
    9.99999993922529e-09,
    9.99999993922529e-09,
    9.99999993922529e-09,
    9.99999993922529e-09,
    9.99999993922529e-09,
    0.012747148051857948,
    9.99999993922529e-09,
    9.99999993922529e-09,
    9.99999993922529e-09,
    9.99999993922529e-09,
    9.99999993922529e-09,
    9.99999993922529e-09
  ],
  "pi": [
    0.9990000128746033,
    2.9334574769279698e-09,
    0.0001129595548263751,
    5.425774247669324e-07,
    4.023542715003714e-05,
    7.287695780178183e-07,
    7.758143851788191e-07,
    1.5201093219729955e-06,
    4.1012158362718765e-06,
    1.0705902298013825e-07,
    0.000719030445907265,
    5.74575494738383e-07,
    0.00010871768608922139,
    9.976048204407562e-06,
    6.093943056839635e-07,
    9.638091569286189e-08,
    2.1946197747979568e-08
  ],
  "J": 17
}