{
  "mu": [
    0.0,
    -0.781842827796936,
    -0.008431954309344292,
    -0.41625019907951355,
    -0.01947665959596634,
    -0.4009997546672821,
    -0.31724685430526733,
    -0.34970375895500183,
    -0.049083318561315536,
    0.5525567531585693,
    -0.00043870179797522724,
    0.2258881777524948,
    -0.002941483398899436,
    0.02751609869301319,
    0.33939123153686523,
    0.5493407249450684,
    0.6966775059700012
  ],
  "sigma2": [
    9.99999993922529e-09,
    9.99999993922529e-09,
    3.131594183969355e-08,
    9.99999993922529e-09,
    9.99999993922529e-09,
    9.99999993922529e-09,
    9.99999993922529e-09,
    9.99999993922529e-09,
    9.99999993922529e-09,
    9.99999993922529e-09,
    0.012556878849864006,
    9.99999993922529e-09,
    9.99999993922529e-09,
    9.99999993922529e-09,
    9.99999993922529e-09,
    9.99999993922529e-09,
    9.99999993922529e-09
  ],
  "pi": [
    0.9990000128746033,
    4.127550745636199e-09,
    0.00010684084554668516,
    4.245066804742237e-07,
    3.25296277878806e-05,
    5.075146987110202e-07,
    5.607524258266494e-07,
    1.2879539781351923e-06,
    2.080545300486847e-06,
    9.779365228723691e-08,
    0.000745787110645324,
    3.009997726621805e-07,
    0.0001022887954604812,
    6.7554601628216915e-06,
    4.105631035145052e-07,
    1.0184672305513232e-07,
    2.1655797155517575e-08
  ],
  "J": 17
}