{
  "mu": [
    0.0,
    -0.7213865518569946,
    -0.32431894540786743,
    -0.3907499611377716,
    -0.16498610377311707,
    -0.374828577041626,
    -0.30148079991340637,
    -0.18690268695354462,
    -0.2260081022977829,
    0.5130808353424072,
    0.2687733769416809,
    0.1948642134666443,
    0.35637274384498596,
    0.16158978641033173,
    0.30296045541763306,
    0.5119009613990784,
    0.6494484543800354
  ],
  "sigma2": [
    0.0005151749937795103,
    9.99999993922529e-09,
    0.012793682515621185,
    9.99999993922529e-09,
    0.0026245161425322294,
    9.99999993922529e-09,
    9.99999993922529e-09,
    0.13057857751846313,
    0.008470636792480946,
    2.8163888146082172e-06,
    0.014101875945925713,
    0.11714524030685425,
    0.002693480346351862,
    0.0020916506182402372,
    3.7703535781474784e-05,
    9.99999993922529e-09,
    5.521259822671709e-07
  ],
  "pi": [
    0.9990000128746033,
    5.7113474838388356e-08,
    0.0002774304593913257,
    3.815413037955295e-06,
    0.00016565356054343283,
    3.0631724712293362e-06,
    9.81158791546477e-06,
    2.5083286558924556e-09,
    2.80583201117679e-09,
    4.3750347344939655e-07,
    2.204295856955696e-09,
    2.764057427384614e-09,
    4.433119829627685e-05,
    0.0004092263407073915,
    7.762593304505572e-05,
    7.903581717982888e-06,
    6.339212745842815e-07
  ],
  "J": 17
}