{
  "mu": [
    0.0,
    -0.7242754101753235,
    -0.3015094995498657,
    -0.3921465277671814,
    -0.1149461641907692,
    -0.3753141760826111,
    -0.3016204833984375,
    -0.270696222782135,
    -0.23641012609004974,
    0.5159161686897278,
    0.3198785185813904,
    0.20085793733596802,
    0.2859300971031189,
    0.1498563140630722,
    0.30797427892684937,
    0.5149323344230652,
    0.6566057801246643
  ],
  "sigma2": [
    0.00041541384416632354,
    9.99999993922529e-09,
    0.013755390420556068,
    9.99999993922529e-09,
    0.0004613282217178494,
    9.99999993922529e-09,
    9.99999993922529e-09,
    0.21929796040058136,
    0.006407367531210184,
    9.92552304523997e-06,
    0.01978292316198349,
    0.24071906507015228,
    0.006885248702019453,
    0.001971693942323327,
    7.652322892681696e-06,
    9.99999993922529e-09,
    1.056292830980965e-06
  ],
  "pi": [
    0.9990000128746033,
    9.991722293989369e-08,
    0.0003293802437838167,
    8.019636652534246e-07,
    0.00013830621901433915,
    1.1345712209731573e-06,
    2.814256731653586e-06,
    6.1445688537276055e-09,
    3.51624129812933e-09,
    5.47689796803752e-06,
    2.7395063995072633e-09,
    4.4452419523111075e-09,
    0.00010853259300347418,
    0.00036332965828478336,
    4.812708721146919e-05,
    1.4093315030550002e-06,
    5.704767431780056e-07
  ],
  "J": 17
}