{
  "mu": [
    0.0,
    -0.7940232157707214,
    -0.007606200873851776,
    -0.4220919907093048,
    -0.017592517659068108,
    -0.40806642174720764,
    -0.3219018876552582,
    -0.3524792492389679,
    -0.04800441488623619,
    0.5612070560455322,
    0.0012994382996112108,
    0.23186038434505463,
    -0.0025468699168413877,
    0.029271826148033142,
    0.3480314612388611,
    0.5548641681671143,
    0.7044411897659302
  ],
  "sigma2": [
    9.99999993922529e-09,
    9.99999993922529e-09,
    9.99999993922529e-09,
    9.99999993922529e-09,
    9.99999993922529e-09,
    9.99999993922529e-09,
    9.99999993922529e-09,
    9.99999993922529e-09,
    9.99999993922529e-09,
    9.99999993922529e-09,
    0.009966148994863033,
    9.99999993922529e-09,
    9.99999993922529e-09,
    9.99999993922529e-09,
    9.99999993922529e-09,
    9.99999993922529e-09,
    9.99999993922529e-09
  ],
  "pi": [
    0.9990000128746033,
    2.0993123683865633e-08,
    8.117637480609119e-05,
    1.097159952223592e-06,
    4.8806730774231255e-05,
    1.0365481557528256e-06,
    1.492589944973588e-06,
    2.0546165160340024e-06,
    8.04780484031653e-06,
    1.9638979154024128e-07,
    0.0007507638074457645,
    1.5058806184242712e-06,
    8.723513747099787e-05,
    1.5253153833327815e-05,
    1.2493127314883168e-06,
    6.226020587973835e-08,
    1.3309794377747153e-09
  ],
  "J": 17
}