{
  "mu": [
    0.0,
    -1.002886176109314,
    -0.8095794916152954,
    -0.6780951619148254,
    -0.5697041749954224,
    -0.10254846513271332,
    -0.4307747483253479,
    -0.2398223578929901,
    -0.07399498671293259,
    -0.0739961564540863,
    -0.07399503886699677,
    0.20002381503582,
    0.33428454399108887,
    0.45757773518562317,
    0.09412090480327606,
    0.6023476719856262,
    0.7625586986541748
  ],
  "sigma2": [
    4.934379830956459e-05,
    0.0009745710412971675,
    0.0008913471829146147,
    0.0009605122613720596,
    0.000968722568359226,
    0.0014209679793566465,
    0.0006491643143817782,
    0.004502468276768923,
    0.0009249196737073362,
    0.0009249121649190784,
    0.0009249196737073362,
    0.0018604067154228687,
    0.0011646809289231896,
    0.0010527765844017267,
    0.0009200033964589238,
    0.0009679975919425488,
    0.0009230419527739286
  ],
  "pi": [
    0.9990000128746033,
    7.676659379285411e-07,
    4.114702278457116e-06,
    7.655873559997417e-06,
    2.22356084123021e-05,
    0.00020862706878688186,
    8.818093920126557e-05,
    0.0001518103526905179,
    2.3832391615741244e-09,
    2.718563596459944e-09,
    2.4012736243861355e-09,
    0.0001834690774558112,
    6.754849891876802e-05,
    2.3811810024199076e-05,
    0.00023689736553933471,
    4.607562004821375e-06,
    2.659631377355254e-07
  ],
  "J": 17
}