{
  "top1_error_pre[%]": 2.0499999999999963,
  "top1_error_post[%]": 1.8299999999999983,
  "Delta[%]": -0.21999999999999797,
  "|W|": 266200,
  "|W_nonzero|/|W|[%]": 8.738542449286252,
  "CR": 47.192044541702444,
  "acc_pretrain": 0.9795,
  "acc_retrain": 0.982,
  "acc_quantized": 0.9817
}