{
  "top1_error_pre[%]": 2.0499999999999963,
  "top1_error_post[%]": 12.470000000000002,
  "Delta[%]": 10.420000000000007,
  "|W|": 266200,
  "|W_nonzero|/|W|[%]": 4.098797896318557,
  "CR": 75.12346550021165,
  "acc_pretrain": 0.9795,
  "acc_retrain": 0.9841,
  "acc_quantized": 0.8753
}