{
  "mu": [
    0.0,
    -0.3315194547176361,
    -0.3317604064941406,
    -0.33177539706230164,
    -0.33151164650917053,
    -0.33172157406806946,
    -0.3317360281944275,
    -0.3051118850708008,
    -0.3317939341068268,
    0.2638935446739197,
    0.2654338777065277,
    0.2664131820201874,
    0.26551735401153564,
    0.26381149888038635,
    0.2643648684024811,
    0.26423436403274536,
    0.2616193890571594
  ],
  "sigma2": [
    0.0011648180661723018,
    0.039788175374269485,
    0.03851788863539696,
    0.03684746474027634,
    0.03499646112322807,
    0.038917288184165955,
    0.03878508508205414,
    0.013625833205878735,
    0.037902336567640305,
    0.038304463028907776,
    0.017562324181199074,
    0.036413103342056274,
    0.017621614038944244,
    0.038360703736543655,
    0.03797607496380806,
    0.038067951798439026,
    0.039771173149347305
  ],
  "pi": [
    0.9944924712181091,
    1.4224367077986244e-05,
    0.00012361639528535306,
    0.00021339872910175472,
    0.0002814066829159856,
    0.00010336923151044175,
    0.00011040549725294113,
    0.001811815076507628,
    0.0001616437511984259,
    0.00012332793266978115,
    0.0009756751824170351,
    0.0002057521342067048,
    0.0009707848075777292,
    0.00012013540253974497,
    0.00014039577217772603,
    0.00013592430332209915,
    1.5655983588658273e-05
  ],
  "J": 17
}