{
  "mu": [
    0.0,
    -0.4459397792816162,
    -0.26464658975601196,
    -0.26462939381599426,
    -0.17666830122470856,
    -0.17647455632686615,
    -0.17628712952136993,
    -0.2647034525871277,
    -0.1763739138841629,
    0.1515837013721466,
    0.15149888396263123,
    0.15158437192440033,
    0.1515597701072693,
    0.1516808271408081,
    0.30662116408348083,
    0.1506822556257248,
    0.15066377818584442
  ],
  "sigma2": [
    0.0003550435067154467,
    0.002796198008581996,
    0.0025630227755755186,
    0.0025633391924202442,
    0.0025102596264332533,
    0.002504144562408328,
    0.0024982159957289696,
    0.0025601449888199568,
    0.0025009550154209137,
    0.0024567299988120794,
    0.0024525036569684744,
    0.0024567616637796164,
    0.0024555062409490347,
    0.002461543772369623,
    0.0026555226650089025,
    0.0024110458325594664,
    0.0024101033341139555
  ],
  "pi": [
    0.9894352555274963,
    0.00029491400346159935,
    0.0006347780581563711,
    0.0006199799827300012,
    0.0007400511531159282,
    0.0008053034543991089,
    0.0008681928738951683,
    0.0007683492731302977,
    0.0008391974843107164,
    0.00057396967895329,
    0.0005939836846664548,
    0.0005738414474762976,
    0.0005797525518573821,
    0.0005511898198165,
    0.0005380981601774693,
    0.0007893676520325243,
    0.0007937876507639885
  ],
  "J": 17
}