{
  "top1_error_pre[%]": 0.9299999999999975,
  "top1_error_post[%]": 1.5800000000000036,
  "Delta[%]": 0.6500000000000061,
  "|W|": 430500,
  "|W_nonzero|/|W|[%]": 3.959581881533101,
  "CR": 41.75912116692736,
  "acc_pretrain": 0.9907,
  "acc_retrain": 0.9929,
  "acc_quantized": 0.9842
}