{
  "mu": [
    0.0,
    -0.5766237378120422,
    -0.4825475215911865,
    -0.3600282073020935,
    -0.2077242136001587,
    -0.11821866780519485,
    -0.08310934901237488,
    -0.0644349679350853,
    -0.05177761986851692,
    -0.042122989892959595,
    -0.03453345224261284,
    -0.028821244835853577,
    -0.025393906980752945,
    -0.027259215712547302,
    -0.0005126104806549847,
    -0.0005361755029298365,
    -0.0005684171919710934,
    -0.0005938300746493042,
    -0.0006125306244939566,
    -0.0006264284020289779,
    -0.0006370361079461873,
    -0.0006452363450080156,
    -0.0006514449487440288,
    -0.0006554527790285647,
    -0.000656980846542865,
    -0.000659619050566107,
    -0.0006629053386859596,
    -0.0006612580618821084,
    -0.0006580472690984607,
    -0.0006563538918271661,
    -0.0006536644650623202,
    -0.0006484137265942991,
    -0.0006411760114133358,
    -0.0006317833322100341,
    -0.0006195864989422262,
    -0.0006033841636963189,
    -0.0005813607713207603,
    -0.0005520654376596212,
    -0.000518192769959569,
    0.0318622887134552,
    0.02401743084192276,
    0.025715898722410202,
    0.03044961765408516,
    0.03716535121202469,
    0.04583229869604111,
    0.05703552067279816,
    0.07280388474464417,
    0.1002100259065628,
    0.16843613982200623,
    0.3245372772216797,
    0.45413362979888916,
    0.536015510559082,
    0.589670717716217,
    0.6272183060646057,
    0.6555948257446289,
    0.6795051097869873,
    0.7002763152122498,
    0.7061184048652649,
    0.6834152340888977,
    0.6561179161071777,
    0.6399868130683899,
    0.6322086453437805,
    0.6295836567878723,
    0.6305865049362183
  ],
  "sigma2": [
    0.013232543133199215,
    0.012604263611137867,
    0.01249061618000269,
    0.012396221049129963,
    0.012375772930681705,
    0.012198629789054394,
    0.011874007992446423,
    0.011524141766130924,
    0.011195682920515537,
    0.010922644287347794,
    0.010737260803580284,
    0.01067033875733614,
    0.010755165480077267,
    0.011067365296185017,
    0.005669371224939823,
    0.006318395491689444,
    0.0073659042827785015,
    0.00842401571571827,
    0.009395058266818523,
    0.010246803052723408,
    0.01097656786441803,
    0.0115828737616539,
    0.012062808498740196,
    0.012413723394274712,
    0.01263820007443428,
    0.012749233283102512,
    0.012776984833180904,
    0.012769962660968304,
    0.012703513726592064,
    0.012535217218101025,
    0.01224497240036726,
    0.011825820431113243,
    0.011278672143816948,
    0.01060683187097311,
    0.009812677279114723,
    0.008896728977560997,
    0.0078719612210989,
    0.006803812924772501,
    0.005817603785544634,
    0.01119866780936718,
    0.01086457446217537,
    0.01068867091089487,
    0.010688875801861286,
    0.010822733864188194,
    0.011059673503041267,
    0.011368329636752605,
    0.011716130189597607,
    0.012064625509083271,
    0.01231914572417736,
    0.012341529130935669,
    0.012410853058099747,
    0.01252921111881733,
    0.012655955739319324,
    0.012773554772138596,
    0.012874789535999298,
    0.01295777503401041,
    0.013022354803979397,
    0.01306906621903181,
    0.013100354932248592,
    0.013121661730110645,
    0.013136799447238445,
    0.013147741556167603,
    0.013155781663954258,
    0.013161440379917622
  ],
  "pi": [
    0.9900000095367432,
    2.244083589175716e-05,
    2.2213916963664815e-05,
    2.2034975700080395e-05,
    2.224127274530474e-05,
    2.305639827682171e-05,
    2.3899014195194468e-05,
    2.4638324248371646e-05,
    2.529747325752396e-05,
    2.5870622266666032e-05,
    2.6281635655323043e-05,
    2.630520612001419e-05,
    2.5316983737866394e-05,
    2.1216468667262234e-05,
    0.0011308443499729037,
    0.0008968069450929761,
    0.0005925654550082982,
    0.0004085800319444388,
    0.0003070529783144593,
    0.00025046782684512436,
    0.00021665470558218658,
    0.00019510809215717018,
    0.00018089079821947962,
    0.00017158887931145728,
    0.00016594115004409105,
    0.0001631610793992877,
    0.00016244736616499722,
    0.00016262968711089343,
    0.0001643090508878231,
    0.00016851071268320084,
    0.00017596417455933988,
    0.00018764355627354234,
    0.00020530381880234927,
    0.00023244236945174634,
    0.0002763716329354793,
    0.00035282503813505173,
    0.0004924876266159117,
    0.0007357075810432434,
    0.0011131057981401682,
    1.8581285985419527e-05,
    2.395941555732861e-05,
    2.597477941890247e-05,
    2.6313109628972597e-05,
    2.6044763217214495e-05,
    2.5530387574690394e-05,
    2.48996184382122e-05,
    2.4180892069125548e-05,
    2.334663804504089e-05,
    2.2415051716961898e-05,
    2.197517460444942e-05,
    2.2118654669611715e-05,
    2.2316413378575817e-05,
    2.2460993932327256e-05,
    2.2556285330210812e-05,
    2.2618241928284988e-05,
    2.2659352907794528e-05,
    2.2687503587803803e-05,
    2.2706910385750234e-05,
    2.2720454580849037e-05,
    2.273063364555128e-05,
    2.2738178813597187e-05,
    2.2743590307072736e-05,
    2.2747515686205588e-05,
    2.275035876664333e-05
  ],
  "J": 64
}