{
  "mu": [
    0.0,
    -0.686345100402832,
    -0.04705093801021576,
    -0.01899416372179985,
    -0.09054984152317047,
    -0.09072652459144592,
    -0.09081584215164185,
    -0.09083662927150726,
    -0.0907876119017601,
    -0.09065625816583633,
    -0.09041955322027206,
    -0.09002136439085007,
    -0.08933831006288528,
    -0.0880533829331398,
    -0.01830487884581089,
    -0.12161248177289963,
    -0.1511283814907074,
    -0.18288099765777588,
    -0.18908695876598358,
    -0.18984098732471466,
    -0.1901523470878601,
    -0.19033117592334747,
    -0.38706687092781067,
    -0.219923198223114,
    -0.1162252426147461,
    -0.16290420293807983,
    -0.08467986434698105,
    -0.1296452134847641,
    -0.08573490381240845,
    -0.26657500863075256,
    -0.48700451850891113,
    -0.3214509189128876,
    -0.19025464355945587,
    -0.18999439477920532,
    -0.18963374197483063,
    -0.1869305521249771,
    -0.1717696338891983,
    -0.1305886059999466,
    -0.08538892865180969,
    -0.08690796047449112,
    -0.08883577585220337,
    -0.08974770456552505,
    -0.09025737643241882,
    -0.09056100994348526,
    -0.09073716402053833,
    -0.09082227200269699,
    -0.09083093702793121,
    -0.09076859802007675,
    -0.09062487632036209,
    0.018620647490024567,
    0.044834356755018234,
    0.081922248005867,
    0.08222176134586334,
    0.2915719747543335,
    0.15694667398929596,
    0.48339152336120605,
    0.6563870310783386,
    0.901010274887085,
    0.3670918941497803,
    0.12232089042663574,
    0.08205000311136246,
    0.1878109723329544,
    0.12233354896306992,
    0.2341921478509903
  ],
  "sigma2": [
    3.0278383746917825e-06,
    0.0013093042653054,
    0.0002572248049546033,
    7.268919580383226e-05,
    0.0004016064922325313,
    0.0004016062885057181,
    0.0004016062885057181,
    0.0004016060847789049,
    0.0004016060847789049,
    0.00040160553180612624,
    0.00040160512435249984,
    0.00040160419302992523,
    0.00040160419302992523,
    0.00040160323260352015,
    6.866575859021395e-05,
    0.0004016411257907748,
    0.00040155171882361174,
    0.00040158984484151006,
    0.0004013084399048239,
    0.0004009297408629209,
    0.0003998157335445285,
    0.00039687613025307655,
    0.0004718537093140185,
    0.0004141867393627763,
    0.0003989319084212184,
    0.00041180505650117993,
    0.0003889206564053893,
    0.00040592646109871566,
    0.00039498237310908735,
    0.00043737285886891186,
    0.0005543765728361905,
    0.00044295089901424944,
    0.00039874896174296737,
    0.0004005572700407356,
    0.0004011695273220539,
    0.00040145544335246086,
    0.0004017461324110627,
    0.00040165550308302045,
    0.0003830940695479512,
    0.00040160398930311203,
    0.0004016038146801293,
    0.00040160419302992523,
    0.00040160436765290797,
    0.00040160553180612624,
    0.00040160593925975263,
    0.0004016060847789049,
    0.0004016060847789049,
    0.0004016062885057181,
    0.0004016064922325313,
    6.838090484961867e-05,
    0.00024048534396570176,
    0.0003906659549102187,
    0.0003940977621823549,
    0.00045300350757315755,
    0.0003825019230134785,
    0.0005529063637368381,
    0.0005956089589744806,
    0.0015000213170424104,
    0.0005193178658373654,
    0.0003959961759392172,
    0.00039229338290169835,
    0.0004374481795821339,
    0.00039563002064824104,
    0.0004388975794427097
  ],
  "pi": [
    0.9900000095367432,
    2.2454441932495683e-06,
    0.0011128797195851803,
    0.0008815255714580417,
    3.014832543613011e-07,
    2.8884818448204896e-07,
    2.7431079274720105e-07,
    2.5776216716622e-07,
    2.388591440194432e-07,
    2.1722459564443852e-07,
    1.9238814275013283e-07,
    1.6379844680614042e-07,
    1.3062202697255998e-07,
    9.139172618688463e-08,
    6.777561065973714e-05,
    1.0566936907707714e-05,
    5.382373728934908e-06,
    4.460157924768282e-06,
    5.728767064283602e-06,
    1.1156659638800193e-05,
    2.909803697548341e-05,
    7.632740744156763e-05,
    1.7158270566142164e-05,
    0.0002357061457587406,
    0.00037594407331198454,
    0.0005122200818732381,
    0.0007433656719513237,
    0.0006135234143584967,
    0.0004880156193394214,
    0.00011405250552343205,
    7.045948677841807e-06,
    4.058017657371238e-05,
    4.629619434126653e-05,
    1.7134641893790103e-05,
    7.468215244443854e-06,
    4.733420610136818e-06,
    4.666780114348512e-06,
    7.07022491042153e-06,
    2.4551854949095286e-05,
    7.604806739891501e-08,
    1.128765205749005e-07,
    1.4866205333419202e-07,
    1.7927246176441258e-07,
    2.0580442594564374e-07,
    2.2888396244979958e-07,
    2.4903283701860346e-07,
    2.666791374394961e-07,
    2.821992666213191e-07,
    2.958709046652075e-07,
    0.0008845172123983502,
    0.0009531201212666929,
    0.0004507772100623697,
    0.0002874601923394948,
    6.201937503647059e-05,
    0.0003306442522443831,
    4.911596533929696e-06,
    2.4855360152287176e-06,
    2.309456021976075e-06,
    2.3845441319281235e-05,
    0.00035807761014439166,
    0.00035024492535740137,
    0.0002936059609055519,
    0.000365022337064147,
    0.00016007684462238103
  ],
  "J": 64
}