{
  "mu": [
    0.0,
    -0.41972336173057556,
    -0.18474937975406647,
    -0.18443116545677185,
    -0.0005307333776727319,
    -0.0004946065018884838,
    -0.00046463331091217697,
    -0.00044137120130471885,
    -0.00042634407873265445,
    -0.0004214985528960824,
    -0.000429148058174178,
    -0.0004524579271674156,
    -0.0004955987678840756,
    -0.0005637176800519228,
    -1.2097593753424007e-05,
    -0.00014333429862745106,
    -0.0010364834452047944,
    -0.002381296129897237,
    -0.0038459650240838528,
    -0.005863512400537729,
    -0.00926584005355835,
    -0.016749650239944458,
    -0.06536033749580383,
    -0.19897755980491638,
    -0.2110506296157837,
    -0.2135448008775711,
    -0.22778843343257904,
    -0.21625202894210815,
    -0.21225644648075104,
    -0.20787104964256287,
    -0.15490907430648804,
    -0.025638358667492867,
    -0.011911293491721153,
    -0.007210420910269022,
    -0.004689302761107683,
    -0.0030356792267411947,
    -0.001665183575823903,
    -0.0004460515920072794,
    -2.3472943212254904e-05,
    -0.0005748185212723911,
    -0.0005233234842307866,
    -0.00046951070544309914,
    -0.00043745877337642014,
    -0.00042288971599191427,
    -0.0004221807175781578,
    -0.00043267448199912906,
    -0.0004523310635704547,
    -0.000479453825391829,
    -0.0005131032667122781,
    0.19446641206741333,
    0.1950899362564087,
    0.19568422436714172,
    0.1964777112007141,
    0.19723421335220337,
    0.19703324139118195,
    0.43606406450271606,
    0.6362403631210327,
    0.8611167073249817,
    0.3019816279411316,
    0.1972636729478836,
    0.19730859994888306,
    0.1973402053117752,
    0.1973624974489212,
    0.19737650454044342
  ],
  "sigma2": [
    0.0015485275071114302,
    0.0025080787017941475,
    0.0010398924350738525,
    0.0010136186610907316,
    0.0012636163737624884,
    0.0012331375619396567,
    0.0012059517903253436,
    0.0011831860756501555,
    0.0011669767554849386,
    0.0011597746051847935,
    0.0011638797586783767,
    0.0011812644079327583,
    0.0012129171518608928,
    0.0012571256374940276,
    8.134206291288137e-05,
    0.0007647810853086412,
    0.0015601443592458963,
    0.001894331187941134,
    0.0020599327981472015,
    0.0021766896825283766,
    0.002271086908876896,
    0.002348176436498761,
    0.0024127087090164423,
    0.0024422667920589447,
    0.0024409859906882048,
    0.0024446144234389067,
    0.002487885532900691,
    0.002456996124237776,
    0.00244044023565948,
    0.002441734541207552,
    0.002440911717712879,
    0.0023792569991201162,
    0.00230943551287055,
    0.002223399467766285,
    0.002118414733558893,
    0.0019821187015622854,
    0.0017548034666106105,
    0.0012068584328517318,
    0.00028916948940604925,
    0.0012681483058258891,
    0.0012320695677772164,
    0.0011939600808545947,
    0.001169875031337142,
    0.0011597226839512587,
    0.0011618847493082285,
    0.0011741850757971406,
    0.0011942476266995072,
    0.0012197663309052587,
    0.0012491752859205008,
    0.0012102423934265971,
    0.0012392313219606876,
    0.0012659846106544137,
    0.00129884690977633,
    0.0013291530776768923,
    0.0013237243983894587,
    0.0014740880578756332,
    0.0014747376553714275,
    0.0015458626439794898,
    0.001447290531359613,
    0.0013388051884248853,
    0.0013408118393272161,
    0.0013421890325844288,
    0.001343135954812169,
    0.0013437168672680855
  ],
  "pi": [
    0.9900000095367432,
    1.0746884072432294e-05,
    4.797276051249355e-05,
    4.6944151108618826e-05,
    2.6767700092023006e-06,
    2.7104390483145835e-06,
    2.679055569387856e-06,
    2.6102977699338226e-06,
    2.5040199034265243e-06,
    2.353920308451052e-06,
    2.1513289993890794e-06,
    1.8864543562813196e-06,
    1.5478368595722714e-06,
    1.1152841352668474e-06,
    0.008785194717347622,
    0.00010417286102892831,
    2.488027348590549e-05,
    1.3986548765387852e-05,
    1.0765117622213438e-05,
    9.382537427882198e-06,
    8.641060958325397e-06,
    8.180270924640354e-06,
    7.876585186750162e-06,
    8.77743059390923e-06,
    1.0839956303243525e-05,
    1.3371358363656327e-05,
    1.6161511666723527e-05,
    1.4659845874120947e-05,
    1.1998989975836594e-05,
    9.689081707620062e-06,
    7.998266482900362e-06,
    8.018152584554628e-06,
    8.398337740800343e-06,
    8.981352948467247e-06,
    9.987432349589653e-06,
    1.2072811841790099e-05,
    1.7824628230300732e-05,
    4.4793803681386635e-05,
    0.0005230042734183371,
    9.476835884925094e-07,
    1.3560124898504e-06,
    1.735210162223666e-06,
    2.033101509368862e-06,
    2.2636113499174826e-06,
    2.437019702483667e-06,
    2.562518602644559e-06,
    2.6475279355508974e-06,
    2.6947914193442557e-06,
    2.6895281735050958e-06,
    1.2131420589867048e-05,
    1.2265867553651333e-05,
    1.2062760106346104e-05,
    1.0800357813423034e-05,
    9.82333040155936e-06,
    1.1117323992948513e-05,
    4.8502424760954455e-06,
    3.873500190820778e-06,
    2.7322466849000193e-06,
    8.78789523994783e-06,
    1.25259875858319e-05,
    1.2526866157713812e-05,
    1.2526513273769524e-05,
    1.2525892088888213e-05,
    1.252544461749494e-05
  ],
  "J": 64
}