{
  "mu": [
    0.0,
    -0.6096456050872803,
    -0.05948268994688988,
    -0.029233496636152267,
    -0.0975518673658371,
    -0.09679362177848816,
    -0.09606552124023438,
    -0.09530705958604813,
    -0.09449458122253418,
    -0.09360767155885696,
    -0.09260385483503342,
    -0.09139402210712433,
    -0.08979358524084091,
    -0.08739321678876877,
    -0.02057064324617386,
    -0.11789418011903763,
    -0.15324653685092926,
    -0.16362015902996063,
    -0.16617369651794434,
    -0.171048104763031,
    -0.1730004996061325,
    -0.17012926936149597,
    -0.3373836576938629,
    -0.18379634618759155,
    -0.10346236079931259,
    -0.1479116529226303,
    -0.09082995355129242,
    -0.12660616636276245,
    -0.09608075022697449,
    -0.22204388678073883,
    -0.43298184871673584,
    -0.2745065689086914,
    -0.17300429940223694,
    -0.172396719455719,
    -0.16834375262260437,
    -0.16463519632816315,
    -0.16074495017528534,
    -0.13641490042209625,
    -0.06726523488759995,
    -0.08555878698825836,
    -0.08879264444112778,
    -0.09070701897144318,
    -0.09206929057836533,
    -0.09315788000822067,
    -0.09409591555595398,
    -0.09494519978761673,
    -0.09573344886302948,
    -0.09648443758487701,
    -0.09724116325378418,
    0.027536386623978615,
    0.05549206957221031,
    0.06344056129455566,
    0.09477052837610245,
    0.2733278274536133,
    0.12794585525989532,
    0.4542665183544159,
    0.6271234154701233,
    0.8724583387374878,
    0.3480382263660431,
    0.09485773742198944,
    0.09476089477539062,
    0.17142589390277863,
    0.13545571267604828,
    0.21573098003864288
  ],
  "sigma2": [
    1.0731926522566937e-05,
    0.001889451639726758,
    0.00028302447753958404,
    0.00011014874326065183,
    0.0004016064922325313,
    0.0004016060847789049,
    0.00040160593925975263,
    0.00040160593925975263,
    0.0004016060847789049,
    0.0004016060847789049,
    0.00040160687058232725,
    0.0004016078310087323,
    0.0004016089951619506,
    0.00040161091601476073,
    3.941248360206373e-05,
    0.000407962390454486,
    0.00040179688949137926,
    0.00040161568904295564,
    0.0004016078310087323,
    0.00040163195808418095,
    0.0004016723542008549,
    0.00040179057396017015,
    0.0005111002828925848,
    0.00039915950037539005,
    0.00040213001193478703,
    0.00040414053364656866,
    0.0004008089017588645,
    0.00039762872620485723,
    0.0004016309685539454,
    0.0004330918309278786,
    0.0005707012605853379,
    0.0004319094878155738,
    0.00040172712760977447,
    0.000401644385419786,
    0.0004016185412183404,
    0.00040160800563171506,
    0.00040164421079680324,
    0.0004028051334898919,
    0.0003290422901045531,
    0.0004016116727143526,
    0.00040160975186154246,
    0.00040160841308534145,
    0.0004016072489321232,
    0.0004016064922325313,
    0.0004016060847789049,
    0.00040160593925975263,
    0.00040160593925975263,
    0.0004016060847789049,
    0.0004016062885057181,
    9.579092147760093e-05,
    0.0002664650382939726,
    0.0003411381912883371,
    0.000398839678382501,
    0.00046419352293014526,
    0.0004012269200757146,
    0.0005478024249896407,
    0.0006286739953793585,
    0.001504266052506864,
    0.0004703670274466276,
    0.0003998145693913102,
    0.0003981783811468631,
    0.00039537280099466443,
    0.00040268569136969745,
    0.0004538447828963399
  ],
  "pi": [
    0.9900000095367432,
    5.035925369156757e-06,
    0.0013077877229079604,
    0.0008412341703660786,
    3.0163897690727026e-07,
    2.890009795919468e-07,
    2.744590119618806e-07,
    2.579041336048249e-07,
    2.389932092228264e-07,
    2.1734821586960607e-07,
    1.9249998217674147e-07,
    1.638964874928206e-07,
    1.307046915144383e-07,
    9.145706059143777e-08,
    6.304057023953646e-05,
    1.0572955943644047e-05,
    5.384224095905665e-06,
    4.4521934796648566e-06,
    5.690495072485646e-06,
    1.095651532523334e-05,
    2.7945057809120044e-05,
    7.122311217244714e-05,
    3.244137405999936e-05,
    0.00023812870495021343,
    0.0003496476565487683,
    0.0004908018163405359,
    0.0006224330281838775,
    0.0005569905042648315,
    0.0004151322937104851,
    0.00024085454060696065,
    1.1335090675856918e-05,
    8.458416414214298e-05,
    4.4106407585786656e-05,
    1.6675890947226435e-05,
    7.386728157143807e-06,
    4.716704097518232e-06,
    4.665695996663999e-06,
    7.06941455064225e-06,
    2.4581386242061853e-05,
    7.610817220893296e-08,
    1.1295207258399387e-07,
    1.4875273279812973e-07,
    1.7937803420409182e-07,
    2.0592288763054967e-07,
    2.2901487284343602e-07,
    2.491709665264352e-07,
    2.668250260740024e-07,
    2.8235041327207e-07,
    2.9602546192109003e-07,
    0.0008215326815843582,
    0.0007717312546446919,
    0.0004711866786237806,
    0.0003013862587977201,
    7.960973016452044e-05,
    0.0003111011756118387,
    6.396067874447908e-06,
    3.0347657684615115e-06,
    2.6560096557659563e-06,
    2.643716652528383e-05,
    0.0003689165459945798,
    0.0003676900523714721,
    0.00037620955845341086,
    0.0003723104891832918,
    0.00021072207891847938
  ],
  "J": 64
}