{
  "mu": [
    0.0,
    -0.5944897532463074,
    -0.5646626949310303,
    -0.5350666046142578,
    -0.5057083368301392,
    -0.47659191489219666,
    -0.447721928358078,
    -0.4190988838672638,
    -0.3907243609428406,
    -0.3626019358634949,
    -0.3347461521625519,
    -0.30720657110214233,
    -0.2801457345485687,
    -0.2545172870159149,
    -0.20894943177700043,
    -0.17780639231204987,
    -0.1515100747346878,
    -0.12611939013004303,
    -0.10153821110725403,
    -0.07792253792285919,
    -0.055603206157684326,
    -0.035198748111724854,
    -0.017869751900434494,
    -0.005671852268278599,
    -0.0007882046629674733,
    -0.0005035242647863925,
    -0.0005099782138131559,
    -0.0005067591555416584,
    -0.0004959319485351443,
    0.0014275716384872794,
    0.010313834995031357,
    0.025539960712194443,
    0.04468870908021927,
    0.06621067225933075,
    0.08927334100008011,
    0.11343233287334442,
    0.13845506310462952,
    0.1642845869064331,
    0.1915467530488968,
    0.24160252511501312,
    0.2667694389820099,
    0.2934206426143646,
    0.32077980041503906,
    0.3485117256641388,
    0.376535564661026,
    0.4048260450363159,
    0.4333796203136444,
    0.46219924092292786,
    0.4912916421890259,
    0.5206600427627563,
    0.5503114461898804,
    0.5802469253540039,
    0.6104621291160583,
    0.6409304738044739,
    0.6716024875640869,
    0.7023681998252869,
    0.7330307364463806,
    0.7632647752761841,
    0.7925894856452942,
    0.8204050064086914,
    0.8461524248123169,
    0.8696099519729614,
    0.891183614730835,
    0.9118542075157166
  ],
  "sigma2": [
    0.042294200509786606,
    0.042085886001586914,
    0.04205746948719025,
    0.042027756571769714,
    0.041995663195848465,
    0.04195927456021309,
    0.041915152221918106,
    0.04185938462615013,
    0.04178784787654877,
    0.04169893264770508,
    0.04159428924322128,
    0.04148216173052788,
    0.04137393459677696,
    0.04127783328294754,
    0.04125211760401726,
    0.040845680981874466,
    0.04054980352520943,
    0.0403866246342659,
    0.0403391532599926,
    0.0403875857591629,
    0.04051223397254944,
    0.04069419205188751,
    0.04091382026672363,
    0.041144903749227524,
    0.041349440813064575,
    0.04148182272911072,
    0.0415230356156826,
    0.04151178151369095,
    0.04142341762781143,
    0.04124808311462402,
    0.04102422669529915,
    0.040795452892780304,
    0.04059319943189621,
    0.04043947532773018,
    0.040353137999773026,
    0.04035332053899765,
    0.040460024029016495,
    0.04069248214364052,
    0.04106082022190094,
    0.04118093103170395,
    0.041329462081193924,
    0.04143230617046356,
    0.04154462367296219,
    0.041653942316770554,
    0.04175065457820892,
    0.04183001071214676,
    0.04189222306013107,
    0.04194072261452675,
    0.04197953641414642,
    0.04201249033212662,
    0.04204219952225685,
    0.042070433497428894,
    0.04209756478667259,
    0.042124003171920776,
    0.04214927554130554,
    0.04217294231057167,
    0.04219468683004379,
    0.042214084416627884,
    0.04223096743226051,
    0.04224521294236183,
    0.042256638407707214,
    0.04226572811603546,
    0.04227311164140701,
    0.04227796196937561
  ],
  "pi": [
    0.9900000095367432,
    0.00010672224743757397,
    0.00010665753507055342,
    0.00010658205428626388,
    0.00010649420437403023,
    0.00010639114043442532,
    0.00010626734729157761,
    0.00010611269681248814,
    0.00010590798774501309,
    0.00010561617818893865,
    0.00010515972098801285,
    0.00010435074364067987,
    0.0001026005920721218,
    9.668030543252826e-05,
    0.0001950878940988332,
    0.00024160079192370176,
    0.00024541185121051967,
    0.00024609133834019303,
    0.00024573944392614067,
    0.00024484843015670776,
    0.00024360760289710015,
    0.00024212345306295902,
    0.00024049099010881037,
    0.00023884289839770645,
    0.00023740467440802604,
    0.00023647159105166793,
    0.00023617976694367826,
    0.00023625943867955357,
    0.00023688239161856472,
    0.0002381144295213744,
    0.00023969601897988468,
    0.00024135399144142866,
    0.00024291720183100551,
    0.0002442791883368045,
    0.0002453445631545037,
    0.0002459749230183661,
    0.000245868694037199,
    0.00024404373834840953,
    0.00023373360454570502,
    9.752884216140956e-05,
    0.00010079924686579034,
    0.00010368014773121104,
    0.00010481972276465967,
    0.00010541375377215445,
    0.00010577421198831871,
    0.0001060174690792337,
    0.00010619586100801826,
    0.00010633566125761718,
    0.00010645071597537026,
    0.00010654842481017113,
    0.00010663271677913144,
    0.00010670562187442556,
    0.00010676824604161084,
    0.00010682138236006722,
    0.0001068657438736409,
    0.00010690199997043237,
    0.00010693084914237261,
    0.00010695328819565475,
    0.0001069701902451925,
    0.00010698248661356047,
    0.00010699110134737566,
    0.00010699690028559417,
    0.00010700056736823171,
    0.00010700259736040607
  ],
  "J": 64
}