{
  "mu": [
    0.0,
    -0.6370095610618591,
    -0.05720318853855133,
    -0.025656402111053467,
    -0.09684830158948898,
    -0.09620921313762665,
    -0.09558596462011337,
    -0.09492805600166321,
    -0.09421377629041672,
    -0.0934230387210846,
    -0.0925154983997345,
    -0.09140405058860779,
    -0.08990759402513504,
    -0.08761764317750931,
    -0.018666839227080345,
    -0.1188841313123703,
    -0.15366479754447937,
    -0.16344743967056274,
    -0.1655251681804657,
    -0.1698005646467209,
    -0.17437541484832764,
    -0.16442185640335083,
    -0.3498881459236145,
    -0.19244086742401123,
    -0.11080070585012436,
    -0.15311118960380554,
    -0.09082058817148209,
    -0.1262788474559784,
    -0.09091537445783615,
    -0.23069216310977936,
    -0.44969189167022705,
    -0.2847837209701538,
    -0.18472492694854736,
    -0.17160436511039734,
    -0.1672748625278473,
    -0.16429567337036133,
    -0.16091574728488922,
    -0.13476164638996124,
    -0.06869768351316452,
    -0.08583724498748779,
    -0.08895857632160187,
    -0.09076506644487381,
    -0.09202660620212555,
    -0.09301810711622238,
    -0.09385955333709717,
    -0.09461091458797455,
    -0.09529861807823181,
    -0.09594497829675674,
    -0.0965864434838295,
    0.023846464231610298,
    0.051089946180582047,
    0.0665048286318779,
    0.09056779742240906,
    0.2773074805736542,
    0.1373421549797058,
    0.45938944816589355,
    0.6348282694816589,
    0.8817955851554871,
    0.3515995740890503,
    0.10072177648544312,
    0.09045819938182831,
    0.1741391122341156,
    0.1290118396282196,
    0.22001929581165314
  ],
  "sigma2": [
    7.501214895455632e-06,
    0.0015003768494352698,
    0.00029836606699973345,
    0.00010109561844728887,
    0.0004016064922325313,
    0.0004016060847789049,
    0.00040160593925975263,
    0.00040160593925975263,
    0.0004016060847789049,
    0.0004016060847789049,
    0.00040160687058232725,
    0.0004016064922325313,
    0.00040160704520531,
    0.0004016085877083242,
    4.518814239418134e-05,
    0.0004042453656438738,
    0.0004016463062725961,
    0.00040159060154110193,
    0.0004015913582406938,
    0.00040162965888157487,
    0.0004018150793854147,
    0.0004015620506834239,
    0.0005287056555971503,
    0.0003941426984965801,
    0.0004053993325214833,
    0.00040428779902867973,
    0.0003899642906617373,
    0.00039543784805573523,
    0.00039388396544381976,
    0.00045149674406275153,
    0.0006177066825330257,
    0.0004567271680571139,
    0.000402043922804296,
    0.00040168288978748024,
    0.00040159825584851205,
    0.00040158984484151006,
    0.00040159578202292323,
    0.0004018555046059191,
    0.0003453236713539809,
    0.00040161010110750794,
    0.0004016078310087323,
    0.0004016066959593445,
    0.0004016066959593445,
    0.0004016064922325313,
    0.0004016060847789049,
    0.00040160593925975263,
    0.00040160593925975263,
    0.0004016060847789049,
    0.0004016062885057181,
    8.448611333733425e-05,
    0.0002570752112660557,
    0.00037273659836500883,
    0.00040122115751728415,
    0.0004558551008813083,
    0.0004018302133772522,
    0.0005495034856721759,
    0.0006348374299705029,
    0.0015170982806012034,
    0.00046662247041240335,
    0.00040323639404959977,
    0.00040092511335387826,
    0.0004031419812235981,
    0.0004025941016152501,
    0.0004475813184399158
  ],
  "pi": [
    0.9900000095367432,
    3.5435868994682096e-06,
    0.0013135479530319571,
    0.0008319683838635683,
    3.0442177489931055e-07,
    2.9166827175686194e-07,
    2.7699238103195967e-07,
    2.602847075650061e-07,
    2.411994444173615e-07,
    2.1935609595402639e-07,
    1.9427832853580185e-07,
    1.6541089564725553e-07,
    1.319121594178796e-07,
    9.230090114442646e-08,
    6.542162009282038e-05,
    1.0670649317034986e-05,
    5.4334118431143e-06,
    4.4929761315870564e-06,
    5.7425190789217595e-06,
    1.1055318282160442e-05,
    2.8189215299789794e-05,
    7.18357041478157e-05,
    2.7451724236016162e-05,
    0.0002412058529444039,
    0.0003534830757416785,
    0.0004947452689521015,
    0.0006329672760330141,
    0.0005660280003212392,
    0.00042198601295240223,
    0.00020623514137696475,
    9.672714440966956e-06,
    7.438778993673623e-05,
    4.449198968359269e-05,
    1.682444053585641e-05,
    7.454004389728652e-06,
    4.75989190817927e-06,
    4.708436790679116e-06,
    7.134841780498391e-06,
    2.4803131964290515e-05,
    7.68095063108376e-08,
    1.1399509958209819e-07,
    1.5012720666618407e-07,
    1.810355030329447e-07,
    2.0782522369700018e-07,
    2.3112875169317704e-07,
    2.514709080969624e-07,
    2.6928793772640347e-07,
    2.8495608717094e-07,
    2.9875698714931787e-07,
    0.0008045554859563708,
    0.0008209968218579888,
    0.00047010762500576675,
    0.00029894994804635644,
    7.589472079416737e-05,
    0.0003114745195489377,
    6.378672878781799e-06,
    2.9419186375889694e-06,
    2.5786330297705717e-06,
    2.6067826183862053e-05,
    0.0003657006018329412,
    0.00036452323547564447,
    0.00038365801447071135,
    0.0003726844151969999,
    0.00019900301413144916
  ],
  "J": 64
}