{
  "mu": [
    0.0,
    -0.7020754814147949,
    -0.6742743849754333,
    -0.6464733481407166,
    -0.618672251701355,
    -0.5908711552619934,
    -0.5630701184272766,
    -0.535269021987915,
    -0.5074679255485535,
    -0.4796668589115143,
    -0.4518657922744751,
    -0.4240646958351135,
    -0.39626362919807434,
    -0.36846256256103516,
    -0.3406614661216736,
    -0.3128603994846344,
    -0.2850593030452728,
    -0.25725823640823364,
    -0.22945715487003326,
    -0.20165607333183289,
    -0.1738550066947937,
    -0.14605392515659332,
    -0.11825284361839294,
    -0.09045176953077316,
    -0.06265069544315338,
    -0.034849613904953,
    -0.007048536092042923,
    0.020752541720867157,
    0.04855361953377724,
    0.07635469734668732,
    0.1041557788848877,
    0.13195684552192688,
    0.15975789725780487,
    0.18755897879600525,
    0.21536004543304443,
    0.2431611269712448,
    0.2709622085094452,
    0.2987632751464844,
    0.32656437158584595,
    0.35436543822288513,
    0.3821665048599243,
    0.4099676012992859,
    0.4377686679363251,
    0.46556973457336426,
    0.49337083101272583,
    0.5211719274520874,
    0.5489729642868042,
    0.5767740607261658,
    0.6045751571655273,
    0.6323761940002441,
    0.6601772904396057,
    0.6879783868789673,
    0.7157794237136841,
    0.7435805201530457,
    0.7713816165924072,
    0.799182653427124,
    0.8269837498664856,
    0.8547848463058472,
    0.8825859427452087,
    0.9103869795799255,
    0.9381880760192871,
    0.9659891724586487,
    0.9937902092933655,
    1.021591305732727
  ],
  "sigma2": [
    0.0625,
    0.0625,
    0.0625,
    0.0625,
    0.0625,
    0.0625,
    0.0625,
    0.0625,
    0.0625,
    0.0625,
    0.0625,
    0.0625,
    0.0625,
    0.0625,
    0.0625,
    0.0625,
    0.0625,
    0.0625,
    0.0625,
    0.0625,
    0.0625,
    0.0625,
    0.0625,
    0.0625,
    0.0625,
    0.0625,
    0.0625,
    0.0625,
    0.0625,
    0.0625,
    0.0625,
    0.0625,
    0.0625,
    0.0625,
    0.0625,
    0.0625,
    0.0625,
    0.0625,
    0.0625,
    0.0625,
    0.0625,
    0.0625,
    0.0625,
    0.0625,
    0.0625,
    0.0625,
    0.0625,
    0.0625,
    0.0625,
    0.0625,
    0.0625,
    0.0625,
    0.0625,
    0.0625,
    0.0625,
    0.0625,
    0.0625,
    0.0625,
    0.0625,
    0.0625,
    0.0625,
    0.0625,
    0.0625,
    0.0625
  ],
  "pi": [
    0.9900000095367432,
    0.00015873016673140228,
    0.00015873016673140228,
    0.00015873016673140228,
    0.00015873016673140228,
    0.00015873016673140228,
    0.00015873016673140228,
    0.00015873016673140228,
    0.00015873016673140228,
    0.00015873016673140228,
    0.00015873016673140228,
    0.00015873016673140228,
    0.00015873016673140228,
    0.00015873016673140228,
    0.00015873016673140228,
    0.00015873016673140228,
    0.00015873016673140228,
    0.00015873016673140228,
    0.00015873016673140228,
    0.00015873016673140228,
    0.00015873016673140228,
    0.00015873016673140228,
    0.00015873016673140228,
    0.00015873016673140228,
    0.00015873016673140228,
    0.00015873016673140228,
    0.00015873016673140228,
    0.00015873016673140228,
    0.00015873016673140228,
    0.00015873016673140228,
    0.00015873016673140228,
    0.00015873016673140228,
    0.00015873016673140228,
    0.00015873016673140228,
    0.00015873016673140228,
    0.00015873016673140228,
    0.00015873016673140228,
    0.00015873016673140228,
    0.00015873016673140228,
    0.00015873016673140228,
    0.00015873016673140228,
    0.00015873016673140228,
    0.00015873016673140228,
    0.00015873016673140228,
    0.00015873016673140228,
    0.00015873016673140228,
    0.00015873016673140228,
    0.00015873016673140228,
    0.00015873016673140228,
    0.00015873016673140228,
    0.00015873016673140228,
    0.00015873016673140228,
    0.00015873016673140228,
    0.00015873016673140228,
    0.00015873016673140228,
    0.00015873016673140228,
    0.00015873016673140228,
    0.00015873016673140228,
    0.00015873016673140228,
    0.00015873016673140228,
    0.00015873016673140228,
    0.00015873016673140228,
    0.00015873016673140228,
    0.00015873016673140228
  ],
  "J": 64
}