{
  "mu": [
    0.0,
    -0.2880876660346985,
    -0.1049487516283989,
    -0.10441108793020248,
    -0.0004103595274500549,
    -0.0003893263346981257,
    -0.00037050643004477024,
    -0.0003555344883352518,
    -0.00034562841756269336,
    -0.0003420316206756979,
    -0.00034593799500726163,
    -0.0003586339298635721,
    -0.00038118843804113567,
    -0.0004123164981137961,
    1.816290591705183e-06,
    -0.0005699711036868393,
    -0.1400950700044632,
    -0.14870451390743256,
    -0.14915220439434052,
    -0.14920498430728912,
    -0.14952370524406433,
    -0.150047168135643,
    -0.21919843554496765,
    -0.14797928929328918,
    -0.14459627866744995,
    -0.14183004200458527,
    -0.1415071189403534,
    -0.1410510540008545,
    -0.1431470662355423,
    -0.14631187915802002,
    -0.21905319392681122,
    -0.15055258572101593,
    -0.1497410088777542,
    -0.1493173986673355,
    -0.14914585649967194,
    -0.14911270141601562,
    -0.14663800597190857,
    -0.00614563375711441,
    -2.2197500584297813e-05,
    -0.00041829372639767826,
    -0.0003947042569052428,
    -0.0003676423220895231,
    -0.0003503892512526363,
    -0.0003425188479013741,
    -0.00034274571225978434,
    -0.0003498275182209909,
    -0.00036257674219086766,
    -0.0003797667450271547,
    -0.00039998942520469427,
    0.10896935313940048,
    0.10973753035068512,
    0.11090777814388275,
    0.11394090205430984,
    0.19195108115673065,
    0.11552691459655762,
    0.36943838000297546,
    0.5761942863464355,
    0.8165333271026611,
    0.24501585960388184,
    0.11504776030778885,
    0.11539747565984726,
    0.1157163679599762,
    0.1569904088973999,
    0.16291400790214539
  ],
  "sigma2": [
    0.0005596154369413853,
    0.006147049833089113,
    0.00024268835841212422,
    0.00023794645676389337,
    0.0005689680110663176,
    0.0005616380367428064,
    0.0005548234912566841,
    0.0005492077325470746,
    0.0005454209167510271,
    0.0005441213143058121,
    0.0005458788364194334,
    0.0005511406343430281,
    0.0005600342992693186,
    0.0005716062732972205,
    2.1818053937749937e-05,
    0.0006155461305752397,
    0.0009628986590541899,
    0.0009799000108614564,
    0.0009763367124833167,
    0.0009808199247345328,
    0.0009883359307423234,
    0.0009955409914255142,
    0.0010095471516251564,
    0.0009724820265546441,
    0.0009296699427068233,
    0.0008864892297424376,
    0.0008805334218777716,
    0.0008726348169147968,
    0.0009081147145479918,
    0.0009525300702080131,
    0.0010216782102361321,
    0.0010010141413658857,
    0.0009916984708979726,
    0.0009842001600190997,
    0.0009776299120858312,
    0.0009770180331543088,
    0.0009795865043997765,
    0.0008612107485532761,
    0.00023080142273101956,
    0.0005740955239161849,
    0.0005651616374962032,
    0.0005547591717913747,
    0.0005477622034959495,
    0.0005444002454169095,
    0.000544329930562526,
    0.0005470253527164459,
    0.0005518709658645093,
    0.0005582162411883473,
    0.0005654044798575342,
    0.00037557852920144796,
    0.0003899254370480776,
    0.0004110160225536674,
    0.00046254610060714185,
    0.0005367022822611034,
    0.0004876669845543802,
    0.0009189682896248996,
    0.0008658344158902764,
    0.0012635133462026715,
    0.0007970473961904645,
    0.0004802181210834533,
    0.00048566359328106046,
    0.000490546808578074,
    0.0005152678349986672,
    0.000515484600327909
  ],
  "pi": [
    0.9900000095367432,
    8.242528565460816e-05,
    0.0006903566536493599,
    0.0006754504283890128,
    2.351999683014583e-06,
    2.306607939317473e-06,
    2.233083023384097e-06,
    2.1364278381952317e-06,
    2.014366600633366e-06,
    1.8631177454153658e-06,
    1.6782865941422642e-06,
    1.4546775446433458e-06,
    1.1849239172079251e-06,
    8.53737276429456e-07,
    0.004644683096557856,
    6.521897739730775e-05,
    1.960743793461006e-05,
    1.476928355259588e-05,
    1.5821291526663117e-05,
    2.116570612997748e-05,
    3.132441270281561e-05,
    4.642904968932271e-05,
    6.621308421017602e-05,
    9.071679232874885e-05,
    0.00012195567251183093,
    0.0001586831349413842,
    0.0001945066178450361,
    0.00017618083802517503,
    0.0001390742399962619,
    0.0001046453180606477,
    7.66304656281136e-05,
    5.506835805135779e-05,
    3.7863599573029205e-05,
    2.528731965867337e-05,
    1.778231126081664e-05,
    1.4672547877125908e-05,
    1.6296884496114217e-05,
    3.0366883947863244e-05,
    0.0002697523741517216,
    7.269480306604237e-07,
    1.0368239600211382e-06,
    1.3327056649359292e-06,
    1.5768353023304371e-06,
    1.7791325035432237e-06,
    1.9455158053460764e-06,
    2.0806635347980773e-06,
    2.188708776884596e-06,
    2.272651045132079e-06,
    2.3312218218052294e-06,
    0.00018114611157216132,
    0.00018186212400905788,
    0.00017653554095886648,
    0.0001525151456007734,
    0.00014392529556062073,
    0.00015678997442591935,
    1.7574486264493316e-05,
    6.113270046625985e-06,
    4.293039182812208e-06,
    0.00011939287651330233,
    0.00018053464009426534,
    0.00018038741836789995,
    0.00018025399185717106,
    0.00017926130385603756,
    0.0002011189062613994
  ],
  "J": 64
}