{
  "mu": [
    0.0,
    -0.5089873671531677,
    -0.444626122713089,
    -0.37890276312828064,
    -0.3171604871749878,
    -0.2648059129714966,
    -0.2229449599981308,
    -0.18931029736995697,
    -0.1613558530807495,
    -0.13740789890289307,
    -0.11664944142103195,
    -0.09894410520792007,
    -0.08495199680328369,
    -0.07856821268796921,
    -0.000565826368983835,
    -0.0005709585966542363,
    -0.0005825164262205362,
    -0.0005891435430385172,
    -0.0005917834932915866,
    -0.0005944247241131961,
    -0.0005978912231512368,
    -0.0006011000950820744,
    -0.0006034570978954434,
    -0.0006047863280400634,
    -0.0006059403531253338,
    -0.0006078153382986784,
    -0.0006084202323108912,
    -0.0006081226747483015,
    -0.0006068340153433383,
    -0.0006052393582649529,
    -0.0006042025634087622,
    -0.000602340092882514,
    -0.0005994888488203287,
    -0.0005957628018222749,
    -0.0005904755089432001,
    -0.0005830533336848021,
    -0.0005758702172897756,
    -0.0005715723964385688,
    -0.0005656966823153198,
    0.0803893506526947,
    0.07946160435676575,
    0.09084782749414444,
    0.1069885864853859,
    0.12640108168125153,
    0.14894850552082062,
    0.17521032691001892,
    0.20665934681892395,
    0.24599196016788483,
    0.29677513241767883,
    0.3603747487068176,
    0.43147650361061096,
    0.5014992952346802,
    0.5647403001785278,
    0.6181057691574097,
    0.6601746678352356,
    0.6905830502510071,
    0.7093992233276367,
    0.7173511385917664,
    0.7170311808586121,
    0.7129573822021484,
    0.7089948058128357,
    0.7066031694412231,
    0.7057696580886841,
    0.706244945526123
  ],
  "sigma2": [
    0.019451946020126343,
    0.018787257373332977,
    0.01868431083858013,
    0.01859748736023903,
    0.018520791083574295,
    0.018413256853818893,
    0.018232153728604317,
    0.01796884462237358,
    0.017646756023168564,
    0.017309628427028656,
    0.017011350020766258,
    0.016809338703751564,
    0.016763320192694664,
    0.016977056860923767,
    0.011196712963283062,
    0.011641446501016617,
    0.012653890997171402,
    0.01362562458962202,
    0.01454379502683878,
    0.015393066219985485,
    0.016155973076820374,
    0.016813740134239197,
    0.01734987273812294,
    0.0177514236420393,
    0.018013600260019302,
    0.01814577728509903,
    0.01817939803004265,
    0.018170885741710663,
    0.018091080710291862,
    0.017892705276608467,
    0.017557216808199883,
    0.01708345301449299,
    0.016481120139360428,
    0.01576552726328373,
    0.014954756014049053,
    0.014067121781408787,
    0.013119152747094631,
    0.012124807573854923,
    0.011112255044281483,
    0.017056820914149284,
    0.016821397468447685,
    0.016766000539064407,
    0.016903089359402657,
    0.017164116725325584,
    0.017491236329078674,
    0.017827657982707024,
    0.01812228374183178,
    0.018338626250624657,
    0.018467089161276817,
    0.01854059286415577,
    0.018614357337355614,
    0.01871231198310852,
    0.01882365345954895,
    0.018934341147542,
    0.019035667181015015,
    0.019123410806059837,
    0.019195476546883583,
    0.019251933321356773,
    0.019294533878564835,
    0.01932549476623535,
    0.019347375258803368,
    0.019362810999155045,
    0.019373759627342224,
    0.019381044432520866
  ],
  "pi": [
    0.9900000095367432,
    3.5142478736815974e-05,
    3.501849641907029e-05,
    3.4933887945953757e-05,
    3.4938504541059956e-05,
    3.5060416848864406e-05,
    3.528292654664256e-05,
    3.556732553988695e-05,
    3.587444734876044e-05,
    3.615891546360217e-05,
    3.633687083492987e-05,
    3.6199649912305176e-05,
    3.513395131449215e-05,
    3.0701328796567395e-05,
    0.0006710974266752601,
    0.0006124872015789151,
    0.0004827053635381162,
    0.00039976893458515406,
    0.0003446767514105886,
    0.0003067995421588421,
    0.0002799837675411254,
    0.00026068781153298914,
    0.00024686314282007515,
    0.0002373275492573157,
    0.00023135959054343402,
    0.0002283855137648061,
    0.00022762338630855083,
    0.00022781689767725766,
    0.00022961373906582594,
    0.00023408810375258327,
    0.00024185795336961746,
    0.00025353740784339607,
    0.00027004716685041785,
    0.00029296340653672814,
    0.00032501196255907416,
    0.0003709303855430335,
    0.00043890243978239596,
    0.0005431758472695947,
    0.000707352883182466,
    2.7960493753198534e-05,
    3.371215643710457e-05,
    3.5818040487356484e-05,
    3.6278306652093306e-05,
    3.6214376450516284e-05,
    3.5966684663435444e-05,
    3.566212035366334e-05,
    3.535882569849491e-05,
    3.5098921216558665e-05,
    3.492840551189147e-05,
    3.4886943467427045e-05,
    3.496583303785883e-05,
    3.510701935738325e-05,
    3.5253957321401685e-05,
    3.537680095178075e-05,
    3.546731386450119e-05,
    3.5529181332094595e-05,
    3.557000309228897e-05,
    3.559708420652896e-05,
    3.561572884791531e-05,
    3.5629054764285684e-05,
    3.5638720873976126e-05,
    3.564576763892546e-05,
    3.565084989531897e-05,
    3.5654469684232026e-05
  ],
  "J": 64
}