{
  "mu": [
    0.0,
    -0.5040768384933472,
    -0.29759329557418823,
    -0.2967027723789215,
    -0.0006800328264944255,
    -0.0006458296556957066,
    -0.0006182853248901665,
    -0.0005959717673249543,
    -0.0005800989456474781,
    -0.0005725391092710197,
    -0.0005753352888859808,
    -0.0005908326711505651,
    -0.0006225805263966322,
    -0.0006976606673561037,
    -3.890205698553473e-05,
    -0.00014171730435919017,
    -0.0004923642845824361,
    -0.0008015044732019305,
    -0.0010423867497593164,
    -0.0012640521163120866,
    -0.0014898915542289615,
    -0.0017246566712856293,
    -0.001961618894711137,
    -0.002184933517128229,
    -0.0023741191253066063,
    -0.002502113115042448,
    -0.0025578727945685387,
    -0.002542938105762005,
    -0.002444139216095209,
    -0.0022801693994551897,
    -0.0020700369495898485,
    -0.0018371292389929295,
    -0.0015997654991224408,
    -0.001369419158436358,
    -0.0011473337654024363,
    -0.0009200090426020324,
    -0.0006506713689304888,
    -0.00029377953615039587,
    -5.105899981572293e-05,
    -0.0005297831958159804,
    -0.0006287276046350598,
    -0.0006002605659887195,
    -0.0005797715857625008,
    -0.0005717751919291914,
    -0.0005749075207859278,
    -0.0005872275796718895,
    -0.000606877903919667,
    -0.0006323875859379768,
    -0.0006639990606345236,
    0.27098003029823303,
    0.27094173431396484,
    0.2712213695049286,
    0.2898390293121338,
    0.40530696511268616,
    0.27255338430404663,
    0.559647798538208,
    0.699725866317749,
    0.881987452507019,
    0.43037840723991394,
    0.27118992805480957,
    0.2711797058582306,
    0.2711792588233948,
    0.27118828892707825,
    0.2712017297744751
  ],
  "sigma2": [
    0.003011873457580805,
    0.0029287419747561216,
    0.002580785658210516,
    0.002528834855183959,
    0.0025073743890970945,
    0.002430397318676114,
    0.002365230582654476,
    0.0023102834820747375,
    0.0022694284562021494,
    0.002247935626655817,
    0.002251081634312868,
    0.002283963607624173,
    0.0023506388533860445,
    0.00245325337164104,
    0.00031565711833536625,
    0.0009368314640596509,
    0.0020812691655009985,
    0.0027974543627351522,
    0.0032264250330626965,
    0.0035298459697514772,
    0.003765152534469962,
    0.003950151614844799,
    0.0040908209048211575,
    0.004189631436020136,
    0.004250346217304468,
    0.004279064014554024,
    0.004285994917154312,
    0.004284227266907692,
    0.004267408978193998,
    0.004222771618515253,
    0.00414253119379282,
    0.004021952394396067,
    0.003858234267681837,
    0.003647764213383198,
    0.003380205249413848,
    0.003022220218554139,
    0.0024715561885386705,
    0.0015096358256414533,
    0.00044661303400062025,
    0.002483314136043191,
    0.002393760485574603,
    0.0023101945407688618,
    0.002261773217469454,
    0.0022452070843428373,
    0.002255817176774144,
    0.002288353629410267,
    0.002337581245228648,
    0.0023990136105567217,
    0.002471773186698556,
    0.0025895487051457167,
    0.0026517407968640327,
    0.002708625281229615,
    0.002773801563307643,
    0.002809025812894106,
    0.002826538635417819,
    0.0028535188175737858,
    0.0028676926158368587,
    0.002927155699580908,
    0.002891989890486002,
    0.002860457170754671,
    0.0028645056299865246,
    0.002867344068363309,
    0.0028693368658423424,
    0.0028706095181405544
  ],
  "pi": [
    0.9900000095367432,
    5.9143194448552094e-06,
    1.1074774192820769e-05,
    1.085559961211402e-05,
    5.191924628888955e-06,
    5.430561486718943e-06,
    5.491564024850959e-06,
    5.468406470754417e-06,
    5.366106506698998e-06,
    5.166423306945944e-06,
    4.837947926716879e-06,
    4.340324721852085e-06,
    3.6267983887228183e-06,
    2.6324116788600804e-06,
    0.006395426113158464,
    0.00035830706474371254,
    6.819224654464051e-05,
    3.56803102476988e-05,
    2.6504028937779367e-05,
    2.2587133571505547e-05,
    2.047430280072149e-05,
    1.915725260914769e-05,
    1.826593143050559e-05,
    1.7650860172579996e-05,
    1.725082802295219e-05,
    1.703835732769221e-05,
    1.6979336578515358e-05,
    1.699494714557659e-05,
    1.7128206309280358e-05,
    1.7436548660043627e-05,
    1.7944927094504237e-05,
    1.8693746824283153e-05,
    1.9781009541475214e-05,
    2.1446257960633375e-05,
    2.430395943520125e-05,
    3.021341035491787e-05,
    4.686547254095785e-05,
    0.00013314482930582017,
    0.0024055461399257183,
    2.2337101199809695e-06,
    3.194350711055449e-06,
    4.029473075206624e-06,
    4.622349479177501e-06,
    5.024643087381264e-06,
    5.279606284602778e-06,
    5.423021320893895e-06,
    5.478904313349631e-06,
    5.451458036986878e-06,
    5.286427949613426e-06,
    5.086990313429851e-06,
    5.160839464224409e-06,
    5.155236522114137e-06,
    4.895540769211948e-06,
    4.816557066078531e-06,
    5.00462419950054e-06,
    4.778876245836727e-06,
    4.770843588630669e-06,
    4.39897758042207e-06,
    4.814497060579015e-06,
    5.333860826794989e-06,
    5.3358071454567835e-06,
    5.337033599062124e-06,
    5.337906713975826e-06,
    5.338573828339577e-06
  ],
  "J": 64
}