{
  "mu": [
    0.0,
    -0.36096084117889404,
    -0.08114346116781235,
    -0.055731046944856644,
    -0.09832730889320374,
    -0.0973176583647728,
    -0.09633176773786545,
    -0.09528259932994843,
    -0.09413063526153564,
    -0.09283680468797684,
    -0.09132315963506699,
    -0.08941550552845001,
    -0.08671203255653381,
    -0.08207724243402481,
    2.378279305048636e-06,
    -0.11700166016817093,
    -0.14882467687129974,
    -0.15737637877464294,
    -0.1576601266860962,
    -0.16166186332702637,
    -0.17275124788284302,
    -0.17077073454856873,
    -0.2117232382297516,
    -0.1441240757703781,
    -0.12368567287921906,
    -0.12452440708875656,
    -0.10098893940448761,
    -0.10168076306581497,
    -0.12416655570268631,
    -0.16786974668502808,
    -0.2626512348651886,
    -0.20380708575248718,
    -0.17187966406345367,
    -0.167963445186615,
    -0.15848295390605927,
    -0.15756385028362274,
    -0.15475070476531982,
    -0.13670095801353455,
    -0.0808776319026947,
    -0.07775085419416428,
    -0.08488249778747559,
    -0.08828272670507431,
    -0.09049271792173386,
    -0.09216546267271042,
    -0.09355377405881882,
    -0.09477350860834122,
    -0.09587600082159042,
    -0.09690238535404205,
    -0.09791754186153412,
    0.055366285145282745,
    0.05918995663523674,
    0.07536809891462326,
    0.08965461701154709,
    0.2171989381313324,
    0.10523300617933273,
    0.41095542907714844,
    0.5878518223762512,
    0.8253328800201416,
    0.2914847433567047,
    0.08890941739082336,
    0.09105207026004791,
    0.13037347793579102,
    0.13082893192768097,
    0.17022813856601715
  ],
  "sigma2": [
    0.000115550312330015,
    0.005398218519985676,
    0.0002436403010506183,
    0.00010593173647066578,
    0.000405350438086316,
    0.0004050256684422493,
    0.0004047219699714333,
    0.00040447909850627184,
    0.0004043188237119466,
    0.00040426215855404735,
    0.0004043307853862643,
    0.00040454501868225634,
    0.00040492447442375124,
    0.00040543722570873797,
    1.789928319340106e-05,
    0.0005042710108682513,
    0.0005102792056277394,
    0.0004760393057949841,
    0.00046495156129822135,
    0.0004616554651875049,
    0.00046069908421486616,
    0.0004600113315973431,
    0.0004570426244754344,
    0.0004604906716849655,
    0.0004519583599176258,
    0.0004394983989186585,
    0.00042854491039179265,
    0.00043223233660683036,
    0.0004458157636690885,
    0.00045647111255675554,
    0.0006051252130419016,
    0.00046067603398114443,
    0.0004604730929713696,
    0.0004610606119967997,
    0.0004628304741345346,
    0.00046918782754801214,
    0.0004894250887446105,
    0.0005390154547058046,
    0.00023904115369077772,
    0.00040555093437433243,
    0.000405148311983794,
    0.0004046966787427664,
    0.00040440616430714726,
    0.00040427083149552345,
    0.0004042717919219285,
    0.0004043859080411494,
    0.0004045930691063404,
    0.00040487098158337176,
    0.00040518908645026386,
    0.00011858688958454877,
    0.00014977384125813842,
    0.0002546031610108912,
    0.0003678992507047951,
    0.0005533616058528423,
    0.00039909989573061466,
    0.0006323645357042551,
    0.0006294887280091643,
    0.0014182089362293482,
    0.0007636928930878639,
    0.00036282435758039355,
    0.0003767167218029499,
    0.0003932331455871463,
    0.0003980445326305926,
    0.0003920377348549664
  ],
  "pi": [
    0.9900000095367432,
    4.0687995351618156e-05,
    0.001187582267448306,
    0.0013038141187280416,
    6.868285709060729e-07,
    6.58273677345278e-07,
    6.253445121728873e-07,
    5.87798069773271e-07,
    5.44869806162751e-07,
    4.956681891599146e-07,
    4.3916986669501057e-07,
    3.740524903150799e-07,
    2.984778859627113e-07,
    2.090534678700351e-07,
    0.00043824268504977226,
    2.3859794964664616e-05,
    1.1775710845540743e-05,
    9.45043757383246e-06,
    1.1366051694494672e-05,
    1.8977822037413716e-05,
    3.784898217418231e-05,
    7.408059173030779e-05,
    0.00013204122660681605,
    0.00018216410535387695,
    0.0002609605435281992,
    0.00035267966450192034,
    0.00044029782293364406,
    0.0003958262095693499,
    0.0003038088034372777,
    0.00021710991859436035,
    9.393123036716133e-05,
    9.656043403083459e-05,
    5.246890214039013e-05,
    2.5992607334046625e-05,
    1.3981709344079718e-05,
    9.79915785137564e-06,
    1.007048376777675e-05,
    1.5718460417701863e-05,
    5.606143531622365e-05,
    1.7412784814041515e-07,
    2.580348166247859e-07,
    3.3957621781155467e-07,
    4.093201084742759e-07,
    4.6969390155027213e-07,
    5.221955348133633e-07,
    5.679809760295029e-07,
    6.080343268877186e-07,
    6.432089207919489e-07,
    6.741426545886497e-07,
    0.0005738945328630507,
    0.0005184442270547152,
    0.0004172709013801068,
    0.0002950153429992497,
    0.00020150802447460592,
    0.00030108538339845836,
    9.237226549885236e-06,
    3.5339753594598733e-06,
    2.8600002224266063e-06,
    6.374132499331608e-05,
    0.00035341273178346455,
    0.0003494405245874077,
    0.0003473266842775047,
    0.0003580607008188963,
    0.00037842325400561094
  ],
  "J": 64
}