{
  "mu": [
    0.0,
    -0.6777304410934448,
    -0.05024566128849983,
    -0.020882325246930122,
    -0.09212354570627213,
    -0.09214568138122559,
    -0.09209441393613815,
    -0.09197797626256943,
    -0.09179200977087021,
    -0.0915229469537735,
    -0.09114396572113037,
    -0.09059237688779831,
    -0.08972959965467453,
    -0.08821217715740204,
    -0.018273338675498962,
    -0.12188556790351868,
    -0.1515388786792755,
    -0.16976146399974823,
    -0.17472673952579498,
    -0.1815943568944931,
    -0.1860300898551941,
    -0.1867423951625824,
    -0.37987789511680603,
    -0.21170103549957275,
    -0.11698063462972641,
    -0.16009743511676788,
    -0.08649809658527374,
    -0.12828777730464935,
    -0.08682332932949066,
    -0.2563760578632355,
    -0.48115554451942444,
    -0.31283462047576904,
    -0.18648730218410492,
    -0.1843246966600418,
    -0.17795413732528687,
    -0.1717735379934311,
    -0.16596892476081848,
    -0.130154550075531,
    -0.085176020860672,
    -0.08690757304430008,
    -0.08912568539381027,
    -0.09023885428905487,
    -0.09091192483901978,
    -0.09136239439249039,
    -0.09167850017547607,
    -0.09190161526203156,
    -0.0920487716794014,
    -0.09212788194417953,
    -0.09213569760322571,
    0.020037688314914703,
    0.04683000594377518,
    0.0826713889837265,
    0.08289593458175659,
    0.28982874751091003,
    0.1543983668088913,
    0.4718172252178192,
    0.6431810259819031,
    0.8906897306442261,
    0.36394184827804565,
    0.12019437551498413,
    0.08275537192821503,
    0.1845325231552124,
    0.12334229797124863,
    0.23265361785888672
  ],
  "sigma2": [
    3.954506155423587e-06,
    0.0012861547293141484,
    0.0002717853640206158,
    7.677545363549143e-05,
    0.0004016020684503019,
    0.0004016022721771151,
    0.0004016022721771151,
    0.0004016020684503019,
    0.0004016015154775232,
    0.0004016015154775232,
    0.0004016017192043364,
    0.0004016022721771151,
    0.0004016009042970836,
    0.00040160323260352015,
    5.956069799140096e-05,
    0.00040182197699323297,
    0.00040160302887670696,
    0.0004016394086647779,
    0.00040163350058719516,
    0.0004015375452581793,
    0.00040113585419021547,
    0.0004002206842415035,
    0.0004801375325769186,
    0.00040703240665607154,
    0.0004022375796921551,
    0.00040261331014335155,
    0.00037645490374416113,
    0.0004016765742562711,
    0.00038667762419208884,
    0.00043788141920231283,
    0.000584502296987921,
    0.00044682860607281327,
    0.0004008993273600936,
    0.0004014033474959433,
    0.0004016087914351374,
    0.00040164001984521747,
    0.0004016390594188124,
    0.00040158446063287556,
    0.00037275897921063006,
    0.00040160398930311203,
    0.0004016017192043364,
    0.0004016018647234887,
    0.0004016020684503019,
    0.00040160131175071,
    0.0004016015154775232,
    0.0004016017192043364,
    0.0004016022721771151,
    0.0004016022721771151,
    0.0004016020684503019,
    7.047656981740147e-05,
    0.00024227651010733098,
    0.00039350870065391064,
    0.0003959136956837028,
    0.0004630307084880769,
    0.0003816065436694771,
    0.0005276750307530165,
    0.0006102852057665586,
    0.0015466529875993729,
    0.0005004469421692193,
    0.00039841674151830375,
    0.0003946572251152247,
    0.00044552123290486634,
    0.00040377723053097725,
    0.0004430121916811913
  ],
  "pi": [
    0.9900000095367432,
    2.4302003112097736e-06,
    0.001158753759227693,
    0.0008660231833346188,
    3.02538950336384e-07,
    2.898612763146957e-07,
    2.75274175010054e-07,
    2.5866893338388763e-07,
    2.3970031293174543e-07,
    2.179906459787162e-07,
    1.930671515992799e-07,
    1.6437687122561329e-07,
    1.3108416396789835e-07,
    9.171601789148554e-08,
    6.750978354830295e-05,
    1.0604489943943918e-05,
    5.398580924520502e-06,
    4.46772355644498e-06,
    5.718923148378963e-06,
    1.1056120456487406e-05,
    2.8429607482394204e-05,
    7.319677388295531e-05,
    1.8492875824449584e-05,
    0.0002440717362333089,
    0.0003715110360644758,
    0.0005033505731262267,
    0.000717089744284749,
    0.0006060211453586817,
    0.0004725412873085588,
    0.0001350357342744246,
    7.492961231037043e-06,
    4.801511749974452e-05,
    4.4849119149148464e-05,
    1.688337215455249e-05,
    7.434611688950099e-06,
    4.735557467938634e-06,
    4.679832727561006e-06,
    7.094524789863499e-06,
    2.463724376866594e-05,
    7.631829390675193e-08,
    1.1327631455060327e-07,
    1.4918731494617532e-07,
    1.7990551270941069e-07,
    2.0653078536270186e-07,
    2.2969045687659673e-07,
    2.4990890779008623e-07,
    2.6761651383822027e-07,
    2.8318982003838755e-07,
    2.969078138903569e-07,
    0.0008752290159463882,
    0.0009429751662537456,
    0.00045563167077489197,
    0.00029044647817499936,
    6.122305057942867e-05,
    0.00031170053989626467,
    5.20758339916938e-06,
    2.635147666296689e-06,
    2.4193238914449466e-06,
    2.3386972316075116e-05,
    0.0003551056142896414,
    0.00035392827703617513,
    0.0003222493105567992,
    0.00036199012538418174,
    0.0001641286362428218
  ],
  "J": 64
}