{
  "mu": [
    0.0,
    -0.3092859387397766,
    -0.0924103632569313,
    -0.0726211667060852,
    -0.0029774196445941925,
    -0.002506479388102889,
    -0.0021961163729429245,
    -0.00197028461843729,
    -0.0018026502802968025,
    -0.0016790531808510423,
    -0.00158902897965163,
    -0.0015225261449813843,
    -0.0014645091723650694,
    -0.0013854906428605318,
    -1.5618774114045664e-06,
    -0.11575216054916382,
    -0.15026357769966125,
    -0.16007672250270844,
    -0.16159366071224213,
    -0.16835232079029083,
    -0.18062715232372284,
    -0.1810520440340042,
    -0.18201234936714172,
    -0.15267854928970337,
    -0.1268477737903595,
    -0.11693868786096573,
    -0.11459926515817642,
    -0.11502959579229355,
    -0.12057793885469437,
    -0.13544945418834686,
    -0.23730266094207764,
    -0.18136796355247498,
    -0.1809256225824356,
    -0.17519186437129974,
    -0.1635156124830246,
    -0.16073539853096008,
    -0.1569189876317978,
    -0.13675951957702637,
    -9.757009684108198e-05,
    -0.0012982712360098958,
    -0.0014311393024399877,
    -0.0014944125432521105,
    -0.0015545457135885954,
    -0.0016323673771694303,
    -0.0017394315218552947,
    -0.0018857851391658187,
    -0.0020840817596763372,
    -0.002355356002226472,
    -0.0027514449320733547,
    0.07564730197191238,
    0.0763997733592987,
    0.07829831540584564,
    0.08996414393186569,
    0.1974085122346878,
    0.1214083656668663,
    0.38847237825393677,
    0.5852487087249756,
    0.8230090141296387,
    0.2610292434692383,
    0.09003619104623795,
    0.09731283783912659,
    0.12063184380531311,
    0.13127310574054718,
    0.15879209339618683
  ],
  "sigma2": [
    0.00025933003053069115,
    0.006504610646516085,
    0.00026241695741191506,
    0.00011792096483986825,
    0.00043712163460440934,
    0.0004349934752099216,
    0.0004329993389546871,
    0.00043138486216776073,
    0.0004303267924115062,
    0.00043000129517167807,
    0.00043056326103396714,
    0.0004321427259128541,
    0.0004347850917838514,
    0.0004381859616842121,
    1.6348167264368385e-05,
    0.0005559707642532885,
    0.0006834769155830145,
    0.0006450921064242721,
    0.0006277975044213235,
    0.0006234801257960498,
    0.0006230970029719174,
    0.0006189851555973291,
    0.000614542281255126,
    0.0006142314523458481,
    0.0005800192593596876,
    0.0005466960137709975,
    0.0005308716208674014,
    0.0005341543001122773,
    0.000563757203053683,
    0.0005969461635686457,
    0.0006862520822323859,
    0.0006165510858409107,
    0.0006224095704965293,
    0.0006232563173398376,
    0.0006247139535844326,
    0.0006344355642795563,
    0.0006631314754486084,
    0.0006799113471060991,
    0.00022393392282538116,
    0.00043886888306587934,
    0.0004362982290331274,
    0.0004332172102294862,
    0.00043113171705044806,
    0.00043010542867705226,
    0.0004300314176362008,
    0.0004307646886445582,
    0.00043214086326770484,
    0.0004339807783253491,
    0.00043607133557088673,
    0.00018729123985394835,
    0.00019746650650631636,
    0.00022158963838592172,
    0.0003242726088501513,
    0.0004675398813560605,
    0.0004080884391441941,
    0.0007767013157717884,
    0.0007289843051694334,
    0.0012839102419093251,
    0.0008478108211420476,
    0.00032467240816913545,
    0.00034550848067738116,
    0.0003922967298422009,
    0.00042392942123115063,
    0.00041323804180137813
  ],
  "pi": [
    0.9900000095367432,
    7.333057874348015e-05,
    0.0010661219712346792,
    0.0011422968236729503,
    1.1692918633343652e-06,
    1.1418158010201296e-06,
    1.1023960269085364e-06,
    1.0522708180360496e-06,
    9.90191779237648e-07,
    9.14363909032545e-07,
    8.227074772548804e-07,
    7.127052299438219e-07,
    5.806643343930773e-07,
    4.189182618574705e-07,
    0.0015415288507938385,
    3.691171150421724e-05,
    1.768992115103174e-05,
    1.3833464436174836e-05,
    1.5827421520953067e-05,
    2.3892132958280854e-05,
    4.138446456636302e-05,
    7.139291119528934e-05,
    0.00011814167373813689,
    0.000153459666762501,
    0.0002133066882379353,
    0.0002839918015524745,
    0.0003517853037919849,
    0.0003174673765897751,
    0.0002462752745486796,
    0.00018002056458499283,
    0.0001270204083994031,
    8.94299300853163e-05,
    5.376370609155856e-05,
    3.068731530220248e-05,
    1.8699145584832877e-05,
    1.408553998771822e-05,
    1.495523702033097e-05,
    2.3973125280463137e-05,
    0.0001244004670297727,
    3.5696089639714046e-07,
    5.083109613224224e-07,
    6.52940627787757e-07,
    7.727117576905584e-07,
    8.726161127015075e-07,
    9.555768656355212e-07,
    1.0238290997222066e-06,
    1.0793370393002988e-06,
    1.1236201089559472e-06,
    1.1567764204301056e-06,
    0.00036840912071056664,
    0.0003613435837905854,
    0.00033573166001588106,
    0.00026368320686742663,
    0.00024678459158167243,
    0.00026949262246489525,
    1.3684344594366848e-05,
    4.522850304056192e-06,
    3.212314595657517e-06,
    0.00011074218491557986,
    0.000313015392748639,
    0.00031091267010197043,
    0.00030858174432069063,
    0.00031860676244832575,
    0.0003481958119664341
  ],
  "J": 64
}