{
  "mu": [
    0.0,
    -0.7028413414955139,
    -0.045069705694913864,
    -0.0175747349858284,
    -0.0913182869553566,
    -0.09148535132408142,
    -0.09152675420045853,
    -0.09147341549396515,
    -0.09133131057024002,
    -0.09109293669462204,
    -0.09073927253484726,
    -0.09021742641925812,
    -0.08940857648849487,
    -0.08802029490470886,
    -0.02533499151468277,
    -0.11833711713552475,
    -0.15486648678779602,
    -0.200392484664917,
    -0.20056137442588806,
    -0.20073334872722626,
    -0.20071819424629211,
    -0.20088854432106018,
    -0.40514102578163147,
    -0.23415064811706543,
    -0.11596021801233292,
    -0.16497328877449036,
    -0.08306652307510376,
    -0.1286630928516388,
    -0.08333773910999298,
    -0.28139856457710266,
    -0.5008810758590698,
    -0.33781173825263977,
    -0.20078293979167938,
    -0.20073004066944122,
    -0.20065656304359436,
    -0.2004639357328415,
    -0.2003331184387207,
    -0.13368655741214752,
    -0.08449805527925491,
    -0.08685923367738724,
    -0.08885084837675095,
    -0.08988431841135025,
    -0.09051970392465591,
    -0.09094429016113281,
    -0.09123288094997406,
    -0.09141881763935089,
    -0.09151119738817215,
    -0.09150944650173187,
    -0.09139246493577957,
    0.017648784443736076,
    0.04439067095518112,
    0.08290077745914459,
    0.08290323615074158,
    0.29918035864830017,
    0.16350436210632324,
    0.4927181601524353,
    0.6640254259109497,
    0.9112593531608582,
    0.3741539716720581,
    0.1233515739440918,
    0.08288093656301498,
    0.2030491828918457,
    0.1233009546995163,
    0.24601876735687256
  ],
  "sigma2": [
    2.0808738554478623e-06,
    0.001332455431111157,
    0.0002578685525804758,
    7.132480823202059e-05,
    0.0004016085877083242,
    0.0004016085877083242,
    0.0004016085877083242,
    0.0004016085877083242,
    0.00040160841308534145,
    0.00040160841308534145,
    0.00040160841308534145,
    0.00040160841308534145,
    0.00040160820935852826,
    0.00040160704520531,
    9.232448792317882e-05,
    0.00040150919812731445,
    0.00040151667781174183,
    0.0004010784614365548,
    0.00040091213304549456,
    0.0004001848283223808,
    0.0003974774735979736,
    0.0003889137879014015,
    0.0004712184891104698,
    0.0004271584330126643,
    0.00039721393841318786,
    0.0004159729869570583,
    0.000392955174902454,
    0.00040848192293196917,
    0.0003962969349231571,
    0.00043265364365652204,
    0.0005318904877640307,
    0.00043831131188198924,
    0.0003945627831853926,
    0.0003993279824499041,
    0.0004006846866104752,
    0.00040104176150634885,
    0.000401061843149364,
    0.00040172121953219175,
    0.0003961395414080471,
    0.0004016064922325313,
    0.0004016078310087323,
    0.0004016085877083242,
    0.00040160820935852826,
    0.0004016087914351374,
    0.0004016085877083242,
    0.0004016085877083242,
    0.0004016085877083242,
    0.0004016085877083242,
    0.0004016085877083242,
    7.334136898862198e-05,
    0.00025262541021220386,
    0.0003936834109481424,
    0.0003944630443584174,
    0.00044989396701566875,
    0.00039544576429761946,
    0.0005440670647658408,
    0.0006004807655699551,
    0.001543254591524601,
    0.0005169056239537895,
    0.00039885620935820043,
    0.0003931323008146137,
    0.0004175713984295726,
    0.0003989547258242965,
    0.00044036831241101027
  ],
  "pi": [
    0.9900000095367432,
    2.1040589217591332e-06,
    0.0010585637064650655,
    0.0009344148566015065,
    2.942448986686941e-07,
    2.819147937316302e-07,
    2.677276143003837e-07,
    2.5157706318168493e-07,
    2.3312942687425675e-07,
    2.12014469980204e-07,
    1.877751429901764e-07,
    1.5987203028089425e-07,
    1.2749197253469902e-07,
    8.920309113591429e-08,
    6.595510785700753e-05,
    1.0323625247110613e-05,
    5.275918283587089e-06,
    4.4660409912467e-06,
    5.847982265549945e-06,
    1.1987704965576995e-05,
    3.5107441362924874e-05,
    0.00010936446051346138,
    1.3139720977051184e-05,
    0.00018929492216557264,
    0.00038784026401117444,
    0.0005676535656675696,
    0.0007084371172823012,
    0.0006251337472349405,
    0.00046533162822015584,
    9.158271132037044e-05,
    6.187346571095986e-06,
    3.424038368393667e-05,
    6.026072151144035e-05,
    1.9257729945820756e-05,
    7.763555004203226e-06,
    4.77167532153544e-06,
    4.641017312678741e-06,
    6.9082630034245085e-06,
    2.396328272880055e-05,
    7.422723768968353e-08,
    1.1017223044973434e-07,
    1.4509889467717585e-07,
    1.7497477244887705e-07,
    2.0086895347048994e-07,
    2.2339376926083787e-07,
    2.4305793999701564e-07,
    2.602793927053426e-07,
    2.7542574798644637e-07,
    2.887684047436778e-07,
    0.000924661522731185,
    0.0009916112758219242,
    0.00042380538070574403,
    0.0002708805550355464,
    5.51142766198609e-05,
    0.0004219238762743771,
    4.715372597274836e-06,
    2.3949573915160727e-06,
    2.2503197669720976e-06,
    2.3420807337970473e-05,
    0.000359670928446576,
    0.00032974325586110353,
    0.00023679887817706913,
    0.00036669449764303863,
    0.0001223947328981012
  ],
  "J": 64
}