{
  "top1_error_pre[%]": 2.0499999999999963,
  "top1_error_post[%]": 1.8399999999999972,
  "Delta[%]": -0.20999999999999908,
  "|W|": 266200,
  "|W_nonzero|/|W|[%]": 6.501878287002254,
  "CR": 55.32362606673854,
  "acc_pretrain": 0.9795,
  "acc_retrain": 0.9819,
  "acc_quantized": 0.9816
}