{
  "top1_error_pre[%]": 2.0499999999999963,
  "top1_error_post[%]": 4.239999999999999,
  "Delta[%]": 2.190000000000003,
  "|W|": 266200,
  "|W_nonzero|/|W|[%]": 7.978963185574756,
  "CR": 33.958683813973515,
  "acc_pretrain": 0.9795,
  "acc_retrain": 0.9844,
  "acc_quantized": 0.9576
}