{
  "mu": [
    0.0,
    -0.8414125442504883,
    -0.6750637888908386,
    -0.5545018315315247,
    -0.44902655482292175,
    -0.3466164171695709,
    -0.4487138092517853,
    -0.23383305966854095,
    -0.163249209523201,
    0.14557111263275146,
    -0.08921050280332565,
    0.19804619252681732,
    0.3145763874053955,
    0.09158480912446976,
    0.45122742652893066,
    0.5635191798210144,
    0.6849192380905151
  ],
  "sigma2": [
    1.7870304873213172e-05,
    0.0006046181661076844,
    0.000588255759794265,
    0.0005106526077724993,
    0.00045341672375798225,
    0.00030886175227351487,
    0.0005708833923563361,
    0.000482105475384742,
    0.0004775248235091567,
    0.000551780394744128,
    0.0003999566542916,
    0.00047358122537843883,
    0.0005165032343938947,
    0.0004200084658805281,
    0.0004962044768035412,
    0.0005401188973337412,
    0.0005613240064121783
  ],
  "pi": [
    0.9990000128746033,
    1.7504116840427741e-06,
    4.761281161336228e-06,
    1.5051135051180609e-05,
    2.8423733965610154e-05,
    9.803965804167092e-05,
    2.061339543502072e-08,
    6.472444511018693e-05,
    8.481831901008263e-05,
    6.0807888075942174e-05,
    0.00015352654736489058,
    0.0001535800111014396,
    8.825814438750967e-05,
    0.00022047832317184657,
    1.970301673281938e-05,
    5.245536158327013e-06,
    8.110188787213701e-07
  ],
  "J": 17
}