{
  "top1_error_pre[%]": 2.0499999999999963,
  "top1_error_post[%]": 2.410000000000001,
  "Delta[%]": 0.36000000000000476,
  "|W|": 266200,
  "|W_nonzero|/|W|[%]": 6.116078136739294,
  "CR": 60.77365409585777,
  "acc_pretrain": 0.9795,
  "acc_retrain": 0.982,
  "acc_quantized": 0.9759
}