{
  "top1_error_pre[%]": 2.0499999999999963,
  "top1_error_post[%]": 1.649999999999996,
  "Delta[%]": -0.40000000000000036,
  "|W|": 266200,
  "|W_nonzero|/|W|[%]": 8.083771600300526,
  "CR": 55.11565462133221,
  "acc_pretrain": 0.9795,
  "acc_retrain": 0.9831,
  "acc_quantized": 0.9835
}