{
  "mu": [
    0.0,
    -0.5317761301994324,
    -0.35273295640945435,
    -0.3516707718372345,
    -0.3524109721183777,
    -0.35331109166145325,
    -0.3532818853855133,
    -0.3519957661628723,
    -0.35228022933006287,
    -0.3527277410030365,
    0.32225000858306885,
    0.3224019706249237,
    0.32235187292099,
    0.3223535120487213,
    0.32237088680267334,
    0.32222703099250793,
    0.3221875727176666
  ],
  "sigma2": [
    0.003907572943717241,
    0.012983758002519608,
    0.012060501612722874,
    0.011852364987134933,
    0.011997522786259651,
    0.012172511778771877,
    0.01216721348464489,
    0.011916054412722588,
    0.011972160078585148,
    0.012059534899890423,
    0.012118610553443432,
    0.01217417698353529,
    0.01215314120054245,
    0.012153876014053822,
    0.012162944301962852,
    0.012110447511076927,
    0.012095246464014053
  ],
  "pi": [
    0.998126745223999,
    4.914370583719574e-05,
    0.00014091898628976196,
    0.000176196830580011,
    0.00015289077418856323,
    0.00012904134928248823,
    0.00012992943811696023,
    0.00016605440760031343,
    0.00015578065358567983,
    0.00014179869322106242,
    9.174273873213679e-05,
    8.57179838931188e-05,
    9.016010881168768e-05,
    8.980206621345133e-05,
    8.688493835506961e-05,
    9.263624087907374e-05,
    9.454099199501798e-05
  ],
  "J": 17
}