{
  "mu": [
    0.0,
    -0.46536216139793396,
    -0.09039157629013062,
    -0.3107443153858185,
    -0.19659125804901123,
    0.13960301876068115,
    0.14023597538471222,
    0.2847558856010437,
    0.379551500082016,
    0.503863513469696,
    0.1397242546081543,
    0.1402345448732376,
    0.13968785107135773,
    0.14028644561767578,
    0.213468536734581,
    0.07096286118030548,
    0.7043317556381226
  ],
  "sigma2": [
    1.1817330232588574e-05,
    0.0011348635889589787,
    0.0009165477240458131,
    0.0008699803147464991,
    0.0008015406201593578,
    0.0007915861788205802,
    0.0007915091700851917,
    0.0007992346654646099,
    0.0008039241656661034,
    0.0007983532850630581,
    0.0007842400227673352,
    0.0007915061432868242,
    0.0007915865280665457,
    0.0007915823953226209,
    0.0007936388137750328,
    0.0005861794925294816,
    0.0007907754043117166
  ],
  "pi": [
    0.9990000128746033,
    1.096444066206459e-05,
    0.0002598467981442809,
    4.92069375468418e-05,
    0.00015049554349388927,
    1.9951002627749403e-08,
    1.0761240218926105e-06,
    2.0928637241013348e-05,
    4.858102329308167e-06,
    1.0123732181455125e-06,
    0.00014134797675069422,
    1.1261045074206777e-06,
    2.256660636135166e-08,
    8.015303620823033e-08,
    4.3822026782436296e-05,
    0.0003151463170070201,
    4.5999712483535404e-08
  ],
  "J": 17
}