{
  "top1_error_pre[%]": 89.78,
  "top1_error_post[%]": 0.7800000000000029,
  "Delta[%]": -89.0,
  "|W|": 430500,
  "|W_nonzero|/|W|[%]": 4.843205574912892,
  "CR": 49.58713383774756,
  "acc_pretrain": 0.1022,
  "acc_retrain": 0.9918,
  "acc_quantized": 0.9922
}