{
  "mu": [
    0.0,
    -0.23559795320034027,
    -0.23564274609088898,
    -0.23552417755126953,
    -0.23550398647785187,
    -0.2354547530412674,
    -0.23532061278820038,
    -0.235549658536911,
    -0.23643140494823456,
    -0.2353532314300537,
    -0.23537619411945343,
    0.2068813592195511,
    0.20694513618946075,
    0.20690545439720154,
    0.20688588917255402,
    0.2068939507007599,
    0.20689545571804047
  ],
  "sigma2": [
    0.0015500440495088696,
    0.006240357179194689,
    0.006246886216104031,
    0.00622949656099081,
    0.006226500030606985,
    0.006218841765075922,
    0.0061972616240382195,
    0.006233401130884886,
    0.0063478718511760235,
    0.006202544551342726,
    0.006206349469721317,
    0.006191035732626915,
    0.006267225369811058,
    0.006220081355422735,
    0.0061963992193341255,
    0.006206515245139599,
    0.006209203042089939
  ],
  "pi": [
    0.9872748851776123,
    0.0006211400614120066,
    0.0004864232614636421,
    0.0007308437488973141,
    0.0007756467675790191,
    0.0008362372172996402,
    0.000960809993557632,
    0.0008722206694073975,
    0.0007841046317480505,
    0.0009257298079319298,
    0.0009215192403644323,
    0.0008782270015217364,
    0.0007881142664700747,
    0.0008503172430209816,
    0.0007882645004428923,
    0.0007626768783666193,
    0.0007428175886161625
  ],
  "J": 17
}