{
  "top1_error_pre[%]": 0.9299999999999975,
  "top1_error_post[%]": 1.980000000000004,
  "Delta[%]": 1.0500000000000065,
  "|W|": 430500,
  "|W_nonzero|/|W|[%]": 6.955400696864111,
  "CR": 29.8191499724017,
  "acc_pretrain": 0.9907,
  "acc_retrain": 0.9931,
  "acc_quantized": 0.9802
}