{
  "mu": [
    0.0,
    -0.8050262928009033,
    -0.6606013774871826,
    -0.5650482177734375,
    -0.42361995577812195,
    -0.3234884738922119,
    -0.539940357208252,
    -0.12827631831169128,
    0.15554863214492798,
    0.08286717534065247,
    0.1555899679660797,
    0.1548784226179123,
    0.30078792572021484,
    0.20499491691589355,
    0.4399705231189728,
    0.5623000264167786,
    0.6740952134132385
  ],
  "sigma2": [
    1.539936420158483e-05,
    0.0007759376312606037,
    0.0007006773957982659,
    0.0007051677675917745,
    0.0006408934714272618,
    0.0006470431108027697,
    0.0006959311431273818,
    0.002742480719462037,
    0.0007039371994324028,
    0.0005422189133241773,
    0.0007038536132313311,
    0.0006850450299680233,
    0.0007058994960971177,
    0.0007003159844316542,
    0.0006831556092947721,
    0.0006838514818809927,
    0.0006979636964388192
  ],
  "pi": [
    0.9990000128746033,
    1.767538037711347e-06,
    3.8974681046966e-06,
    2.496895376680186e-06,
    3.116055449936539e-05,
    0.0001076527260011062,
    1.4419114449992776e-05,
    0.00029702013125643134,
    8.511764804097766e-07,
    0.0001919937931234017,
    1.5987849337761872e-06,
    0.00015884802269283682,
    9.497366409050301e-05,
    6.609491538256407e-05,
    2.1574654965661466e-05,
    5.016408067604061e-06,
    6.34170589819405e-07
  ],
  "J": 17
}