{
  "top1_error_pre[%]": 2.0499999999999963,
  "top1_error_post[%]": 2.0499999999999963,
  "Delta[%]": 0.0,
  "|W|": 266200,
  "|W_nonzero|/|W|[%]": 6.7779864763335835,
  "CR": 56.66730972638918,
  "acc_pretrain": 0.9795,
  "acc_retrain": 0.9827,
  "acc_quantized": 0.9795
}