{
  "mu": [
    0.0,
    -0.26258066296577454,
    -0.45768454670906067,
    -0.26391443610191345,
    -0.2644326388835907,
    -0.2650521695613861,
    -0.2658710479736328,
    -0.26514554023742676,
    -0.2646014988422394,
    -0.2657584846019745,
    -0.2654359042644501,
    0.23956526815891266,
    0.13911139965057373,
    0.23943528532981873,
    0.23928619921207428,
    0.23910298943519592,
    0.3504631817340851
  ],
  "sigma2": [
    0.000830134260468185,
    0.001237108837813139,
    0.0014455048367381096,
    0.0012133937561884522,
    0.0012008127523586154,
    0.001183614949695766,
    0.0011556199751794338,
    0.0011802356457337737,
    0.0011968414764851332,
    0.001159307430498302,
    0.0011715487344190478,
    0.0011810424039140344,
    0.0011332305148243904,
    0.0011890409514307976,
    0.0011980177368968725,
    0.0012086298083886504,
    0.0013746859040111303
  ],
  "pi": [
    0.9905049800872803,
    0.0003637242771219462,
    0.00027725528343580663,
    0.0004818309098482132,
    0.0005444631678983569,
    0.0006306180730462074,
    0.0007695714011788368,
    0.0006407511536963284,
    0.0005477270460687578,
    0.0007516302284784615,
    0.0006898163119331002,
    0.0008623800240457058,
    0.000597826496232301,
    0.0007766278577037156,
    0.0007192228804342449,
    0.000624235428404063,
    0.0002173319080611691
  ],
  "J": 17
}