{
  "mu": [
    0.0,
    -0.5108759999275208,
    -0.10294349491596222,
    -0.32358336448669434,
    -0.2027483880519867,
    0.15896832942962646,
    0.22820013761520386,
    0.22888363897800446,
    0.16056491434574127,
    0.4495776295661926,
    0.30498072504997253,
    0.22828462719917297,
    0.1592259705066681,
    0.1596124917268753,
    0.3909641206264496,
    0.08604592084884644,
    0.5336824655532837
  ],
  "sigma2": [
    1.887181497295387e-05,
    0.0012254446046426892,
    0.0010906306561082602,
    0.0011649513617157936,
    0.0011071977205574512,
    0.001026095706038177,
    0.0010262478608638048,
    0.001027466612868011,
    0.0010168553562834859,
    0.0010261021088808775,
    0.0010213206987828016,
    0.0010262758005410433,
    0.0010260952403768897,
    0.0010260874405503273,
    0.00102220696862787,
    0.0008027860894799232,
    0.0010248790495097637
  ],
  "pi": [
    0.9990000128746033,
    8.224553312174976e-06,
    0.0002129866770701483,
    5.977390901534818e-05,
    0.0001810133981052786,
    1.2982250829907116e-08,
    5.5171117310237605e-06,
    3.3900560083566234e-05,
    0.00013827711518388242,
    6.435521413550305e-07,
    2.16992775676772e-05,
    6.432021564251045e-06,
    1.9676258844469885e-08,
    1.1018418888397719e-07,
    6.841833510407014e-06,
    0.0003238515346311033,
    6.955820595067053e-07
  ],
  "J": 17
}