{
  "top1_error_pre[%]": 89.55,
  "top1_error_post[%]": 0.7499999999999951,
  "Delta[%]": -88.8,
  "|W|": 430500,
  "|W_nonzero|/|W|[%]": 4.105226480836237,
  "CR": 53.32136028301814,
  "acc_pretrain": 0.1045,
  "acc_retrain": 0.9921,
  "acc_quantized": 0.9925
}