{
  "top1_error_pre[%]": 89.21,
  "top1_error_post[%]": 0.8399999999999963,
  "Delta[%]": -88.37,
  "|W|": 430500,
  "|W_nonzero|/|W|[%]": 3.209756097560976,
  "CR": 59.17881659549973,
  "acc_pretrain": 0.1079,
  "acc_retrain": 0.991,
  "acc_quantized": 0.9916
}