{
  "mu": [
    0.0,
    -0.9554256796836853,
    -0.7791318297386169,
    -0.6776978373527527,
    -0.5505118370056152,
    -0.40249893069267273,
    -0.5498247146606445,
    -0.23225872218608856,
    -0.13756582140922546,
    -0.060179054737091064,
    -0.24433276057243347,
    0.19310805201530457,
    0.2994886040687561,
    0.4201752841472626,
    0.08194775879383087,
    0.5897515416145325,
    0.7479742765426636
  ],
  "sigma2": [
    1.5714998880866915e-05,
    0.00101822754368186,
    0.0009930044179782271,
    0.0009847263572737575,
    0.000898362894076854,
    0.000644389889203012,
    0.0010316995903849602,
    0.0010358309373259544,
    0.0010926618706434965,
    0.00013986231351736933,
    0.0011089576873928308,
    0.0007808604277670383,
    0.0008708465611562133,
    0.0008192721288651228,
    0.00048497674288228154,
    0.0010003099450841546,
    0.001031075487844646
  ],
  "pi": [
    0.9990000128746033,
    8.286417596536921e-07,
    2.788959136523772e-06,
    4.589487616613042e-06,
    1.969544609892182e-05,
    6.618719635298476e-05,
    8.237573290159617e-09,
    2.8510949050541967e-06,
    9.594247239874676e-05,
    0.0003139435139019042,
    5.9689980844268575e-05,
    0.00011147042823722586,
    4.658611214836128e-05,
    2.8404434488038532e-05,
    0.00024340467643924057,
    3.386482376299682e-06,
    2.2285399836619035e-07
  ],
  "J": 17
}