{
  "top1_error_pre[%]": 2.0499999999999963,
  "top1_error_post[%]": 1.749999999999996,
  "Delta[%]": -0.30000000000000027,
  "|W|": 266200,
  "|W_nonzero|/|W|[%]": 12.65702479338843,
  "CR": 36.11144082885388,
  "acc_pretrain": 0.9795,
  "acc_retrain": 0.9833,
  "acc_quantized": 0.9825
}