{
  "mu": [
    0.0,
    -0.8514388203620911,
    -0.6811052560806274,
    -0.5848513841629028,
    -0.532127320766449,
    -0.3607160151004791,
    -0.4461221396923065,
    -0.25828975439071655,
    -0.1323922723531723,
    -0.07305675745010376,
    -0.18441753089427948,
    0.11297153681516647,
    0.23990172147750854,
    0.34663984179496765,
    0.46653008460998535,
    0.571733295917511,
    0.6832277774810791
  ],
  "sigma2": [
    1.7713608031044714e-05,
    0.0004137838550377637,
    0.0003575046139303595,
    0.00034080829937011003,
    0.0003361428389325738,
    0.00010584973642835394,
    0.00021374222706072032,
    0.00016742422303650528,
    0.00012930462253279984,
    0.00010777480929391459,
    0.00017849142022896558,
    0.0009540623868815601,
    0.00014778124750591815,
    0.00017762013885658234,
    0.0002731849963311106,
    0.00034163222881034017,
    0.00039044732693582773
  ],
  "pi": [
    0.9990000128746033,
    2.0182030766591197e-06,
    4.676873686548788e-06,
    8.112869181786664e-06,
    8.242834155680612e-06,
    8.366376277990639e-05,
    2.7808977392851375e-05,
    5.48048410564661e-05,
    9.09294030861929e-05,
    0.0001321447780355811,
    5.2931689424440265e-05,
    0.00033506000181660056,
    0.0001216390955960378,
    5.625856647384353e-05,
    1.5746860299259424e-05,
    5.139203949511284e-06,
    8.22063213945512e-07
  ],
  "J": 17
}