{
  "mu": [
    0.0,
    -0.6963260173797607,
    -0.564945638179779,
    -0.4871102571487427,
    -0.4237593710422516,
    -0.2914606034755707,
    -0.3757404088973999,
    -0.2364957332611084,
    -0.0004505953402258456,
    -0.0004276619874872267,
    -0.00042804187978617847,
    0.14954379200935364,
    0.2813247740268707,
    0.2725932002067566,
    0.352613240480423,
    0.4639953076839447,
    0.5750068426132202
  ],
  "sigma2": [
    0.0033639923203736544,
    0.0003963103226851672,
    0.0003755070792976767,
    0.0003743234265130013,
    0.0003968975506722927,
    0.000257534091360867,
    0.0003630195278674364,
    0.0004013746220152825,
    0.0004015662707388401,
    0.0004015618469566107,
    0.00040156551403924823,
    0.0004016271559521556,
    0.0004014513688161969,
    0.00041230511851608753,
    0.00036034241202287376,
    0.00039639673195779324,
    0.00040250964229926467
  ],
  "pi": [
    0.9990000128746033,
    5.622622211376438e-06,
    2.1053929231129587e-05,
    4.23684214183595e-05,
    2.493881584086921e-05,
    0.00040024463669396937,
    0.00014140555867925286,
    1.7683231590126525e-07,
    1.317216629104223e-07,
    1.5009946707778e-07,
    1.3436576296044223e-07,
    6.065171476166142e-08,
    7.023516559456766e-07,
    0.0002456747170072049,
    8.604597678640857e-05,
    2.7431653506937437e-05,
    3.85769590138807e-06
  ],
  "J": 17
}