{
  "mu": [
    0.0,
    -0.7059377431869507,
    -0.5745813250541687,
    -0.49241968989372253,
    -0.44837450981140137,
    -0.2976692318916321,
    -0.3877783417701721,
    -0.20852340757846832,
    -0.0005703195347450674,
    -0.000547082454431802,
    -0.0005763806402683258,
    0.2069397270679474,
    0.20397312939167023,
    0.2754760980606079,
    0.36184701323509216,
    0.4759356677532196,
    0.5840161442756653
  ],
  "sigma2": [
    0.0022721451241523027,
    0.00039430774631910026,
    0.0003822722064796835,
    0.00037656803033314645,
    0.000398890464566648,
    0.00018863116565626115,
    0.00029185827588662505,
    0.00032002830994315445,
    0.0004015869344584644,
    0.00040158486808650196,
    0.0004015869344584644,
    0.00040149810956791043,
    0.00031844613840803504,
    0.0002775751636363566,
    0.000309313356410712,
    0.00036452445783652365,
    0.00039613479748368263
  ],
  "pi": [
    0.9990000128746033,
    3.849233507935423e-06,
    1.4612143786507659e-05,
    3.0708069971296936e-05,
    3.6468691178015433e-06,
    0.00027743083774112165,
    0.00010778920841403306,
    0.000138980831252411,
    7.058331874532087e-08,
    7.988061412333991e-08,
    7.190409689883381e-08,
    1.5802987718416261e-07,
    0.00015939939476083964,
    0.00018226538668386638,
    5.978024273645133e-05,
    1.854088986874558e-05,
    2.616536448840634e-06
  ],
  "J": 17
}