{
  "mu": [
    0.0,
    -0.8988430500030518,
    -0.7237630486488342,
    -0.5925546288490295,
    -0.5922302603721619,
    -0.3801800012588501,
    -0.47438129782676697,
    -0.2761629819869995,
    -0.14856034517288208,
    -0.07654629647731781,
    -0.19836555421352386,
    0.11719851195812225,
    0.2512984573841095,
    0.35928574204444885,
    0.4834955334663391,
    0.5896809697151184,
    0.708967387676239
  ],
  "sigma2": [
    1.5650552086299285e-05,
    0.00039058455149643123,
    0.0003574950678739697,
    0.0003083478659391403,
    0.000401263649109751,
    0.00011353993613738567,
    0.00022575612820219249,
    0.00016286490426864475,
    0.00014594146341551095,
    0.00010967045818688348,
    0.00020404004317242652,
    0.0006851613288745284,
    9.717209468362853e-05,
    0.00015977925795596093,
    0.0002720952907111496,
    0.00035204863524995744,
    0.0003928287187591195
  ],
  "pi": [
    0.9990000128746033,
    1.9324402273923624e-06,
    4.422887286636978e-06,
    1.558529220346827e-05,
    3.698295714116284e-08,
    7.998273213161156e-05,
    2.6887082640314475e-05,
    5.303473153617233e-05,
    8.864860865287483e-05,
    0.00015415324014611542,
    4.9097554438048974e-05,
    0.0003344109281897545,
    0.00011693561100400984,
    5.408225842984393e-05,
    1.5032147530291695e-05,
    4.970764166500885e-06,
    7.868412694733706e-07
  ],
  "J": 17
}