{
  "mu": [
    0.0,
    -0.9169479012489319,
    -0.7395536303520203,
    -0.6036404371261597,
    -0.6032695174217224,
    -0.3881634771823883,
    -0.4831259548664093,
    -0.2824888527393341,
    -0.15394166111946106,
    -0.07782062888145447,
    -0.20392173528671265,
    0.11949089914560318,
    0.2565922439098358,
    0.3658047616481781,
    0.48985496163368225,
    0.5964376330375671,
    0.7164632678031921
  ],
  "sigma2": [
    1.566814535181038e-05,
    0.0003798693069256842,
    0.0003544654755387455,
    0.000279290514299646,
    0.0004014475562144071,
    0.00011127296602353454,
    0.00022071522835176438,
    0.0001617154193809256,
    0.00013459459296427667,
    9.893510286929086e-05,
    0.00018924649339169264,
    0.00034087622771039605,
    8.970072667580098e-05,
    0.0001506610424257815,
    0.0002693729184102267,
    0.0003444653993938118,
    0.00039294487214647233
  ],
  "pi": [
    0.9990000128746033,
    1.9114595488645136e-06,
    4.3749068936449476e-06,
    1.5447305486304685e-05,
    4.917601437171015e-09,
    7.896889292169362e-05,
    2.6644212994142435e-05,
    5.2559957111952826e-05,
    8.906109724193811e-05,
    0.00016048889665398747,
    4.746098420582712e-05,
    0.0003333433414809406,
    0.0001156739381258376,
    5.349591447156854e-05,
    1.4869158803776372e-05,
    4.916868419968523e-06,
    7.782761599628429e-07
  ],
  "J": 17
}