{
  "mu": [
    0.0,
    -0.8982577919960022,
    -0.7235397696495056,
    -0.5924049019813538,
    -0.5923096537590027,
    -0.38031286001205444,
    -0.47442612051963806,
    -0.2762174904346466,
    -0.14865955710411072,
    -0.07662536203861237,
    -0.1985088437795639,
    0.1169433444738388,
    0.25103238224983215,
    0.3589729070663452,
    0.48314401507377625,
    0.5894355773925781,
    0.7081394791603088
  ],
  "sigma2": [
    1.5751609680592082e-05,
    0.00039395777275785804,
    0.0003628741833381355,
    0.00032489385921508074,
    0.00040125657687895,
    0.00013250677147880197,
    0.00024238097830675542,
    0.0001826360821723938,
    0.000173410473507829,
    0.00014255325368139893,
    0.00022968970006331801,
    0.0007364713819697499,
    0.00011556827666936442,
    0.00017751345876604319,
    0.00028063214267604053,
    0.00035762073821388185,
    0.00039370841113850474
  ],
  "pi": [
    0.9990000128746033,
    1.932483201017021e-06,
    4.423025984578999e-06,
    1.557006180519238e-05,
    5.0363379244799944e-08,
    7.998765067895874e-05,
    2.688934182515368e-05,
    5.3037940233480185e-05,
    8.859818626660854e-05,
    0.00015410425839945674,
    4.922168955090456e-05,
    0.00033438121317885816,
    0.00011692970292642713,
    5.408399010775611e-05,
    1.5032502233225387e-05,
    4.970772351953201e-06,
    7.86887653703161e-07
  ],
  "J": 17
}