{
  "mu": [
    0.0,
    -0.3015699088573456,
    -0.3012881278991699,
    -0.3012327551841736,
    -0.30111411213874817,
    -0.3008088767528534,
    -0.2944885194301605,
    -0.30100110173225403,
    -0.30008816719055176,
    -0.21855375170707703,
    -0.3014915883541107,
    -0.3015293776988983,
    -0.3011243939399719,
    0.1892058104276657,
    0.24272775650024414,
    0.24458540976047516,
    0.24460580945014954
  ],
  "sigma2": [
    0.0014990267809480429,
    0.01720202900469303,
    0.017196500673890114,
    0.017194902524352074,
    0.017193133011460304,
    0.017130650579929352,
    0.01652435213327408,
    0.017084235325455666,
    0.01702702045440674,
    0.00630822591483593,
    0.01714092120528221,
    0.017186680808663368,
    0.017194319516420364,
    0.006159140728414059,
    0.016389459371566772,
    0.017037343233823776,
    0.017073404043912888
  ],
  "pi": [
    0.9934014678001404,
    1.8740543964668177e-05,
    2.004142152145505e-05,
    2.0414592654560693e-05,
    2.083818799292203e-05,
    3.696787098306231e-05,
    0.00013425661018118262,
    4.93429324706085e-05,
    6.163000944070518e-05,
    0.003740850603207946,
    3.516627839417197e-05,
    2.2901589545654133e-05,
    2.049146314675454e-05,
    0.0022629406303167343,
    9.804889123188332e-05,
    3.0327077183756046e-05,
    2.555878381826915e-05
  ],
  "J": 17
}