{
  "mu": [
    0.0,
    -0.7503100037574768,
    -0.7497984170913696,
    -0.5428979396820068,
    -0.5462485551834106,
    -0.12968558073043823,
    -0.33182552456855774,
    -0.23892737925052643,
    -0.23439165949821472,
    0.32410749793052673,
    0.23238132894039154,
    0.32471591234207153,
    0.3213726878166199,
    0.21935327351093292,
    0.13936610519886017,
    0.5037487149238586,
    0.6934221386909485
  ],
  "sigma2": [
    0.0004029130795970559,
    0.003522743470966816,
    0.003562008496373892,
    0.0035920965019613504,
    0.0033526772167533636,
    0.0014054576167836785,
    0.0031355004757642746,
    0.0034409340005367994,
    0.003597672563046217,
    0.003596941940486431,
    0.0035977584775537252,
    0.003596972906962037,
    0.0032618693076074123,
    0.003129918361082673,
    0.001531661837361753,
    0.0033825302962213755,
    0.003575501497834921
  ],
  "pi": [
    0.9990000128746033,
    1.2408646625772235e-06,
    5.875421607015596e-07,
    6.265337901822932e-07,
    2.7719424906536005e-05,
    0.00017147981270682067,
    0.00020220073929522187,
    6.455834227381274e-05,
    4.6764540684307576e-08,
    2.0842506387452886e-07,
    3.411162552424685e-08,
    1.9781035121013701e-07,
    9.19361409614794e-05,
    0.00015063425234984607,
    0.00027693258016370237,
    1.1359223208273761e-05,
    2.3746885347009083e-07
  ],
  "J": 17
}