{
  "top1_error_pre[%]": 2.0499999999999963,
  "top1_error_post[%]": 4.479999999999995,
  "Delta[%]": 2.429999999999999,
  "|W|": 266200,
  "|W_nonzero|/|W|[%]": 4.8891810668670175,
  "CR": 69.7611950076981,
  "acc_pretrain": 0.9795,
  "acc_retrain": 0.982,
  "acc_quantized": 0.9552
}