{
  "mu": [
    0.0,
    -0.878983199596405,
    -0.7099640369415283,
    -0.5894719362258911,
    -0.5732783675193787,
    -0.3759692907333374,
    -0.46675702929496765,
    -0.2714391052722931,
    -0.14452354609966278,
    -0.0751371830701828,
    -0.19476740062236786,
    0.11459082365036011,
    0.2461259663105011,
    0.3534426987171173,
    0.4761805832386017,
    0.5807666778564453,
    0.6972023248672485
  ],
  "sigma2": [
    2.701232187973801e-05,
    0.0004037499020341784,
    0.0003848783962894231,
    0.00039902894059196115,
    0.0004014718870166689,
    0.00021739471412729472,
    0.00029552626074291766,
    0.00026648485800251365,
    0.00022387625358533114,
    0.0002773391315713525,
    0.0002830045123118907,
    0.0009600698831491172,
    0.00017903151456266642,
    0.00024101778399199247,
    0.0003075411659665406,
    0.0003565563529264182,
    0.00039578249561600387
  ],
  "pi": [
    0.9990000128746033,
    1.9476196939649526e-06,
    4.442688350536628e-06,
    9.01666317076888e-06,
    6.730607765348395e-06,
    8.072469790931791e-05,
    2.7052441510022618e-05,
    5.332149885362014e-05,
    8.809068822301924e-05,
    0.00015085346240084618,
    5.033057095715776e-05,
    0.00033430723124183714,
    0.0001177334925159812,
    5.449421951198019e-05,
    1.5150482795434073e-05,
    5.010437234886922e-06,
    7.93200854332099e-07
  ],
  "J": 17
}