{
  "mu": [
    0.0,
    -0.7658620476722717,
    -0.6272714734077454,
    -0.540819525718689,
    -0.48484957218170166,
    -0.3452642560005188,
    -0.42594167590141296,
    -0.11792182922363281,
    -0.059056609869003296,
    -0.0590205192565918,
    -0.05905323848128319,
    0.0994056910276413,
    0.2213461697101593,
    0.32151493430137634,
    0.4248170554637909,
    0.5391915440559387,
    0.6235225200653076
  ],
  "sigma2": [
    2.9498156436602585e-05,
    0.0004513893509283662,
    0.0004566881980281323,
    0.000409634318202734,
    0.0004019293119199574,
    0.00040015295962803066,
    0.00038991449400782585,
    0.005213683005422354,
    0.00040139685734175146,
    0.00040130611159838736,
    0.0004013893776573241,
    0.0016254147049039602,
    0.0003997701860498637,
    0.00043964257929474115,
    0.000403854064643383,
    0.0004033386940136552,
    0.00039910810301080346
  ],
  "pi": [
    0.9990000128746033,
    1.8044114540316514e-06,
    4.983872258890187e-06,
    8.16953706817003e-06,
    6.936267254786799e-06,
    8.5165083874017e-05,
    2.506471901142504e-05,
    0.0003399469133000821,
    1.858030529433563e-08,
    3.092575440177825e-08,
    1.959630679948532e-08,
    0.00033557965070940554,
    0.00011317877215333283,
    5.638805669150315e-05,
    1.66626377904322e-05,
    5.2946243158658035e-06,
    7.564154316241911e-07
  ],
  "J": 17
}