{
  "mu": [
    0.0,
    -0.7035344839096069,
    -0.5750147104263306,
    -0.49041417241096497,
    -0.4559556841850281,
    -0.29767563939094543,
    -0.3885103166103363,
    -0.2016567438840866,
    -0.00036832308978773654,
    -0.0002242974005639553,
    -0.0003594181325752288,
    0.1982598453760147,
    0.19611039757728577,
    0.27625542879104614,
    0.36301296949386597,
    0.4781193733215332,
    0.5855951309204102
  ],
  "sigma2": [
    0.0018660689238458872,
    0.00039232478593476117,
    0.00036927592009305954,
    0.0003560334153007716,
    0.00040172599256038666,
    0.00012135442375438288,
    0.00023541352129541337,
    0.00030779611552134156,
    0.0004015961312688887,
    0.00040159517084248364,
    0.0004015961312688887,
    0.0004015162994619459,
    0.00031338949338532984,
    0.0002118627744494006,
    0.00027863020659424365,
    0.0003491639217827469,
    0.0003940774477086961
  ],
  "pi": [
    0.9990000128746033,
    3.485778279355145e-06,
    1.2620456800505053e-05,
    2.8112841391703114e-05,
    1.2689654340647394e-06,
    0.00024111098900903016,
    9.435504034627229e-05,
    0.0001684715534793213,
    3.181087038228725e-08,
    3.587284069794805e-08,
    3.2387340809236775e-08,
    1.3357447414819035e-07,
    0.00021985174680594355,
    0.00016004026110749692,
    5.207460708334111e-05,
    1.6104395399452187e-05,
    2.269774540764047e-06
  ],
  "J": 17
}