{
  "mu": [
    0.0,
    -0.8204758763313293,
    -0.6625514030456543,
    -0.569244921207428,
    -0.5139818787574768,
    -0.35326525568962097,
    -0.4326988160610199,
    -0.2486836165189743,
    -0.1252192109823227,
    -0.07073856890201569,
    -0.17829713225364685,
    0.11052482575178146,
    0.23423369228839874,
    0.3406602442264557,
    0.4548787772655487,
    0.5620534420013428,
    0.6640483736991882
  ],
  "sigma2": [
    1.6876670997589827e-05,
    0.0004631740157492459,
    0.0003743380366358906,
    0.0003474547411315143,
    0.0003459674771875143,
    0.0001264158054254949,
    0.0002341086947126314,
    0.0002645341446623206,
    0.0002146731421817094,
    0.00017296946316491812,
    0.0002547682961449027,
    0.0011742617934942245,
    0.00029644646565429866,
    0.00026997600798495114,
    0.00029261523741297424,
    0.00035109961754642427,
    0.00039124127943068743
  ],
  "pi": [
    0.9990000128746033,
    2.046831696134177e-06,
    4.7549756345688365e-06,
    8.159506251104176e-06,
    8.548259756935295e-06,
    8.461390098091215e-05,
    2.8387108613969758e-05,
    5.6265002058353275e-05,
    9.184512600768358e-05,
    0.00012475236144382507,
    5.355358371161856e-05,
    0.00033604877535253763,
    0.00012202480138512328,
    5.694243736797944e-05,
    1.5956831703078933e-05,
    5.266842890705448e-06,
    8.337067924912844e-07
  ],
  "J": 17
}