{
  "mu": [
    0.0,
    -0.7394327521324158,
    -0.610702395439148,
    -0.5279301404953003,
    -0.4747520685195923,
    -0.3343402147293091,
    -0.4227770268917084,
    -0.14185616374015808,
    -0.08056803792715073,
    -0.08054306358098984,
    -0.08056611567735672,
    0.11025843024253845,
    0.2128969430923462,
    0.31009313464164734,
    0.4065462052822113,
    0.5230289697647095,
    0.6191833019256592
  ],
  "sigma2": [
    0.00019635555509012192,
    0.000417400588048622,
    0.0004100253281649202,
    0.00039461656706407666,
    0.00040054487180896103,
    0.00022922905918676406,
    0.00039429025491699576,
    0.0036302146036177874,
    0.0004014954320155084,
    0.00040149426786229014,
    0.0004014954320155084,
    0.0009334545466117561,
    0.00024434769875369966,
    0.0002897019439842552,
    0.0003588656836654991,
    0.0004011058190371841,
    0.000399411772377789
  ],
  "pi": [
    0.9990000128746033,
    2.240350113424938e-06,
    5.8690670812211465e-06,
    1.1131679457321297e-05,
    3.3515329960209783e-06,
    0.0001042395961121656,
    3.834102244582027e-05,
    0.0002970715577248484,
    1.5768932826176751e-09,
    1.7013896957962515e-09,
    1.5911687523129103e-09,
    0.00029635289683938026,
    0.00014081821427680552,
    7.087932317517698e-05,
    2.1866786482860334e-05,
    7.0313180913217366e-06,
    8.017987624953093e-07
  ],
  "J": 17
}