{
  "mu": [
    0.0,
    -0.8965578079223633,
    -0.7228821516036987,
    -0.592070996761322,
    -0.5925930142402649,
    -0.3806895911693573,
    -0.474514365196228,
    -0.2762719392776489,
    -0.14896461367607117,
    -0.07691887021064758,
    -0.19886000454425812,
    0.11621234565973282,
    0.2501724362373352,
    0.35813000798225403,
    0.4825035035610199,
    0.5886315107345581,
    0.7058647871017456
  ],
  "sigma2": [
    2.672056871233508e-05,
    0.0004002878849860281,
    0.0003790411283262074,
    0.0003617956826929003,
    0.0004013859434053302,
    0.00020368969126138836,
    0.00029346984229050577,
    0.00023442930250894278,
    0.00022669980535283685,
    0.00021806976292282343,
    0.00028226865106262267,
    0.0008214983390644193,
    0.0001680876885075122,
    0.00022937534959055483,
    0.0003036299312952906,
    0.0003704377741087228,
    0.00039543447201140225
  ],
  "pi": [
    0.9990000128746033,
    1.9318133581691654e-06,
    4.42319606008823e-06,
    1.553061701997649e-05,
    7.014941161287425e-08,
    7.994221959961578e-05,
    2.6903893740382046e-05,
    5.300852717482485e-05,
    8.814946340862662e-05,
    0.00015430118946824223,
    4.95119602419436e-05,
    0.00033454460208304226,
    0.00011683328921208158,
    5.4066116717876866e-05,
    1.5028816960693803e-05,
    4.966909727954771e-06,
    7.872827723076625e-07
  ],
  "J": 17
}