{
  "mu": [
    0.0,
    -0.7334171533584595,
    -0.6216238141059875,
    -0.5313509106636047,
    -0.43643438816070557,
    -0.33436575531959534,
    -0.43654578924179077,
    -0.20142987370491028,
    -0.00048433017218485475,
    -0.0004809417005162686,
    -0.00048402632819488645,
    0.20404568314552307,
    0.30941393971443176,
    0.40999099612236023,
    0.1368209719657898,
    0.5136670470237732,
    0.6303507685661316
  ],
  "sigma2": [
    0.0007611924083903432,
    0.0005375356995500624,
    0.0005283591453917325,
    0.0005093413055874407,
    0.0005412935861386359,
    0.00027007466997019947,
    0.0004682154394686222,
    0.0009585974039509892,
    0.0005415132618509233,
    0.0005415130290202796,
    0.0005415132618509233,
    0.0005413671606220305,
    0.00037648723809979856,
    0.0004934673779644072,
    0.00045599209261126816,
    0.000519458029884845,
    0.0005358873168006539
  ],
  "pi": [
    0.9990000128746033,
    2.6831341983779566e-06,
    8.428477485722397e-06,
    2.0222165403538384e-05,
    1.3052056146989344e-07,
    0.00018176644516643137,
    5.1316499593667686e-05,
    0.00020487431902438402,
    4.400590558617523e-09,
    4.516536922238856e-09,
    4.415721122086325e-09,
    0.00025254173669964075,
    0.00011186998744960874,
    2.5973688025260344e-05,
    0.00012916960986331105,
    9.620925993658602e-06,
    1.389245767313696e-06
  ],
  "J": 17
}