{
  "mu": [
    0.0,
    -0.7897876501083374,
    -0.6361533999443054,
    -0.5563448667526245,
    -0.48172566294670105,
    -0.3072667121887207,
    -0.4117045998573303,
    -0.08335469663143158,
    0.09462496638298035,
    0.05881731957197189,
    0.14335276186466217,
    0.19473160803318024,
    0.3557069003582001,
    0.2677956819534302,
    0.4560111463069916,
    0.5517287254333496,
    0.6441194415092468
  ],
  "sigma2": [
    1.8439468476572074e-05,
    0.00026309877284802496,
    0.00023141833662521094,
    0.00020093953935429454,
    0.000188776568393223,
    0.001964657101780176,
    0.00019401891040615737,
    0.0007780230953358114,
    0.00019551227160263807,
    0.00017763370124157518,
    0.00020294589921832085,
    0.00019899665494449437,
    0.00022266173618845642,
    0.00023435711045749485,
    0.00019472088024485856,
    0.0001986248535104096,
    0.00020274511189199984
  ],
  "pi": [
    0.9990000128746033,
    1.8713654981183936e-06,
    5.161755325389095e-06,
    7.917225048004184e-06,
    1.9294151570647955e-05,
    0.0001289592037210241,
    1.375173724227352e-05,
    0.00029472430469468236,
    0.00011697957961587235,
    0.00016228620370384306,
    2.2358919522957876e-05,
    9.930780652211979e-05,
    4.044776869704947e-05,
    6.720572855556384e-05,
    1.4412212294701021e-05,
    4.65718630948686e-06,
    6.648719477198028e-07
  ],
  "J": 17
}