{
  "mu": [
    0.0,
    -0.5391958951950073,
    -0.20186322927474976,
    -0.4048774540424347,
    -0.0789971873164177,
    0.10514350235462189,
    0.10522367060184479,
    0.22157105803489685,
    0.15907055139541626,
    0.10480214655399323,
    0.29631292819976807,
    0.10520875453948975,
    0.10515543818473816,
    0.10522107779979706,
    0.3724731504917145,
    0.04869036749005318,
    0.498803049325943
  ],
  "sigma2": [
    1.000733936962206e-05,
    0.00035479015787132084,
    0.0028383538592606783,
    0.0003374087391421199,
    0.0005131344660185277,
    0.0002883859851863235,
    0.0002883186098188162,
    0.00022666198492515832,
    0.00021367965382523835,
    0.0001997469225898385,
    0.0002721850760281086,
    0.000288313371129334,
    0.0002883848501369357,
    0.0002883309789467603,
    0.00028839806327596307,
    0.0001334748521912843,
    0.0002987780899275094
  ],
  "pi": [
    0.9990000128746033,
    3.0548515042028157e-06,
    0.0002702607016544789,
    2.038444290519692e-05,
    0.00016466062515974045,
    1.6207362563136485e-08,
    1.1817296297067514e-07,
    5.4632764658890665e-05,
    9.976584260584787e-05,
    0.00016142115055117756,
    2.4046918042586185e-05,
    1.2610448152372555e-07,
    1.792204429307276e-08,
    9.918677790210495e-08,
    8.285951480502263e-06,
    0.00019072723807767034,
    2.3819657144485973e-06
  ],
  "J": 17
}