{
  "top1_error_pre[%]": 96.03,
  "top1_error_post[%]": 0.8099999999999996,
  "Delta[%]": -95.22,
  "|W|": 430500,
  "|W_nonzero|/|W|[%]": 4.2020905923344944,
  "CR": 52.339431241807716,
  "acc_pretrain": 0.0397,
  "acc_retrain": 0.9907,
  "acc_quantized": 0.9919
}