{
  "mu": [
    0.0,
    -0.09775586426258087,
    -0.7498356699943542,
    -0.32238492369651794,
    -0.32130783796310425,
    -0.20677021145820618,
    -0.3225749731063843,
    -0.322710245847702,
    -0.47772496938705444,
    -0.205959290266037,
    -0.32274702191352844,
    -0.3228248357772827,
    0.3002511262893677,
    0.30245476961135864,
    0.42186716198921204,
    0.08172421902418137,
    0.16564002633094788
  ],
  "sigma2": [
    1.073148723662598e-05,
    0.0013681987766176462,
    0.003226486500352621,
    0.003224145621061325,
    0.0032277454156428576,
    0.003228068584576249,
    0.0032174864318221807,
    0.00320777902379632,
    0.003213475691154599,
    0.002769108861684799,
    0.0032046569976955652,
    0.0031977558974176645,
    0.003228037618100643,
    0.003165887203067541,
    0.0032095627393573523,
    0.0010280600981786847,
    0.0026184124872088432
  ],
  "pi": [
    0.9990000128746033,
    0.00026106578297913074,
    1.477899473911748e-07,
    1.6941891090027639e-06,
    1.6876789743491827e-07,
    2.6492223526020098e-08,
    4.5010524445388e-06,
    8.573757440899499e-06,
    4.7442217692150734e-06,
    0.00016160645463969558,
    9.87548082775902e-06,
    1.2739272278849967e-05,
    3.077621357761018e-08,
    1.9892930140485987e-05,
    2.366698936384637e-06,
    0.0003493967233225703,
    0.0001631695922696963
  ],
  "J": 17
}