{
  "mu": [
    0.0,
    -0.9008203744888306,
    -0.7248833775520325,
    -0.5930783152580261,
    -0.592721700668335,
    -0.3801472783088684,
    -0.4745887815952301,
    -0.2761114835739136,
    -0.14831197261810303,
    -0.07630328088998795,
    -0.1982179433107376,
    0.11770003288984299,
    0.2519267201423645,
    0.3601708710193634,
    0.48457542061805725,
    0.5905749797821045,
    0.7110867500305176
  ],
  "sigma2": [
    1.5645000530639663e-05,
    0.00038453590241260827,
    0.0003501791798043996,
    0.00028138572815805674,
    0.00040132508729584515,
    9.865602623904124e-05,
    0.00020596242393366992,
    0.00013905619562137872,
    0.00010614500934025273,
    6.659924110863358e-05,
    0.0001623124408069998,
    0.0005550336209125817,
    7.735422695986927e-05,
    0.0001387531083310023,
    0.000260573549894616,
    0.00034318395773880184,
    0.00039128438220359385
  ],
  "pi": [
    0.9990000128746033,
    1.93243636203988e-06,
    4.422868187248241e-06,
    1.5604848158545792e-05,
    1.8178040406269247e-08,
    7.998220826266333e-05,
    2.6886518753599375e-05,
    5.303591024130583e-05,
    8.890206663636491e-05,
    0.00015414474182762206,
    4.8847035941435024e-05,
    0.00033441296545788646,
    0.0001169387178379111,
    5.408190918387845e-05,
    1.5032092960609589e-05,
    4.970764166500885e-06,
    7.868412694733706e-07
  ],
  "J": 17
}