{
  "mu": [
    0.0,
    -0.8663788437843323,
    -0.6964280009269714,
    -0.5810419917106628,
    -0.5557764768600464,
    -0.36785024404525757,
    -0.4558510482311249,
    -0.26455044746398926,
    -0.1383998841047287,
    -0.0745474174618721,
    -0.18868619203567505,
    0.11450761556625366,
    0.24404819309711456,
    0.35112082958221436,
    0.4729408025741577,
    0.5774103403091431,
    0.6901763081550598
  ],
  "sigma2": [
    1.5638004697393626e-05,
    0.0003995071747340262,
    0.00035419329651631415,
    0.0003891738597303629,
    0.00039353701868094504,
    9.959416638594121e-05,
    0.0002093781076837331,
    0.00014862515672575682,
    0.00011397019261494279,
    9.1557354608085e-05,
    0.00015874947712291032,
    0.0008559866691939533,
    9.582225902704522e-05,
    0.00014908368757460266,
    0.0002630731905810535,
    0.00034289053292013705,
    0.00039137990097515285
  ],
  "pi": [
    0.9990000128746033,
    1.9829312805086374e-06,
    4.5386486817733385e-06,
    9.823288564803079e-06,
    6.202709300850984e-06,
    8.236633584601805e-05,
    2.738058719842229e-05,
    5.38493950443808e-05,
    8.911322947824374e-05,
    0.00014091558114159852,
    5.212837641010992e-05,
    0.00033517833799123764,
    0.00011980599811067805,
    5.538434561458416e-05,
    1.542264362797141e-05,
    5.100144790048944e-06,
    8.076009407886886e-07
  ],
  "J": 17
}