{
  "top1_error_pre[%]": 2.0499999999999963,
  "top1_error_post[%]": 5.359999999999998,
  "Delta[%]": 3.310000000000002,
  "|W|": 266200,
  "|W_nonzero|/|W|[%]": 7.628099173553719,
  "CR": 35.34737811785502,
  "acc_pretrain": 0.9795,
  "acc_retrain": 0.983,
  "acc_quantized": 0.9464
}