{
  "top1_error_pre[%]": 2.0499999999999963,
  "top1_error_post[%]": 26.680000000000003,
  "Delta[%]": 24.630000000000006,
  "|W|": 266200,
  "|W_nonzero|/|W|[%]": 3.2092411720510894,
  "CR": 85.8960784906878,
  "acc_pretrain": 0.9795,
  "acc_retrain": 0.9809,
  "acc_quantized": 0.7332
}