{
  "mu": [
    0.0,
    -0.7416517734527588,
    -0.631766140460968,
    -0.5436819195747375,
    -0.43899106979370117,
    -0.3377906084060669,
    -0.44242697954177856,
    -0.13867685198783875,
    0.07746806740760803,
    0.07746277749538422,
    0.07746754586696625,
    0.13345211744308472,
    0.4142652750015259,
    0.29528146982192993,
    0.4147879481315613,
    0.5320532917976379,
    0.6578781008720398
  ],
  "sigma2": [
    0.00017343890795018524,
    0.0006017657578922808,
    0.0005935078952461481,
    0.0005972909275442362,
    0.000596819503698498,
    0.0004930412396788597,
    0.0006011044606566429,
    0.0033434333745390177,
    0.000596713915001601,
    0.0005967133329249918,
    0.0005967136239632964,
    0.0024296939373016357,
    0.0005967907491140068,
    0.0005647941725328565,
    0.0005729682743549347,
    0.0005886782892048359,
    0.0005960914422757924
  ],
  "pi": [
    0.9990000128746033,
    1.893202693281637e-06,
    3.7090692330821184e-06,
    1.1384013305359986e-05,
    3.335552634098349e-08,
    0.00010902420763159171,
    3.226612898288295e-05,
    0.00030515866819769144,
    8.986910660091496e-10,
    9.551995860945794e-10,
    9.051498439660577e-10,
    0.0004208957252558321,
    1.4516122526231356e-08,
    8.773698209552094e-05,
    2.160517396987416e-05,
    5.742183020629454e-06,
    5.340046413948585e-07
  ],
  "J": 17
}