{
  "top1_error_pre[%]": 2.0499999999999963,
  "top1_error_post[%]": 2.6699999999999946,
  "Delta[%]": 0.6199999999999983,
  "|W|": 266200,
  "|W_nonzero|/|W|[%]": 6.267843726521413,
  "CR": 62.68876394571841,
  "acc_pretrain": 0.9795,
  "acc_retrain": 0.9817,
  "acc_quantized": 0.9733
}