{
  "top1_error_pre[%]": 2.0499999999999963,
  "top1_error_post[%]": 2.2599999999999953,
  "Delta[%]": 0.20999999999999908,
  "|W|": 266200,
  "|W_nonzero|/|W|[%]": 6.962809917355372,
  "CR": 55.60095557615237,
  "acc_pretrain": 0.9795,
  "acc_retrain": 0.9827,
  "acc_quantized": 0.9774
}