{
  "mu": [
    0.0,
    -0.36495324969291687,
    -0.3649420142173767,
    -0.3649264872074127,
    -0.3649311363697052,
    -0.3649308383464813,
    -0.36492815613746643,
    -0.36491724848747253,
    -0.36508575081825256,
    0.3261553943157196,
    -0.3650875389575958,
    -0.3650941848754883,
    -0.3650958240032196,
    0.3261657953262329,
    0.32617059350013733,
    0.32619789242744446,
    0.3262198567390442
  ],
  "sigma2": [
    0.005407310090959072,
    0.025439400225877762,
    0.02534436620771885,
    0.025265490636229515,
    0.025387844070792198,
    0.025397779420018196,
    0.025321301072835922,
    0.025207890197634697,
    0.025797078385949135,
    0.025605497881770134,
    0.02580752968788147,
    0.02579938992857933,
    0.025800811126828194,
    0.025363337248563766,
    0.025357561185956,
    0.025321505963802338,
    0.025292694568634033
  ],
  "pi": [
    0.9948498606681824,
    0.0003480419691186398,
    0.00039904422010295093,
    0.0004546759882941842,
    0.0004140974779147655,
    0.0004102503298781812,
    0.0004289176140446216,
    0.00046596323954872787,
    0.00017651640519034117,
    0.00023341494670603424,
    0.00017672149988356978,
    0.00016090065764728934,
    0.000151869811816141,
    0.0003229528956580907,
    0.0003270117740612477,
    0.0003362339048180729,
    0.0003435035760048777
  ],
  "J": 17
}