{
  "top1_error_pre[%]": 2.0499999999999963,
  "top1_error_post[%]": 24.470000000000002,
  "Delta[%]": 22.420000000000005,
  "|W|": 266200,
  "|W_nonzero|/|W|[%]": 3.2096168294515404,
  "CR": 90.39720692326468,
  "acc_pretrain": 0.9795,
  "acc_retrain": 0.9726,
  "acc_quantized": 0.7553
}