{
  "top1_error_pre[%]": 0.9299999999999975,
  "top1_error_post[%]": 2.539999999999998,
  "Delta[%]": 1.6100000000000003,
  "|W|": 430500,
  "|W_nonzero|/|W|[%]": 4.828803716608594,
  "CR": 37.587789425432874,
  "acc_pretrain": 0.9907,
  "acc_retrain": 0.9918,
  "acc_quantized": 0.9746
}