{
  "mu": [
    0.0,
    -0.5490756630897522,
    -0.28465208411216736,
    -0.28459882736206055,
    -0.2846026122570038,
    -0.2847767770290375,
    -0.284751296043396,
    -0.28456205129623413,
    -0.284620076417923,
    0.2567808926105499,
    0.2567667067050934,
    0.25681421160697937,
    0.25676602125167847,
    0.25678321719169617,
    0.25677046179771423,
    0.2567739486694336,
    0.4742204546928406
  ],
  "sigma2": [
    0.0020335791632533073,
    0.01191796362400055,
    0.011823773384094238,
    0.011806067079305649,
    0.011807345785200596,
    0.011864975094795227,
    0.01185655314475298,
    0.011793890967965126,
    0.011813128367066383,
    0.011829091235995293,
    0.011824535205960274,
    0.011839712038636208,
    0.011824304237961769,
    0.011829830706119537,
    0.01182575337588787,
    0.011826864443719387,
    0.011925950646400452
  ],
  "pi": [
    0.9944924712181091,
    4.571924728224985e-05,
    0.00039112812373787165,
    0.00045269442489370704,
    0.0004639680264517665,
    0.00038506503915414214,
    0.0003955401189159602,
    0.0004937393823638558,
    0.0004393827694002539,
    0.0003252053284086287,
    0.0003581180644687265,
    0.000365704414434731,
    0.0003576406743377447,
    0.0003222348168492317,
    0.0003339832474011928,
    0.00033273646840825677,
    4.4671014620689675e-05
  ],
  "J": 17
}