{
  "mu": [
    0.0,
    -0.2958380877971649,
    -0.29562240839004517,
    -0.295390248298645,
    -0.29537510871887207,
    -0.29590481519699097,
    -0.29581496119499207,
    -0.295226514339447,
    -0.2954614758491516,
    0.2616692781448364,
    0.26160869002342224,
    0.2616478204727173,
    0.2616084814071655,
    0.26167604327201843,
    0.2616423964500427,
    0.2616480886936188,
    0.2620558440685272
  ],
  "sigma2": [
    0.0017480447422713041,
    0.017013775184750557,
    0.016749387606978416,
    0.016663948073983192,
    0.016658378764986992,
    0.01685270108282566,
    0.016819946467876434,
    0.016603121533989906,
    0.016690300777554512,
    0.01673405058681965,
    0.01669972762465477,
    0.01672220602631569,
    0.01669960841536522,
    0.016737889498472214,
    0.016718721017241478,
    0.01672198995947838,
    0.016995880752801895
  ],
  "pi": [
    0.9944924712181091,
    2.9368862669798546e-05,
    0.0003744907444342971,
    0.0004758179420605302,
    0.0004896670579910278,
    0.00031995002063922584,
    0.00034138275077566504,
    0.0005457696388475597,
    0.00044907984556630254,
    0.0003289146116003394,
    0.0003703187103383243,
    0.00037094391882419586,
    0.0003698805230669677,
    0.00032513050246052444,
    0.0003411702928133309,
    0.00033911861828528345,
    3.6526998883346096e-05
  ],
  "J": 17
}