{
  "mu": [
    0.0,
    -0.42789894342422485,
    -0.2573021352291107,
    -0.25724509358406067,
    -0.25717782974243164,
    -0.2574564218521118,
    -0.25738540291786194,
    -0.2571624219417572,
    -0.2572872042655945,
    0.2470739185810089,
    0.24708335101604462,
    0.2472875416278839,
    0.2470853328704834,
    0.2470073699951172,
    0.24708867073059082,
    0.24712812900543213,
    0.4375849962234497
  ],
  "sigma2": [
    0.003439114661887288,
    0.004042943473905325,
    0.004034268204122782,
    0.004032583441585302,
    0.004033475648611784,
    0.004047364462167025,
    0.004045276902616024,
    0.004031418357044458,
    0.004033688921481371,
    0.0040351394563913345,
    0.0040381732396781445,
    0.004044543951749802,
    0.00403806334361434,
    0.004035009071230888,
    0.004035633988678455,
    0.004036043770611286,
    0.004043101333081722
  ],
  "pi": [
    0.9944924712181091,
    0.0002936918754130602,
    0.0003610803687479347,
    0.0004023510846309364,
    0.00041986009455285966,
    0.00039080341230146587,
    0.00039396638749167323,
    0.0004370822571218014,
    0.00039674522122368217,
    0.0002901578845921904,
    0.0003176119353156537,
    0.0003258840006310493,
    0.00031716880039311945,
    0.00028764328453689814,
    0.00029750706744380295,
    0.0002982347796205431,
    0.00027774248155765235
  ],
  "J": 17
}