{
  "mu": [
    0.0,
    -0.46556779742240906,
    -0.26650410890579224,
    -0.26648709177970886,
    -0.26649755239486694,
    -0.2666180431842804,
    -0.2666011452674866,
    -0.26647886633872986,
    -0.26649871468544006,
    0.2519192695617676,
    0.2519390285015106,
    0.25197315216064453,
    0.2519380748271942,
    0.2519195079803467,
    0.2519198954105377,
    0.25192010402679443,
    0.4563317894935608
  ],
  "sigma2": [
    0.0029883666429668665,
    0.005651775281876326,
    0.005643314216285944,
    0.005640440620481968,
    0.005641995929181576,
    0.005662287585437298,
    0.005659288726747036,
    0.00563894584774971,
    0.005642412696033716,
    0.005643470212817192,
    0.005647459998726845,
    0.0056561375968158245,
    0.005647282116115093,
    0.005643220152705908,
    0.0056436448357999325,
    0.00564391678199172,
    0.005656971130520105
  ],
  "pi": [
    0.9944924712181091,
    0.00018142006592825055,
    0.0004015335871372372,
    0.0004535081097856164,
    0.000465730088762939,
    0.000417899718740955,
    0.0004237173998262733,
    0.0004884567460976541,
    0.00044380081817507744,
    0.0002798587956931442,
    0.00030626621446572244,
    0.00031410649535246193,
    0.000305862573441118,
    0.0002775169850792736,
    0.0002872570476029068,
    0.00028694423963315785,
    0.00017365216626785696
  ],
  "J": 17
}