{
  "mu": [
    0.0,
    -0.3113759756088257,
    -0.31084150075912476,
    -0.3099973797798157,
    -0.3087543249130249,
    -0.31104740500450134,
    -0.3109804093837738,
    -0.3013135492801666,
    -0.3105495572090149,
    0.26325443387031555,
    0.26315152645111084,
    0.2634216547012329,
    0.2631608247756958,
    0.2632462978363037,
    0.2632996737957001,
    0.26328784227371216,
    0.2629886567592621
  ],
  "sigma2": [
    0.001494196942076087,
    0.02730381116271019,
    0.026602819561958313,
    0.02559526078402996,
    0.0242074616253376,
    0.026858044788241386,
    0.026774374768137932,
    0.0175558440387249,
    0.026248985901474953,
    0.026310069486498833,
    0.022474583238363266,
    0.024875391274690628,
    0.02251134254038334,
    0.026349153369665146,
    0.026072075590491295,
    0.026138124987483025,
    0.027284810319542885
  ],
  "pi": [
    0.9944924712181091,
    2.3238626454258338e-05,
    0.00021945999469608068,
    0.0003860284632537514,
    0.0005273431888781488,
    0.00018262917001266032,
    0.00019538853666745126,
    0.0011114532826468349,
    0.0002889478637371212,
    0.0002261693443870172,
    0.000601468957029283,
    0.0003904673794750124,
    0.000599003687966615,
    0.0002201226307079196,
    0.0002588075876701623,
    0.00025020717293955386,
    2.6795405574375764e-05
  ],
  "J": 17
}