{
  "mu": [
    0.0,
    -0.31822794675827026,
    -0.31806308031082153,
    -0.3175903558731079,
    -0.3168316185474396,
    -0.31817692518234253,
    -0.31814131140708923,
    -0.2992950677871704,
    -0.31788182258605957,
    0.259231299161911,
    0.26042407751083374,
    0.2606830298900604,
    0.2604644298553467,
    0.2591877579689026,
    0.2594932019710541,
    0.2594182789325714,
    0.2581053376197815
  ],
  "sigma2": [
    0.0012398281833156943,
    0.03311207890510559,
    0.03217892348766327,
    0.03089570812880993,
    0.029296498745679855,
    0.03249824419617653,
    0.03239334002137184,
    0.014421163126826286,
    0.03171712905168533,
    0.031923528760671616,
    0.018797624856233597,
    0.03032635897397995,
    0.01884433999657631,
    0.03196899965405464,
    0.03165373206138611,
    0.031730182468891144,
    0.0330929234623909
  ],
  "pi": [
    0.9944924712181091,
    1.8611393898027018e-05,
    0.00016716326354071498,
    0.00028992429724894464,
    0.00038476407644338906,
    0.00013957793998997658,
    0.00014915828069206327,
    0.0014908660668879747,
    0.00021901189757045358,
    0.00016809950466267765,
    0.0008200358715839684,
    0.00028194329934194684,
    0.0008168281055986881,
    0.00016371891251765192,
    0.00019154796609655023,
    0.00018539914162829518,
    2.0880859665339813e-05
  ],
  "J": 17
}