{
  "mu": [
    0.0,
    -0.47010740637779236,
    -0.2652384042739868,
    -0.2652217447757721,
    -0.26523011922836304,
    -0.2653476893901825,
    -0.2653300166130066,
    -0.2652127146720886,
    -0.26523324847221375,
    0.24856188893318176,
    0.2485821396112442,
    0.248616024851799,
    0.24858127534389496,
    0.24856039881706238,
    0.24856285750865936,
    0.24856489896774292,
    0.4583492875099182
  ],
  "sigma2": [
    0.0027361258398741484,
    0.006105099339038134,
    0.006095959339290857,
    0.006092855706810951,
    0.006094534881412983,
    0.0061164540238678455,
    0.006113214883953333,
    0.006091240327805281,
    0.006094985641539097,
    0.006096127443015575,
    0.006100437603890896,
    0.006109811365604401,
    0.006100245285779238,
    0.006095857825130224,
    0.00609631696715951,
    0.0060966103337705135,
    0.0061107114888727665
  ],
  "pi": [
    0.9944924712181091,
    0.00015763979172334075,
    0.0003982780617661774,
    0.00045037156087346375,
    0.00046214149915613234,
    0.00041279729339294136,
    0.0004188652674201876,
    0.00048506123130209744,
    0.0004404835926834494,
    0.0002898118691518903,
    0.00031731114722788334,
    0.00032525608548894525,
    0.0003168879193253815,
    0.000287350412691012,
    0.00029711288516409695,
    0.0002963029546663165,
    0.0001518596545793116
  ],
  "J": 17
}