{
  "mu": [
    0.0,
    -0.44338908791542053,
    -0.26211658120155334,
    -0.26211658120155334,
    -0.26214125752449036,
    -0.2621859312057495,
    -0.26220497488975525,
    -0.26212215423583984,
    -0.26211440563201904,
    0.2525636851787567,
    0.2525855302810669,
    0.25249600410461426,
    0.25258415937423706,
    0.2525807321071625,
    0.2525618374347687,
    0.25254660844802856,
    0.4490970969200134
  ],
  "sigma2": [
    0.00341983325779438,
    0.004483956843614578,
    0.00447538448497653,
    0.004473515786230564,
    0.004474505316466093,
    0.0044899131171405315,
    0.00448759738355875,
    0.004472223110496998,
    0.004474742338061333,
    0.004476351197808981,
    0.004479716531932354,
    0.004486784338951111,
    0.004479594994336367,
    0.004476206377148628,
    0.0044768997468054295,
    0.004477354697883129,
    0.0044851843267679214
  ],
  "pi": [
    0.9944924712181091,
    0.0002627319481689483,
    0.0003887829661834985,
    0.00043667672434821725,
    0.000451215251814574,
    0.0004123532271478325,
    0.0004168025916442275,
    0.00047169934259727597,
    0.000428602535976097,
    0.00026883051032200456,
    0.00029416396864689887,
    0.00030405784491449594,
    0.0002938106772489846,
    0.00026685564080253243,
    0.0002799906360451132,
    0.00028334447415545583,
    0.0002476124500390142
  ],
  "J": 17
}