{
  "mu": [
    0.0,
    -0.41393229365348816,
    -0.32162001729011536,
    -0.28591543436050415,
    -0.25745710730552673,
    -0.23828157782554626,
    -0.23833127319812775,
    -0.22428926825523376,
    -0.22287188470363617,
    0.21453097462654114,
    0.2235640287399292,
    0.22570659220218658,
    0.2347048819065094,
    0.25970280170440674,
    0.29662901163101196,
    0.35542720556259155,
    0.4621846675872803
  ],
  "sigma2": [
    0.003310438245534897,
    0.003451589262112975,
    0.003450619988143444,
    0.0034488942474126816,
    0.003446875372901559,
    0.003453559707850218,
    0.0034521373454481363,
    0.003444729372859001,
    0.0034476660657674074,
    0.0034478369634598494,
    0.003448455361649394,
    0.0034526721574366093,
    0.0034487429074943066,
    0.003448778996244073,
    0.0034504651557654142,
    0.0034507184755057096,
    0.0034509869292378426
  ],
  "pi": [
    0.9944924712181091,
    0.00031839634175412357,
    0.0003238493809476495,
    0.00034103234065696597,
    0.00037451396929100156,
    0.0003636342298705131,
    0.00036492577055469155,
    0.0003835367679130286,
    0.00034596447949297726,
    0.0003312437911517918,
    0.00036289391573518515,
    0.00035699925501830876,
    0.0003617194597609341,
    0.00032581001869402826,
    0.0003201317449565977,
    0.00031722147832624614,
    0.0003156581078656018
  ],
  "J": 17
}