{
  "mu": [
    0.0,
    -0.42545151710510254,
    -0.2564579248428345,
    -0.2563011050224304,
    -0.25607722997665405,
    -0.2568266689777374,
    -0.25651681423187256,
    -0.2559942603111267,
    -0.25636667013168335,
    0.24594402313232422,
    0.24592705070972443,
    0.2467026710510254,
    0.24594072997570038,
    0.24575532972812653,
    0.24602417647838593,
    0.24619950354099274,
    0.4363470673561096
  ],
  "sigma2": [
    0.0034663507249206305,
    0.003939411137253046,
    0.003930957522243261,
    0.0039293160662055016,
    0.003930185455828905,
    0.003943267278373241,
    0.00394123001024127,
    0.003928180783987045,
    0.003930393140763044,
    0.003931806888431311,
    0.003934498410671949,
    0.0039407056756317616,
    0.0039344849064946175,
    0.003931679297238588,
    0.003932288847863674,
    0.003932688385248184,
    0.003939245827496052
  ],
  "pi": [
    0.9944924712181091,
    0.0003003662859555334,
    0.00035387466778047383,
    0.0003928930964320898,
    0.0004118126817047596,
    0.00038566990406252444,
    0.00038848866824992,
    0.00042795881745405495,
    0.00038827728712931275,
    0.00029634468955919147,
    0.0003244216786697507,
    0.00033172249095514417,
    0.0003239379439037293,
    0.00029358459869399667,
    0.000301845750072971,
    0.00030163006158545613,
    0.000284702458884567
  ],
  "J": 17
}