{
  "mu": [
    0.0,
    -0.49993133544921875,
    -0.2716186046600342,
    -0.27159541845321655,
    -0.27160272002220154,
    -0.2717362642288208,
    -0.27171239256858826,
    -0.27158287167549133,
    -0.2716090679168701,
    0.2504369914531708,
    0.2504562735557556,
    0.25055351853370667,
    0.2504556477069855,
    0.25042593479156494,
    0.25043967366218567,
    0.25045326352119446,
    0.47942250967025757
  ],
  "sigma2": [
    0.002435464644804597,
    0.0076970504596829414,
    0.007678457535803318,
    0.0076733664609491825,
    0.007675268687307835,
    0.0077040595933794975,
    0.007699817884713411,
    0.007670706138014793,
    0.007676256820559502,
    0.007680445443838835,
    0.007684746291488409,
    0.0076962909661233425,
    0.007684519048780203,
    0.007680221926420927,
    0.007680409122258425,
    0.007680837530642748,
    0.007702208589762449
  ],
  "pi": [
    0.9944924712181091,
    0.00010345356713514775,
    0.00039585362537764013,
    0.00044958468060940504,
    0.00046090540126897395,
    0.00040555433952249587,
    0.00041250759386457503,
    0.0004850521800108254,
    0.0004389844834804535,
    0.00030673108994960785,
    0.00033623099443502724,
    0.0003443836758378893,
    0.0003357806708663702,
    0.0003040789451915771,
    0.0003144671500194818,
    0.0003134226717520505,
    0.00010053992446046323
  ],
  "J": 17
}