{
  "mu": [
    0.0,
    -0.4382134974002838,
    -0.26122134923934937,
    -0.2611486315727234,
    -0.2610725462436676,
    -0.2614479064941406,
    -0.2613207697868347,
    -0.2610669732093811,
    -0.2612062096595764,
    0.2514824867248535,
    0.2514870762825012,
    0.25188466906547546,
    0.25148987770080566,
    0.25138646364212036,
    0.25150734186172485,
    0.25159284472465515,
    0.4482291340827942
  ],
  "sigma2": [
    0.003487339708954096,
    0.00425824336707592,
    0.004249106161296368,
    0.004247331526130438,
    0.004248271230608225,
    0.0042628999799489975,
    0.00426070112735033,
    0.004246104508638382,
    0.0042484961450099945,
    0.004250023979693651,
    0.00425321888178587,
    0.004259929060935974,
    0.004253103397786617,
    0.004249886143952608,
    0.004250544589012861,
    0.0042509762570261955,
    0.004258410073816776
  ],
  "pi": [
    0.9944924712181091,
    0.0002791436854749918,
    0.00037621514638885856,
    0.00042137084528803825,
    0.00043692608596757054,
    0.00040229811565950513,
    0.00040616863407194614,
    0.0004560532979667187,
    0.00041424529626965523,
    0.0002777559857349843,
    0.00030397751834243536,
    0.00031348501215688884,
    0.00030359395896084607,
    0.00027560131275095046,
    0.000287787668639794,
    0.0002902202832046896,
    0.00026268826331943274
  ],
  "J": 17
}