{
  "mu": [
    0.0,
    -0.42042621970176697,
    -0.2551247477531433,
    -0.2547595798969269,
    -0.2541343867778778,
    -0.25534167885780334,
    -0.2547524869441986,
    -0.25366175174713135,
    -0.254467248916626,
    0.24346192181110382,
    0.2434273213148117,
    0.24515685439109802,
    0.24349017441272736,
    0.24335306882858276,
    0.24395951628684998,
    0.2444772571325302,
    0.43415549397468567
  ],
  "sigma2": [
    0.0034585269168019295,
    0.0038378944154828787,
    0.00383029249496758,
    0.0038286929484456778,
    0.0038290140219032764,
    0.00384142785333097,
    0.003839442739263177,
    0.003826836822554469,
    0.0038291418459266424,
    0.0038303015753626823,
    0.0038328850641846657,
    0.003838932141661644,
    0.0038328722584992647,
    0.0038305812049657106,
    0.003831589361652732,
    0.0038319784216582775,
    0.003837510012090206
  ],
  "pi": [
    0.9944924712181091,
    0.00030576446442864835,
    0.00034659862285479903,
    0.0003829779743682593,
    0.0004037446342408657,
    0.0003806616587098688,
    0.00038313784170895815,
    0.0004186775768175721,
    0.0003796169185079634,
    0.0003031094092875719,
    0.0003318769740872085,
    0.00033774692565202713,
    0.00033133578835986555,
    0.0003000069409608841,
    0.00030612177215516567,
    0.000304833723930642,
    0.00029132008785381913
  ],
  "J": 17
}