{
  "mu": [
    0.0,
    -0.5165403485298157,
    -0.2787933349609375,
    -0.27876532077789307,
    -0.27877452969551086,
    -0.27892276644706726,
    -0.2789008915424347,
    -0.27874964475631714,
    -0.27878043055534363,
    0.2562132775783539,
    0.25622105598449707,
    0.25627264380455017,
    0.2562200725078583,
    0.2562125027179718,
    0.2562105357646942,
    0.2562130391597748,
    0.48664212226867676
  ],
  "sigma2": [
    0.002465254394337535,
    0.008753277361392975,
    0.0087270587682724,
    0.008720764890313148,
    0.008722827769815922,
    0.008756142109632492,
    0.008751236833631992,
    0.008717226795852184,
    0.008724159561097622,
    0.00872825738042593,
    0.008730134926736355,
    0.00874263234436512,
    0.008729897439479828,
    0.008728083223104477,
    0.008727596141397953,
    0.00872818659991026,
    0.008759143762290478
  ],
  "pi": [
    0.9944924712181091,
    8.212142711272463e-05,
    0.000399499578634277,
    0.0004550586163531989,
    0.00046648038551211357,
    0.0004069413698744029,
    0.0004144771955907345,
    0.0004917183541692793,
    0.0004439085314515978,
    0.000308379007037729,
    0.0003382994036655873,
    0.0003461047017481178,
    0.00033785030245780945,
    0.0003056896384805441,
    0.0003162615466862917,
    0.00031517629395239055,
    7.956466288305819e-05
  ],
  "J": 17
}