{
  "mu": [
    0.0,
    -0.4735402762889862,
    -0.2642987072467804,
    -0.2642610967159271,
    -0.26424914598464966,
    -0.26441624760627747,
    -0.2643967270851135,
    -0.26423338055610657,
    -0.2642902135848999,
    0.24756497144699097,
    0.24758173525333405,
    0.24751199781894684,
    0.24758221209049225,
    0.24753612279891968,
    0.24757502973079681,
    0.2476292997598648,
    0.45980286598205566
  ],
  "sigma2": [
    0.00264916499145329,
    0.0062641603872179985,
    0.006254770327359438,
    0.00625158566981554,
    0.006253308616578579,
    0.006275799125432968,
    0.0062724752351641655,
    0.00624992186203599,
    0.0062537710182368755,
    0.006254942622035742,
    0.006259365007281303,
    0.006268983241170645,
    0.006259168032556772,
    0.006254665553569794,
    0.0062551372684538364,
    0.006255438085645437,
    0.006269906647503376
  ],
  "pi": [
    0.9944924712181091,
    0.00015021103899925947,
    0.000397669238736853,
    0.0004498893686104566,
    0.0004615432699210942,
    0.0004115625924896449,
    0.0004177303344476968,
    0.0004845732473768294,
    0.00043992389691993594,
    0.00029244882171042264,
    0.00032024038955569267,
    0.0003282349498476833,
    0.0003198124759364873,
    0.00028995872708037496,
    0.00029978647944517434,
    0.00029891435406170785,
    0.00014503209968097508
  ],
  "J": 17
}