{
  "mu": [
    0.0,
    -0.5073019862174988,
    -0.27507689595222473,
    -0.2750471234321594,
    -0.2750527858734131,
    -0.27522268891334534,
    -0.2751939594745636,
    -0.27502912282943726,
    -0.275065153837204,
    0.2541680335998535,
    0.25418388843536377,
    0.2542356252670288,
    0.2541827857494354,
    0.2541685700416565,
    0.25416630506515503,
    0.25416773557662964,
    0.47896847128868103
  ],
  "sigma2": [
    0.002513741608709097,
    0.007897572591900826,
    0.007878296077251434,
    0.007873035036027431,
    0.007874979637563229,
    0.007904564961791039,
    0.007900204509496689,
    0.007870283909142017,
    0.007876008749008179,
    0.007879987359046936,
    0.007883463054895401,
    0.007895027287304401,
    0.007883241400122643,
    0.007879791781306267,
    0.00787967536598444,
    0.007880137301981449,
    0.00790286436676979
  ],
  "pi": [
    0.9944924712181091,
    9.850353671936318e-05,
    0.00040331188938580453,
    0.0004583346308209002,
    0.00046993567957542837,
    0.0004133214242756367,
    0.0004204401921015233,
    0.0004946454428136349,
    0.0004474890301935375,
    0.0003001229197252542,
    0.00032893315074034035,
    0.00033671437995508313,
    0.0003284960112068802,
    0.00029753014678135514,
    0.00030769724980928004,
    0.0003066681674681604,
    9.538706945022568e-05
  ],
  "J": 17
}