{
  "mu": [
    0.0,
    -0.5178455114364624,
    -0.2779105305671692,
    -0.27787649631500244,
    -0.27788323163986206,
    -0.27802789211273193,
    -0.27800625562667847,
    -0.277858704328537,
    -0.2778920531272888,
    0.2525527775287628,
    0.25255340337753296,
    0.25260239839553833,
    0.2525525391101837,
    0.25255265831947327,
    0.2525482773780823,
    0.2525509297847748,
    0.483550101518631
  ],
  "sigma2": [
    0.0021504228934645653,
    0.009701699949800968,
    0.00965886004269123,
    0.00964939035475254,
    0.009651304222643375,
    0.009691139683127403,
    0.009685240685939789,
    0.009644472040235996,
    0.009653669781982899,
    0.009662853553891182,
    0.009662983007729053,
    0.009676344692707062,
    0.009662752039730549,
    0.00966284517198801,
    0.009661619551479816,
    0.009662337601184845,
    0.009708201512694359
  ],
  "pi": [
    0.9944924712181091,
    6.738133379258215e-05,
    0.00039304266101680696,
    0.0004498700436670333,
    0.00046105595538392663,
    0.00039564259350299835,
    0.00040405921754427254,
    0.0004873697180300951,
    0.0004381082544568926,
    0.0003187555994372815,
    0.00035006963298656046,
    0.00035810141707770526,
    0.00034960152697749436,
    0.00031594320898875594,
    0.00032701282179914415,
    0.0003258695069234818,
    6.564754585269839e-05
  ],
  "J": 17
}