{
  "mu": [
    0.0,
    -0.4734952747821808,
    -0.3878215551376343,
    -0.3288891613483429,
    -0.2785435616970062,
    -0.24366731941699982,
    -0.23930880427360535,
    -0.20504088699817657,
    -0.18907563388347626,
    0.18819832801818848,
    0.21760322153568268,
    0.2292758971452713,
    0.25024160742759705,
    0.297635555267334,
    0.36096909642219543,
    0.43398305773735046,
    0.5259909629821777
  ],
  "sigma2": [
    0.003270804649218917,
    0.003359441412612796,
    0.0033595310524106026,
    0.0033587333746254444,
    0.003356711473315954,
    0.0033608993981033564,
    0.003359705675393343,
    0.0033557910937815905,
    0.0033589033409953117,
    0.0033580416347831488,
    0.0033576334826648235,
    0.003360716626048088,
    0.003357863985002041,
    0.003358502872288227,
    0.0033594141714274883,
    0.003359302179887891,
    0.003359332447871566
  ],
  "pi": [
    0.9944924712181091,
    0.0003254308830946684,
    0.0003273590700700879,
    0.0003353897773195058,
    0.00036754991742782295,
    0.00035999546525999904,
    0.0003608956467360258,
    0.0003728615411091596,
    0.00033625809010118246,
    0.00033246452221646905,
    0.00036250747507438064,
    0.0003571466659195721,
    0.00036192318657413125,
    0.000330816168570891,
    0.00032664655009284616,
    0.0003254444454796612,
    0.0003248418215662241
  ],
  "J": 17
}