{
  "mu": [
    0.0,
    -0.3155989944934845,
    -0.315335214138031,
    -0.314836710691452,
    -0.3140356242656708,
    -0.3154432773590088,
    -0.31540849804878235,
    -0.30021896958351135,
    -0.3151688277721405,
    0.26211631298065186,
    0.2619018852710724,
    0.26301291584968567,
    0.2619357705116272,
    0.2620866298675537,
    0.26228705048561096,
    0.26223936676979065,
    0.2612873315811157
  ],
  "sigma2": [
    0.0013137907953932881,
    0.03157256543636322,
    0.03069915995001793,
    0.029483329504728317,
    0.027918195351958275,
    0.03100227192044258,
    0.030902588739991188,
    0.014938300475478172,
    0.030264319851994514,
    0.030420564115047455,
    0.01944536156952381,
    0.02883375994861126,
    0.01949290744960308,
    0.03046520985662937,
    0.030156489461660385,
    0.030231550335884094,
    0.03155171871185303
  ],
  "pi": [
    0.9944924712181091,
    1.979564876819495e-05,
    0.0001795019634300843,
    0.0003119086322840303,
    0.0004152392502874136,
    0.0001498027704656124,
    0.00016011405386961997,
    0.0014002547832205892,
    0.0002353462768951431,
    0.00018131136312149465,
    0.000773268926423043,
    0.00030508829513564706,
    0.0007702267612330616,
    0.0001765709457686171,
    0.0002067080931738019,
    0.00020004480029456317,
    2.2348407583194785e-05
  ],
  "J": 17
}