{
  "mu": [
    0.0,
    -0.5479340553283691,
    -0.28445693850517273,
    -0.2843973636627197,
    -0.2843996286392212,
    -0.2845785319805145,
    -0.2845522463321686,
    -0.2843549847602844,
    -0.28441736102104187,
    0.2580327093601227,
    0.25800949335098267,
    0.2580815851688385,
    0.2580084204673767,
    0.25803643465042114,
    0.2580164074897766,
    0.2580218017101288,
    0.28289514780044556
  ],
  "sigma2": [
    0.0018958718283101916,
    0.012547020800411701,
    0.012429122813045979,
    0.012407001107931137,
    0.012407883070409298,
    0.01247448567301035,
    0.012464686296880245,
    0.01239123847335577,
    0.012414421886205673,
    0.012440436519682407,
    0.012435329146683216,
    0.012451249174773693,
    0.012435087002813816,
    0.012441249564290047,
    0.012436836026608944,
    0.012438016943633556,
    0.012553293257951736
  ],
  "pi": [
    0.9944924712181091,
    4.1582905396353453e-05,
    0.0003884840989485383,
    0.00045228784438222647,
    0.0004635709337890148,
    0.00037778192199766636,
    0.0003893112007062882,
    0.0004949075519107282,
    0.0004382374754641205,
    0.0003283731930423528,
    0.00036190138780511916,
    0.00036939504207111895,
    0.00036141922464594245,
    0.00032534226193092763,
    0.00033734453609213233,
    0.00033606181386858225,
    4.15294234699104e-05
  ],
  "J": 17
}