{
  "mu": [
    0.0,
    -0.29873234033584595,
    -0.29815635085105896,
    -0.2976129651069641,
    -0.29752621054649353,
    -0.29842665791511536,
    -0.29834380745887756,
    -0.2970375418663025,
    -0.29785287380218506,
    0.25976553559303284,
    0.25963395833969116,
    0.259682297706604,
    0.25963446497917175,
    0.2597759962081909,
    0.25972071290016174,
    0.25973042845726013,
    0.2601461112499237
  ],
  "sigma2": [
    0.0015654979506507516,
    0.020791472867131233,
    0.020334340631961823,
    0.01997148059308529,
    0.019913624972105026,
    0.02051490917801857,
    0.02045959234237671,
    0.01958688348531723,
    0.02013138309121132,
    0.020242556929588318,
    0.020063966512680054,
    0.02012847363948822,
    0.02006463333964348,
    0.02025711163878441,
    0.02018054388463497,
    0.0201939195394516,
    0.020784003660082817
  ],
  "pi": [
    0.9944924712181091,
    2.7843916541314684e-05,
    0.0003106399090029299,
    0.0005052243359386921,
    0.0005382525268942118,
    0.00025485086371190846,
    0.00027384853456169367,
    0.0006683773244731128,
    0.0004155279020778835,
    0.00031102780485525727,
    0.0004033625009469688,
    0.00038315251003950834,
    0.0004027809191029519,
    0.0003036912821698934,
    0.00034117416362278163,
    0.000335036835167557,
    3.273921902291477e-05
  ],
  "J": 17
}