{
  "mu": [
    0.0,
    -0.5156687498092651,
    -0.2791881859302521,
    -0.2791597247123718,
    -0.27916911244392395,
    -0.27932003140449524,
    -0.27929773926734924,
    -0.2791447043418884,
    -0.2791751027107239,
    0.25712576508522034,
    0.25713348388671875,
    0.257185161113739,
    0.25713250041007996,
    0.2571250796318054,
    0.25712305307388306,
    0.25712546706199646,
    0.48627138137817383
  ],
  "sigma2": [
    0.0025245877914130688,
    0.008531029336154461,
    0.008507379330694675,
    0.008501243777573109,
    0.008503254503011703,
    0.00853572878986597,
    0.00853094831109047,
    0.008497997187077999,
    0.008504551835358143,
    0.008508547209203243,
    0.008510377258062363,
    0.008522560819983482,
    0.008510145358741283,
    0.008508376777172089,
    0.008507901802659035,
    0.008508478291332722,
    0.008536746725440025
  ],
  "pi": [
    0.9944924712181091,
    8.615206752438098e-05,
    0.0004006994131486863,
    0.00045609628432430327,
    0.0004675726522691548,
    0.00040893914410844445,
    0.0004163441190030426,
    0.0004926497931592166,
    0.00044503877870738506,
    0.00030608897213824093,
    0.00033570185769349337,
    0.00034347589826211333,
    0.0003352564526721835,
    0.00030342655372805893,
    0.0003138872270938009,
    0.000312815944198519,
    8.338624320458621e-05
  ],
  "J": 17
}