{
  "mu": [
    0.0,
    -0.29633596539497375,
    -0.29576361179351807,
    -0.2954111099243164,
    -0.29536721110343933,
    -0.2959943413734436,
    -0.2959228456020355,
    -0.29508617520332336,
    -0.29553982615470886,
    0.2593589723110199,
    0.2592737376689911,
    0.25930771231651306,
    0.2592739164829254,
    0.25936633348464966,
    0.25932857394218445,
    0.259334921836853,
    0.25971561670303345
  ],
  "sigma2": [
    0.001561273355036974,
    0.019775589928030968,
    0.019364168867468834,
    0.019114317372441292,
    0.019083162769675255,
    0.019527297466993332,
    0.019476862624287605,
    0.01888304576277733,
    0.01920556090772152,
    0.019307101145386696,
    0.01919751614332199,
    0.019241103902459145,
    0.01919781044125557,
    0.019316701218485832,
    0.019267674535512924,
    0.019275885075330734,
    0.0197684857994318
  ],
  "pi": [
    0.9944924712181091,
    2.8422729883459397e-05,
    0.0003295626083854586,
    0.0004909777198918164,
    0.0005153437377884984,
    0.0002710447588469833,
    0.0002911812043748796,
    0.0006232181913219392,
    0.00042994902469217777,
    0.0003226434055250138,
    0.00039337793714366853,
    0.0003812006034422666,
    0.00039287921390496194,
    0.0003163650108035654,
    0.0003459220170043409,
    0.0003414713137317449,
    3.3971373341046274e-05
  ],
  "J": 17
}