{
  "mu": [
    0.0,
    -0.32841140031814575,
    -0.32826825976371765,
    -0.3279121518135071,
    -0.3272811770439148,
    -0.3283306062221527,
    -0.32831114530563354,
    -0.3045635223388672,
    -0.32815811038017273,
    0.266374409198761,
    0.26589447259902954,
    0.26803064346313477,
    0.265958696603775,
    0.2663206458091736,
    0.26668453216552734,
    0.2665983736515045,
    0.2648920714855194
  ],
  "sigma2": [
    0.0012974949786439538,
    0.036357320845127106,
    0.035290829837322235,
    0.033858854323625565,
    0.03216579928994179,
    0.03564373776316643,
    0.03552737832069397,
    0.014122710563242435,
    0.03476937487721443,
    0.035060543566942215,
    0.018043318763375282,
    0.03336731344461441,
    0.018096646293997765,
    0.035109855234622955,
    0.034770186990499496,
    0.034851912409067154,
    0.03633951395750046
  ],
  "pi": [
    0.9944924712181091,
    1.6426567526650615e-05,
    0.00014508873573504388,
    0.00025102979270741343,
    0.00033195276046171784,
    0.00012123533815611154,
    0.00012952220276929438,
    0.0016587026184424758,
    0.0001899025373859331,
    0.00014447160356212407,
    0.0008995403186418116,
    0.00024145598581526428,
    0.0008955273078754544,
    0.0001407222734997049,
    0.00016452361887786537,
    0.00015926880587358028,
    1.816075928218197e-05
  ],
  "J": 17
}