{
  "mu": [
    0.0,
    -0.30304160714149475,
    -0.30246031284332275,
    -0.30177533626556396,
    -0.301598459482193,
    -0.30268722772598267,
    -0.3026179373264313,
    -0.30077195167541504,
    -0.3021675646305084,
    0.2632596790790558,
    0.26308950781822205,
    0.2631499767303467,
    0.2630903720855713,
    0.26326924562454224,
    0.26321056485176086,
    0.2632221281528473,
    0.2635161578655243
  ],
  "sigma2": [
    0.0016078812768682837,
    0.022408636286854744,
    0.02188563160598278,
    0.02127385511994362,
    0.02111654542386532,
    0.022089187055826187,
    0.022026924416422844,
    0.020387327298521996,
    0.02162366732954979,
    0.021736102178692818,
    0.02134673297405243,
    0.021480657160282135,
    0.021348631009459496,
    0.021759264171123505,
    0.021619772538542747,
    0.02164684608578682,
    0.022399423643946648
  ],
  "pi": [
    0.9944924712181091,
    2.6656351110432297e-05,
    0.00027992913965135813,
    0.0005070924526080489,
    0.0005698676104657352,
    0.00023050364688970149,
    0.00024738136562518775,
    0.0007447536918334663,
    0.00037526668165810406,
    0.000291146629024297,
    0.0004345148045103997,
    0.0003983133938163519,
    0.0004337407590355724,
    0.00028300602571107447,
    0.00033217036980204284,
    0.0003222486120648682,
    3.0939852877054363e-05
  ],
  "J": 17
}