{
  "mu": [
    0.0,
    -0.5141976475715637,
    -0.2792344391345978,
    -0.2792053520679474,
    -0.2792148292064667,
    -0.27936944365501404,
    -0.2793464660644531,
    -0.27918991446495056,
    -0.27922114729881287,
    0.25756925344467163,
    0.2575770318508148,
    0.25762882828712463,
    0.257576048374176,
    0.25756844878196716,
    0.25756654143333435,
    0.25756901502609253,
    0.4852387011051178
  ],
  "sigma2": [
    0.002566197421401739,
    0.008314424194395542,
    0.008293228223919868,
    0.008287247270345688,
    0.008289207704365253,
    0.008320865221321583,
    0.008316203951835632,
    0.008284083567559719,
    0.008290472440421581,
    0.008294367231428623,
    0.008296151645481586,
    0.008308027870953083,
    0.00829592626541853,
    0.008294201456010342,
    0.008293739520013332,
    0.008294300176203251,
    0.008319996297359467
  ],
  "pi": [
    0.9944924712181091,
    9.026638872455806e-05,
    0.0004017665341962129,
    0.00045702120405621827,
    0.00046854527317918837,
    0.00041069526923820376,
    0.00041798833990469575,
    0.0004934821045026183,
    0.0004460447235032916,
    0.0003039150033146143,
    0.00033323225216008723,
    0.00034098769538104534,
    0.00033279016497544944,
    0.0003012784000020474,
    0.00031163188396021724,
    0.0003105748910456896,
    8.731074922252446e-05
  ],
  "J": 17
}