{
  "mu": [
    0.0,
    -0.32193636894226074,
    -0.2908104658126831,
    -0.2906360328197479,
    -0.29062750935554504,
    -0.29104864597320557,
    -0.2909739315509796,
    -0.29051780700683594,
    -0.29069089889526367,
    0.2581373155117035,
    0.2580925524234772,
    0.2581334710121155,
    0.25809210538864136,
    0.2581416368484497,
    0.25811898708343506,
    0.25812360644340515,
    0.2585943043231964
  ],
  "sigma2": [
    0.001698747742921114,
    0.015785936266183853,
    0.015543865039944649,
    0.015483524650335312,
    0.015480542555451393,
    0.015625424683094025,
    0.015599940903484821,
    0.015442426316440105,
    0.01550254039466381,
    0.01555645652115345,
    0.015535588376224041,
    0.01555471308529377,
    0.015535403974354267,
    0.015558482147753239,
    0.015547883696854115,
    0.01555006392300129,
    0.015755007043480873
  ],
  "pi": [
    0.9944924712181091,
    2.9511604225263e-05,
    0.0003784765722230077,
    0.0004641078703571111,
    0.00047668168554082513,
    0.00033492452348582447,
    0.00035440377541817725,
    0.0005218831356614828,
    0.0004426882660482079,
    0.00033348900615237653,
    0.00037136045284569263,
    0.00037524127401411533,
    0.00037089840043336153,
    0.00033002402051351964,
    0.0003442169982008636,
    0.00034252784098498523,
    3.709586962941103e-05
  ],
  "J": 17
}