{
  "mu": [
    0.0,
    -0.3039953112602234,
    -0.30358394980430603,
    -0.3028898239135742,
    -0.3020641505718231,
    -0.30375513434410095,
    -0.30369916558265686,
    -0.2988208532333374,
    -0.3033446669578552,
    0.25970223546028137,
    0.2597090005874634,
    0.25974583625793457,
    0.25971004366874695,
    0.25969868898391724,
    0.25972089171409607,
    0.2597162127494812,
    0.2595770061016083
  ],
  "sigma2": [
    0.001395532744936645,
    0.025362567976117134,
    0.02470841258764267,
    0.023739179596304893,
    0.02264905720949173,
    0.024949297308921814,
    0.024870695546269417,
    0.01891135983169079,
    0.024370701983571053,
    0.024476272985339165,
    0.0228164903819561,
    0.023466207087039948,
    0.02282794378697872,
    0.02451128326356411,
    0.0242615956813097,
    0.0243206974118948,
    0.025348851457238197
  ],
  "pi": [
    0.9944924712181091,
    2.437075090711005e-05,
    0.000236676714848727,
    0.0004210376937408,
    0.0005729218246415257,
    0.00019650878675747663,
    0.00021039191051386297,
    0.0009535117424093187,
    0.0003127495583612472,
    0.00024941895389929414,
    0.0005295681767165661,
    0.00043723045382648706,
    0.0005282384809106588,
    0.000242539172177203,
    0.00028695008950307965,
    0.0002769931743387133,
    2.8423441108316183e-05
  ],
  "J": 17
}