{
  "mu": [
    0.0,
    -0.5179768800735474,
    -0.27775099873542786,
    -0.2777154743671417,
    -0.2777227461338043,
    -0.2778719663619995,
    -0.2778499126434326,
    -0.2776971161365509,
    -0.2777315080165863,
    0.2531490921974182,
    0.25314968824386597,
    0.25319889187812805,
    0.2531488537788391,
    0.25314900279045105,
    0.25314459204673767,
    0.25314727425575256,
    0.4855968952178955
  ],
  "sigma2": [
    0.002236590487882495,
    0.009455369785428047,
    0.009417829103767872,
    0.009408595971763134,
    0.009410463273525238,
    0.009449304081499577,
    0.009443552233278751,
    0.009403801523149014,
    0.009412769228219986,
    0.009421723894774914,
    0.009421849623322487,
    0.009434877894818783,
    0.00942162424325943,
    0.009421714581549168,
    0.009420519694685936,
    0.009421220980584621,
    0.009461707435548306
  ],
  "pi": [
    0.9944924712181091,
    7.08375737303868e-05,
    0.00039477262180298567,
    0.00045118460548110306,
    0.00046243719407357275,
    0.0003988676762674004,
    0.00040699660894460976,
    0.0004884287482127547,
    0.0004396094009280205,
    0.00031610476435162127,
    0.000347051682183519,
    0.00035502089303918183,
    0.00034658858203329146,
    0.0003133256686851382,
    0.00032426256802864373,
    0.0003231342416256666,
    6.890792428748682e-05
  ],
  "J": 17
}