{
  "mu": [
    0.0,
    -0.4943596422672272,
    -0.2731495797634125,
    -0.27313095331192017,
    -0.2731407582759857,
    -0.2732716500759125,
    -0.2732539474964142,
    -0.2731204926967621,
    -0.2731437385082245,
    0.2545890212059021,
    0.2546122670173645,
    0.2546538710594177,
    0.25461122393608093,
    0.25458824634552,
    0.25458982586860657,
    0.25459033250808716,
    0.4764336943626404
  ],
  "sigma2": [
    0.0027483573649078608,
    0.006944600027054548,
    0.006932477001100779,
    0.006928947754204273,
    0.006930857431143522,
    0.006955784745514393,
    0.006952100899070501,
    0.00692702503874898,
    0.006931370124220848,
    0.006932668853551149,
    0.006937569938600063,
    0.006948230322450399,
    0.006937351543456316,
    0.006932361517101526,
    0.0069328839890658855,
    0.006933217402547598,
    0.006949253845959902
  ],
  "pi": [
    0.9944924712181091,
    0.00012514926493167877,
    0.00040176231414079666,
    0.0004551922611426562,
    0.0004668132169172168,
    0.0004144338017795235,
    0.00042095090611837804,
    0.0004905066452920437,
    0.0004448763793334365,
    0.00029487439314834774,
    0.0003229868016205728,
    0.0003308342711534351,
    0.00032255667611025274,
    0.0002923488209489733,
    0.00030225765658542514,
    0.00030128774233162403,
    0.00012069983495166525
  ],
  "J": 17
}