{
  "mu": [
    0.0,
    -0.5555775165557861,
    -0.46771788597106934,
    -0.3883439004421234,
    -0.31321579217910767,
    -0.25068697333335876,
    -0.22927983105182648,
    -0.16128957271575928,
    -0.09646869450807571,
    0.12499188631772995,
    0.1950167566537857,
    0.23553884029388428,
    0.2770777940750122,
    0.35002875328063965,
    0.4318513870239258,
    0.5114642977714539,
    0.6054850816726685
  ],
  "sigma2": [
    0.003231293521821499,
    0.0032694325782358646,
    0.0032695045229047537,
    0.003269468666985631,
    0.003268516156822443,
    0.0032697319984436035,
    0.0032692800741642714,
    0.0032687406055629253,
    0.0032697319984436035,
    0.003269502893090248,
    0.0032687250059098005,
    0.003270053304731846,
    0.0032688279170542955,
    0.003269351553171873,
    0.0032694574911147356,
    0.003269435837864876,
    0.003269424894824624
  ],
  "pi": [
    0.9944924712181091,
    0.00033509114291518927,
    0.0003353949578013271,
    0.00033705111127346754,
    0.0003573992580641061,
    0.0003540583129506558,
    0.00035435057361610234,
    0.00035667786141857505,
    0.00033541437005624175,
    0.0003357937093824148,
    0.00035520820529200137,
    0.0003531790862325579,
    0.00035569819738157094,
    0.00033665489172562957,
    0.00033540616277605295,
    0.00033513104426674545,
    0.0003350223123561591
  ],
  "J": 17
}