{
  "mu": [
    0.0,
    -0.6197035312652588,
    -0.5341739654541016,
    -0.44864436984062195,
    -0.36311477422714233,
    -0.2775852084159851,
    -0.1920556277036667,
    -0.10652604699134827,
    -0.020996466279029846,
    0.06453306972980499,
    0.1500626504421234,
    0.23559223115444183,
    0.32112181186676025,
    0.4066513776779175,
    0.4921809732913971,
    0.5777105689048767,
    0.6632401347160339
  ],
  "sigma2": [
    0.0031810160726308823,
    0.0031810160726308823,
    0.0031810160726308823,
    0.0031810160726308823,
    0.0031810160726308823,
    0.0031810160726308823,
    0.0031810160726308823,
    0.0031810160726308823,
    0.0031810160726308823,
    0.0031810160726308823,
    0.0031810160726308823,
    0.0031810160726308823,
    0.0031810160726308823,
    0.0031810160726308823,
    0.0031810160726308823,
    0.0031810160726308823,
    0.0031810160726308823
  ],
  "pi": [
    0.9944924712181091,
    0.0003442206943873316,
    0.0003442206943873316,
    0.0003442206943873316,
    0.0003442206943873316,
    0.0003442206943873316,
    0.0003442206943873316,
    0.0003442206943873316,
    0.0003442206943873316,
    0.0003442206943873316,
    0.0003442206943873316,
    0.0003442206943873316,
    0.0003442206943873316,
    0.0003442206943873316,
    0.0003442206943873316,
    0.0003442206943873316,
    0.0003442206943873316
  ],
  "J": 17
}