{
  "mu": [
    0.0,
    -0.2943771481513977,
    -0.2902037501335144,
    -0.2900041937828064,
    -0.28999313712120056,
    -0.2904621958732605,
    -0.2903811037540436,
    -0.2898664176464081,
    -0.29006749391555786,
    0.25691163539886475,
    0.25687122344970703,
    0.2569146752357483,
    0.2568708658218384,
    0.25691649317741394,
    0.2568921148777008,
    0.25689661502838135,
    0.2578123211860657
  ],
  "sigma2": [
    0.0016382747562602162,
    0.016182703897356987,
    0.015933038666844368,
    0.015863876789808273,
    0.015860162675380707,
    0.016021741554141045,
    0.015994315966963768,
    0.015816185623407364,
    0.01588590443134308,
    0.015939010307192802,
    0.015914246439933777,
    0.015934322029352188,
    0.015914108604192734,
    0.015941938385367393,
    0.015928039327263832,
    0.015930410474538803,
    0.016158223152160645
  ],
  "pi": [
    0.9944924712181091,
    2.9477478165063076e-05,
    0.00037430491647683084,
    0.0004664715379476547,
    0.00047949334839358926,
    0.00032691110391169786,
    0.00034666905412450433,
    0.0005289629334583879,
    0.00044276955304667354,
    0.0003339978866279125,
    0.0003733262710738927,
    0.000376078620320186,
    0.0003728698065970093,
    0.0003304005367681384,
    0.00034531857818365097,
    0.00034349647467024624,
    3.698276850627735e-05
  ],
  "J": 17
}