{
  "mu": [
    0.0,
    -0.5481290817260742,
    -0.28987929224967957,
    -0.28978559374809265,
    -0.28978341817855835,
    -0.2900269329547882,
    -0.2899889647960663,
    -0.28972187638282776,
    -0.2898179590702057,
    0.26076823472976685,
    0.26073378324508667,
    0.2607860565185547,
    0.260733038187027,
    0.26077258586883545,
    0.2607492208480835,
    0.2607541084289551,
    0.26128360629081726
  ],
  "sigma2": [
    0.0018607269739732146,
    0.014626403339207172,
    0.014435190707445145,
    0.014394568279385567,
    0.014393622055649757,
    0.014499146491289139,
    0.014482702128589153,
    0.014366940595209599,
    0.014408598653972149,
    0.014455202035605907,
    0.014443309046328068,
    0.014461460523307323,
    0.014443067833781242,
    0.014456704258918762,
    0.014448619447648525,
    0.014450321905314922,
    0.014604729600250721
  ],
  "pi": [
    0.9944924712181091,
    3.2440417271573097e-05,
    0.0003867373743560165,
    0.00046079413732513785,
    0.00047264917520806193,
    0.0003588845138438046,
    0.000374977826140821,
    0.0005109082558192313,
    0.0004431618726812303,
    0.00032899054349400103,
    0.00036429899046197534,
    0.0003696093044709414,
    0.0003638388297986239,
    0.000325771514326334,
    0.00033877641544677317,
    0.0003372906649019569,
    3.840112913167104e-05
  ],
  "J": 17
}