{
  "mu": [
    0.0,
    -0.5602138042449951,
    -0.28935617208480835,
    -0.2892763614654541,
    -0.28927677869796753,
    -0.28950563073158264,
    -0.28946641087532043,
    -0.2892242670059204,
    -0.28930628299713135,
    0.2616147994995117,
    0.26158756017684937,
    0.2616531550884247,
    0.26158663630485535,
    0.2616184651851654,
    0.2615962624549866,
    0.26160159707069397,
    0.2618372440338135
  ],
  "sigma2": [
    0.0019302212167531252,
    0.013549432158470154,
    0.013400997966527939,
    0.013371936045587063,
    0.013372075743973255,
    0.01345532201230526,
    0.01344106625765562,
    0.013352948240935802,
    0.013382830657064915,
    0.013418001122772694,
    0.013410849496722221,
    0.013427984900772572,
    0.01341058686375618,
    0.01341896690428257,
    0.013413138687610626,
    0.013414532877504826,
    0.013538433238863945
  ],
  "pi": [
    0.9944924712181091,
    3.680270674522035e-05,
    0.00039122713496908545,
    0.0004595833888743073,
    0.0004711714282166213,
    0.00037326858728192747,
    0.0003868530911859125,
    0.000505527772475034,
    0.00044400751357898116,
    0.00032540789106860757,
    0.0003592006687540561,
    0.00036557967541739345,
    0.0003587366081774235,
    0.0003223372914362699,
    0.00033459419501014054,
    0.00033324083779007196,
    3.999222462880425e-05
  ],
  "J": 17
}