{
  "mu": [
    0.0,
    -0.4922541081905365,
    -0.2731826603412628,
    -0.2731631100177765,
    -0.2731727957725525,
    -0.27330633997917175,
    -0.2732892334461212,
    -0.27315253019332886,
    -0.2731766104698181,
    0.2551155984401703,
    0.25513869524002075,
    0.2551920413970947,
    0.25513768196105957,
    0.25511419773101807,
    0.25511661171913147,
    0.25511792302131653,
    0.4747254550457001
  ],
  "sigma2": [
    0.00279517425224185,
    0.006768274120986462,
    0.006756459828466177,
    0.006753019522875547,
    0.0067548807710409164,
    0.006779175251722336,
    0.006775585003197193,
    0.0067512234672904015,
    0.006755380425602198,
    0.006756646558642387,
    0.006761422846466303,
    0.006771812681108713,
    0.006761210039258003,
    0.006756346672773361,
    0.006756856106221676,
    0.006757181137800217,
    0.006772810127586126
  ],
  "pi": [
    0.9944924712181091,
    0.00013102056982461363,
    0.00040273720514960587,
    0.0004561294917948544,
    0.000467810285044834,
    0.0004158725787419826,
    0.0004223241121508181,
    0.0004914393648505211,
    0.0004458571784198284,
    0.0002923019928857684,
    0.0003201187355443835,
    0.0003279143711552024,
    0.00031969280098564923,
    0.0002898039238061756,
    0.000299616513075307,
    0.0002986726467497647,
    0.00012621915084309876
  ],
  "J": 17
}