{
  "mu": [
    0.0,
    -0.4410953223705292,
    -0.26238498091697693,
    -0.2623453140258789,
    -0.26231542229652405,
    -0.26254668831825256,
    -0.2624792456626892,
    -0.2623036205768585,
    -0.26237577199935913,
    0.25283288955688477,
    0.2528480589389801,
    0.252947598695755,
    0.2528482973575592,
    0.252804160118103,
    0.25284215807914734,
    0.2528638243675232,
    0.44893795251846313
  ],
  "sigma2": [
    0.0034816889092326164,
    0.004370063543319702,
    0.0043607777915894985,
    0.004358956590294838,
    0.004359920974820852,
    0.004374933894723654,
    0.004372677765786648,
    0.0043576969765126705,
    0.00436015147715807,
    0.004361719824373722,
    0.004364998545497656,
    0.004371885675936937,
    0.004364879801869392,
    0.0043615782633423805,
    0.004362254403531551,
    0.004362697247415781,
    0.004370326176285744
  ],
  "pi": [
    0.9944924712181091,
    0.00027131993556395173,
    0.0003829622582998127,
    0.0004296159604564309,
    0.0004445886006578803,
    0.0004076747572980821,
    0.00041185380541719496,
    0.00046445694169960916,
    0.0004219628171995282,
    0.00027269095880910754,
    0.0002984106831718236,
    0.00030819352832622826,
    0.0002980454300995916,
    0.0002706458908505738,
    0.0002834564365912229,
    0.00028646434657275677,
    0.0002551887882873416
  ],
  "J": 17
}