{
  "mu": [
    0.0,
    -0.29760128259658813,
    -0.29691630601882935,
    -0.29666098952293396,
    -0.2966407239437103,
    -0.2971862256526947,
    -0.2971029579639435,
    -0.29647067189216614,
    -0.2967403531074524,
    0.2627413868904114,
    0.2626762390136719,
    0.2627115547657013,
    0.2626761794090271,
    0.2627481520175934,
    0.26271533966064453,
    0.26272082328796387,
    0.26318690180778503
  ],
  "sigma2": [
    0.0017429617000743747,
    0.0178877841681242,
    0.01758546195924282,
    0.017469830811023712,
    0.017460636794567108,
    0.017706777900457382,
    0.017669465392827988,
    0.017383145168423653,
    0.017505856230854988,
    0.017560431733727455,
    0.017513444647192955,
    0.01753886602818966,
    0.01751341111958027,
    0.01756531558930874,
    0.017541635781526566,
    0.017545565962791443,
    0.017876962199807167
  ],
  "pi": [
    0.9944924712181091,
    2.9227752747829072e-05,
    0.0003657142515294254,
    0.00048052266356535256,
    0.0004957815981470048,
    0.0003061251773033291,
    0.00032799781183712184,
    0.0005632233223877847,
    0.00044855079613626003,
    0.00032806405215524137,
    0.0003744384739547968,
    0.00037210388109087944,
    0.00037400363362394273,
    0.0003238542121835053,
    0.00034221287933178246,
    0.0003397401887923479,
    3.5970810131402686e-05
  ],
  "J": 17
}