{
  "mu": [
    0.0,
    -0.4604272246360779,
    -0.26572850346565247,
    -0.26570579409599304,
    -0.2657085359096527,
    -0.2658653259277344,
    -0.26583054661750793,
    -0.26569026708602905,
    -0.2657220959663391,
    0.2520373463630676,
    0.25205469131469727,
    0.25211673974990845,
    0.25205421447753906,
    0.25202643871307373,
    0.25204014778137207,
    0.2520495355129242,
    0.4522579312324524
  ],
  "sigma2": [
    0.003061034018173814,
    0.005368418525904417,
    0.0053603812120854855,
    0.005357652436941862,
    0.005359129048883915,
    0.00537840323522687,
    0.005375554785132408,
    0.005356231704354286,
    0.005359525326639414,
    0.005360529292374849,
    0.00536431884393096,
    0.005372561980038881,
    0.005364150274544954,
    0.005360291805118322,
    0.005360695533454418,
    0.005360953509807587,
    0.0053733536042273045
  ],
  "pi": [
    0.9944924712181091,
    0.00019804833573289216,
    0.0004017272440250963,
    0.0004533316823653877,
    0.0004659098631236702,
    0.0004193756321910769,
    0.00042498097172938287,
    0.0004883893416263163,
    0.0004438184550963342,
    0.0002747753751464188,
    0.0003006357292179018,
    0.0003086863143835217,
    0.0003002453886438161,
    0.0002725215454120189,
    0.00028268349706195295,
    0.0002831043384503573,
    0.00018929727957583964
  ],
  "J": 17
}