{
  "mu": [
    0.0,
    -0.5322349071502686,
    -0.2773352563381195,
    -0.2772940993309021,
    -0.2773022949695587,
    -0.27747461199760437,
    -0.27744898200035095,
    -0.2772662937641144,
    -0.2773124873638153,
    0.25232064723968506,
    0.2523244619369507,
    0.2523798942565918,
    0.2523234784603119,
    0.25232023000717163,
    0.2523166239261627,
    0.2523196339607239,
    0.48828259110450745
  ],
  "sigma2": [
    0.002089638030156493,
    0.009954445995390415,
    0.009906511753797531,
    0.009896700270473957,
    0.0098986541852355,
    0.009939656592905521,
    0.009933573193848133,
    0.009890034794807434,
    0.009901109151542187,
    0.009910352528095245,
    0.009910287335515022,
    0.009923990815877914,
    0.00991005077958107,
    0.00991041399538517,
    0.009909034706652164,
    0.009909776039421558,
    0.009961117058992386
  ],
  "pi": [
    0.9944924712181091,
    6.37706252746284e-05,
    0.00039593016845174134,
    0.0004538031353149563,
    0.00046514192945323884,
    0.0003978472377639264,
    0.00040655821794644,
    0.0004920296487398446,
    0.0004417907621245831,
    0.00031644594855606556,
    0.0003475967387203127,
    0.0003554672875907272,
    0.00034713285276666284,
    0.00031364793539978564,
    0.00032466999255120754,
    0.0003235269396100193,
    6.217187183210626e-05
  ],
  "J": 17
}