{
  "mu": [
    0.0,
    -0.296476274728775,
    -0.29585057497024536,
    -0.2955262362957001,
    -0.2954905033111572,
    -0.2960941195487976,
    -0.29601892828941345,
    -0.2952473759651184,
    -0.2956368625164032,
    0.26003193855285645,
    0.2599524259567261,
    0.25998637080192566,
    0.259952574968338,
    0.26003962755203247,
    0.2600027620792389,
    0.26000893115997314,
    0.2604175806045532
  ],
  "sigma2": [
    0.0016143074026331306,
    0.019286416471004486,
    0.0189041867852211,
    0.018700113520026207,
    0.018677596002817154,
    0.019057046622037888,
    0.01900991052389145,
    0.01852373778820038,
    0.01876973733305931,
    0.01885765790939331,
    0.018771233037114143,
    0.01880805753171444,
    0.018771402537822723,
    0.018866106867790222,
    0.018825827166438103,
    0.018832586705684662,
    0.019279487431049347
  ],
  "pi": [
    0.9944924712181091,
    2.8700887924060225e-05,
    0.0003401580033823848,
    0.00048779213102534413,
    0.0005086487508378923,
    0.0002802176750265062,
    0.000300998508464545,
    0.0006048678187653422,
    0.00043775292579084635,
    0.00032519971136935055,
    0.00038738246075809,
    0.00037808992783538997,
    0.00038691156078130007,
    0.0003196339530404657,
    0.00034517564927227795,
    0.00034142821095883846,
    3.4572742151794955e-05
  ],
  "J": 17
}