{
  "mu": [
    0.0,
    -0.49871811270713806,
    -0.2718295454978943,
    -0.27180683612823486,
    -0.2718154788017273,
    -0.271943062543869,
    -0.2719256579875946,
    -0.27179497480392456,
    -0.2718196213245392,
    0.2514163553714752,
    0.2514350414276123,
    0.2514847218990326,
    0.2514340877532959,
    0.2514159083366394,
    0.25141608715057373,
    0.2514175474643707,
    0.4789368510246277
  ],
  "sigma2": [
    0.0025247742887586355,
    0.00750161986798048,
    0.007485172711312771,
    0.007480209693312645,
    0.007482064887881279,
    0.007510130759328604,
    0.007505996152758598,
    0.007477617356926203,
    0.007483027875423431,
    0.007487111259251833,
    0.0074913036078214645,
    0.007502557244151831,
    0.007491082418709993,
    0.007486893329769373,
    0.00748707540333271,
    0.007487493101507425,
    0.0075066471472382545
  ],
  "pi": [
    0.9944924712181091,
    0.00010856997687369585,
    0.0003975016006734222,
    0.0004511193255893886,
    0.0004625265719369054,
    0.00040815139072947204,
    0.0004149604355916381,
    0.00048652346595190465,
    0.00044061150401830673,
    0.0003036562411580235,
    0.0003327950544189662,
    0.0003408659831620753,
    0.0003323500568512827,
    0.00030103701283223927,
    0.00031129783019423485,
    0.0003102694754488766,
    0.00010529556311666965
  ],
  "J": 17
}