{
  "mu": [
    0.0,
    -0.49730437994003296,
    -0.27226901054382324,
    -0.2722456157207489,
    -0.2722545564174652,
    -0.27238523960113525,
    -0.2723676264286041,
    -0.2722335159778595,
    -0.2722589075565338,
    0.2525081932544708,
    0.252527117729187,
    0.2525770962238312,
    0.2525261342525482,
    0.25250691175460815,
    0.2525081932544708,
    0.25250929594039917,
    0.47846439480781555
  ],
  "sigma2": [
    0.002608225215226412,
    0.00731115136295557,
    0.007296753581613302,
    0.0072919148951768875,
    0.0072937230579555035,
    0.00732108298689127,
    0.007317052222788334,
    0.007289387751370668,
    0.007294662296772003,
    0.007298591081053019,
    0.00730272987857461,
    0.0073136999271810055,
    0.007302513811737299,
    0.007298266980797052,
    0.007298607844859362,
    0.007299015764147043,
    0.007316051051020622
  ],
  "pi": [
    0.9944924712181091,
    0.00011390241706976667,
    0.000399028358515352,
    0.000452556210802868,
    0.000464040000224486,
    0.0004104693070985377,
    0.000417160103097558,
    0.0004879141633864492,
    0.0004421255143824965,
    0.0003006702463608235,
    0.000329453032463789,
    0.0003374447987880558,
    0.0003290131571702659,
    0.00029808361432515085,
    0.0003082198090851307,
    0.00030720903305336833,
    0.00011024130799341947
  ],
  "J": 17
}