{
  "mu": [
    0.0,
    -0.4061119556427002,
    -0.2793215215206146,
    -0.26234501600265503,
    -0.24878811836242676,
    -0.24204421043395996,
    -0.2408524453639984,
    -0.23453691601753235,
    -0.23599566519260406,
    0.22423483431339264,
    0.22675417363643646,
    0.23122987151145935,
    0.2302333116531372,
    0.24111828207969666,
    0.25678348541259766,
    0.29152244329452515,
    0.4343201518058777
  ],
  "sigma2": [
    0.0033450776245445013,
    0.0035456677433103323,
    0.00354280648753047,
    0.003540555015206337,
    0.0035390460398048162,
    0.0035478509962558746,
    0.003546252613887191,
    0.0035367063246667385,
    0.0035392623394727707,
    0.0035400334745645523,
    0.0035414602607488632,
    0.0035464453976601362,
    0.00354175572283566,
    0.003541000885888934,
    0.003542764112353325,
    0.0035435210447758436,
    0.003544832579791546
  ],
  "pi": [
    0.9944924712181091,
    0.00031495688017457724,
    0.0003266081039328128,
    0.0003513771225698292,
    0.0003812848008237779,
    0.0003673136234283447,
    0.0003688974247779697,
    0.0003921537718269974,
    0.00035439745988696814,
    0.00032571700285188854,
    0.00035690583172254264,
    0.0003539740573614836,
    0.00035588370519690216,
    0.000320243852911517,
    0.0003165229572914541,
    0.00031252604094333947,
    0.0003087687073275447
  ],
  "J": 17
}