{
  "mu": [
    0.0,
    -0.5544773936271667,
    -0.29020270705223083,
    -0.29011404514312744,
    -0.29011183977127075,
    -0.2903471291065216,
    -0.29030802845954895,
    -0.29005497694015503,
    -0.29014474153518677,
    0.26166123151779175,
    0.2616278827190399,
    0.26168373227119446,
    0.2616271674633026,
    0.26166489720344543,
    0.2616434097290039,
    0.2616482675075531,
    0.26217707991600037
  ],
  "sigma2": [
    0.0019021962070837617,
    0.01425822265446186,
    0.01408435683697462,
    0.014047923497855663,
    0.014046999625861645,
    0.014143655076622963,
    0.014127613976597786,
    0.014023655094206333,
    0.014060522429645061,
    0.014102919027209282,
    0.014092338271439075,
    0.014110049232840538,
    0.014092103578150272,
    0.014104082249104977,
    0.014097270555794239,
    0.014098810963332653,
    0.014240278862416744
  ],
  "pi": [
    0.9944924712181091,
    3.385989839443937e-05,
    0.00038855825550854206,
    0.00046029110671952367,
    0.0004720129363704473,
    0.00036464296863414347,
    0.0003797512035816908,
    0.0005087552708573639,
    0.0004434797156136483,
    0.00032762615592218935,
    0.0003623326192609966,
    0.00036798883229494095,
    0.00036187193472869694,
    0.00032446588738821447,
    0.00033718434860929847,
    0.0003357470268383622,
    3.896306952810846e-05
  ],
  "J": 17
}