{
  "mu": [
    0.0,
    -0.3134712874889374,
    -0.31297942996025085,
    -0.312210351228714,
    -0.31104567646980286,
    -0.31316322088241577,
    -0.3131032884120941,
    -0.3012046813964844,
    -0.3127155303955078,
    0.2638714909553528,
    0.2636924684047699,
    0.2642489969730377,
    0.26371192932128906,
    0.26385757327079773,
    0.26395183801651,
    0.26393014192581177,
    0.2634643018245697
  ],
  "sigma2": [
    0.0014713710406795144,
    0.028668517246842384,
    0.027912134304642677,
    0.026837818324565887,
    0.025359630584716797,
    0.02818327210843563,
    0.028094112873077393,
    0.016539795324206352,
    0.027533477172255516,
    0.027608757838606834,
    0.021447189152240753,
    0.02606624737381935,
    0.021496523171663284,
    0.027649901807308197,
    0.02735844999551773,
    0.027428247034549713,
    0.028647206723690033
  ],
  "pi": [
    0.9944924712181091,
    2.2194262783159502e-05,
    0.0002063034480670467,
    0.00036089448258280754,
    0.0004870886914432049,
    0.00017188584024552256,
    0.00018382092821411788,
    0.0012127691879868507,
    0.0002711297129280865,
    0.0002104758459609002,
    0.0006610001437366009,
    0.00035864158417098224,
    0.0006581099005416036,
    0.0002049105823971331,
    0.00024039797426667064,
    0.00023253167455550283,
    2.537669388402719e-05
  ],
  "J": 17
}