{
  "mu": [
    0.0,
    -0.4340187907218933,
    -0.2591381072998047,
    -0.2589903473854065,
    -0.25884923338890076,
    -0.2596784234046936,
    -0.259248822927475,
    -0.25885042548179626,
    -0.25910717248916626,
    0.2490580528974533,
    0.24905498325824738,
    0.2494717240333557,
    0.2490595281124115,
    0.24892228841781616,
    0.24909058213233948,
    0.2492244839668274,
    0.44418489933013916
  ],
  "sigma2": [
    0.0034443025942891836,
    0.004149197600781918,
    0.004140293691307306,
    0.004138564690947533,
    0.004139480646699667,
    0.004153734538704157,
    0.004151592031121254,
    0.004137368872761726,
    0.004139699507504702,
    0.0041411882266402245,
    0.004144301638007164,
    0.004150839988142252,
    0.0041441889479756355,
    0.00414105411618948,
    0.00414169579744339,
    0.004142116289585829,
    0.004149359650909901
  ],
  "pi": [
    0.9944924712181091,
    0.0002865852729883045,
    0.00036880813422612846,
    0.00041218040860258043,
    0.00042854901403188705,
    0.0003965545620303601,
    0.00040008226642385125,
    0.00044679667917080224,
    0.00040572223952040076,
    0.0002836821076925844,
    0.0003104906063526869,
    0.00031951890559867024,
    0.00031008172663860023,
    0.0002813748433254659,
    0.00029260094743222,
    0.00029426172841340303,
    0.00027024184237234294
  ],
  "J": 17
}