{
  "mu": [
    0.0,
    -0.549308717250824,
    -0.2853982746601105,
    -0.2853471636772156,
    -0.28535330295562744,
    -0.2855303883552551,
    -0.2855033576488495,
    -0.28531599044799805,
    -0.28536632657051086,
    0.25860264897346497,
    0.25859543681144714,
    0.2586432099342346,
    0.25859466195106506,
    0.2586041986942291,
    0.258594274520874,
    0.2585974335670471,
    0.49064111709594727
  ],
  "sigma2": [
    0.002150898799300194,
    0.01132044568657875,
    0.011246058158576488,
    0.011230886913836002,
    0.011232713237404823,
    0.011285229586064816,
    0.011277236044406891,
    0.011221637018024921,
    0.011236576363444328,
    0.011248857714235783,
    0.01124668586999178,
    0.01126121822744608,
    0.011246444657444954,
    0.011249319650232792,
    0.01124632079154253,
    0.01124729122966528,
    0.011328032240271568
  ],
  "pi": [
    0.9944924712181091,
    5.053369386587292e-05,
    0.0003940782626159489,
    0.00045435462379828095,
    0.0004656615201383829,
    0.0003911902313120663,
    0.0004009439726360142,
    0.0004943763487972319,
    0.00044151744805276394,
    0.000321284809615463,
    0.00035348895471543074,
    0.00036104462924413383,
    0.00035301962634548545,
    0.00031838082941249013,
    0.0003298583906143904,
    0.000328645808622241,
    4.9151640268974006e-05
  ],
  "J": 17
}