{
  "top1_error_pre[%]": 87.67,
  "top1_error_post[%]": 0.7499999999999951,
  "Delta[%]": -86.92,
  "|W|": 430500,
  "|W_nonzero|/|W|[%]": 4.029965156794425,
  "CR": 53.512121412229014,
  "acc_pretrain": 0.1233,
  "acc_retrain": 0.9923,
  "acc_quantized": 0.9925
}