{
  "top1_error_pre[%]": 2.0499999999999963,
  "top1_error_post[%]": 2.0000000000000018,
  "Delta[%]": -0.04999999999999449,
  "|W|": 266200,
  "|W_nonzero|/|W|[%]": 6.118707738542449,
  "CR": 59.90056888101316,
  "acc_pretrain": 0.9795,
  "acc_retrain": 0.982,
  "acc_quantized": 0.98
}