{
  "mu": [
    0.0,
    -0.785801351070404,
    -0.881264865398407,
    -0.6287223696708679,
    -0.7199386358261108,
    -0.568676769733429,
    -0.49377113580703735,
    -0.49395063519477844,
    -0.4169396758079529,
    -0.3396552503108978,
    -0.24912400543689728,
    -0.0737752690911293,
    -0.33878394961357117,
    -0.3387838900089264,
    -0.15485070645809174,
    -0.1139381006360054,
    -0.1139439269900322,
    -0.11394606530666351,
    -0.1139460876584053,
    -0.11394460499286652,
    -0.11393896490335464,
    0.13425084948539734,
    0.06868933141231537,
    0.2638847827911377,
    0.36791226267814636,
    0.3679780662059784,
    0.21811047196388245,
    0.3106271028518677,
    0.40755826234817505,
    0.49826717376708984,
    0.5654228925704956,
    0.5655600428581238,
    0.7012776732444763
  ],
  "sigma2": [
    1.692628393357154e-05,
    0.00040501501644030213,
    0.00040085820364765823,
    0.00039851744077168405,
    0.0003998862812295556,
    0.00039139596628956497,
    0.00039996960549615324,
    0.00037946883821859956,
    0.00035566522274166346,
    0.0002999102871399373,
    0.00041687567136250436,
    0.00038663946907036006,
    0.00040157296461984515,
    0.0004015724116470665,
    0.000449693005066365,
    0.00040159939089789987,
    0.0004015992162749171,
    0.00040159939089789987,
    0.00040159939089789987,
    0.0004015992162749171,
    0.00040159939089789987,
    0.0004108385182917118,
    0.00031652863253839314,
    0.0004015676095150411,
    0.0004015486629214138,
    0.00040154444286599755,
    0.00040998644544743,
    0.0004200170806143433,
    0.00040040735621005297,
    0.0003873643290717155,
    0.00038931157905608416,
    0.0004012190911453217,
    0.00039834665949456394
  ],
  "pi": [
    0.9990000128746033,
    1.085747271645232e-06,
    3.975284101898069e-08,
    2.0743332243000623e-06,
    1.212390884575143e-06,
    6.6670786509348545e-06,
    8.217047025027568e-07,
    1.1534069017216098e-05,
    2.3984619474504143e-05,
    7.52633495721966e-05,
    6.078956721466966e-05,
    0.00017968934844247997,
    1.2128338333639022e-08,
    1.2413277516998278e-08,
    9.498612052993849e-05,
    6.1188307753923254e-09,
    6.544894404214574e-09,
    6.700664023640002e-09,
    6.702485233489597e-09,
    6.596685420134918e-09,
    6.178124234423876e-09,
    0.00016188820882234722,
    0.0001924620446516201,
    4.5606856957647324e-08,
    9.960284330645663e-08,
    1.0718700593770336e-07,
    0.00010516052861930802,
    5.576196781476028e-05,
    1.8159526007366367e-05,
    4.027647264592815e-06,
    3.6347935292724287e-06,
    1.0655682558535773e-07,
    3.3497650520075695e-07
  ],
  "J": 33
}