{
  "mu": [
    0.0,
    -0.6856769323348999,
    -0.721707284450531,
    -0.6151110529899597,
    -0.6151044964790344,
    -0.556250810623169,
    -0.4763931632041931,
    -0.47685742378234863,
    -0.4003586173057556,
    -0.32103997468948364,
    -0.23156750202178955,
    -0.13343457877635956,
    -0.32233983278274536,
    -0.32233884930610657,
    -0.15963399410247803,
    -0.000569404277484864,
    -0.0005791349103674293,
    -0.0005818411009386182,
    -0.0005818803329020739,
    -0.0005801621591672301,
    -0.0005704721552319825,
    0.1522114872932434,
    0.11910466849803925,
    0.2864130735397339,
    0.37704986333847046,
    0.3770480155944824,
    0.20038288831710815,
    0.28860974311828613,
    0.37738606333732605,
    0.4617299437522888,
    0.5291153788566589,
    0.5286492109298706,
    0.6620247960090637
  ],
  "sigma2": [
    0.0004383847117424011,
    0.0004007536917924881,
    0.00039958246634341776,
    0.0004011668497696519,
    0.0003972366394009441,
    0.00038271283847279847,
    0.00040139720658771694,
    0.0003705872513819486,
    0.00032724757329560816,
    0.00019407349464017898,
    0.0002507118333596736,
    0.0005763908848166466,
    0.0004015559097751975,
    0.00040155439637601376,
    0.0004014580918010324,
    0.00040160593925975263,
    0.00040160593925975263,
    0.00040160593925975263,
    0.00040160593925975263,
    0.00040160593925975263,
    0.00040160593925975263,
    0.00040153219015337527,
    0.0003593333240132779,
    0.0004015432787127793,
    0.00040149869164451957,
    0.00040149406413547695,
    0.00029088047449477017,
    0.0002363403036724776,
    0.0003153348807245493,
    0.00037685417919419706,
    0.00037656049244105816,
    0.0004012405115645379,
    0.00039782709791325033
  ],
  "pi": [
    0.9990000128746033,
    5.161791136742977e-07,
    2.046657755272463e-06,
    3.1321403071160603e-07,
    3.2289221962855663e-06,
    9.734035302244592e-06,
    1.1136891941987415e-07,
    1.9403889382374473e-05,
    4.245486343279481e-05,
    0.00012135941506130621,
    9.368612518301234e-05,
    0.0001664724259171635,
    8.913893623230251e-09,
    9.413995805118702e-09,
    7.789252975953787e-08,
    1.9334980283503e-09,
    2.0179289350608087e-09,
    2.0378891907313346e-09,
    2.0379455900609855e-09,
    2.0259061095373454e-09,
    1.948164740639413e-09,
    1.3351504435377137e-07,
    0.00023982192215044051,
    1.3355497152645057e-08,
    2.1307490882804814e-08,
    2.266328280597918e-08,
    0.00016814481932669878,
    8.788889681454748e-05,
    3.135692895739339e-05,
    6.255638254515361e-06,
    6.280622073973063e-06,
    7.889206443678631e-08,
    5.461622549773892e-07
  ],
  "J": 33
}