{
  "mu": [
    0.0,
    -0.8420693278312683,
    -0.9793105721473694,
    -0.6690138578414917,
    -0.7781963348388672,
    -0.6015870571136475,
    -0.5194936990737915,
    -0.5195275545120239,
    -0.43588367104530334,
    -0.352517694234848,
    -0.2628675103187561,
    -0.08339279145002365,
    -0.35346829891204834,
    -0.3534684181213379,
    -0.1682143211364746,
    -0.08104469627141953,
    -0.0810450091958046,
    -0.08104515075683594,
    -0.08104515075683594,
    -0.08104506134986877,
    -0.08104473352432251,
    0.14682349562644958,
    0.07742232829332352,
    0.22909466922283173,
    0.32313230633735657,
    0.3231315612792969,
    0.22885602712631226,
    0.32421737909317017,
    0.4265943765640259,
    0.5197751522064209,
    0.5940062999725342,
    0.5940020084381104,
    0.7313495874404907
  ],
  "sigma2": [
    1.5758145309519023e-05,
    0.0003987662785220891,
    0.0004008016549050808,
    0.0003914691333193332,
    0.0003956155269406736,
    0.0003478272119536996,
    0.0004013962752651423,
    0.00031149829737842083,
    0.00024498984566889703,
    0.00013672809291165322,
    0.00022432892001233995,
    0.0002563891757745296,
    0.000401518598664552,
    0.0004015183949377388,
    0.00021863931033294648,
    0.0004015787271782756,
    0.00040157794137485325,
    0.0004015775630250573,
    0.0004015775630250573,
    0.00040157794137485325,
    0.0004015787271782756,
    0.0001747360365698114,
    0.00017411707085557282,
    0.00040147072286345065,
    0.00040107694803737104,
    0.0004009201657027006,
    0.00018387199088465422,
    0.0002605181362014264,
    0.0003061391762457788,
    0.00037506039370782673,
    0.00037135533057153225,
    0.0004013189463876188,
    0.00039717278559692204
  ],
  "pi": [
    0.9990000128746033,
    1.0277551609760849e-06,
    3.800259662511962e-08,
    2.056566245300928e-06,
    1.156805296886887e-06,
    6.602791927434737e-06,
    1.4196418263168198e-08,
    1.2787912964995485e-05,
    2.3814784071873873e-05,
    7.493280281778425e-05,
    5.929275357630104e-05,
    0.0001849513646448031,
    2.3557507056182203e-09,
    2.374550778228013e-09,
    9.3087597633712e-05,
    4.479340010021815e-09,
    4.83492224034876e-09,
    4.966364652858601e-09,
    4.967955824497494e-09,
    4.87860907227855e-09,
    4.5284518357391335e-09,
    0.00015513006655965,
    0.00019854644779115915,
    2.3472257026924126e-08,
    1.4418624516565615e-07,
    1.9000140127900522e-07,
    0.00010355503036407754,
    5.6521861552027985e-05,
    1.798317134671379e-05,
    4.045679816044867e-06,
    3.7076345051900716e-06,
    2.377121433028151e-08,
    3.319939878565492e-07
  ],
  "J": 33
}