{
  "mu": [
    0.0,
    -0.9336948394775391,
    -1.084269642829895,
    -0.7451215982437134,
    -0.8539214730262756,
    -0.6580179929733276,
    -0.5687302947044373,
    -0.5686366558074951,
    -0.4692980945110321,
    -0.3791579306125641,
    -0.2855919897556305,
    -0.09517409652471542,
    -0.3790326714515686,
    -0.3790326714515686,
    -0.18840719759464264,
    -0.0448044054210186,
    -0.04481808841228485,
    -0.04482042416930199,
    -0.042766131460666656,
    -0.04482033848762512,
    -0.04480583593249321,
    0.1627058982849121,
    0.08405672013759613,
    0.24619470536708832,
    0.3434147536754608,
    0.3434147536754608,
    0.24624918401241302,
    0.3432760536670685,
    0.4506723880767822,
    0.5520968437194824,
    0.6330742239952087,
    0.6331127285957336,
    0.7827733755111694
  ],
  "sigma2": [
    1.5706833437434398e-05,
    0.0003895647241733968,
    0.0004008016549050808,
    0.00038400341873057187,
    0.000392427493352443,
    0.00033862143754959106,
    0.00040147878462448716,
    0.0002926124434452504,
    0.00024006188323255628,
    0.00011753675789805129,
    0.00015014639939181507,
    7.322856254177168e-05,
    0.0004015151353087276,
    0.0004015151353087276,
    0.00012382205750327557,
    0.00040143876685760915,
    0.0004014169389847666,
    0.00040137808537110686,
    0.00027629686519503593,
    0.00040141254430636764,
    0.0004014366422779858,
    7.17405928298831e-05,
    6.592202407773584e-05,
    0.0004015174345113337,
    0.0004015032609459013,
    0.0004015032609459013,
    0.0001008086182991974,
    0.00015018964768387377,
    0.000262614747043699,
    0.0003561315534170717,
    0.00036100627039559186,
    0.0004014370497316122,
    0.0003970364632550627
  ],
  "pi": [
    0.9990000128746033,
    9.382416124026349e-07,
    3.7049471046657345e-08,
    1.8083552504322142e-06,
    1.1528935601745616e-06,
    6.191653483256232e-06,
    1.3628017603295461e-09,
    1.2579974281834438e-05,
    2.3385438908007927e-05,
    7.187016308307648e-05,
    5.74375553696882e-05,
    0.0001857140741776675,
    3.3765920615103084e-10,
    3.380555002596708e-10,
    9.078068978851661e-05,
    8.200433221361436e-09,
    1.0550703422040897e-08,
    1.4806246895204822e-08,
    1.545687518955674e-05,
    1.109285729938847e-08,
    8.422126107632266e-09,
    0.00014997483231127262,
    0.00020197968115098774,
    4.0108769083779805e-10,
    5.780032563684756e-10,
    5.885052445364636e-10,
    0.00010029383702203631,
    5.491304546012543e-05,
    1.7512915292172693e-05,
    4.030786840303335e-06,
    3.5601410672825295e-06,
    3.958619654298445e-09,
    3.212478532077512e-07
  ],
  "J": 33
}