{
  "mu": [
    0.0,
    -0.7402746677398682,
    -0.6815822124481201,
    -0.5726558566093445,
    -0.5735002160072327,
    -0.5065361261367798,
    -0.4361344277858734,
    -0.43629923462867737,
    -0.3654426336288452,
    -0.2906707525253296,
    -0.23421809077262878,
    -0.2350599616765976,
    -0.287326842546463,
    -0.2848340570926666,
    -0.10505770891904831,
    -0.0008572028018534184,
    -0.000490682665258646,
    -0.00046270963503047824,
    -0.0004581942630466074,
    -0.0004997071227990091,
    -0.00022271204215940088,
    0.07442471385002136,
    0.236945241689682,
    0.26240894198417664,
    0.33447495102882385,
    0.33447352051734924,
    0.2586922347545624,
    0.2608162462711334,
    0.3350096642971039,
    0.40385702252388,
    0.4801153540611267,
    0.5097654461860657,
    0.6192825436592102
  ],
  "sigma2": [
    0.0031851432286202908,
    0.0004006411472801119,
    0.0003964407369494438,
    0.00039889253093861043,
    0.0003880781587213278,
    0.00038420819328166544,
    0.00039338431088253856,
    0.00037055613938719034,
    0.0003101421461906284,
    0.0002466724254190922,
    0.0003542833146639168,
    0.000399337470298633,
    0.00040148088010028005,
    0.0004015520971734077,
    0.00040161528158932924,
    0.0004015859740320593,
    0.0004015808517578989,
    0.00040158003685064614,
    0.00040158024057745934,
    0.00040158064803108573,
    0.00040158466435968876,
    0.00040161432116292417,
    0.0004015837039332837,
    0.0004015961312688887,
    0.00040145005914382637,
    0.00040076818550005555,
    0.00040099472971633077,
    0.0003928165533579886,
    0.0003643303643912077,
    0.0003880155854858458,
    0.00039460902917198837,
    0.0003997905587311834,
    0.00039806411950848997
  ],
  "pi": [
    0.9990000128746033,
    1.1013614766852697e-06,
    3.921327788702911e-06,
    2.597763568701339e-06,
    1.3314359421201516e-05,
    2.533997940190602e-05,
    1.1034740055038128e-05,
    4.476836693356745e-05,
    0.0001232472131960094,
    0.0003364341100677848,
    7.599951641168445e-05,
    3.12229394694441e-06,
    2.4123789899022086e-07,
    1.3475155924425053e-07,
    3.900731115891176e-08,
    5.871628516729288e-08,
    7.214578801040261e-08,
    7.532744206173447e-08,
    7.53354143512297e-08,
    7.341342467270806e-08,
    6.11244246329079e-08,
    4.006050602356481e-08,
    4.70891485804259e-08,
    1.5043228529521002e-07,
    3.3625877904341905e-07,
    1.812346908991458e-06,
    2.2414458726416342e-05,
    0.00020611555373761803,
    8.500274270772934e-05,
    2.254295213788282e-05,
    1.529800647404045e-05,
    2.9349394026212394e-06,
    1.5931185544104665e-06
  ],
  "J": 33
}