{
  "mu": [
    0.0,
    -0.7046874761581421,
    -0.6555041074752808,
    -0.582120954990387,
    -0.5518355369567871,
    -0.4940198063850403,
    -0.44492992758750916,
    -0.4065011739730835,
    -0.3524183928966522,
    -0.287247896194458,
    -0.28711214661598206,
    -0.29393619298934937,
    -0.30178022384643555,
    -0.2664533853530884,
    -0.09852501004934311,
    -0.005870812572538853,
    -0.00026851517031900585,
    -0.0002632869000080973,
    -0.00026380576309747994,
    -0.00026404301752336323,
    0.0026298845186829567,
    0.07224654406309128,
    0.1774698942899704,
    0.2795603275299072,
    0.3296302855014801,
    0.32971900701522827,
    0.274128258228302,
    0.2735503017902374,
    0.32926228642463684,
    0.39049506187438965,
    0.4578673243522644,
    0.5082912445068359,
    0.613168478012085
  ],
  "sigma2": [
    0.0042472160421311855,
    0.0004153684712946415,
    0.0004148281295783818,
    0.0004156286013312638,
    0.0004109008295927197,
    0.00040867147617973387,
    0.00041116439388133585,
    0.00041067416896112263,
    0.0004050694697070867,
    0.0004086227563675493,
    0.00041055490146391094,
    0.0004139290831517428,
    0.00041401907219551504,
    0.00041407576645724475,
    0.00041445522219873965,
    0.00041479291394352913,
    0.0004150859313085675,
    0.00041519280057400465,
    0.000415196584071964,
    0.00041514236363582313,
    0.0004149054584559053,
    0.0004146030987612903,
    0.0004143019032198936,
    0.00041404750663787127,
    0.0004140032979194075,
    0.0004138063231948763,
    0.0004082618688698858,
    0.0003995220467913896,
    0.00041048580897040665,
    0.00041520214290358126,
    0.00041608151514083147,
    0.00041459102067165077,
    0.00042034187936224043
  ],
  "pi": [
    0.9990000128746033,
    3.0661408345622476e-06,
    2.9638028991030296e-06,
    6.859297172923107e-06,
    1.6434954886790365e-05,
    2.9579225156339817e-05,
    3.104484130744822e-05,
    5.9258443798171356e-05,
    0.00014974473742768168,
    0.00023425908875651658,
    0.0001347800571238622,
    1.5965557395247743e-05,
    7.651565852029307e-07,
    3.149223459786299e-07,
    2.0417743940015498e-07,
    3.10029889760699e-07,
    3.860484127926611e-07,
    4.033578306916752e-07,
    4.0340015061701706e-07,
    3.929603451524599e-07,
    3.246902906539617e-07,
    2.114548749432288e-07,
    1.421909701093682e-07,
    3.1995651283978077e-07,
    7.696769444009988e-07,
    5.9154967857466545e-06,
    4.272360456525348e-05,
    0.00010898720211116597,
    9.497544670011848e-05,
    3.115073195658624e-05,
    1.827041523938533e-05,
    7.012396054051351e-06,
    2.0604873043339467e-06
  ],
  "J": 33
}