{
  "mu": [
    0.0,
    -0.676983118057251,
    -0.6282378435134888,
    -0.5686540603637695,
    -0.519424557685852,
    -0.4852209985256195,
    -0.45080068707466125,
    -0.416913777589798,
    -0.3891335725784302,
    -0.3680499792098999,
    -0.35631540417671204,
    -0.3514890968799591,
    -0.2787039875984192,
    -0.18396636843681335,
    -0.09519346058368683,
    -0.03420017287135124,
    -0.001982811838388443,
    0.0015286331763491035,
    0.0015199093613773584,
    0.0014916519867256284,
    0.024279674515128136,
    0.0760497897863388,
    0.14588814973831177,
    0.22688870131969452,
    0.313244104385376,
    0.37925928831100464,
    0.39848241209983826,
    0.4006904363632202,
    0.4057948887348175,
    0.422372967004776,
    0.4549374580383301,
    0.5045050382614136,
    0.5621652007102966
  ],
  "sigma2": [
    0.007086156867444515,
    0.003928448539227247,
    0.0039385585114359856,
    0.003951811231672764,
    0.003957677632570267,
    0.003957075998187065,
    0.0039386688731610775,
    0.0038692979142069817,
    0.0037608230486512184,
    0.003712680423632264,
    0.0037940300535410643,
    0.0038985982537269592,
    0.003937684930860996,
    0.003957738168537617,
    0.003966846503317356,
    0.003958194982260466,
    0.0039517940022051334,
    0.003955768421292305,
    0.003956149332225323,
    0.003952153958380222,
    0.003952870145440102,
    0.003960711415857077,
    0.00395307969301939,
    0.00393968541175127,
    0.003928130026906729,
    0.003914383240044117,
    0.0038873045705258846,
    0.0038635896053165197,
    0.0038558412343263626,
    0.003871920285746455,
    0.0039052015636116266,
    0.00392909673973918,
    0.003936723805963993
  ],
  "pi": [
    0.9990000128746033,
    5.123195478518028e-06,
    8.259386959252879e-06,
    1.4406264199351426e-05,
    2.5365661713294685e-05,
    4.0354130760533735e-05,
    6.8954388552811e-05,
    0.00012540370516944677,
    0.0001811525726225227,
    0.00017300614854320884,
    9.427627810509875e-05,
    1.891026840894483e-05,
    2.9068162348266924e-06,
    3.0443361538345926e-06,
    4.771847670781426e-06,
    7.338367140619084e-06,
    9.265498192689847e-06,
    9.686564226285554e-06,
    9.687386409495957e-06,
    9.438231245439965e-06,
    7.728306627541315e-06,
    5.013676400267286e-06,
    2.9408547561615705e-06,
    1.9440183223196073e-06,
    2.0062338990101125e-06,
    5.843740837008227e-06,
    1.9954975869040936e-05,
    3.399853812879883e-05,
    4.132411049795337e-05,
    3.6831756005994976e-05,
    2.016309736063704e-05,
    7.1338263296638615e-06,
    3.7658574001397938e-06
  ],
  "J": 33
}