{
  "mu": [
    0.0,
    -0.79659503698349,
    -0.9017190933227539,
    -0.629324197769165,
    -0.7311223149299622,
    -0.5692844390869141,
    -0.49674317240715027,
    -0.4966708719730377,
    -0.419478178024292,
    -0.34181156754493713,
    -0.25202518701553345,
    -0.07609526813030243,
    -0.3407689929008484,
    -0.3407697081565857,
    -0.15774652361869812,
    -0.11598466336727142,
    -0.11601456254720688,
    -0.11602553725242615,
    -0.1160256639122963,
    -0.11601810157299042,
    -0.11598888039588928,
    0.13502778112888336,
    0.06964826583862305,
    0.267752468585968,
    0.3631817698478699,
    0.36297786235809326,
    0.21869401633739471,
    0.3121671676635742,
    0.40945979952812195,
    0.4996873140335083,
    0.5690096020698547,
    0.5691999197006226,
    0.6980311870574951
  ],
  "sigma2": [
    3.1202827813103795e-05,
    0.0004006405652035028,
    0.00040082039777189493,
    0.00039834590279497206,
    0.0003983567003160715,
    0.00039364813710562885,
    0.0004007823299616575,
    0.0003841315919999033,
    0.000358847581082955,
    0.00031703643617220223,
    0.00043738435488194227,
    0.00040151478606276214,
    0.0004015789018012583,
    0.0004015785234514624,
    0.0004659139085561037,
    0.0004015988379251212,
    0.00040159825584851205,
    0.0004015984304714948,
    0.000401598634198308,
    0.0004015984304714948,
    0.0004015988379251212,
    0.0004199169634375721,
    0.0003194955934304744,
    0.00040156510658562183,
    0.0004014967707917094,
    0.0004014868172816932,
    0.0004356974095571786,
    0.00042852506157942116,
    0.00039500909042544663,
    0.00038706374471075833,
    0.0003889709187205881,
    0.00040123361395671964,
    0.00039971605292521417
  ],
  "pi": [
    0.9990000128746033,
    1.0357421160733793e-06,
    3.9672411134006325e-08,
    2.4574701456003822e-06,
    1.2639914075407432e-06,
    6.424852017516969e-06,
    5.402264378062682e-07,
    1.1853189789690077e-05,
    2.388016218901612e-05,
    7.524500688305125e-05,
    6.0681959439534694e-05,
    0.00017974339425563812,
    1.1511851916168325e-08,
    1.1768382712773473e-08,
    9.529171074973419e-05,
    6.2736043027200594e-09,
    6.7203638209889505e-09,
    6.884111058980125e-09,
    6.886028192099047e-09,
    6.774764749195583e-09,
    6.335695079684456e-09,
    0.0001611698098713532,
    0.0001915255415951833,
    5.89271031969929e-08,
    1.3012822819291614e-07,
    1.4259633474011935e-07,
    0.00010629789903759956,
    5.595114271272905e-05,
    1.804125713533722e-05,
    4.119720870221499e-06,
    3.6087606076762313e-06,
    9.775094156339037e-08,
    3.3601182281017827e-07
  ],
  "J": 33
}