{
  "mu": [
    0.0,
    -0.899320125579834,
    -1.0365016460418701,
    -0.7117483615875244,
    -0.8267900943756104,
    -0.6335415244102478,
    -0.5459467172622681,
    -0.5459800362586975,
    -0.4547335207462311,
    -0.36735790967941284,
    -0.2752869427204132,
    -0.08946817368268967,
    -0.3673485219478607,
    -0.3673485219478607,
    -0.17986395955085754,
    -0.04901790991425514,
    -0.048992495983839035,
    -0.04897737875580788,
    -0.04897715151309967,
    -0.0489879846572876,
    -0.0490146204829216,
    0.15634730458259583,
    0.0813450738787651,
    0.2388962060213089,
    0.3348383903503418,
    0.3348380923271179,
    0.23915216326713562,
    0.3353511393070221,
    0.4398266673088074,
    0.5416745543479919,
    0.6184999942779541,
    0.6185317039489746,
    0.7668437361717224
  ],
  "sigma2": [
    1.573165900481399e-05,
    0.0003909104270860553,
    0.0004008016549050808,
    0.0003825017483904958,
    0.000391416106140241,
    0.00033255029120482504,
    0.00040141597855836153,
    0.000280805368674919,
    0.00022661140246782452,
    0.00010690490307752043,
    0.00013884788495488465,
    6.152506830403581e-05,
    0.00040150899440050125,
    0.00040150940185412765,
    0.00010151907190447673,
    0.0003990882833022624,
    0.00039767424459569156,
    0.0003969280223827809,
    0.00039691798156127334,
    0.0003974431601818651,
    0.00039893266512081027,
    6.262591341510415e-05,
    5.283815335133113e-05,
    0.00040150919812731445,
    0.0004014820442534983,
    0.00040148088010028005,
    9.10399976419285e-05,
    0.00014433545584324747,
    0.0002554305247031152,
    0.00036173927946947515,
    0.0003622552321758121,
    0.00040130442357622087,
    0.0003969183308072388
  ],
  "pi": [
    0.9990000128746033,
    1.009357902148622e-06,
    3.774020740365813e-08,
    1.8681495248529245e-06,
    1.1428489870013436e-06,
    6.36833146927529e-06,
    5.6796145564419476e-09,
    1.2773456546710804e-05,
    2.3795240849722177e-05,
    7.327953062485904e-05,
    5.8708574215415865e-05,
    0.00018888695922214538,
    1.3506383789163579e-09,
    1.3536118892432114e-09,
    9.207604307448491e-05,
    2.4684359800630773e-07,
    3.9170848253888835e-07,
    4.682624989982287e-07,
    4.6930054509175534e-07,
    4.1538709183441824e-07,
    2.6276919129486487e-07,
    0.00015278004866559058,
    0.00020082823175471276,
    2.0702770608949095e-09,
    3.416963600955114e-09,
    3.560766792531922e-09,
    0.00010225865844404325,
    5.6034798035398126e-05,
    1.7808311895350926e-05,
    4.077742232766468e-06,
    3.6501737668004353e-06,
    1.658474602095339e-08,
    3.2754977041804523e-07
  ],
  "J": 33
}