{
  "mu": [
    0.0,
    -0.8594974279403687,
    -0.9963289499282837,
    -0.6869180798530579,
    -0.7967701554298401,
    -0.6153547763824463,
    -0.5307305455207825,
    -0.5307345390319824,
    -0.44515591859817505,
    -0.3598504066467285,
    -0.2689255177974701,
    -0.08666116744279861,
    -0.3594977557659149,
    -0.3594977855682373,
    -0.17442649602890015,
    -0.044077709317207336,
    -0.044072773307561874,
    -0.0440710186958313,
    -0.044071000069379807,
    -0.04407218098640442,
    -0.04407702013850212,
    0.14954021573066711,
    0.07799571007490158,
    0.23089639842510223,
    0.3275024890899658,
    0.3275233507156372,
    0.23200158774852753,
    0.32784995436668396,
    0.4312209188938141,
    0.526438295841217,
    0.6018775701522827,
    0.6018111705780029,
    0.743546724319458
  ],
  "sigma2": [
    3.78359472961165e-05,
    0.0003987080999650061,
    0.00040080261533148587,
    0.000405316794058308,
    0.0003999393084086478,
    0.00039577248389832675,
    0.00040155916940420866,
    0.0003693306935019791,
    0.0003381389833521098,
    0.0002419578522676602,
    0.00030625832732766867,
    0.0003468394570518285,
    0.0004015678132418543,
    0.0004015678132418543,
    0.0002763804222922772,
    0.0004014732257928699,
    0.00040147072286345065,
    0.0004014697624370456,
    0.00040146996616385877,
    0.0004014705482404679,
    0.000401472847443074,
    0.00021024010493420064,
    0.00022592971799895167,
    0.0004015563172288239,
    0.00040149083361029625,
    0.0004014703445136547,
    0.00023691619571764022,
    0.0003014725516550243,
    0.0003458317369222641,
    0.0003861239820253104,
    0.00038360845064744353,
    0.00040148949483409524,
    0.0003992407873738557
  ],
  "pi": [
    0.9990000128746033,
    1.0417929843242746e-06,
    3.857802255424758e-08,
    1.9691876786964713e-06,
    1.1229898291276186e-06,
    6.432566351577407e-06,
    6.9849153128132e-09,
    1.2807046005036682e-05,
    2.3626420443179086e-05,
    7.415396248688921e-05,
    5.8982372138416395e-05,
    0.00018915394321084023,
    1.2497551882262314e-09,
    1.2573295737894341e-09,
    9.220132778864354e-05,
    3.0941946782547802e-09,
    3.3267959498317623e-09,
    3.4123568415367345e-09,
    3.4134048920719806e-09,
    3.355316469111358e-09,
    3.1264251187934633e-09,
    0.00015339895617216825,
    0.00019981672812718898,
    6.889667059084559e-09,
    2.7464452045933285e-08,
    3.407246751407911e-08,
    0.00010285549069521949,
    5.638371658278629e-05,
    1.7819345885072835e-05,
    4.032186552649364e-06,
    3.722505653058761e-06,
    1.3403012921742175e-08,
    3.2998337928802357e-07
  ],
  "J": 33
}