{
  "mu": [
    0.0,
    -0.9578259587287903,
    -1.1069010496139526,
    -0.7770187854766846,
    -0.8793796896934509,
    -0.6782971024513245,
    -0.5867606997489929,
    -0.587192177772522,
    -0.48413005471229553,
    -0.3908712863922119,
    -0.2940216362476349,
    -0.10016236454248428,
    -0.390060156583786,
    -0.390060156583786,
    -0.19631162285804749,
    -0.05017079412937164,
    -0.05017080530524254,
    -0.050170816481113434,
    -0.04552244767546654,
    -0.05017082020640373,
    -0.05017078295350075,
    0.16789360344409943,
    0.08568094670772552,
    0.2520318627357483,
    0.3516280949115753,
    0.3516280949115753,
    0.251120388507843,
    0.35068076848983765,
    0.46104997396469116,
    0.5618778467178345,
    0.6445553302764893,
    0.6441518664360046,
    0.8034629225730896
  ],
  "sigma2": [
    2.2512907889904454e-05,
    0.0003940630122087896,
    0.0004008014511782676,
    0.00038916367338970304,
    0.0003962815972045064,
    0.0003707875148393214,
    0.00040154941962100565,
    0.0003431196673773229,
    0.00030301031074486673,
    0.0002016954094870016,
    0.00025262421695515513,
    0.00018181026098318398,
    0.00040154828457161784,
    0.0004015484591946006,
    0.00022439034364651889,
    0.0004015534359496087,
    0.0004015526792500168,
    0.0004015513404738158,
    0.00028129396378062665,
    0.0004015526792500168,
    0.0004015534359496087,
    0.00016083198715932667,
    0.00017074818606488407,
    0.0004015524755232036,
    0.00040153987356461585,
    0.00040154001908376813,
    0.00018423816072754562,
    0.00022721428831573576,
    0.0002994327514898032,
    0.00037971374695189297,
    0.0003716463688760996,
    0.0004014973237644881,
    0.00039724441012367606
  ],
  "pi": [
    0.9990000128746033,
    9.562452305544866e-07,
    3.635792111822411e-08,
    1.7507970824226504e-06,
    1.1135856539112865e-06,
    5.994808361720061e-06,
    7.946701074956763e-10,
    1.2396152669680305e-05,
    2.2786776753491722e-05,
    7.053023728076369e-05,
    5.663088450091891e-05,
    0.00018502565217204392,
    2.0791783572615685e-10,
    2.0811820322652608e-10,
    8.923593122744933e-05,
    1.9623365155041483e-09,
    2.162115819714927e-09,
    2.4576434221046384e-09,
    2.5300518245785497e-05,
    2.203714766224607e-09,
    1.9826922326160457e-09,
    0.00014717939484398812,
    0.00020344846416264772,
    2.3195907694617546e-10,
    3.2286004425507997e-10,
    3.270036741387372e-10,
    9.867205517366529e-05,
    5.397816494223662e-05,
    1.7222851965925656e-05,
    3.877715698763495e-06,
    3.533191375026945e-06,
    2.2522663734036996e-09,
    3.151208147755824e-07
  ],
  "J": 33
}