{
  "mu": [
    0.0,
    -0.7384000420570374,
    -0.6767513751983643,
    -0.5701001882553101,
    -0.5699916481971741,
    -0.5047568082809448,
    -0.43448731303215027,
    -0.4343867003917694,
    -0.3643541932106018,
    -0.29004746675491333,
    -0.23755629360675812,
    -0.23846052587032318,
    -0.27960315346717834,
    -0.277038037776947,
    -0.10310235619544983,
    -0.001074682455509901,
    -0.0004354296834208071,
    -0.0005633572000078857,
    -0.0005616291309706867,
    -0.00047145370626822114,
    -1.15367374746711e-05,
    0.07383162528276443,
    0.2315056324005127,
    0.26330071687698364,
    0.33294978737831116,
    0.33395999670028687,
    0.2612628936767578,
    0.2619999647140503,
    0.3343777060508728,
    0.40158477425575256,
    0.4750315845012665,
    0.5101775527000427,
    0.6159799098968506
  ],
  "sigma2": [
    0.0033428817987442017,
    0.0003995841834694147,
    0.00039751932490617037,
    0.0003986126685049385,
    0.0003883617464452982,
    0.000385087652830407,
    0.00039444968570023775,
    0.00038020743522793055,
    0.00034155111643485725,
    0.00029891403391957283,
    0.0003754110948648304,
    0.00039967658813111484,
    0.0004015992162749171,
    0.00040161338984034956,
    0.0004016172024421394,
    0.0004015859740320593,
    0.00040157928015105426,
    0.00040157794137485325,
    0.00040157794137485325,
    0.0004015787271782756,
    0.00040158466435968876,
    0.0004016162420157343,
    0.0004015758167952299,
    0.0004015923186670989,
    0.0004015080921817571,
    0.0004009987460449338,
    0.0004005488590337336,
    0.0003934252308681607,
    0.0003789684851653874,
    0.00039222772466018796,
    0.00039665252552367747,
    0.00039960991125553846,
    0.00039855146314948797
  ],
  "pi": [
    0.9990000128746033,
    1.2264736142242327e-06,
    4.038951828988502e-06,
    3.022491682713735e-06,
    1.39117282742518e-05,
    2.5811470550252125e-05,
    1.4039984307601117e-05,
    4.436495146364905e-05,
    0.00012801772390957922,
    0.00035123099223710597,
    5.618409704766236e-05,
    3.924650172848487e-06,
    3.1026706892589573e-07,
    1.5731879443592334e-07,
    5.329707875034728e-08,
    8.070684032190911e-08,
    9.943882872676113e-08,
    1.0384867010770904e-07,
    1.0385977589066897e-07,
    1.0119633486738167e-07,
    8.41090823655577e-08,
    5.485770415702973e-08,
    5.3013504697219105e-08,
    1.6858811591191625e-07,
    3.8671328184136655e-07,
    2.281678007420851e-06,
    2.459672759869136e-05,
    0.00019418618467170745,
    8.723866631044075e-05,
    2.3429107386618853e-05,
    1.5408249964821152e-05,
    3.6634689877246274e-06,
    1.665243416937301e-06
  ],
  "J": 33
}