{
  "mu": [
    0.0,
    -0.7368956804275513,
    -0.6874174475669861,
    -0.5736517906188965,
    -0.5740161538124084,
    -0.5083048939704895,
    -0.43918928503990173,
    -0.4392935633659363,
    -0.36734041571617126,
    -0.29066821932792664,
    -0.21455463767051697,
    -0.21080872416496277,
    -0.288525253534317,
    -0.28850752115249634,
    -0.13089805841445923,
    -0.00032042275415733457,
    -0.0001551052409922704,
    -8.203395555028692e-05,
    -7.917304174043238e-05,
    -0.0001367587537970394,
    -0.000210052021429874,
    0.07932993024587631,
    0.20840363204479218,
    0.2529468834400177,
    0.33815500140190125,
    0.3381551504135132,
    0.19505047798156738,
    0.2597435414791107,
    0.33827394247055054,
    0.40991389751434326,
    0.4900416135787964,
    0.4900614619255066,
    0.6232879161834717
  ],
  "sigma2": [
    0.0020119696855545044,
    0.00039994216058403254,
    0.0003937108558602631,
    0.0003999591281171888,
    0.00037112750578671694,
    0.0003500266175251454,
    0.000399960670620203,
    0.00030177776352502406,
    0.00021796539658680558,
    0.00011169878416694701,
    0.00026198336854577065,
    0.0004012710996903479,
    0.0004015387094113976,
    0.0004015304730273783,
    0.00040161548531614244,
    0.0004015988379251212,
    0.00040159825584851205,
    0.00040159805212169886,
    0.00040159805212169886,
    0.00040159825584851205,
    0.000401598634198308,
    0.00040161071228794754,
    0.0004015963349957019,
    0.00040153966983780265,
    0.00040140890632756054,
    0.00040126769454218447,
    0.0002890366013161838,
    0.00020447677525226027,
    0.0002627788344398141,
    0.0003523300983943045,
    0.0003612516447901726,
    0.0004000520275440067,
    0.0003963333729188889
  ],
  "pi": [
    0.9990000128746033,
    6.610557079511636e-07,
    2.8941326490894426e-06,
    5.261260298539128e-07,
    1.0534820830798708e-05,
    1.777183024387341e-05,
    5.37280470780388e-07,
    3.8981004763627425e-05,
    8.815775072434917e-05,
    0.00024316854251082987,
    0.0001523554092273116,
    2.4261515818579937e-07,
    2.167811707920464e-08,
    2.5643576151423986e-08,
    8.993606748219918e-09,
    1.289444817587082e-08,
    1.566980323275402e-08,
    1.6336089814217303e-08,
    1.6337772024144215e-08,
    1.59351269957142e-08,
    1.3378254948293034e-08,
    9.039644588426654e-09,
    1.9630022052297136e-08,
    5.0461565592740953e-08,
    5.851562434600055e-08,
    1.063503489717732e-07,
    0.00017784543160814792,
    0.0001733948738547042,
    6.322683475445956e-05,
    1.551899367768783e-05,
    1.2258679817023221e-05,
    4.11291523505497e-07,
    1.1225350817767321e-06
  ],
  "J": 33
}