{
  "mu": [
    0.0,
    -0.9191408157348633,
    -1.0665383338928223,
    -0.7266910672187805,
    -0.8410665988922119,
    -0.6466361880302429,
    -0.5584631562232971,
    -0.5582030415534973,
    -0.4621366262435913,
    -0.37358590960502625,
    -0.28093740344047546,
    -0.09247121214866638,
    -0.37357187271118164,
    -0.37357187271118164,
    -0.18427830934524536,
    -0.039660338312387466,
    -0.03966400399804115,
    -0.03964594379067421,
    -0.03888385742902756,
    -0.039663344621658325,
    -0.03966115787625313,
    0.16006363928318024,
    0.08249706029891968,
    0.24284061789512634,
    0.33944666385650635,
    0.33944666385650635,
    0.24326160550117493,
    0.3398113548755646,
    0.44634953141212463,
    0.5470334887504578,
    0.6259526014328003,
    0.626161515712738,
    0.7750499248504639
  ],
  "sigma2": [
    1.570919994264841e-05,
    0.00038956565549597144,
    0.0004008014511782676,
    0.00038173393113538623,
    0.0003914082481060177,
    0.0003414367965888232,
    0.00040147340041585267,
    0.0002929357870016247,
    0.00023513505584560335,
    0.00011185516632394865,
    0.00015007796173449606,
    6.781292177038267e-05,
    0.0004015132144559175,
    0.0004015132144559175,
    0.0001109930599341169,
    0.0004009683325421065,
    0.0004006739764008671,
    0.000400003744289279,
    0.00032649721833877265,
    0.0004005992959719151,
    0.0004009425174444914,
    6.88761574565433e-05,
    6.535439024446532e-05,
    0.000401516881538555,
    0.00040149924461729825,
    0.00040149924461729825,
    9.701153612695634e-05,
    0.0001480515202274546,
    0.0002587679773569107,
    0.0003585132071748376,
    0.0003628734848462045,
    0.0004014130972791463,
    0.00039778402424417436
  ],
  "pi": [
    0.9990000128746033,
    9.966946663553244e-07,
    3.6306648354411664e-08,
    1.8739794995781267e-06,
    1.1341695653754869e-06,
    6.180614946060814e-06,
    2.3779878066676474e-09,
    1.2721404345938936e-05,
    2.3624219466000795e-05,
    7.26671569282189e-05,
    5.8035766414832324e-05,
    0.00018791694310493767,
    5.774698497162944e-10,
    5.782871403958723e-10,
    9.14855845621787e-05,
    4.4539145704902694e-08,
    6.971085753093575e-08,
    1.270577456580213e-07,
    6.870186098240083e-06,
    7.612794661326916e-08,
    4.675325371295003e-08,
    0.00015159121539909393,
    0.00020207811030559242,
    7.306220073388658e-10,
    1.0948256745635376e-09,
    1.1209233541364938e-09,
    0.00010124150139745325,
    5.553242226596922e-05,
    1.764694752637297e-05,
    4.055136741953902e-06,
    3.6101387195230927e-06,
    7.127500367687389e-09,
    3.237433077174501e-07
  ],
  "J": 33
}