{
  "mu": [
    0.0,
    -0.709616482257843,
    -0.7098323106765747,
    -0.5833080410957336,
    -0.5834360122680664,
    -0.5180492997169495,
    -0.45069921016693115,
    -0.4501155614852905,
    -0.37631353735923767,
    -0.29805469512939453,
    -0.21567615866661072,
    -0.2108556181192398,
    -0.29503780603408813,
    -0.2950417995452881,
    -0.2011106163263321,
    -0.0004931347211822867,
    -0.0005107762408442795,
    -0.0004482638032641262,
    -0.0004436983144842088,
    -0.0005084751755930483,
    -0.0004683118895627558,
    0.0938003808259964,
    0.19647295773029327,
    0.25988417863845825,
    0.3449501097202301,
    0.34495049715042114,
    0.1948111355304718,
    0.2652052640914917,
    0.34507378935813904,
    0.4194851815700531,
    0.4981522560119629,
    0.49803319573402405,
    0.6403235793113708
  ],
  "sigma2": [
    0.0017863831017166376,
    0.00040101807098835707,
    0.0003980717156082392,
    0.00040104499203152955,
    0.00038387233507819474,
    0.00037295083166100085,
    0.00040108096436597407,
    0.0003299202071502805,
    0.0002536049869377166,
    0.00014518614625558257,
    0.00031242831028066576,
    0.00040154310408979654,
    0.0004015676095150411,
    0.000401562632760033,
    0.00040160419302992523,
    0.0004016018647234887,
    0.0004016017192043364,
    0.0004016015154775232,
    0.0004016015154775232,
    0.0004016015154775232,
    0.0004016018647234887,
    0.00040161010110750794,
    0.0004015884769614786,
    0.00040156033355742693,
    0.0004015074810013175,
    0.00040146385435946286,
    0.0003048671642318368,
    0.00021452231158036739,
    0.00028117059264332056,
    0.000359570374712348,
    0.00036567714414559305,
    0.00040102319326251745,
    0.0003965269715990871
  ],
  "pi": [
    0.9990000128746033,
    4.5586475039272045e-07,
    2.835677150869742e-06,
    2.958773848149576e-07,
    9.99635176412994e-06,
    1.6068473996710964e-05,
    2.350743244505793e-07,
    3.6728459235746413e-05,
    8.11136414995417e-05,
    0.00022658691159449518,
    0.00016541825607419014,
    1.3073511695438356e-07,
    1.0798969718450735e-08,
    1.3364153339523455e-08,
    5.574898320759303e-09,
    5.948863623927991e-09,
    7.1524830502767145e-09,
    7.4424009177676e-09,
    7.443131888607013e-09,
    7.267897395024647e-09,
    6.156894549746994e-09,
    4.305770406887177e-09,
    1.3121011832595286e-08,
    2.6166810940253526e-08,
    2.7160000470871637e-08,
    4.268066433610329e-08,
    0.0002107933396473527,
    0.0001638004760025069,
    5.802030136692338e-05,
    1.4464832020166796e-05,
    1.166518541140249e-05,
    1.6336404939920612e-07,
    1.0425934533486725e-06
  ],
  "J": 33
}