{
  "mu": [
    0.0,
    -0.7406737804412842,
    -0.6855080127716064,
    -0.5729876160621643,
    -0.5731818079948425,
    -0.5076337456703186,
    -0.43853288888931274,
    -0.43843400478363037,
    -0.3664625585079193,
    -0.29010775685310364,
    -0.21847669780254364,
    -0.21717384457588196,
    -0.2871788442134857,
    -0.2871512472629547,
    -0.11655517667531967,
    -0.0004257271357346326,
    -0.00024478803970851004,
    -0.00017419387586414814,
    -0.00017165257304441184,
    -0.00022747585899196565,
    -0.00026559800608083606,
    0.07731884717941284,
    0.22556573152542114,
    0.2536422610282898,
    0.33663851022720337,
    0.3366456627845764,
    0.20368178188800812,
    0.2597244679927826,
    0.3369932770729065,
    0.4080983102321625,
    0.4885338544845581,
    0.48852258920669556,
    0.6219075918197632
  ],
  "sigma2": [
    0.0023656017147004604,
    0.00039978581480681896,
    0.0003935009881388396,
    0.0003992857236880809,
    0.00037365019670687616,
    0.00035688700154423714,
    0.00039862768608145416,
    0.0003132254641968757,
    0.00023066610447131097,
    0.00012238789349794388,
    0.00028595130424946547,
    0.00040098937461152673,
    0.00040152663132175803,
    0.0004015228187199682,
    0.0004016135644633323,
    0.0004015963349957019,
    0.00040159537456929684,
    0.00040159517084248364,
    0.00040159517084248364,
    0.00040159537456929684,
    0.0004015961312688887,
    0.00040161091601476073,
    0.0004016160382889211,
    0.0004015461599919945,
    0.00040135972085408866,
    0.00040107982931658626,
    0.0003238368371967226,
    0.000249240460107103,
    0.00028518494218587875,
    0.00036010966869071126,
    0.00037155990139581263,
    0.00039950359496288,
    0.0003965540090575814
  ],
  "pi": [
    0.9990000128746033,
    7.905528605078871e-07,
    3.1521010441792896e-06,
    8.797014743322507e-07,
    1.1456453648861498e-05,
    1.9781624359893613e-05,
    1.2086233027730486e-06,
    4.272503429092467e-05,
    9.817337559070438e-05,
    0.00026988773606717587,
    0.00014049856690689921,
    4.5737940013168554e-07,
    4.119454288797897e-08,
    4.382322416063289e-08,
    1.3246000740707586e-08,
    1.9381195315304467e-08,
    2.3621565148346235e-08,
    2.4637476059297114e-08,
    2.464003756585953e-08,
    2.402613574759016e-08,
    2.012377287030631e-08,
    1.346664824097843e-08,
    2.6163677446788824e-08,
    7.668350576750527e-08,
    1.0684338747068978e-07,
    2.3506575530518603e-07,
    0.000119136726425495,
    0.00018846735474653542,
    7.001843914622441e-05,
    1.7302594642387703e-05,
    1.3297832083480898e-05,
    8.234156325670483e-07,
    1.2495896726250066e-06
  ],
  "J": 33
}