{
  "mu": [
    0.0,
    -0.9140828251838684,
    -1.0605353116989136,
    -0.7255573868751526,
    -0.8394041061401367,
    -0.6462759971618652,
    -0.5576592683792114,
    -0.5577028393745422,
    -0.4617224931716919,
    -0.37368762493133545,
    -0.28127944469451904,
    -0.09364452958106995,
    -0.37473198771476746,
    -0.37473195791244507,
    -0.1850140541791916,
    -0.04454658180475235,
    -0.04430064558982849,
    -0.04407951608300209,
    -0.04407554492354393,
    -0.04424363374710083,
    -0.04452504217624664,
    0.15873748064041138,
    0.08134856075048447,
    0.2415873259305954,
    0.3393005430698395,
    0.3393004834651947,
    0.2416323572397232,
    0.33807575702667236,
    0.44454628229141235,
    0.5445255637168884,
    0.6242523193359375,
    0.6246007680892944,
    0.7741435766220093
  ],
  "sigma2": [
    3.13835553242825e-05,
    0.0003934694977942854,
    0.00040080261533148587,
    0.0003938394656870514,
    0.0004000762419309467,
    0.0003871499502565712,
    0.00040153792360797524,
    0.00035612512147054076,
    0.0003226829576306045,
    0.0002315569727215916,
    0.00026491409516893327,
    0.00018790079047903419,
    0.0004015620506834239,
    0.0004015620506834239,
    0.00021828533499501646,
    0.0003976270090788603,
    0.00039249827386811376,
    0.0003871849912684411,
    0.0003870862419717014,
    0.0003911767271347344,
    0.0003972220583818853,
    0.0001692400110187009,
    0.00018869845371227711,
    0.00040155017632059753,
    0.00040153716690838337,
    0.00040153658483177423,
    0.00019371956295799464,
    0.00024232733994722366,
    0.0003209409478586167,
    0.0003795642114710063,
    0.00038603227585554123,
    0.00040147514664568007,
    0.00040007528150454164
  ],
  "pi": [
    0.9990000128746033,
    1.0028978749687667e-06,
    3.818718852244274e-08,
    1.847448515945871e-06,
    1.1296506272628903e-06,
    6.18205967839458e-06,
    6.555725295953607e-09,
    1.273273301194422e-05,
    2.3566492018289864e-05,
    7.265573367476463e-05,
    5.802919258712791e-05,
    0.00018604219076223671,
    1.6526191526367029e-09,
    1.655565906588663e-09,
    9.137496817857027e-05,
    6.697929393340019e-07,
    1.5290607962015201e-06,
    2.4074347493296955e-06,
    2.423714704491431e-06,
    1.7485228909208672e-06,
    7.382362241514784e-07,
    0.00015148031525313854,
    0.00020202150335535407,
    2.264263221363194e-09,
    3.5633209716223746e-09,
    3.6780039014416843e-09,
    0.00010120947990799323,
    5.5501266615465283e-05,
    1.7665104678599164e-05,
    4.056410034536384e-06,
    3.5836169445246924e-06,
    2.000868271068157e-08,
    3.2456850362905243e-07
  ],
  "J": 33
}