{
  "mu": [
    0.0,
    -0.9095863103866577,
    -1.0569055080413818,
    -0.720764696598053,
    -0.8360466361045837,
    -0.6436493396759033,
    -0.5547976493835449,
    -0.5542594790458679,
    -0.45978283882141113,
    -0.37195947766304016,
    -0.2791917622089386,
    -0.09246480464935303,
    -0.37420544028282166,
    -0.37420547008514404,
    -0.18415822088718414,
    -0.058873385190963745,
    -0.05881315842270851,
    -0.0587737150490284,
    -0.05877312272787094,
    -0.05880173295736313,
    -0.05886745825409889,
    0.15696795284748077,
    0.08113308250904083,
    0.240724578499794,
    0.3355099856853485,
    0.33551061153411865,
    0.24001403152942657,
    0.3362673819065094,
    0.44297391176223755,
    0.5439266562461853,
    0.6219744086265564,
    0.6221387386322021,
    0.7722511291503906
  ],
  "sigma2": [
    6.408543413272128e-05,
    0.00039402974653057754,
    0.0004008027899544686,
    0.0003916615969501436,
    0.00039597993600182235,
    0.00037760246777907014,
    0.000401528348447755,
    0.00034307222813367844,
    0.00030923166195861995,
    0.00023337220773100853,
    0.00026253610849380493,
    0.00020347710233181715,
    0.00040155957685783505,
    0.00040155937313102186,
    0.00023046006390359253,
    0.00040039324085228145,
    0.00039940737769939005,
    0.00039873088826425374,
    0.0003987210220657289,
    0.00039921357529237866,
    0.0004002985660918057,
    0.00018611413543112576,
    0.00018376139632891864,
    0.000401561293983832,
    0.00040153716690838337,
    0.00040153658483177423,
    0.00020855387265328318,
    0.00024625426158308983,
    0.00031472471891902387,
    0.0003783724387176335,
    0.00038270390359684825,
    0.0004014732257928699,
    0.00039843955892138183
  ],
  "pi": [
    0.9990000128746033,
    1.0051668368760147e-06,
    4.070960457625006e-08,
    1.8477060166333104e-06,
    1.1410797924327198e-06,
    6.25424763711635e-06,
    4.706329992387737e-09,
    1.288427029066952e-05,
    2.375752228545025e-05,
    7.312250818358734e-05,
    5.8515823184279725e-05,
    0.0001882921060314402,
    1.1855980641684027e-09,
    1.1877459016318426e-09,
    9.202292130794376e-05,
    3.2232142643806583e-07,
    5.84532642733393e-07,
    7.625807825206721e-07,
    7.652602675989328e-07,
    6.358828841257491e-07,
    3.476332040008856e-07,
    0.00015290534065570682,
    0.00020087363373022527,
    1.650659720020542e-09,
    2.6148596621311526e-09,
    2.7016051618034e-09,
    0.0001021686548483558,
    5.58960709895473e-05,
    1.7786560420063324e-05,
    4.101794274902204e-06,
    3.6055278087587794e-06,
    1.4405613590895427e-08,
    3.316898755656439e-07
  ],
  "J": 33
}