{
  "mu": [
    0.0,
    -0.7627295255661011,
    -0.8095012903213501,
    -0.6200878024101257,
    -0.6890348792076111,
    -0.5693725347518921,
    -0.4538803696632385,
    -0.49498632550239563,
    -0.4158955514431,
    -0.3368222117424011,
    -0.24668331444263458,
    -0.07010949403047562,
    -0.3364788889884949,
    -0.33648213744163513,
    -0.15213938057422638,
    -0.11134014278650284,
    -0.11135808378458023,
    -0.11136456578969955,
    -0.11136464029550552,
    -0.11136016249656677,
    -0.11134274303913116,
    0.12874247133731842,
    0.06356732547283173,
    0.2991807758808136,
    0.39935147762298584,
    0.3993605971336365,
    0.21319468319416046,
    0.3051161766052246,
    0.4007853865623474,
    0.4883495569229126,
    0.5562880039215088,
    0.5561872124671936,
    0.6939128041267395
  ],
  "sigma2": [
    3.070887760259211e-05,
    0.00040096029988490045,
    0.00040377568802796304,
    0.00039933217340148985,
    0.00040044690831564367,
    0.00039975339313969016,
    0.0004010230186395347,
    0.0004033513832837343,
    0.0004028863913845271,
    0.00033968783100135624,
    0.0004192405322100967,
    0.00044193383655510843,
    0.00040158809861168265,
    0.00040158789488486946,
    0.0005118083208799362,
    0.0004015992162749171,
    0.00040159901254810393,
    0.00040159901254810393,
    0.00040159901254810393,
    0.00040159901254810393,
    0.0004015992162749171,
    0.0004524221585597843,
    0.0003523714258335531,
    0.0004016250604763627,
    0.00040161493234336376,
    0.0004016151069663465,
    0.0004276334657333791,
    0.0004223731521051377,
    0.0004042164655402303,
    0.0003955249849241227,
    0.0003962661139667034,
    0.0004014058504253626,
    0.00039953921805135906
  ],
  "pi": [
    0.9990000128746033,
    1.2120300425522146e-06,
    1.5961876442815992e-07,
    2.0386476080602733e-06,
    1.0237074548058445e-06,
    5.845372470503207e-06,
    1.1538839999047923e-06,
    1.1650527085294016e-05,
    2.422236320853699e-05,
    7.560716767329723e-05,
    5.921244519413449e-05,
    0.0001794146082829684,
    1.2972637186692282e-08,
    1.3293579570472502e-08,
    9.682631207397208e-05,
    5.580334860866287e-09,
    5.929814861360683e-09,
    6.056067647364216e-09,
    6.057563783912201e-09,
    5.9720157707943144e-09,
    5.629220645175792e-09,
    0.0001630519109312445,
    0.00019088904082309455,
    2.0892326091370705e-08,
    3.529804004642756e-08,
    3.636236911574997e-08,
    0.00010567178105702624,
    5.554738891078159e-05,
    1.8297872884431854e-05,
    3.880657004629029e-06,
    3.6889127841277514e-06,
    1.1760382534475866e-07,
    3.341175727200607e-07
  ],
  "J": 33
}