{
  "mu": [
    0.0,
    -0.6580728888511658,
    -0.7107179164886475,
    -0.6001947522163391,
    -0.6000994443893433,
    -0.5336088538169861,
    -0.46291041374206543,
    -0.46260517835617065,
    -0.3865261673927307,
    -0.30682358145713806,
    -0.2205447405576706,
    -0.14968255162239075,
    -0.30666399002075195,
    -0.30666160583496094,
    -0.1521218866109848,
    -0.00031516110175289214,
    -0.0003085897187702358,
    -0.0003055180422961712,
    -0.00030521885491907597,
    -0.0003081799950450659,
    -0.00031414441764354706,
    0.140513613820076,
    0.14022982120513916,
    0.27299344539642334,
    0.3600624203681946,
    0.36005446314811707,
    0.1847725510597229,
    0.2759579122066498,
    0.36027559638023376,
    0.43786412477493286,
    0.5140108466148376,
    0.5136993527412415,
    0.6557713150978088
  ],
  "sigma2": [
    0.0010122291278094053,
    0.0004002254572696984,
    0.0003975272993557155,
    0.00040102071943692863,
    0.0003868150233756751,
    0.0003742957196664065,
    0.0004013032594230026,
    0.000340859784046188,
    0.0002733006840571761,
    0.00014650120283477008,
    0.000229744691750966,
    0.00029734091367572546,
    0.00040156455361284316,
    0.000401561293983832,
    0.00040157506009563804,
    0.00040160398930311203,
    0.00040160398930311203,
    0.00040160398930311203,
    0.00040160398930311203,
    0.00040160398930311203,
    0.00040160398930311203,
    0.0004015413869637996,
    0.0004013802099507302,
    0.0004015425220131874,
    0.0004015053855255246,
    0.0004014917940367013,
    0.000534432998392731,
    0.00018354122585151345,
    0.0002735048474278301,
    0.000358032644726336,
    0.0003614389570429921,
    0.00040124126826412976,
    0.00039874782669357955
  ],
  "pi": [
    0.9990000128746033,
    7.77280490638077e-07,
    2.436817567286198e-06,
    2.4820195676511503e-07,
    6.524982381961308e-06,
    1.2746420907205902e-05,
    1.2182664477222716e-07,
    2.901060361182317e-05,
    6.328446033876389e-05,
    0.00017743337957654148,
    0.0001368848461424932,
    9.233375749317929e-05,
    7.190325224115668e-09,
    8.468130197059054e-09,
    9.687873614439013e-09,
    2.9938114209926425e-09,
    3.3886007333450152e-09,
    3.482855115422012e-09,
    3.4830875961233687e-09,
    3.426178007970293e-09,
    3.061958908645579e-09,
    7.693008896580977e-09,
    5.1259803512948565e-08,
    1.2570025020863795e-08,
    1.6000306857222313e-08,
    1.9431142916914723e-08,
    0.00028470586403273046,
    0.00012723026156891137,
    4.535096013569273e-05,
    1.07951082100044e-05,
    9.088011211133562e-06,
    6.665383267545621e-08,
    8.085086733444768e-07
  ],
  "J": 33
}