{
  "mu": [
    0.0,
    -0.9373325705528259,
    -1.0849252939224243,
    -0.7486979365348816,
    -0.8563298583030701,
    -0.6588659286499023,
    -0.5692872405052185,
    -0.569283127784729,
    -0.4697015881538391,
    -0.3790566027164459,
    -0.28530755639076233,
    -0.09461931139230728,
    -0.37904539704322815,
    -0.37904539704322815,
    -0.18798881769180298,
    -0.04308941215276718,
    -0.043075501918792725,
    -0.043070849031209946,
    -0.04215282201766968,
    -0.04307352006435394,
    -0.043087780475616455,
    0.16335725784301758,
    0.08446137607097626,
    0.24690774083137512,
    0.3441769778728485,
    0.3441769778728485,
    0.24699346721172333,
    0.3442257344722748,
    0.451984703540802,
    0.5533671379089355,
    0.6347447037696838,
    0.6347401142120361,
    0.7847820520401001
  ],
  "sigma2": [
    1.5770669051562436e-05,
    0.0003888609353452921,
    0.0004008014511782676,
    0.0003815523232333362,
    0.0003887122729793191,
    0.0003295934584457427,
    0.00040146461105905473,
    0.00027674229932017624,
    0.00021867203759029508,
    0.00010395874414825812,
    0.00012811715714633465,
    4.936371260555461e-05,
    0.00040151725988835096,
    0.00040151725988835096,
    9.36669239308685e-05,
    0.00040143588557839394,
    0.0004014228761661798,
    0.0004014012520201504,
    0.00025956632453016937,
    0.00040142019861377776,
    0.0004014343721792102,
    5.837834032718092e-05,
    4.576412175083533e-05,
    0.00040152473957277834,
    0.00040150483255274594,
    0.00040150483255274594,
    8.397457713726908e-05,
    0.00013346174091566354,
    0.0002463383716531098,
    0.0003511786344461143,
    0.00035655294777825475,
    0.00040142767829820514,
    0.00039642315823584795
  ],
  "pi": [
    0.9990000128746033,
    9.370608609060582e-07,
    3.707815920961366e-08,
    1.8200809108748217e-06,
    1.1430875019868836e-06,
    6.19359661868657e-06,
    1.129467852578614e-09,
    1.2578151654452085e-05,
    2.338546619284898e-05,
    7.187123992480338e-05,
    5.743718793382868e-05,
    0.00018598117458168417,
    2.827223732904116e-10,
    2.830423395661086e-10,
    9.077981667360291e-05,
    5.057523289053734e-09,
    6.170730149079873e-09,
    8.089485525886175e-09,
    1.5213581718853675e-05,
    6.421184473026642e-09,
    5.164578098515449e-09,
    0.00014996218669693917,
    0.00020198305719532073,
    3.3021141376821106e-10,
    4.729275304704572e-10,
    4.808883846685319e-10,
    0.00010029961413238198,
    5.491442425409332e-05,
    1.7512871636427008e-05,
    4.028423518320778e-06,
    3.5634127470984822e-06,
    3.2859377441241122e-09,
    3.2128326665770146e-07
  ],
  "J": 33
}