{
  "mu": [
    0.0,
    -0.957735538482666,
    -1.1075180768966675,
    -0.7773535251617432,
    -0.8792446255683899,
    -0.6778596043586731,
    -0.5866221189498901,
    -0.5871085524559021,
    -0.48405036330223083,
    -0.3906724452972412,
    -0.29392796754837036,
    -0.09997463971376419,
    -0.3895896077156067,
    -0.3895896077156067,
    -0.19610346853733063,
    -0.04993021860718727,
    -0.04992982745170593,
    -0.04992944747209549,
    -0.04548249393701553,
    -0.04992973804473877,
    -0.04993017762899399,
    0.16815397143363953,
    0.08589433133602142,
    0.25125834345817566,
    0.3516923785209656,
    0.3516923785209656,
    0.2514689862728119,
    0.35098767280578613,
    0.4613642692565918,
    0.5620120763778687,
    0.6446249485015869,
    0.6442698240280151,
    0.8038761615753174
  ],
  "sigma2": [
    1.651700949878432e-05,
    0.0003930706006940454,
    0.0004008016549050808,
    0.0003866259939968586,
    0.0003943037590943277,
    0.00036168721271678805,
    0.0004015314334537834,
    0.000327516085235402,
    0.00027719844365492463,
    0.0001638370013097301,
    0.00021972059039399028,
    0.0001469561248086393,
    0.00040152930887416005,
    0.00040152910514734685,
    0.00019129420979879797,
    0.00040154176531359553,
    0.0004015409795101732,
    0.00040153946611098945,
    0.00026692208484746516,
    0.0004015406302642077,
    0.00040154176531359553,
    0.00013175549975130707,
    0.00014018386718817055,
    0.0004015375452581793,
    0.0004015207232441753,
    0.0004015205195173621,
    0.0001543898688396439,
    0.00019874420831911266,
    0.000283185945590958,
    0.00037426361814141273,
    0.00036771962186321616,
    0.0004014828009530902,
    0.00039713794831186533
  ],
  "pi": [
    0.9990000128746033,
    9.647714023230947e-07,
    3.64439607380973e-08,
    1.754883555804554e-06,
    1.1067784271290293e-06,
    6.004535407555522e-06,
    7.824368375430879e-10,
    1.2388544746499974e-05,
    2.2800135411671363e-05,
    7.05072088749148e-05,
    5.668483936460689e-05,
    0.00018528195505496114,
    2.0434398617652505e-10,
    2.0453913562867854e-10,
    8.928693569032475e-05,
    1.8829673376075107e-09,
    2.068433424540217e-09,
    2.3410653415822935e-09,
    2.4800772735034116e-05,
    2.106927743383835e-09,
    1.901928392555874e-09,
    0.00014723686035722494,
    0.0002034829230979085,
    2.2789151121749285e-10,
    3.166499285001123e-10,
    3.2067135058433394e-10,
    9.870323265204206e-05,
    5.398832945502363e-05,
    1.721909939078614e-05,
    3.881349130097078e-06,
    3.5405628295848146e-06,
    2.2034973845563854e-09,
    3.153371039843478e-07
  ],
  "J": 33
}