{
  "mu": [
    0.0,
    -0.7283394932746887,
    -0.7009612917900085,
    -0.5800979733467102,
    -0.580822765827179,
    -0.5181348323822021,
    -0.4480883777141571,
    -0.4482104480266571,
    -0.3754032254219055,
    -0.29742714762687683,
    -0.2178313136100769,
    -0.21574263274669647,
    -0.2947760224342346,
    -0.2946945130825043,
    -0.16917213797569275,
    -0.00042098312405869365,
    -0.00046159676276147366,
    -0.0007576648495160043,
    -0.0007686786120757461,
    -0.0005060212570242584,
    -0.00035341232432983816,
    0.08222216367721558,
    0.20132598280906677,
    0.25774744153022766,
    0.34159523248672485,
    0.3415876030921936,
    0.19883552193641663,
    0.26271364092826843,
    0.341712087392807,
    0.4143918752670288,
    0.49455997347831726,
    0.49406272172927856,
    0.6352901458740234
  ],
  "sigma2": [
    0.002047596499323845,
    0.0004013139696326107,
    0.0003995748411398381,
    0.0004011385317426175,
    0.0003900805313605815,
    0.00038735620910301805,
    0.0004011548007838428,
    0.00035997095983475447,
    0.0003038680588360876,
    0.0002238397573819384,
    0.00033682971843518317,
    0.0004015029116999358,
    0.0004015762242488563,
    0.0004015720041934401,
    0.0004016011080238968,
    0.00040160035132430494,
    0.00040159979835152626,
    0.00040159979835152626,
    0.00040159979835152626,
    0.00040159979835152626,
    0.00040160035132430494,
    0.00040161010110750794,
    0.0004015884769614786,
    0.0004015689482912421,
    0.00040151915163733065,
    0.0004014697624370456,
    0.0003104741917923093,
    0.000273274868959561,
    0.000318476784741506,
    0.0003739960375241935,
    0.00037733447970822453,
    0.0004009635595139116,
    0.0003968154196627438
  ],
  "pi": [
    0.9990000128746033,
    6.870319566587568e-07,
    2.8713379833789077e-06,
    4.2025993707284215e-07,
    1.0493656191101763e-05,
    1.7294032659265213e-05,
    3.8540454738722474e-07,
    3.918609945685603e-05,
    8.7373198766727e-05,
    0.00024341019161511213,
    0.0001635635708225891,
    1.876694142310953e-07,
    1.6758860965637723e-08,
    2.034173363085756e-08,
    7.327775275456361e-09,
    9.927175526058818e-09,
    1.2026108109353117e-08,
    1.2530828819024009e-08,
    1.2532094473272082e-08,
    1.2227064694059209e-08,
    1.0291744345636289e-08,
    7.026463411108352e-09,
    1.7155386444756004e-08,
    4.0324636074728915e-08,
    4.4017120615080785e-08,
    7.511538058224687e-08,
    0.00016702977882232517,
    0.00017522492271382362,
    6.196150934556499e-05,
    1.576368958922103e-05,
    1.2436610631993972e-05,
    2.923091244610987e-07,
    1.121202558351797e-06
  ],
  "J": 33
}