{
  "mu": [
    0.0,
    -0.8670240640640259,
    -1.003644347190857,
    -0.6923530101776123,
    -0.80322265625,
    -0.6185466051101685,
    -0.5328742265701294,
    -0.5325501561164856,
    -0.44562116265296936,
    -0.3598819077014923,
    -0.2689189314842224,
    -0.08637651056051254,
    -0.359406441450119,
    -0.359406441450119,
    -0.1740092933177948,
    -0.06358000636100769,
    -0.06359892338514328,
    -0.06360629945993423,
    -0.06360640376806259,
    -0.06360134482383728,
    -0.06358254700899124,
    0.15170882642269135,
    0.0791981890797615,
    0.2330629527568817,
    0.3285404443740845,
    0.3285406827926636,
    0.23401983082294464,
    0.3298681378364563,
    0.4338621497154236,
    0.5290132761001587,
    0.6050107479095459,
    0.6050272583961487,
    0.750153660774231
  ],
  "sigma2": [
    1.569428604852874e-05,
    0.000395951239624992,
    0.00040080182952806354,
    0.00039086086326278746,
    0.0003946608048863709,
    0.00035391762503422797,
    0.0004014575097244233,
    0.0003025835321750492,
    0.00024857508833520114,
    0.00011833947792183608,
    0.00018282199744135141,
    0.00018119906599167734,
    0.00040151402936317027,
    0.00040151417488232255,
    0.00015078681462910026,
    0.0004015513404738158,
    0.00040154828457161784,
    0.00040154712041839957,
    0.00040154712041839957,
    0.00040154808084480464,
    0.0004015507875010371,
    9.603084617992863e-05,
    0.00010685464803827927,
    0.0004014973237644881,
    0.0004014445294160396,
    0.00040143035585060716,
    0.00012571226397994906,
    0.00018859429110307246,
    0.0002801190421450883,
    0.00036668096436187625,
    0.0003662339586298913,
    0.00040139548946172,
    0.00039687237585894763
  ],
  "pi": [
    0.9990000128746033,
    1.017642375700234e-06,
    3.827568662018166e-08,
    1.8668320080905687e-06,
    1.1466577234386932e-06,
    6.477992883446859e-06,
    5.53296830574368e-09,
    1.2788791536877397e-05,
    2.3716520445304923e-05,
    7.401032780762762e-05,
    5.9119734942214563e-05,
    0.0001887479011202231,
    1.0031219188633145e-09,
    1.0081069312661839e-09,
    9.236019104719162e-05,
    6.072801816969786e-09,
    6.969464116934887e-09,
    7.3274888379160075e-09,
    7.331997675663615e-09,
    7.086796038890952e-09,
    6.190965073926691e-09,
    0.00015343923587352037,
    0.00020015487098135054,
    3.817057780963751e-09,
    1.0864622090878129e-08,
    1.2660185788604394e-08,
    0.00010275183012709022,
    5.636656715068966e-05,
    1.782481194823049e-05,
    4.013468242192175e-06,
    3.741899263332016e-06,
    1.1039420932945632e-08,
    3.296015336218261e-07
  ],
  "J": 33
}