{
  "mu": [
    0.0,
    -0.8461095690727234,
    -0.9836649298667908,
    -0.6709592938423157,
    -0.7808598875999451,
    -0.6027956008911133,
    -0.5206714272499084,
    -0.5205891728401184,
    -0.4364495873451233,
    -0.3527376055717468,
    -0.262932151556015,
    -0.08328831195831299,
    -0.3533921539783478,
    -0.3533921539783478,
    -0.16827674210071564,
    -0.08173664659261703,
    -0.08173710107803345,
    -0.08173727989196777,
    -0.08173727989196777,
    -0.08173716068267822,
    -0.081736721098423,
    0.14740243554115295,
    0.07770949602127075,
    0.23085755109786987,
    0.3226427435874939,
    0.3226478695869446,
    0.22947761416435242,
    0.3249732255935669,
    0.4278165400028229,
    0.5205155611038208,
    0.5957560539245605,
    0.5957385897636414,
    0.7337810397148132
  ],
  "sigma2": [
    1.5755456843180582e-05,
    0.00039821237442083657,
    0.00040080182952806354,
    0.0003887361672241241,
    0.00039373431354761124,
    0.00034129354753531516,
    0.00040140716009773314,
    0.00030072254594415426,
    0.0002332009025849402,
    0.00011926524894079193,
    0.00019249417528044432,
    0.00020130838674958795,
    0.000401512865209952,
    0.0004015126614831388,
    0.00017554077203385532,
    0.0004015649319626391,
    0.00040156414615921676,
    0.0004015635931864381,
    0.0004015635931864381,
    0.00040156414615921676,
    0.00040156475733965635,
    0.00013282230065669864,
    0.00013057689648121595,
    0.0004014870210085064,
    0.0004012668796349317,
    0.0004011852142866701,
    0.0001494709140388295,
    0.00022573480964638293,
    0.00028640328673645854,
    0.0003709769225679338,
    0.00036710521089844406,
    0.00040133006405085325,
    0.00039690849371254444
  ],
  "pi": [
    0.9990000128746033,
    1.0280967899234383e-06,
    3.805173776072479e-08,
    2.0663146642618813e-06,
    1.1548630709512508e-06,
    6.595672402909258e-06,
    1.0176188780519624e-08,
    1.2783774764102418e-05,
    2.382953607593663e-05,
    7.49313403503038e-05,
    5.934456203249283e-05,
    0.0001849585969466716,
    1.7518763106849633e-09,
    1.7641639260546071e-09,
    9.3020913482178e-05,
    3.736017273325842e-09,
    4.022601363118383e-09,
    4.128195119079692e-09,
    4.129470987379591e-09,
    4.057744806829078e-09,
    3.775667778427305e-09,
    0.0001551593013573438,
    0.0001985042472369969,
    1.3350832439584792e-08,
    6.498574833813109e-08,
    8.306106025202098e-08,
    0.00010357335122535005,
    5.671687176800333e-05,
    1.793940282368567e-05,
    4.091320533916587e-06,
    3.7145150599826593e-06,
    1.8348382369026695e-08,
    3.3202030635948176e-07
  ],
  "J": 33
}