{
  "mu": [
    0.0,
    -0.5735762715339661,
    -0.20552358031272888,
    -0.43124544620513916,
    -0.08128473907709122,
    0.1055777296423912,
    0.10553260147571564,
    0.10538528859615326,
    0.27909016609191895,
    0.21593238413333893,
    0.15907101333141327,
    0.10553101450204849,
    0.1055731549859047,
    0.10552570223808289,
    0.3548111319541931,
    0.05371498689055443,
    0.45605817437171936
  ],
  "sigma2": [
    1.1602275662880857e-05,
    0.00030960020376369357,
    0.002958152908831835,
    0.00030375010101124644,
    0.000500218418892473,
    0.00028238928643986583,
    0.00028229638701304793,
    0.0002541228604968637,
    0.0002805411641020328,
    0.00027349154697731137,
    0.0002568029740359634,
    0.00028229449526406825,
    0.00028238873346708715,
    0.0002823569520842284,
    0.00028469011886045337,
    0.00018657992768567055,
    0.000313903990900144
  ],
  "pi": [
    0.9990000128746033,
    2.160210669899243e-06,
    0.0002817808708641678,
    1.2693509233940858e-05,
    0.000165571051184088,
    3.973625695152805e-08,
    4.866000153924688e-07,
    0.00014789622218813747,
    2.002489782171324e-05,
    4.677728793467395e-05,
    9.907966159516945e-05,
    4.960488126926066e-07,
    4.212592230601331e-08,
    1.9519050908911595e-07,
    8.487617378705181e-06,
    0.00021061624283902347,
    3.6527696920529706e-06
  ],
  "J": 17
}