{
  "mu": [
    0.0,
    -0.9029280543327332,
    -0.781715989112854,
    -0.6630303263664246,
    -0.5504931807518005,
    -0.1700848788022995,
    -0.43054425716400146,
    -0.30994516611099243,
    -0.21074427664279938,
    -0.07394149154424667,
    -0.11839195340871811,
    0.2521122992038727,
    0.36617398262023926,
    0.11797250062227249,
    0.4763045012950897,
    0.5894497036933899,
    0.6930959820747375
  ],
  "sigma2": [
    7.827761874068528e-05,
    0.0004438280884642154,
    0.0004467052349355072,
    0.0004932905430905521,
    0.0005141388974152505,
    0.0004355241544544697,
    0.0005477903760038316,
    0.0005851637688465416,
    0.0004343321197666228,
    0.00030707105179317296,
    0.00042380738887004554,
    0.00046613856102339923,
    0.0004971743910573423,
    0.0012711645103991032,
    0.0004854281432926655,
    0.00043925869977101684,
    0.0004393984272610396
  ],
  "pi": [
    0.9990000128746033,
    1.1768092917918693e-06,
    3.298979663668433e-06,
    9.149262950813863e-06,
    2.4017812393140048e-05,
    8.453828922938555e-05,
    7.044166704872623e-05,
    6.448759086197242e-05,
    2.9412209187285043e-05,
    0.0001323390461038798,
    8.559226262150332e-05,
    0.00010259635018883273,
    5.111516293254681e-05,
    0.00032197576365433633,
    1.4932456906535663e-05,
    4.246800017426722e-06,
    6.795291369598999e-07
  ],
  "J": 17
}