{
  "top1_error_pre[%]": 94.89999999999999,
  "top1_error_post[%]": 0.7399999999999962,
  "Delta[%]": -94.16,
  "|W|": 430500,
  "|W_nonzero|/|W|[%]": 5.474564459930313,
  "CR": 46.923538067469615,
  "acc_pretrain": 0.051,
  "acc_retrain": 0.994,
  "acc_quantized": 0.9926
}