{
  "mu": [
    0.0,
    -0.2513645887374878,
    -0.25187361240386963,
    -0.24983778595924377,
    -0.2489076554775238,
    -0.24693934619426727,
    -0.24378618597984314,
    -0.24853108823299408,
    -0.2516423761844635,
    -0.2436918169260025,
    -0.24598927795886993,
    0.20928697288036346,
    0.20833073556423187,
    0.20852740108966827,
    0.20938067138195038,
    0.20952710509300232,
    0.21009324491024017
  ],
  "sigma2": [
    0.0009566079243086278,
    0.010453377850353718,
    0.010525759309530258,
    0.010184121318161488,
    0.009975781664252281,
    0.009379207156598568,
    0.00786437839269638,
    0.009878464043140411,
    0.010489324107766151,
    0.007807285990566015,
    0.008998257108032703,
    0.008844008669257164,
    0.00831442791968584,
    0.008420984260737896,
    0.008897962979972363,
    0.008981222286820412,
    0.009306950494647026
  ],
  "pi": [
    0.9950419068336487,
    0.00018755542987491935,
    0.00017420943186152726,
    0.00021738595387432724,
    0.00023904028057586402,
    0.00030261659412644804,
    0.0005231595132499933,
    0.00026812340365722775,
    0.00024637067690491676,
    0.0005314437439665198,
    0.0003606715181376785,
    0.0003117061569355428,
    0.00038021421642042696,
    0.00036796004860661924,
    0.00030345728737302125,
    0.0002913207281380892,
    0.0002528525947127491
  ],
  "J": 17
}