{
  "mu": [
    0.0,
    -0.7769358158111572,
    -0.6423367261886597,
    -0.5467033386230469,
    -0.4458462595939636,
    -0.34543895721435547,
    -0.44334477186203003,
    -0.15592816472053528,
    0.07968389987945557,
    0.07968778908252716,
    0.0796843096613884,
    0.14667367935180664,
    0.41740933060646057,
    0.30441412329673767,
    0.41856852173805237,
    0.5361682772636414,
    0.6605517864227295
  ],
  "sigma2": [
    0.00017524788563605398,
    0.0005845535779371858,
    0.0005650937673635781,
    0.000553055084310472,
    0.0005706101073883474,
    0.0003341159026604146,
    0.0005533407675102353,
    0.004146300256252289,
    0.000553189602214843,
    0.0005531890783458948,
    0.0005531898350454867,
    0.00288888206705451,
    0.0005533162038773298,
    0.0004066467226948589,
    0.0005276569281704724,
    0.0005523106083273888,
    0.0005416041822172701
  ],
  "pi": [
    0.9990000128746033,
    2.140692913599196e-06,
    5.705779585696291e-06,
    1.3058346667094156e-05,
    3.360231494298205e-05,
    0.00012717288336716592,
    1.175974428946347e-08,
    0.00028031927649863064,
    8.067863599414693e-10,
    8.548841079480951e-10,
    8.13004774613546e-10,
    0.0004096381599083543,
    5.92514348696227e-09,
    9.446119656786323e-05,
    2.5590683435439132e-05,
    7.4818840403168e-06,
    8.086865364020923e-07
  ],
  "J": 17
}