{
  "mu": [
    0.0,
    -0.9424781203269958,
    -0.69622403383255,
    -0.7490732073783875,
    -0.5930172801017761,
    -0.10374908149242401,
    -0.4320217967033386,
    -0.28296881914138794,
    -0.18527792394161224,
    -0.17566797137260437,
    -0.18546268343925476,
    0.18754050135612488,
    0.2839774191379547,
    0.10508458316326141,
    0.4162845313549042,
    0.5908303260803223,
    0.7400988340377808
  ],
  "sigma2": [
    8.879097731551155e-05,
    0.0011649891966953874,
    0.0011559005361050367,
    0.0011555688688531518,
    0.0011554199736565351,
    0.0010164404520764947,
    0.0008710554684512317,
    0.000999385491013527,
    0.001155769918113947,
    0.0011570067144930363,
    0.001155770500190556,
    0.0010019463952630758,
    0.000931770948227495,
    0.0007991535239852965,
    0.0009691352024674416,
    0.0011268333764746785,
    0.001155462465249002
  ],
  "pi": [
    0.9990000128746033,
    1.057630242939922e-06,
    3.18778859309532e-07,
    8.200182492146268e-06,
    1.8817399904946797e-05,
    0.00024210551055148244,
    9.337458322988823e-05,
    8.150586654664949e-05,
    1.650575143230526e-08,
    5.766923277406022e-05,
    1.2350500178115453e-08,
    0.00011958476534346119,
    8.962102583609521e-05,
    0.0002374473406234756,
    4.39590985479299e-05,
    5.978208719170652e-06,
    3.31614472770525e-07
  ],
  "J": 17
}