{
  "mu": [
    0.0,
    -0.6329600214958191,
    -0.4837260842323303,
    -0.3269082307815552,
    -0.16074234247207642,
    -0.0007175104692578316,
    0.20315513014793396,
    0.36431655287742615,
    0.5100299715995789
  ],
  "sigma2": [
    0.0010203019483014941,
    0.00043959877802990377,
    0.00045091132051311433,
    0.0003576693416107446,
    0.00042944331653416157,
    0.00040159979835152626,
    0.002423121128231287,
    0.0002737295289989561,
    0.00037792001967318356
  ],
  "pi": [
    0.9990000128746033,
    1.1022887520084623e-05,
    4.445721788215451e-05,
    0.00026105361757799983,
    0.00019930576672777534,
    2.9605640605723238e-08,
    0.00040544377407059073,
    6.45639156573452e-05,
    1.4123335859039798e-05
  ],
  "J": 9
}