{
  "mu": [
    0.0,
    -0.8031649589538574,
    -0.5835883617401123,
    -0.40102893114089966,
    -0.2085946500301361,
    -0.0967315211892128,
    0.16190668940544128,
    0.4615814685821533,
    0.6132261753082275
  ],
  "sigma2": [
    1.56923688336974e-05,
    0.0004111191083211452,
    0.0002766750112641603,
    0.000115505579742603,
    0.0001165273497463204,
    0.00011699124297592789,
    0.0052072107791900635,
    0.0002154196408810094,
    0.0003482563770376146
  ],
  "pi": [
    0.9990000128746033,
    5.3927105909679085e-06,
    1.8399259715806693e-05,
    0.00010879498586291447,
    0.0001456633908674121,
    0.00017393569578416646,
    0.0005104853771626949,
    3.16858095175121e-05,
    5.642835731123341e-06
  ],
  "J": 9
}