{
  "mu": [
    0.0,
    -0.6221277117729187,
    -0.47734808921813965,
    -0.3212703764438629,
    -0.1552431732416153,
    -0.0002607402566354722,
    0.19712519645690918,
    0.35919561982154846,
    0.5071936845779419
  ],
  "sigma2": [
    0.0009645180543884635,
    0.00039776184712536633,
    0.00039916919195093215,
    0.0002809510624501854,
    0.00041849352419376373,
    0.0004015961312688887,
    0.002443470060825348,
    0.00023422705999109894,
    0.00035304148332215846
  ],
  "pi": [
    0.9990000128746033,
    1.0763188583950978e-05,
    4.351036113803275e-05,
    0.00025575037579983473,
    0.00019986671395599842,
    5.098504374245749e-08,
    0.00041185718146152794,
    6.43979583401233e-05,
    1.3803265574097168e-05
  ],
  "J": 9
}