{
  "mu": [
    0.0,
    -0.5991143584251404,
    -0.46184059977531433,
    -0.305286169052124,
    -0.06932642310857773,
    -0.00015511819219682366,
    0.24351736903190613,
    0.33736491203308105,
    0.4818713366985321
  ],
  "sigma2": [
    0.002326887333765626,
    0.0003872658999171108,
    0.0002984591119457036,
    0.000578169128857553,
    0.0004016120219603181,
    0.0004015733429696411,
    0.0004003951617050916,
    0.00024580309400334954,
    0.0003773794451262802
  ],
  "pi": [
    0.9990000128746033,
    1.9373943359823897e-05,
    7.688202458666638e-05,
    0.0004675466625485569,
    6.848289046956779e-08,
    1.1882946893138069e-07,
    0.0002882708504330367,
    0.000122141616884619,
    2.559765925980173e-05
  ],
  "J": 9
}