{
  "mu": [
    0.0,
    -0.6006067991256714,
    -0.46165499091148376,
    -0.3070688545703888,
    -0.06764892488718033,
    -0.00041294447146356106,
    0.2528051435947418,
    0.33522653579711914,
    0.4795182943344116
  ],
  "sigma2": [
    0.0030844600405544043,
    0.00045738491462543607,
    0.00041097155190072954,
    0.0009154579602181911,
    0.0004016169987153262,
    0.0004015277954749763,
    0.00041666897595860064,
    0.00037515844451263547,
    0.00045488408068194985
  ],
  "pi": [
    0.9990000128746033,
    2.0920688257319853e-05,
    8.389475988224149e-05,
    0.0004997053765691817,
    1.712600266046138e-07,
    3.0091860026004724e-07,
    0.00023289247474167496,
    0.00013422280608210713,
    2.7891768695553765e-05
  ],
  "J": 9
}