{
  "mu": [
    0.0,
    -0.8039681911468506,
    -0.5835697054862976,
    -0.4008343815803528,
    -0.20836640894412994,
    -0.09649039804935455,
    0.16241289675235748,
    0.4617871046066284,
    0.6136050820350647
  ],
  "sigma2": [
    1.5637080650776625e-05,
    0.0004005494702141732,
    0.0002628156798891723,
    9.182153007714078e-05,
    8.704778156243265e-05,
    8.597828127676621e-05,
    0.005091157741844654,
    0.00020245721680112183,
    0.0003434942336753011
  ],
  "pi": [
    0.9990000128746033,
    5.395476364356e-06,
    1.8408669347991236e-05,
    0.0001088501958292909,
    0.00014573728549294174,
    0.00017423200188204646,
    0.0005100098205730319,
    3.172082870150916e-05,
    5.645730198011734e-06
  ],
  "J": 9
}