{
  "mu": [
    0.0,
    -0.7927562594413757,
    -0.5816447734832764,
    -0.3705333173274994,
    -0.15942184627056122,
    0.05168972909450531,
    0.2628012001514435,
    0.47391265630722046,
    0.6850241422653198
  ],
  "sigma2": [
    0.0625,
    0.0625,
    0.0625,
    0.0625,
    0.0625,
    0.0625,
    0.0625,
    0.0625,
    0.0625
  ],
  "pi": [
    0.9990000128746033,
    0.0001250000059371814,
    0.0001250000059371814,
    0.0001250000059371814,
    0.0001250000059371814,
    0.0001250000059371814,
    0.0001250000059371814,
    0.0001250000059371814,
    0.0001250000059371814
  ],
  "J": 9
}