{
  "mu": [
    0.0,
    -0.6576439738273621,
    -0.50279700756073,
    -0.3455513119697571,
    -0.11738874763250351,
    -0.05907585844397545,
    0.13365134596824646,
    0.3924025893211365,
    0.5389334559440613
  ],
  "sigma2": [
    8.032244659261778e-05,
    0.0007139125955291092,
    0.0005255030118860304,
    0.00039136421401053667,
    0.002504283096641302,
    0.0004014525329694152,
    0.006347969174385071,
    0.00033564952900633216,
    0.0003888822684530169
  ],
  "pi": [
    0.9990000128746033,
    5.738063919125125e-06,
    2.0351915736682713e-05,
    0.00011833827011287212,
    0.00029594957595691085,
    3.968097406215065e-09,
    0.0005232405383139849,
    2.9981767511344515e-05,
    6.395908712875098e-06
  ],
  "J": 9
}