{
  "mu": [
    0.0,
    -0.7780607342720032,
    -0.5699861645698547,
    -0.39161574840545654,
    -0.2012801170349121,
    -0.0938749611377716,
    0.16016867756843567,
    0.44962355494499207,
    0.6030200123786926
  ],
  "sigma2": [
    5.3619634854840115e-05,
    0.0005759562482126057,
    0.00033404232817701995,
    0.0002094719820888713,
    0.00028829826624132693,
    0.00019278278341516852,
    0.005375236738473177,
    0.0002817385829985142,
    0.000371471862308681
  ],
  "pi": [
    0.9990000128746033,
    5.474765657709213e-06,
    1.8678392734727822e-05,
    0.00011043845734093338,
    0.000148118007928133,
    0.00017431408923584968,
    0.0005051764310337603,
    3.20710678352043e-05,
    5.72881208427134e-06
  ],
  "J": 9
}