{
  "mu": [
    0.0,
    -0.7274993658065796,
    -0.5415127277374268,
    -0.37317895889282227,
    -0.18387484550476074,
    -0.08562039583921432,
    0.15327008068561554,
    0.43182632327079773,
    0.5826165080070496
  ],
  "sigma2": [
    1.564916419738438e-05,
    0.0008975506643764675,
    0.00040117104072123766,
    0.0003835146490018815,
    0.0008615495171397924,
    0.0003294640046078712,
    0.0057608564384281635,
    0.00025835077394731343,
    0.0003617765614762902
  ],
  "pi": [
    0.9990000128746033,
    5.547537512029521e-06,
    1.8915374312200584e-05,
    0.00011181596346432343,
    0.00015278594219125807,
    0.0001678046683082357,
    0.0005054358043707907,
    3.189311973983422e-05,
    5.801623501611175e-06
  ],
  "J": 9
}