{
  "mu": [
    0.0,
    -0.6208394169807434,
    -0.47791028022766113,
    -0.3197263777256012,
    -0.15939244627952576,
    -0.00013438418682198972,
    0.20775502920150757,
    0.357269287109375,
    0.5041897296905518
  ],
  "sigma2": [
    0.001138272462412715,
    0.00039100812864489853,
    0.00035632928484119475,
    0.000300002982839942,
    0.0003963148919865489,
    0.00040157968760468066,
    0.0021021885331720114,
    0.00021832197671756148,
    0.0003499044687487185
  ],
  "pi": [
    0.9990000128746033,
    1.2351778423180804e-05,
    4.846318552154116e-05,
    0.0002889990573748946,
    0.00017155711248051375,
    1.3059383263680502e-07,
    0.0003896843991242349,
    7.30185565771535e-05,
    1.5795385479577817e-05
  ],
  "J": 9
}