{
  "mu": [
    0.0,
    -0.6783080101013184,
    -0.514541745185852,
    -0.35516998171806335,
    -0.1581534892320633,
    -0.07141334563493729,
    0.13791145384311676,
    0.40575751662254333,
    0.5527081489562988
  ],
  "sigma2": [
    2.5243602067348547e-05,
    0.0009153711143881083,
    0.0006166851962916553,
    0.0006701297825202346,
    0.0015058526769280434,
    0.00044947926653549075,
    0.006450939457863569,
    0.0004955523763783276,
    0.0004208585014566779
  ],
  "pi": [
    0.9990000128746033,
    5.5410514505638275e-06,
    1.915483699121978e-05,
    0.00011249742237851024,
    0.00017728848615661263,
    0.00013194256462156773,
    0.0005178312421776354,
    2.9792439818265848e-05,
    5.951987077423837e-06
  ],
  "J": 9
}