{
  "mu": [
    0.0,
    -0.7686666250228882,
    -0.5629743337631226,
    -0.3868997097015381,
    -0.19696952402591705,
    -0.09186702221632004,
    0.1585613638162613,
    0.4476281702518463,
    0.5999917387962341
  ],
  "sigma2": [
    1.5630103007424623e-05,
    0.0006405219901353121,
    0.0002888456219807267,
    0.00010262135765515268,
    0.0002828925207722932,
    9.557548037264496e-05,
    0.005540277808904648,
    0.000210557525861077,
    0.00035099181695841253
  ],
  "pi": [
    0.9990000128746033,
    5.466465609060833e-06,
    1.865053127403371e-05,
    0.00011027968866983429,
    0.0001478541234973818,
    0.00017373885202687234,
    0.0005063664284534752,
    3.1923886126605794e-05,
    5.720001809095265e-06
  ],
  "J": 9
}