{
  "mu": [
    0.0,
    -0.6837589740753174,
    -0.5199169516563416,
    -0.3584271967411041,
    -0.16315199434757233,
    -0.0753248780965805,
    0.1398279070854187,
    0.40936586260795593,
    0.5563773512840271
  ],
  "sigma2": [
    2.1131621906533837e-05,
    0.0009467289783060551,
    0.0006327416049316525,
    0.0008063932182267308,
    0.0015001408755779266,
    0.000495456624776125,
    0.0064409347251057625,
    0.000534986553248018,
    0.0004433866706676781
  ],
  "pi": [
    0.9990000128746033,
    5.560250883718254e-06,
    1.8741693565971218e-05,
    0.00011290352995274588,
    0.00017072215268854052,
    0.00013956720067653805,
    0.000516540661919862,
    3.0060651624808088e-05,
    5.903837973164627e-06
  ],
  "J": 9
}