{
  "mu": [
    0.0,
    -0.7824680209159851,
    -0.5724161267280579,
    -0.3933632969856262,
    -0.20285996794700623,
    -0.09472762793302536,
    0.15961912274360657,
    0.4526848793029785,
    0.6043347716331482
  ],
  "sigma2": [
    1.576554132043384e-05,
    0.000560102635063231,
    0.0003031163942068815,
    0.00012348820746410638,
    0.00020267551008146256,
    0.00011759674089262262,
    0.005712965037673712,
    0.00023628686903975904,
    0.0003601390344556421
  ],
  "pi": [
    0.9990000128746033,
    5.4426245696959086e-06,
    1.856930430221837e-05,
    0.0001098003558581695,
    0.00014701772306580096,
    0.0001733528624754399,
    0.0005082649295218289,
    3.185724563081749e-05,
    5.695049367204774e-06
  ],
  "J": 9
}