{
  "mu": [
    0.0,
    -0.5916955471038818,
    -0.45071253180503845,
    -0.3056647479534149,
    -0.06665214151144028,
    -0.00020647920609917492,
    0.2598646581172943,
    0.323808491230011,
    0.4688246548175812
  ],
  "sigma2": [
    0.0038830009289085865,
    0.0006367844180203974,
    0.0006538204033859074,
    0.0009932435350492597,
    0.00040233347681351006,
    0.00040216947672888637,
    0.00037987055839039385,
    0.0006686688284389675,
    0.0006362985004670918
  ],
  "pi": [
    0.9990000128746033,
    2.463104647176806e-05,
    0.0001039390335790813,
    0.0005390542792156339,
    9.120741992774128e-07,
    1.6237249838013668e-06,
    0.00012473194510675967,
    0.0001715659600449726,
    3.3542073651915416e-05
  ],
  "J": 9
}