{
  "mu": [
    0.0,
    -0.6933855414390564,
    -0.5224013924598694,
    -0.3609188199043274,
    -0.16793414950370789,
    -0.07861697673797607,
    0.1442147046327591,
    0.41500741243362427,
    0.5639171004295349
  ],
  "sigma2": [
    2.534617124183569e-05,
    0.0009780466789379716,
    0.000583164335694164,
    0.0007408303790725768,
    0.0014029708690941334,
    0.00046638891217298806,
    0.006232387386262417,
    0.00047835003351792693,
    0.00041787675581872463
  ],
  "pi": [
    0.9990000128746033,
    5.603383215202484e-06,
    1.8999797248397954e-05,
    0.00011300420010229573,
    0.0001657871762290597,
    0.00014700816245749593,
    0.0005129166529513896,
    3.077429937548004e-05,
    5.906415935896803e-06
  ],
  "J": 9
}