{
  "mu": [
    0.0,
    -0.6101006865501404,
    -0.47073838114738464,
    -0.3128610849380493,
    -0.07149463146924973,
    -0.0006549988756887615,
    0.24333444237709045,
    0.3440231680870056,
    0.4894855320453644
  ],
  "sigma2": [
    0.0021797921508550644,
    0.00039900591946206987,
    0.00035457892226986587,
    0.0006039540166966617,
    0.00040161030483432114,
    0.00040158809861168265,
    0.00048739774501882493,
    0.0002810389851219952,
    0.0003762523119803518
  ],
  "pi": [
    0.9990000128746033,
    1.886877180368174e-05,
    7.450879638781771e-05,
    0.00045685976510867476,
    3.96649575407082e-08,
    6.801187169003242e-08,
    0.00030707629048265517,
    0.00011783545778598636,
    2.4743250833125785e-05
  ],
  "J": 9
}