{
  "mu": [
    0.0,
    -0.635261058807373,
    -0.48501139879226685,
    -0.32841014862060547,
    -0.14683623611927032,
    3.158114486723207e-05,
    0.17263957858085632,
    0.3703708350658417,
    0.5165364146232605
  ],
  "sigma2": [
    0.0005011619068682194,
    0.0004625215951818973,
    0.0003942167095374316,
    0.00019758555572479963,
    0.0006349678733386099,
    0.00040160497883334756,
    0.0034150260034948587,
    0.0002327833790332079,
    0.00035669529461301863
  ],
  "pi": [
    0.9990000128746033,
    8.406747838307638e-06,
    3.308810846647248e-05,
    0.0001921159855555743,
    0.00022856822761241347,
    7.01897651111949e-09,
    0.0004791922983713448,
    4.817973604076542e-05,
    1.0441927770443726e-05
  ],
  "J": 9
}