{
  "mu": [
    0.0,
    -0.7832764983177185,
    -0.5723254680633545,
    -0.3931589424610138,
    -0.2025604397058487,
    -0.0944533422589302,
    0.16003170609474182,
    0.4528999328613281,
    0.6046851873397827
  ],
  "sigma2": [
    1.5635499948984943e-05,
    0.0005445752758532763,
    0.000285103393252939,
    9.907739149639383e-05,
    0.0001623401476535946,
    9.111878171097487e-05,
    0.005626043304800987,
    0.0002179917792091146,
    0.00035388083779253066
  ],
  "pi": [
    0.9990000128746033,
    5.443720965558896e-06,
    1.8572996850707568e-05,
    0.00010981892410200089,
    0.00014703351189382374,
    0.00017353463044855744,
    0.0005080156261101365,
    3.1884457712294534e-05,
    5.6962016969919205e-06
  ],
  "J": 9
}