{
  "mu": [
    0.0,
    -0.7718821167945862,
    -0.5637863874435425,
    -0.38693299889564514,
    -0.19654276967048645,
    -0.0913948193192482,
    0.16036522388458252,
    0.44872933626174927,
    0.6014907360076904
  ],
  "sigma2": [
    1.563412843097467e-05,
    0.0005871972534805536,
    0.00026498635997995734,
    8.079862891463563e-05,
    0.00016708862676750869,
    5.958166002528742e-05,
    0.005199794191867113,
    0.0001910508144646883,
    0.0003411668003536761
  ],
  "pi": [
    0.9990000128746033,
    5.479925675899722e-06,
    1.869641891971696e-05,
    0.00011055068898713216,
    0.00014821035438217223,
    0.00017450150335207582,
    0.0005047903978265822,
    3.203670712537132e-05,
    5.734085334552219e-06
  ],
  "J": 9
}