{
  "mu": [
    0.0,
    -0.7185245156288147,
    -0.5375611782073975,
    -0.36922597885131836,
    -0.17934222519397736,
    -0.08454237878322601,
    0.1516871452331543,
    0.424755722284317,
    0.577842116355896
  ],
  "sigma2": [
    5.247898297966458e-05,
    0.0009170714765787125,
    0.000480108690680936,
    0.0005511895869858563,
    0.0010702165309339762,
    0.0003932796826120466,
    0.0057241967879235744,
    0.0003599101910367608,
    0.0003850887587759644
  ],
  "pi": [
    0.9990000128746033,
    5.561743364523863e-06,
    1.9268059986643493e-05,
    0.00011360897042322904,
    0.00015787775919307023,
    0.00016037930618040264,
    0.0005051036132499576,
    3.231805021641776e-05,
    5.882550794922281e-06
  ],
  "J": 9
}