{
  "mu": [
    0.0,
    -0.7811160683631897,
    -0.572720468044281,
    -0.3937264680862427,
    -0.20341242849826813,
    -0.09521428495645523,
    0.15838941931724548,
    0.4519772529602051,
    0.6036127209663391
  ],
  "sigma2": [
    2.8298896722844802e-05,
    0.0005767939146608114,
    0.0003460732114035636,
    0.00020285554637666792,
    0.0002790921716950834,
    0.00018110766541212797,
    0.0058761402033269405,
    0.0002870220341719687,
    0.0003742109693121165
  ],
  "pi": [
    0.9990000128746033,
    5.434928880276857e-06,
    1.854298716352787e-05,
    0.00010964387183776125,
    0.0001468039263272658,
    0.00017301713523920625,
    0.0005091041675768793,
    3.176610334776342e-05,
    5.6869853324315045e-06
  ],
  "J": 9
}