{
  "mu": [
    0.0,
    -0.7918031811714172,
    -0.5742223858833313,
    -0.3938838839530945,
    -0.20204927027225494,
    -0.09354877471923828,
    0.16459321975708008,
    0.4564233124256134,
    0.6089639067649841
  ],
  "sigma2": [
    1.567104300193023e-05,
    0.0004386153304949403,
    0.0002420423406874761,
    7.60444236220792e-05,
    6.079267768654972e-05,
    5.186521229916252e-05,
    0.004682430997490883,
    0.00018242874648422003,
    0.0003329860046505928
  ],
  "pi": [
    0.9990000128746033,
    5.4796778385934886e-06,
    1.869553489086684e-05,
    0.00011054295464418828,
    0.00014800291683059186,
    0.00017510114412289113,
    0.0005042825941927731,
    3.2161369745153934e-05,
    5.733829766541021e-06
  ],
  "J": 9
}