{
  "mu": [
    0.0,
    -0.6502102017402649,
    -0.49690908193588257,
    -0.3401120603084564,
    -0.13308456540107727,
    -0.07995963096618652,
    0.15619337558746338,
    0.3841041624546051,
    0.5308278799057007
  ],
  "sigma2": [
    0.00023127689200919122,
    0.0006303366390056908,
    0.00048452551709488034,
    0.00032416346948593855,
    0.0015633010771125555,
    0.00040149869164451957,
    0.00443415017798543,
    0.0003080313326790929,
    0.00038007620605640113
  ],
  "pi": [
    0.9990000128746033,
    6.965482043597149e-06,
    2.5549414203851484e-05,
    0.00014825303514953703,
    0.0002757363545242697,
    2.511218122336345e-09,
    0.0004973993636667728,
    3.803163781412877e-05,
    8.062289452936966e-06
  ],
  "J": 9
}