{
  "mu": [
    0.0,
    -0.633698582649231,
    -0.48419901728630066,
    -0.3276802897453308,
    -0.15082994103431702,
    -0.00012168066314188763,
    0.1815243661403656,
    0.36858269572257996,
    0.5147687196731567
  ],
  "sigma2": [
    0.0006461914745159447,
    0.0004502270312514156,
    0.0004086437984369695,
    0.00022859268938191235,
    0.0005382171948440373,
    0.0004016038146801293,
    0.0031215567141771317,
    0.00023544314899481833,
    0.00035834431764669716
  ],
  "pi": [
    0.9990000128746033,
    9.075577509065624e-06,
    3.608478436945006e-05,
    0.00020946642325725406,
    0.00022349086066242307,
    9.643430054495639e-09,
    0.000458052905742079,
    5.2441097068367526e-05,
    1.13788391900016e-05
  ],
  "J": 9
}