{
  "mu": [
    0.0,
    -0.7052807211875916,
    -0.531007707118988,
    -0.36578691005706787,
    -0.17274422943592072,
    -0.08175601810216904,
    0.1477336436510086,
    0.4202978312969208,
    0.5708096623420715
  ],
  "sigma2": [
    1.5761423128424212e-05,
    0.0010080246720463037,
    0.0005704722134396434,
    0.0007847963133826852,
    0.0013847874943166971,
    0.0004452294379007071,
    0.006122511811554432,
    0.0004643053107429296,
    0.0003996453306172043
  ],
  "pi": [
    0.9990000128746033,
    5.531536316993879e-06,
    1.8991133401868865e-05,
    0.000113304442493245,
    0.00016520162171218544,
    0.0001492337614763528,
    0.000510292942635715,
    3.157937680953182e-05,
    5.865199455001857e-06
  ],
  "J": 9
}