{
  "mu": [
    0.0,
    -0.6326969861984253,
    -0.4842066466808319,
    -0.32754752039909363,
    -0.15432122349739075,
    -0.00025390807422809303,
    0.1895400434732437,
    0.36723464727401733,
    0.513489305973053
  ],
  "sigma2": [
    0.0007837622542865574,
    0.0004479404888115823,
    0.0004071657604072243,
    0.0002726821112446487,
    0.0004867200623266399,
    0.0004016028542537242,
    0.002876508282497525,
    0.00024475069949403405,
    0.0003650485596153885
  ],
  "pi": [
    0.9990000128746033,
    9.782681445358321e-06,
    3.859656862914562e-05,
    0.00022646471916232258,
    0.0002170722873415798,
    1.3492901018707926e-08,
    0.00043935218127444386,
    5.6432283599860966e-05,
    1.228581095347181e-05
  ],
  "J": 9
}