{
  "mu": [
    0.0,
    -0.7244115471839905,
    -0.5410531163215637,
    -0.3733924627304077,
    -0.18346168100833893,
    -0.0856596902012825,
    0.1519000232219696,
    0.4306531846523285,
    0.581084668636322
  ],
  "sigma2": [
    1.573871122673154e-05,
    0.0009411845239810646,
    0.0004677782708313316,
    0.0005213605472818017,
    0.0010200412943959236,
    0.00042489133193157613,
    0.005980310961604118,
    0.0003144618822261691,
    0.0003772371564991772
  ],
  "pi": [
    0.9990000128746033,
    5.52913070350769e-06,
    1.8926593838841654e-05,
    0.00011178151908097789,
    0.0001538242504466325,
    0.0001654904626775533,
    0.0005069436156190932,
    3.1705738365417346e-05,
    5.7987940635939594e-06
  ],
  "J": 9
}