{
  "mu": [
    0.0,
    -0.8226423263549805,
    -0.594768226146698,
    -0.4108704924583435,
    -0.21739861369132996,
    -0.1006140410900116,
    0.1636274755001068,
    0.4708419740200043,
    0.6219273209571838
  ],
  "sigma2": [
    4.024045119876973e-05,
    0.0003905111807398498,
    0.0003353004576638341,
    0.0002472492051310837,
    0.00026765288203023374,
    0.0002607555070426315,
    0.00457928329706192,
    0.0003115592116955668,
    0.0003832197980955243
  ],
  "pi": [
    0.9990000128746033,
    5.3494572966883425e-06,
    1.825211256800685e-05,
    0.00010792374087031931,
    0.00014452464529313147,
    0.00017539388500154018,
    0.0005114945815876126,
    3.146403105347417e-05,
    5.597587914962787e-06
  ],
  "J": 9
}