{
  "mu": [
    0.0,
    -0.943641185760498,
    -0.8100430369377136,
    -0.6669111847877502,
    -0.473099023103714,
    -0.40978896617889404,
    -0.5410519242286682,
    -0.3028326630592346,
    -0.16303318738937378,
    -0.2382194846868515,
    -0.10156664252281189,
    0.23940971493721008,
    0.3561346232891083,
    0.46925780177116394,
    0.12870296835899353,
    0.5930783748626709,
    0.6909202933311462
  ],
  "sigma2": [
    3.854321039398201e-05,
    0.0005928147002123296,
    0.0005442533874884248,
    0.00045231948024593294,
    0.0005850993329659104,
    0.00012399883416946977,
    0.00032667911727912724,
    0.0003682051319628954,
    0.0003637460758909583,
    0.0003183756780344993,
    0.0003019021241925657,
    0.00048100302228704095,
    0.00024414341896772385,
    0.0003618655900936574,
    0.0007008865941315889,
    0.0005132037331350148,
    0.0005707086529582739
  ],
  "pi": [
    0.9990000128746033,
    1.0581940159681835e-06,
    3.921004918083781e-06,
    1.2458654055080842e-05,
    6.362402018567082e-07,
    0.00010539047798374668,
    3.661274240585044e-05,
    4.0533133869757876e-05,
    8.380869257962331e-05,
    8.659834566060454e-05,
    0.00011157752305734903,
    0.0001606036239536479,
    7.129867299227044e-05,
    2.5341483706142753e-05,
    0.0002527677279431373,
    6.076692443457432e-06,
    1.3168814803066198e-06
  ],
  "J": 17
}