{
  "top1_error_pre[%]": 2.0499999999999963,
  "top1_error_post[%]": 1.759999999999995,
  "Delta[%]": -0.29000000000000137,
  "|W|": 266200,
  "|W_nonzero|/|W|[%]": 6.811044327573253,
  "CR": 52.8981457331992,
  "acc_pretrain": 0.9795,
  "acc_retrain": 0.9837,
  "acc_quantized": 0.9824
}