{
  "mu": [
    0.0,
    -0.9608812928199768,
    -0.7889224886894226,
    -0.6638460755348206,
    -0.5608850717544556,
    -0.3325985074043274,
    -0.44248494505882263,
    -0.22499054670333862,
    -0.0008531840867362916,
    -0.0008518432732671499,
    -0.0008531271014362574,
    0.2039899230003357,
    0.38275378942489624,
    0.4717782735824585,
    0.2798946797847748,
    0.5872065424919128,
    0.6894453763961792
  ],
  "sigma2": [
    0.0016555205220356584,
    0.0005483747809194028,
    0.0005773071316070855,
    0.0005470691830851138,
    0.0004980986122973263,
    0.0007350624073296785,
    0.00045315150055103004,
    0.0009039697470143437,
    0.0005533265066333115,
    0.0005533267394639552,
    0.0005533267394639552,
    0.0005626893253065646,
    0.0006141014164313674,
    0.0005689471145160496,
    0.0006940303137525916,
    0.0005445244023576379,
    0.0005462553235702217
  ],
  "pi": [
    0.9990000128746033,
    2.2500303202832583e-06,
    1.1255066056037322e-05,
    1.6959082131506875e-05,
    5.129821511218324e-05,
    0.0001293537497986108,
    0.0001487143017584458,
    0.0001793058036128059,
    1.8212740204859301e-09,
    1.841597208063206e-09,
    1.8231891552034085e-09,
    0.00018207299581263214,
    9.044886246556416e-05,
    2.6941490432363935e-05,
    0.00015155441360548139,
    8.86389534571208e-06,
    9.766561106516747e-07
  ],
  "J": 17
}