{
  "mu": [
    0.0,
    -0.5492531061172485,
    -0.08529558032751083,
    -0.33751800656318665,
    -0.19999365508556366,
    0.13593819737434387,
    0.29382333159446716,
    0.211709126830101,
    0.13738788664340973,
    0.1367441862821579,
    0.21170245110988617,
    0.3883115351200104,
    0.1363276094198227,
    0.209405317902565,
    0.2116977572441101,
    0.0677514299750328,
    0.4804953932762146
  ],
  "sigma2": [
    7.241598268592497e-06,
    0.0014402896631509066,
    0.000873710261657834,
    0.0012344536371529102,
    0.0010555810295045376,
    0.0009521626052446663,
    0.000955703784711659,
    0.0009528580121695995,
    0.0009517322760075331,
    0.0009256746270693839,
    0.0009530442766845226,
    0.0009568478562869132,
    0.000952160800807178,
    0.0009521662723273039,
    0.0009523233748041093,
    0.0005714729777537286,
    0.0009633313165977597
  ],
  "pi": [
    0.9990000128746033,
    2.9128182177373674e-06,
    0.0002796768967527896,
    3.885045225615613e-05,
    0.000150238091009669,
    7.955860858999131e-09,
    1.5866926332819276e-05,
    1.7502208720543422e-05,
    2.479622935425141e-06,
    0.0001275141694350168,
    2.089869485644158e-05,
    3.1378060612041736e-06,
    1.360075874146105e-08,
    5.790025170426816e-08,
    7.52704272599658e-06,
    0.00033248652471229434,
    8.293428095385025e-07
  ],
  "J": 17
}