{
  "top1_error_pre[%]": 90.91,
  "top1_error_post[%]": 0.7299999999999973,
  "Delta[%]": -90.18,
  "|W|": 430500,
  "|W_nonzero|/|W|[%]": 5.343089430894309,
  "CR": 47.80362205434817,
  "acc_pretrain": 0.0909,
  "acc_retrain": 0.9924,
  "acc_quantized": 0.9927
}