{
  "mu": [
    0.0,
    -0.7757276892662048,
    -0.18631361424922943,
    -0.18644461035728455,
    -0.5338137149810791,
    -0.46389251947402954,
    -0.4016238749027252,
    -0.3525790572166443,
    -0.30473408102989197,
    -0.19910979270935059,
    -0.19250723719596863,
    -0.19105365872383118,
    -0.18973682820796967,
    -0.18766441941261292,
    -0.18451762199401855,
    -0.06592364609241486,
    -0.18944483995437622,
    -0.19116680324077606,
    -0.19141489267349243,
    -0.1915343999862671,
    -0.19164912402629852,
    -0.33148127794265747,
    -0.3338542580604553,
    -0.19180402159690857,
    -0.19185560941696167,
    -0.19160312414169312,
    -0.17914274334907532,
    -0.06874460726976395,
    -0.12724964320659637,
    -0.19156253337860107,
    -0.19185610115528107,
    -0.1918063461780548,
    -0.3303327262401581,
    -0.3326191306114197,
    -0.19165876507759094,
    -0.19153861701488495,
    -0.1914202868938446,
    -0.19118505716323853,
    -0.18954037129878998,
    -0.12711165845394135,
    0.18087521195411682,
    -0.1871068924665451,
    -0.1896166354417801,
    -0.19099044799804688,
    -0.19243045151233673,
    -0.198547825217247,
    -0.3034791648387909,
    -0.35275742411613464,
    -0.40315118432044983,
    -0.4746159017086029,
    0.18097545206546783,
    0.17998579144477844,
    0.18050438165664673,
    0.18172302842140198,
    0.2877904772758484,
    0.28724396228790283,
    0.43849363923072815,
    0.6891108751296997,
    0.9492230415344238,
    0.1762610822916031,
    0.17103329300880432,
    0.16150112450122833,
    0.06467179954051971,
    0.1202973872423172
  ],
  "sigma2": [
    4.382559563964605e-05,
    0.004152627661824226,
    0.0037242730613797903,
    0.0037314172368496656,
    0.004075805190950632,
    0.004074126482009888,
    0.0040726130828261375,
    0.0040745302103459835,
    0.0040749250911176205,
    0.004071923904120922,
    0.004071671515703201,
    0.004071920178830624,
    0.004072252195328474,
    0.004072622861713171,
    0.00407298794016242,
    0.0006354849319905043,
    0.003994673956185579,
    0.004037961363792419,
    0.004051786381751299,
    0.004055097233504057,
    0.00405546510592103,
    0.004079929552972317,
    0.004080511163920164,
    0.004047465045005083,
    0.004038151819258928,
    0.004006572067737579,
    0.003352600382640958,
    0.0006657202611677349,
    0.0016288215992972255,
    0.00400378555059433,
    0.0040375469252467155,
    0.00404722522944212,
    0.004080743063241243,
    0.004079902544617653,
    0.004055460914969444,
    0.004055159166455269,
    0.0040520355105400085,
    0.004038987681269646,
    0.003997074905782938,
    0.0017273094272240996,
    0.004072957206517458,
    0.004072671756148338,
    0.004072277341037989,
    0.004071937408298254,
    0.004071683157235384,
    0.004071890842169523,
    0.004074917174875736,
    0.004074522759765387,
    0.004072553478181362,
    0.004074969328939915,
    0.003921289928257465,
    0.0038839285261929035,
    0.003903678385540843,
    0.003949304111301899,
    0.0040449779480695724,
    0.004051655065268278,
    0.004190852399915457,
    0.004261680878698826,
    0.004616774618625641,
    0.0037410054355859756,
    0.00353431748226285,
    0.0031465915963053703,
    0.0006091591785661876,
    0.0015043513849377632
  ],
  "pi": [
    0.9900000095367432,
    7.159404162848659e-07,
    0.00017701584147289395,
    0.00017306987137999386,
    3.5076595850114245e-06,
    2.6327629711886402e-06,
    2.10075882023375e-06,
    1.6514854905835818e-06,
    1.3019275684200693e-06,
    1.1208578598598251e-06,
    9.726941243570764e-07,
    8.12027622032474e-07,
    6.368653089339205e-07,
    4.465578911094781e-07,
    2.705890267407085e-07,
    0.0001238079130416736,
    3.407924305065535e-05,
    1.6297959518851712e-05,
    9.820069863053504e-06,
    8.314071237691678e-06,
    8.170749424607493e-06,
    8.693314157426357e-06,
    9.678491551312618e-06,
    1.1789163181674667e-05,
    1.605308170837816e-05,
    3.08331182168331e-05,
    0.0003959883761126548,
    0.0021766258869320154,
    0.0020463718101382256,
    3.215234028175473e-05,
    1.633274405321572e-05,
    1.1899038327101152e-05,
    9.709007827041205e-06,
    8.729878572921734e-06,
    8.175909897545353e-06,
    8.287224773084745e-06,
    9.705170668894425e-06,
    1.5807541785761714e-05,
    3.345846926094964e-05,
    0.00011025839921785519,
    3.019991936525912e-07,
    4.1894861624314217e-07,
    6.242303811632155e-07,
    8.028243883018149e-07,
    9.65047320278245e-07,
    1.1144583140776376e-06,
    1.2943029332745937e-06,
    1.6479896203236422e-06,
    2.108229864461464e-06,
    2.6994209747499553e-06,
    6.335121724987403e-05,
    7.83575524110347e-05,
    7.04766862327233e-05,
    5.2088158554397523e-05,
    3.8904276152607054e-05,
    3.110053148702718e-05,
    1.633287683944218e-05,
    4.132311914872844e-06,
    2.177136366299237e-06,
    0.0001336482382612303,
    0.0002059878606814891,
    0.00034525684895925224,
    0.0019176012137904763,
    0.001501312479376793
  ],
  "J": 64
}