{
  "mu": [
    0.0,
    -1.1089088916778564,
    -0.2459777593612671,
    -0.2459907829761505,
    -0.8851617574691772,
    -0.5072887539863586,
    -0.3651465177536011,
    -0.36522403359413147,
    -0.24575144052505493,
    -0.245736226439476,
    -0.24564966559410095,
    -0.24552519619464874,
    -0.24531182646751404,
    -0.24491629004478455,
    -0.24420303106307983,
    -0.24534811079502106,
    -0.24626858532428741,
    -0.24634627997875214,
    -0.2463042289018631,
    -0.24628925323486328,
    -0.2463075965642929,
    -0.36459964513778687,
    -0.36456018686294556,
    -0.24640291929244995,
    -0.24643190205097198,
    -0.2464277744293213,
    -0.24474574625492096,
    -0.08132807165384293,
    -0.15720535814762115,
    -0.2464260458946228,
    -0.2464331090450287,
    -0.2464037388563156,
    -0.36456048488616943,
    -0.36459729075431824,
    -0.24630853533744812,
    -0.24629034101963043,
    -0.24630165100097656,
    -0.24634522199630737,
    -0.24626858532428741,
    -0.24563242495059967,
    0.2468646764755249,
    -0.24483433365821838,
    -0.24529242515563965,
    -0.2455163300037384,
    -0.24564480781555176,
    -0.24573370814323425,
    -0.24576020240783691,
    -0.36522436141967773,
    -0.36514532566070557,
    -0.6744537949562073,
    0.24901707470417023,
    0.24897991120815277,
    0.2489992082118988,
    0.24903914332389832,
    0.5899633765220642,
    0.38622328639030457,
    0.8249750733375549,
    1.045904278755188,
    1.292376160621643,
    0.24884623289108276,
    0.24865999817848206,
    0.24823758006095886,
    0.07669518887996674,
    0.15161240100860596
  ],
  "sigma2": [
    4.2835894419113174e-05,
    0.004094380419701338,
    0.004056474193930626,
    0.004056992940604687,
    0.00408239895477891,
    0.0040827104821801186,
    0.004072879441082478,
    0.004073172342032194,
    0.004073691088706255,
    0.004073696676641703,
    0.004073712509125471,
    0.004073732066899538,
    0.004073749296367168,
    0.004073770716786385,
    0.004073792137205601,
    0.004056836012750864,
    0.004069829359650612,
    0.004072277341037989,
    0.004072858020663261,
    0.0040729958564043045,
    0.004073015414178371,
    0.004065576009452343,
    0.00406373618170619,
    0.004072692710906267,
    0.004072315990924835,
    0.0040710680186748505,
    0.0040071625262498856,
    0.0010268475161865354,
    0.0024214498698711395,
    0.004070957191288471,
    0.00407229270786047,
    0.004072682932019234,
    0.004063744097948074,
    0.004065490327775478,
    0.004073013085871935,
    0.0040729958564043045,
    0.004072869662195444,
    0.004072320181876421,
    0.004070000257343054,
    0.004062339663505554,
    0.004073786549270153,
    0.004073773045092821,
    0.004073749296367168,
    0.004073732066899538,
    0.00407371623441577,
    0.004073699004948139,
    0.0040736934170126915,
    0.004073178395628929,
    0.004072875250130892,
    0.004099790006875992,
    0.004065857268869877,
    0.004063695669174194,
    0.004064839333295822,
    0.0040674470365047455,
    0.004090284463018179,
    0.004109893925487995,
    0.003881471697241068,
    0.004042712040245533,
    0.004119977355003357,
    0.004054793622344732,
    0.004042285960167646,
    0.004014006815850735,
    0.0009476557606831193,
    0.0023326752707362175
  ],
  "pi": [
    0.9900000095367432,
    2.1532756022679678e-07,
    0.00012810468615498394,
    0.0001251350186066702,
    5.549080128730566e-07,
    2.4158574888133444e-05,
    3.276540383012616e-06,
    2.2855283532408066e-06,
    9.772543307917658e-07,
    9.420704714102612e-07,
    8.207369432966516e-07,
    6.885798029543366e-07,
    5.433863066173217e-07,
    3.839518285531085e-07,
    2.3411890026636684e-07,
    0.00011219918815186247,
    2.675978248589672e-05,
    1.2581122064148076e-05,
    7.686198841838632e-06,
    6.523366664623609e-06,
    6.393856438080547e-06,
    2.5026909497682936e-05,
    3.0090948712313548e-05,
    8.99975566426292e-06,
    1.204361342388438e-05,
    2.2381089365808293e-05,
    0.00041231565410271287,
    0.0017442082753404975,
    0.0025052581913769245,
    2.3290789613383822e-05,
    1.2241645890753716e-05,
    9.078999937628396e-06,
    3.007417944900226e-05,
    2.5266946977353655e-05,
    6.397141532943351e-06,
    6.5022518356272485e-06,
    7.598474439873826e-06,
    1.221304864884587e-05,
    2.615661287563853e-05,
    9.774186764843762e-05,
    2.542800814353541e-07,
    3.610159922118328e-07,
    5.329824830369034e-07,
    6.810334980400512e-07,
    8.144819503286271e-07,
    9.368373525830975e-07,
    9.904798616844346e-07,
    2.279914951941464e-06,
    3.2929533517744858e-06,
    7.36059291739366e-06,
    4.923204323858954e-05,
    6.098023004597053e-05,
    5.4789463320048526e-05,
    4.040248313685879e-05,
    1.1877764336531982e-05,
    8.048127347137779e-05,
    7.464885584340664e-06,
    1.994496415136382e-06,
    4.666861457280902e-07,
    0.00010491493594599888,
    0.0001643074647290632,
    0.0003058976726606488,
    0.0015531571116298437,
    0.002069178270176053
  ],
  "J": 64
}