{
  "mu": [
    0.0,
    -1.0832158327102661,
    -0.23855698108673096,
    -0.23857642710208893,
    -0.8518837690353394,
    -0.5094550848007202,
    -0.3697758615016937,
    -0.37031427025794983,
    -0.2394603043794632,
    -0.23944376409053802,
    -0.23937033116817474,
    -0.23927649855613708,
    -0.23917162418365479,
    -0.23907507956027985,
    -0.23903758823871613,
    -0.23887205123901367,
    -0.23947525024414062,
    -0.23950110375881195,
    -0.23958024382591248,
    -0.23958739638328552,
    -0.23956352472305298,
    -0.3687751591205597,
    -0.3687421679496765,
    -0.2394081950187683,
    -0.23933491110801697,
    -0.23921914398670197,
    -0.23689575493335724,
    -0.07827018201351166,
    -0.15178050100803375,
    -0.23921139538288116,
    -0.2393312156200409,
    -0.2394050657749176,
    -0.36874228715896606,
    -0.3687727749347687,
    -0.23956237733364105,
    -0.23958663642406464,
    -0.2395821064710617,
    -0.2395067662000656,
    -0.23947826027870178,
    -0.23919950425624847,
    0.24348899722099304,
    -0.2390652447938919,
    -0.23916515707969666,
    -0.23927181959152222,
    -0.23936738073825836,
    -0.2394418716430664,
    -0.23946891725063324,
    -0.37031638622283936,
    -0.3697681427001953,
    -0.6617793440818787,
    0.2426774948835373,
    0.24259917438030243,
    0.2426394671201706,
    0.24273213744163513,
    0.5711202025413513,
    0.3779990077018738,
    0.804476261138916,
    1.0353189706802368,
    1.2789416313171387,
    0.24231639504432678,
    0.24191990494728088,
    0.24094714224338531,
    0.07409589737653732,
    0.14683903753757477
  ],
  "sigma2": [
    4.3239560909569263e-05,
    0.004084137734025717,
    0.004042983986437321,
    0.004043660592287779,
    0.004073312506079674,
    0.004060185980051756,
    0.004072628915309906,
    0.004072976764291525,
    0.0040735360234975815,
    0.004073545336723328,
    0.004073582589626312,
    0.00407361751422286,
    0.004073662217706442,
    0.004073708783835173,
    0.004073753487318754,
    0.004043404012918472,
    0.004068075213581324,
    0.00407099025323987,
    0.004072020761668682,
    0.004072236362844706,
    0.004072238691151142,
    0.004063099157065153,
    0.004060838371515274,
    0.004071580246090889,
    0.004070873837918043,
    0.004068475216627121,
    0.0039718798361718655,
    0.0009666954865679145,
    0.0022948551923036575,
    0.004068261478096247,
    0.004070825409144163,
    0.004071558825671673,
    0.004060846287757158,
    0.004062994383275509,
    0.004072234500199556,
    0.004072238691151142,
    0.004072040319442749,
    0.004071065690368414,
    0.0040682111866772175,
    0.004049187060445547,
    0.004073803778737783,
    0.00407371623441577,
    0.004073664080351591,
    0.004073621239513159,
    0.0040735844522714615,
    0.004073547665029764,
    0.004073531832545996,
    0.004072982352226973,
    0.004072620999068022,
    0.00407035555690527,
    0.004066880792379379,
    0.004065009765326977,
    0.004065988585352898,
    0.004068240523338318,
    0.004110086243599653,
    0.0041082813404500484,
    0.003942331299185753,
    0.004061196930706501,
    0.004119321703910828,
    0.004058691672980785,
    0.004050175193697214,
    0.004028796683996916,
    0.0008927900344133377,
    0.0022117667831480503
  ],
  "pi": [
    0.9900000095367432,
    1.9203031342840404e-07,
    0.00014058523811399937,
    0.00013721718278247863,
    6.222097113095515e-07,
    1.8851242202799767e-05,
    3.1612366910849232e-06,
    2.2276690287981182e-06,
    9.853413303062553e-07,
    9.497449013906589e-07,
    8.269820455097943e-07,
    6.934077418918605e-07,
    5.468415906761948e-07,
    3.8610781416537066e-07,
    2.3526855841282668e-07,
    0.00011351915600243956,
    2.789795325952582e-05,
    1.304152283410076e-05,
    7.904558515292592e-06,
    6.6932134359376505e-06,
    6.5596964304859284e-06,
    2.1939797079539858e-05,
    2.6095420253113844e-05,
    9.294370101997629e-06,
    1.251345565833617e-05,
    2.3598327970830724e-05,
    0.00045066632446832955,
    0.001723937108181417,
    0.002476296853274107,
    2.4581073375884444e-05,
    1.2723946383630391e-05,
    9.377697097079363e-06,
    2.608238355605863e-05,
    2.2137424821266904e-05,
    6.563172064488754e-06,
    6.671230494248448e-06,
    7.813071533746552e-06,
    1.2653572412091307e-05,
    2.7290057914797217e-05,
    9.910737571772188e-05,
    2.554040179347794e-07,
    3.6300232864050486e-07,
    5.363470449992747e-07,
    6.857915764157951e-07,
    8.206591246562311e-07,
    9.444526085644611e-07,
    9.9873921044491e-07,
    2.222325065304176e-06,
    3.1765573567099636e-06,
    6.8665317485283595e-06,
    5.061395495431498e-05,
    6.276159547269344e-05,
    5.636043715639971e-05,
    4.15004906244576e-05,
    1.2031232472509146e-05,
    7.558925426565111e-05,
    7.619863481522771e-06,
    2.0254444734746357e-06,
    4.4444175273383735e-07,
    0.00010819690942298621,
    0.00016969592252280563,
    0.0003131175762973726,
    0.0015220091445371509,
    0.0020787252578884363
  ],
  "J": 64
}