{
  "mu": [
    0.0,
    -0.40491601824760437,
    -0.11531288921833038,
    -0.11563809216022491,
    -0.3123933970928192,
    -0.27058935165405273,
    -0.2218622863292694,
    -0.2052512913942337,
    -0.1978398859500885,
    -0.19330830872058868,
    -0.1896863430738449,
    -0.18571071326732635,
    -0.18038883805274963,
    -0.17188894748687744,
    -0.1604074388742447,
    -4.957130840921309e-06,
    -0.1380116492509842,
    -0.15619291365146637,
    -0.1698009967803955,
    -0.17483384907245636,
    -0.17554356157779694,
    -0.17374005913734436,
    -0.1700454205274582,
    -0.16432586312294006,
    -0.15554578602313995,
    -0.14092403650283813,
    -0.11243530362844467,
    -0.08457116782665253,
    -0.11066674441099167,
    -0.14011041820049286,
    -0.1550954282283783,
    -0.16404516994953156,
    -0.16986387968063354,
    -0.17363518476486206,
    -0.17552313208580017,
    -0.17493827641010284,
    -0.17013831436634064,
    -0.15695308148860931,
    -0.1387217491865158,
    -0.00022640971292275935,
    0.16746170818805695,
    -0.16907769441604614,
    -0.17984265089035034,
    -0.18547067046165466,
    -0.18954753875732422,
    -0.19320598244667053,
    -0.1977669596672058,
    -0.2053089588880539,
    -0.2228662073612213,
    -0.2771386206150055,
    0.13664868474006653,
    0.11336279660463333,
    0.12379561364650726,
    0.1516689658164978,
    0.15999163687229156,
    0.16382068395614624,
    0.16735772788524628,
    0.28574562072753906,
    0.7063719630241394,
    0.09659730643033981,
    0.0953720435500145,
    0.09530603140592575,
    0.09529485553503036,
    0.09530024230480194
  ],
  "sigma2": [
    0.0002784368407446891,
    0.005894156638532877,
    0.0013145428383722901,
    0.0013262161519378424,
    0.004023623187094927,
    0.004092537797987461,
    0.004097734112292528,
    0.004086580593138933,
    0.004079287406057119,
    0.0040746391750872135,
    0.004071337636560202,
    0.004068614915013313,
    0.00406610919162631,
    0.004063980653882027,
    0.004064005799591541,
    8.883620466804132e-05,
    0.0022780781146138906,
    0.003129146760329604,
    0.0036345566622912884,
    0.003767548594623804,
    0.003777105361223221,
    0.003724646056070924,
    0.0036160151939839125,
    0.003426767187193036,
    0.0030819971580058336,
    0.002394826849922538,
    0.0012128050439059734,
    0.00039144110633060336,
    0.0011520591797307134,
    0.002355843083932996,
    0.0030624577775597572,
    0.003416780149564147,
    0.0036104226019233465,
    0.0037216651253402233,
    0.0037763293366879225,
    0.0037698575761169195,
    0.0036445879377424717,
    0.0031619195360690355,
    0.0023120667319744825,
    0.000309684342937544,
    0.004063192289322615,
    0.004063180182129145,
    0.004065895918756723,
    0.004068480804562569,
    0.004071238916367292,
    0.0040745302103459835,
    0.004079201724380255,
    0.004086599685251713,
    0.004098089877516031,
    0.004087303765118122,
    0.0023035812191665173,
    0.0015645480016246438,
    0.0018935644766315818,
    0.00281737232580781,
    0.0031229055020958185,
    0.0032693578395992517,
    0.0034109624102711678,
    0.005436529405415058,
    0.007567575667053461,
    0.000985415535978973,
    0.0009384374716319144,
    0.0009358853567391634,
    0.0009354520589113235,
    0.0009356613736599684
  ],
  "pi": [
    0.9900000095367432,
    2.2594755137106404e-05,
    0.0005441757384687662,
    0.0005404378171078861,
    5.872549991181586e-06,
    5.301013970893109e-06,
    4.8139659156731796e-06,
    4.361790615803329e-06,
    3.893721441272646e-06,
    3.404164090170525e-06,
    2.8917831969010876e-06,
    2.354795469727833e-06,
    1.7894823258757242e-06,
    1.2054160833940841e-06,
    7.103245138750935e-07,
    0.0006094023119658232,
    0.00010864414798561484,
    6.583844515262172e-05,
    3.9000842662062496e-05,
    3.3321630326099694e-05,
    3.3725420507835224e-05,
    3.735726568265818e-05,
    4.429531691130251e-05,
    5.703936767531559e-05,
    8.55102261994034e-05,
    0.00018158902821596712,
    0.0005756148020736873,
    0.0015417294343933463,
    0.0006068001966923475,
    0.00018940323207061738,
    8.740709745325148e-05,
    5.7754637964535505e-05,
    4.465482561499812e-05,
    3.755071520572528e-05,
    3.379810732440092e-05,
    3.323827695567161e-05,
    3.853319140034728e-05,
    6.38277197140269e-05,
    0.00010926950199063867,
    0.0002840260567609221,
    8.599304237577599e-07,
    1.1153050536449882e-06,
    1.7466451254222193e-06,
    2.323216449440224e-06,
    2.865446958821849e-06,
    3.381837132110377e-06,
    3.875781658280175e-06,
    4.349431037553586e-06,
    4.80946209791e-06,
    5.317921022651717e-06,
    0.0002879395615309477,
    0.00033564443583600223,
    0.00031265243887901306,
    0.00024508481146767735,
    0.00019025769142899662,
    0.00015450661885552108,
    0.00012109953968320042,
    7.325640035560355e-05,
    8.891198376659304e-06,
    0.00041009168489836156,
    0.0004211341729387641,
    0.00042180853779427707,
    0.00042194180423393846,
    0.0004219063266646117
  ],
  "J": 64
}