{
  "mu": [
    0.0,
    -0.574909508228302,
    -0.49716803431510925,
    -0.39149078726768494,
    -0.2524958550930023,
    -0.14388401806354523,
    -0.09846721589565277,
    -0.07541393488645554,
    -0.06021690368652344,
    -0.04866975173354149,
    -0.03948844224214554,
    -0.03234503045678139,
    -0.027316030114889145,
    -0.02520214579999447,
    -0.03233310952782631,
    -0.00047756655840203166,
    -0.0005155351827852428,
    -0.0005527616594918072,
    -0.0005817685159854591,
    -0.0006022535962983966,
    -0.000617175071965903,
    -0.0006285668350756168,
    -0.0006373499636538327,
    -0.0006436153780668974,
    -0.0006465621409006417,
    -0.0006468177889473736,
    -0.0006495588459074497,
    -0.0006520749302580953,
    -0.0006495766574516892,
    -0.0006468579522334039,
    -0.0006465947953984141,
    -0.0006437991396524012,
    -0.0006376465898938477,
    -0.000628952169790864,
    -0.0006176741444505751,
    -0.0006029153591953218,
    -0.0005827032728120685,
    -0.0005540717975236475,
    -0.000517062027938664,
    -0.00047891587018966675,
    0.03188639134168625,
    0.02414722740650177,
    0.026065010577440262,
    0.030993031337857246,
    0.03807063400745392,
    0.04723000153899193,
    0.05887136608362198,
    0.07454344630241394,
    0.09969060122966766,
    0.15614087879657745,
    0.3020404577255249,
    0.4469640552997589,
    0.5381031036376953,
    0.5987129807472229,
    0.6417887210845947,
    0.6720519661903381,
    0.6903040409088135,
    0.6958817839622498,
    0.6905052661895752,
    0.6803544759750366,
    0.6709204912185669,
    0.6640784740447998,
    0.6600635051727295,
    0.6586723327636719
  ],
  "sigma2": [
    0.013239612802863121,
    0.013490328565239906,
    0.013365879654884338,
    0.01325592864304781,
    0.013246249407529831,
    0.013139110989868641,
    0.01277032122015953,
    0.012321348302066326,
    0.011872529983520508,
    0.011470694094896317,
    0.011158758774399757,
    0.010977410711348057,
    0.010964023880660534,
    0.01116456463932991,
    0.01174266915768385,
    0.0053069619461894035,
    0.006284297909587622,
    0.007446869742125273,
    0.008628509007394314,
    0.00970157515257597,
    0.010630359873175621,
    0.011415479704737663,
    0.012058103457093239,
    0.012557961978018284,
    0.012914140708744526,
    0.01313302293419838,
    0.013231843709945679,
    0.013250051997601986,
    0.013233881443738937,
    0.01313901785761118,
    0.012925186194479465,
    0.012574494816362858,
    0.012080485001206398,
    0.011443023569881916,
    0.010663548484444618,
    0.009740158915519714,
    0.008672579191625118,
    0.00749350106343627,
    0.0063270567916333675,
    0.005338945891708136,
    0.011726190336048603,
    0.011177759617567062,
    0.01096653938293457,
    0.010972763411700726,
    0.011149509809911251,
    0.011459595523774624,
    0.011863067746162415,
    0.012318024411797523,
    0.012777435593307018,
    0.013139531016349792,
    0.013167881406843662,
    0.013194594532251358,
    0.013319638557732105,
    0.013468841090798378,
    0.013610390946269035,
    0.013732093386352062,
    0.013830684125423431,
    0.013907039538025856,
    0.013963814824819565,
    0.014005124568939209,
    0.014034940861165524,
    0.014056244865059853,
    0.014071253128349781,
    0.014081785455346107
  ],
  "pi": [
    0.9900000095367432,
    2.2577882191399112e-05,
    2.2414275008486584e-05,
    2.2260039258981124e-05,
    2.23245606321143e-05,
    2.294783917022869e-05,
    2.3726299332338385e-05,
    2.442564073135145e-05,
    2.5056229787878692e-05,
    2.5631323296693154e-05,
    2.611630225146655e-05,
    2.6381776478956454e-05,
    2.6087127480423078e-05,
    2.4312037567142397e-05,
    1.7925043721334077e-05,
    0.0012346566654741764,
    0.0008257774752564728,
    0.0005392165621742606,
    0.00036908723996020854,
    0.0002788748824968934,
    0.0002296465972904116,
    0.0002004085690714419,
    0.00018180228653363883,
    0.00016956060426309705,
    0.00016163430700544268,
    0.00015695176261942834,
    0.00015482032904401422,
    0.00015441523282788694,
    0.00015477569832000881,
    0.00015682035882491618,
    0.00016138948558364064,
    0.00016916866297833622,
    0.00018120613822247833,
    0.00019949856505263597,
    0.00022817762510385364,
    0.0002763161901384592,
    0.0003642612718977034,
    0.0005303181242197752,
    0.0008116876124404371,
    0.001216537901200354,
    1.7870577721623704e-05,
    2.411292734905146e-05,
    2.599594517960213e-05,
    2.633108670124784e-05,
    2.6080211682710797e-05,
    2.559717177064158e-05,
    2.5014462153194472e-05,
    2.436319482512772e-05,
    2.361749648116529e-05,
    2.2757611077395268e-05,
    2.220079295511823e-05,
    2.2306692699203268e-05,
    2.2518444893648848e-05,
    2.2679645553580485e-05,
    2.2787189664086327e-05,
    2.285674781887792e-05,
    2.2901989723322913e-05,
    2.2932250431040302e-05,
    2.295325612067245e-05,
    2.2968386474531144e-05,
    2.2979344066698104e-05,
    2.298727849847637e-05,
    2.2993184757069685e-05,
    2.299757397850044e-05
  ],
  "J": 64
}