{
  "mu": [
    0.0,
    -1.614757776260376,
    -0.2866312563419342,
    -0.2866305112838745,
    -1.2244632244110107,
    -0.6892877221107483,
    -0.3928128778934479,
    -0.39248397946357727,
    -0.2845827341079712,
    -0.2846062481403351,
    -0.2847648561000824,
    -0.2850581109523773,
    -0.28567779064178467,
    -0.2869468331336975,
    -0.2889172434806824,
    -0.2866271734237671,
    -0.28653642535209656,
    -0.28636109828948975,
    -0.2861354351043701,
    -0.286031037569046,
    -0.2860163450241089,
    -0.39333152770996094,
    -0.5252672433853149,
    -0.2862057685852051,
    -0.2863447666168213,
    -0.2864997386932373,
    -0.28636524081230164,
    -0.09263528138399124,
    -0.1838647425174713,
    -0.28650858998298645,
    -0.2863510549068451,
    -0.2862106263637543,
    -0.3933413624763489,
    -0.39333295822143555,
    -0.28601670265197754,
    -0.286028653383255,
    -0.2861291170120239,
    -0.28635019063949585,
    -0.28653183579444885,
    -0.2866128385066986,
    0.28783175349235535,
    -0.2872016131877899,
    -0.28573817014694214,
    -0.2850809097290039,
    -0.2847747802734375,
    -0.28461018204689026,
    -0.28457605838775635,
    -0.3924817442893982,
    -0.39281708002090454,
    -0.9044978618621826,
    0.29834046959877014,
    0.29840144515037537,
    0.2983829975128174,
    0.2982214391231537,
    0.8270328044891357,
    0.5591073632240295,
    1.1351933479309082,
    1.419592022895813,
    1.5525093078613281,
    0.29855820536613464,
    0.42817437648773193,
    0.2981741726398468,
    0.08717548847198486,
    0.18105532228946686
  ],
  "sigma2": [
    4.2350893636466935e-05,
    0.0040645599365234375,
    0.004069353919476271,
    0.004069487564265728,
    0.004131149034947157,
    0.004053628537803888,
    0.004073475953191519,
    0.004073609597980976,
    0.00407376466318965,
    0.004073768854141235,
    0.004073774442076683,
    0.004073780495673418,
    0.0040737902745604515,
    0.004073800053447485,
    0.004073813557624817,
    0.004069819580763578,
    0.0040727960877120495,
    0.004073226824402809,
    0.004073425196111202,
    0.004073475953191519,
    0.0040734815411269665,
    0.004063500091433525,
    0.00405554985627532,
    0.0040733665227890015,
    0.004073244519531727,
    0.004072916228324175,
    0.004027171991765499,
    0.0014584038872271776,
    0.003128236625343561,
    0.00407289108261466,
    0.004073240328580141,
    0.004073362797498703,
    0.004061863292008638,
    0.004063296597450972,
    0.0040734815411269665,
    0.004073477350175381,
    0.0040734270587563515,
    0.004073238931596279,
    0.00407281331717968,
    0.00407048175111413,
    0.004073809832334518,
    0.004073801916092634,
    0.00407379399985075,
    0.0040737842209637165,
    0.00407377677038312,
    0.004073770716786385,
    0.004073766991496086,
    0.004073609597980976,
    0.004073471762239933,
    0.0041517820209264755,
    0.004071916453540325,
    0.004071475472301245,
    0.004071700852364302,
    0.004072265699505806,
    0.004367647226899862,
    0.004132374655455351,
    0.0038790348917245865,
    0.0040589007548987865,
    0.004063386004418135,
    0.00407068757340312,
    0.00407809903845191,
    0.004057778511196375,
    0.0013210526667535305,
    0.0030908863991498947
  ],
  "pi": [
    0.9900000095367432,
    5.4904784718701194e-08,
    7.470545097021386e-05,
    7.300758443307132e-05,
    5.74686168874905e-07,
    1.879732371889986e-05,
    3.9877490962680895e-06,
    2.566971261330764e-06,
    8.979001790976326e-07,
    8.659803256705345e-07,
    7.556868126812333e-07,
    6.351224897116481e-07,
    5.022153004574648e-07,
    3.556407364158076e-07,
    2.1731196397922758e-07,
    6.869916251162067e-05,
    1.9532548321876675e-05,
    1.017363592836773e-05,
    6.519032012874959e-06,
    5.601666089205537e-06,
    5.49778724234784e-06,
    0.00010677120735635981,
    7.768578507238999e-05,
    7.5291836765245534e-06,
    9.78411753749242e-06,
    1.6770882211858407e-05,
    0.0007438744651153684,
    0.0013219743268564343,
    0.0024928487837314606,
    1.7345773812849075e-05,
    9.928489816957153e-06,
    7.589646884298418e-06,
    0.00012195701128803194,
    0.00010872207349166274,
    5.500295173987979e-06,
    5.584599875874119e-06,
    6.450544333347352e-06,
    9.908312676998321e-06,
    1.9158711438649334e-05,
    6.0101676353951916e-05,
    2.364245546004895e-07,
    3.344961783113831e-07,
    4.926655492454302e-07,
    6.28235170552216e-07,
    7.500011633965187e-07,
    8.612298643129179e-07,
    9.09887660327513e-07,
    2.5595008992240764e-06,
    4.013037596450886e-06,
    6.604950613109395e-06,
    3.8700076402164996e-05,
    4.7325414925580844e-05,
    4.278562846593559e-05,
    3.226924309274182e-05,
    1.1398511560400948e-05,
    3.344930155435577e-05,
    6.621925876970636e-06,
    3.834601045582531e-07,
    1.9129306849663408e-07,
    8.216936839744449e-05,
    0.00016462239727843553,
    0.0006427733460441232,
    0.0012434603413566947,
    0.0021930241491645575
  ],
  "J": 64
}