{
  "mu": [
    0.0,
    -1.496455192565918,
    -0.27548298239707947,
    -0.27548179030418396,
    -1.1063275337219238,
    -0.5852438807487488,
    -0.4027565121650696,
    -0.4032263159751892,
    -0.27393969893455505,
    -0.2738928198814392,
    -0.27370789647102356,
    -0.27345383167266846,
    -0.2730831801891327,
    -0.2724626064300537,
    -0.2713507115840912,
    -0.2754840552806854,
    -0.2754914164543152,
    -0.27545222640037537,
    -0.27538007497787476,
    -0.27534517645835876,
    -0.27533966302871704,
    -0.40437647700309753,
    -0.42393729090690613,
    -0.27541226148605347,
    -0.2754458487033844,
    -0.275486558675766,
    -0.2753187417984009,
    -0.08640152215957642,
    -0.17058390378952026,
    -0.27548885345458984,
    -0.27544867992401123,
    -0.2754136621952057,
    -0.4253268241882324,
    -0.40453171730041504,
    -0.27533990144729614,
    -0.27534428238868713,
    -0.27537983655929565,
    -0.275448203086853,
    -0.27549052238464355,
    -0.2754881680011749,
    0.25701475143432617,
    -0.2723402678966522,
    -0.2730512022972107,
    -0.27343711256980896,
    -0.27369755506515503,
    -0.27388542890548706,
    -0.2739567458629608,
    -0.40322935581207275,
    -0.4027513265609741,
    -0.793107271194458,
    0.25857192277908325,
    0.2585470378398895,
    0.25856146216392517,
    0.2585781216621399,
    0.7302289605140686,
    0.49348416924476624,
    0.9806402921676636,
    1.1344070434570312,
    1.3901559114456177,
    0.2584823966026306,
    0.3672654628753662,
    0.25782352685928345,
    0.07745750993490219,
    0.16074322164058685
  ],
  "sigma2": [
    4.260603236616589e-05,
    0.004064531065523624,
    0.0040588947013020515,
    0.004059318918734789,
    0.0041099549271166325,
    0.004126345738768578,
    0.004073326010257006,
    0.00407350854948163,
    0.004073702730238438,
    0.004073706455528736,
    0.004073718562722206,
    0.004073738120496273,
    0.004073757212609053,
    0.00407377677038312,
    0.0040737963281571865,
    0.004060304258018732,
    0.004070892930030823,
    0.004072388168424368,
    0.004072919953614473,
    0.0040730503387749195,
    0.0040730638429522514,
    0.0040675438940525055,
    0.004076868295669556,
    0.0040727765299379826,
    0.004072442650794983,
    0.0040713585913181305,
    0.003977946937084198,
    0.0012133157579228282,
    0.002721318742260337,
    0.004071264062076807,
    0.004072424955666065,
    0.004072768613696098,
    0.0040778773836791515,
    0.004067501053214073,
    0.004073065705597401,
    0.0040730503387749195,
    0.004072932060807943,
    0.004072423093020916,
    0.004070957191288471,
    0.004062233027070761,
    0.004073786549270153,
    0.004073778633028269,
    0.004073757212609053,
    0.004073738120496273,
    0.004073722288012505,
    0.004073706455528736,
    0.004073700867593288,
    0.004073510877788067,
    0.004073322284966707,
    0.004084832966327667,
    0.004066049121320248,
    0.004064029082655907,
    0.0040651047602295876,
    0.00406747218221426,
    0.004009174648672342,
    0.00401482405140996,
    0.004039347637444735,
    0.004061867017298937,
    0.004119264427572489,
    0.00405554985627532,
    0.004025488160550594,
    0.00395471416413784,
    0.0010254818480461836,
    0.002527985954657197
  ],
  "pi": [
    0.9900000095367432,
    5.365078337149498e-08,
    0.00010562572424532846,
    0.0001029533232212998,
    5.723868525819853e-07,
    2.6316103685530834e-05,
    3.457914772297954e-06,
    2.3437844447471434e-06,
    9.251667165699473e-07,
    8.92031607691024e-07,
    7.776773713885632e-07,
    6.52903850095754e-07,
    5.156694555807917e-07,
    3.6468964026425965e-07,
    2.2256280374222115e-07,
    9.567434608470649e-05,
    2.3091195544111542e-05,
    1.1299573998257983e-05,
    7.041094249871094e-06,
    6.006603143760003e-06,
    5.890216925763525e-06,
    3.706484130816534e-05,
    4.645962326321751e-05,
    8.19651540950872e-06,
    1.0835039574885741e-05,
    1.9481885829009116e-05,
    0.0006731139728799462,
    0.0014711788389831781,
    0.002522724913433194,
    2.0226412743795663e-05,
    1.1007407010765746e-05,
    8.266305485449266e-06,
    4.643141073756851e-05,
    3.7500925827771425e-05,
    5.893189154448919e-06,
    5.987289569020504e-06,
    6.963210580579471e-06,
    1.0983358151861466e-05,
    2.25952153414255e-05,
    8.252193947555497e-05,
    2.4200170400945353e-07,
    3.4294427564418584e-07,
    5.058223564446962e-07,
    6.457748895627446e-07,
    7.717851531197084e-07,
    8.871014074429695e-07,
    9.376317393616773e-07,
    2.3376569515676238e-06,
    3.476840902294498e-06,
    7.371645097009605e-06,
    4.525183976511471e-05,
    5.6194989156210795e-05,
    5.0422870117472485e-05,
    3.720808308571577e-05,
    1.0418340025353245e-05,
    3.952406405005604e-05,
    6.702524842694402e-06,
    1.1773548749260954e-06,
    5.188448426451941e-07,
    0.00010110285074915737,
    0.00019019897445105016,
    0.000646513479296118,
    0.0012595666339620948,
    0.0020955700892955065
  ],
  "J": 64
}