{
  "mu": [
    0.0,
    -1.4721771478652954,
    -0.26271066069602966,
    -0.2627094089984894,
    -1.0547624826431274,
    -0.566592812538147,
    -0.3957059681415558,
    -0.39576002955436707,
    -0.2632928788661957,
    -0.2633137106895447,
    -0.2633891999721527,
    -0.263506144285202,
    -0.26367509365081787,
    -0.2639140188694,
    -0.2641890347003937,
    -0.26273006200790405,
    -0.2627731263637543,
    -0.26284414529800415,
    -0.26290363073349,
    -0.26290884613990784,
    -0.26291167736053467,
    -0.39554300904273987,
    -0.3955962359905243,
    -0.26288437843322754,
    -0.26285111904144287,
    -0.26278793811798096,
    -0.2627861201763153,
    -0.08398611843585968,
    -0.16565071046352386,
    -0.2627847492694855,
    -0.26284974813461304,
    -0.26288408041000366,
    -0.39559614658355713,
    -0.3955453634262085,
    -0.26291173696517944,
    -0.26290997862815857,
    -0.26290401816368103,
    -0.2628503739833832,
    -0.2627745270729065,
    -0.262712687253952,
    0.26088646054267883,
    -0.2639540135860443,
    -0.26368892192840576,
    -0.2635136544704437,
    -0.263394832611084,
    -0.26331642270088196,
    -0.2632853090763092,
    -0.395760178565979,
    -0.3957049548625946,
    -0.7566542625427246,
    0.2584308087825775,
    0.25839561223983765,
    0.25841835141181946,
    0.2584492564201355,
    0.6989678740501404,
    0.48588401079177856,
    0.9362273216247559,
    1.10633385181427,
    1.3707926273345947,
    0.2582996189594269,
    0.37167319655418396,
    0.2574395537376404,
    0.07734055072069168,
    0.15826666355133057
  ],
  "sigma2": [
    4.300371801946312e-05,
    0.004064494278281927,
    0.004052799195051193,
    0.004053390584886074,
    0.0041201128624379635,
    0.004048761911690235,
    0.004072657786309719,
    0.004073042422533035,
    0.004073650576174259,
    0.004073660355061293,
    0.00407367991283536,
    0.004073700867593288,
    0.00407372834160924,
    0.004073757212609053,
    0.004073782358318567,
    0.00405517453327775,
    0.004069515038281679,
    0.004071719944477081,
    0.004072524141520262,
    0.0040727159939706326,
    0.004072739742696285,
    0.004059684928506613,
    0.004056141711771488,
    0.004072306677699089,
    0.004071807488799095,
    0.004070182330906391,
    0.00396407674998045,
    0.001164350425824523,
    0.002636838471516967,
    0.004070044960826635,
    0.004071772564202547,
    0.004072290845215321,
    0.004056157544255257,
    0.004059520084410906,
    0.004072737880051136,
    0.004072720184922218,
    0.004072537645697594,
    0.004071778152137995,
    0.004069604445248842,
    0.004057108890265226,
    0.004073788411915302,
    0.004073761403560638,
    0.004073732066899538,
    0.004073702730238438,
    0.004073683638125658,
    0.004073660355061293,
    0.004073648247867823,
    0.004073042422533035,
    0.004072652198374271,
    0.0041173044592142105,
    0.004067662172019482,
    0.004066198132932186,
    0.004066950641572475,
    0.004068796988576651,
    0.004036580678075552,
    0.004045438952744007,
    0.004006942734122276,
    0.004056842066347599,
    0.004116686061024666,
    0.004061413928866386,
    0.004030835814774036,
    0.003993451129645109,
    0.0010371441021561623,
    0.0025367513298988342
  ],
  "pi": [
    0.9900000095367432,
    5.414220893840138e-08,
    0.0001176818332169205,
    0.00011472281767055392,
    6.103221608100284e-07,
    2.422022407699842e-05,
    3.50216055267083e-06,
    2.366149601584766e-06,
    9.296374514633499e-07,
    8.962593369687966e-07,
    7.810934334884223e-07,
    6.555254117301956e-07,
    5.175154456082964e-07,
    3.6582727602763043e-07,
    2.2315811065709568e-07,
    0.00010451768321217969,
    2.4406508600804955e-05,
    1.167127447843086e-05,
    7.197008471848676e-06,
    6.12362464380567e-06,
    6.003195721859811e-06,
    3.9184713386930525e-05,
    4.933826858177781e-05,
    8.402568710152991e-06,
    1.1180306501046289e-05,
    2.046528425125871e-05,
    0.0006101637263782322,
    0.0015172673156484962,
    0.0024881106801331043,
    2.1275605831760913e-05,
    1.1362322766217403e-05,
    8.475532013108023e-06,
    4.9303653213428333e-05,
    3.965494761359878e-05,
    6.00622206547996e-06,
    6.1037185332679655e-06,
    7.1159470280690584e-06,
    1.133669229602674e-05,
    2.3864777176640928e-05,
    9.042594319907948e-05,
    2.426617413675558e-07,
    3.4399377568661293e-07,
    5.076195179753995e-07,
    6.483531365120143e-07,
    7.75159776367218e-07,
    8.912884368328378e-07,
    9.42200017561845e-07,
    2.3599286578246392e-06,
    3.521500275383005e-06,
    7.665784323762637e-06,
    4.8892004997469485e-05,
    6.121179467299953e-05,
    5.472058182931505e-05,
    3.986742376582697e-05,
    1.0001381269830745e-05,
    3.082707189605571e-05,
    6.734300313837593e-06,
    1.5363584680017084e-06,
    5.053252039033396e-07,
    0.00011143765004817396,
    0.0001390125835314393,
    0.0005891695618629456,
    0.0013387150829657912,
    0.002102984581142664
  ],
  "J": 64
}