{
  "mu": [
    0.0,
    -1.1702178716659546,
    -0.25121134519577026,
    -0.2512149214744568,
    -0.9319292306900024,
    -0.52614426612854,
    -0.37391549348831177,
    -0.37273794412612915,
    -0.24938932061195374,
    -0.24932971596717834,
    -0.24908603727817535,
    -0.248784139752388,
    -0.2484024465084076,
    -0.24795302748680115,
    -0.24752157926559448,
    -0.2506231367588043,
    -0.25124362111091614,
    -0.2512179911136627,
    -0.25114330649375916,
    -0.2511141002178192,
    -0.25111648440361023,
    -0.37914028763771057,
    -0.3795306384563446,
    -0.251197874546051,
    -0.2512366473674774,
    -0.25127655267715454,
    -0.25097134709358215,
    -0.0819549411535263,
    -0.15887992084026337,
    -0.25127673149108887,
    -0.25123849511146545,
    -0.2511998414993286,
    -0.3795318901538849,
    -0.37916526198387146,
    -0.25111693143844604,
    -0.25111353397369385,
    -0.2511410713195801,
    -0.25121283531188965,
    -0.2512415051460266,
    -0.2510247230529785,
    0.249879390001297,
    -0.24788670241832733,
    -0.24837461113929749,
    -0.24876588582992554,
    -0.24907320737838745,
    -0.24932067096233368,
    -0.24941453337669373,
    -0.37273043394088745,
    -0.3739321529865265,
    -0.6940394639968872,
    0.24522314965724945,
    0.245148703455925,
    0.24518632888793945,
    0.24528954923152924,
    0.6233517527580261,
    0.41241753101348877,
    0.8527984619140625,
    1.0631561279296875,
    1.312867522239685,
    0.24491356313228607,
    0.2948240637779236,
    0.2439793199300766,
    0.07612403482198715,
    0.15227273106575012
  ],
  "sigma2": [
    4.312659802963026e-05,
    0.0041031306609511375,
    0.004052729345858097,
    0.004053305368870497,
    0.0040716929361224174,
    0.004089013207703829,
    0.004073597956448793,
    0.00407366594299674,
    0.004073604010045528,
    0.004073611926287413,
    0.004073638468980789,
    0.00407366780564189,
    0.004073700867593288,
    0.0040737357921898365,
    0.004073770716786385,
    0.004052203614264727,
    0.0040696486830711365,
    0.004071494564414024,
    0.004072302486747503,
    0.004072506446391344,
    0.004072518087923527,
    0.004069858696311712,
    0.00406857393682003,
    0.004072015173733234,
    0.004071463830769062,
    0.004069707356393337,
    0.003984642680734396,
    0.0010735469404608011,
    0.0024655296001583338,
    0.0040695578791201115,
    0.0040714251808822155,
    0.004071997478604317,
    0.004068578127771616,
    0.004069804213941097,
    0.004072519950568676,
    0.004072506446391344,
    0.004072315990924835,
    0.004071551375091076,
    0.004069734364748001,
    0.004053856246173382,
    0.004073759075254202,
    0.0040737418457865715,
    0.004073702730238438,
    0.004073670133948326,
    0.004073640797287226,
    0.004073611926287413,
    0.004073599819093943,
    0.00407366780564189,
    0.004073597956448793,
    0.004085179418325424,
    0.004057536367326975,
    0.004053432960063219,
    0.0040555982850492,
    0.0040605985559523106,
    0.004033254459500313,
    0.004134036600589752,
    0.00386899895966053,
    0.004035724326968193,
    0.004118013195693493,
    0.004037441220134497,
    0.00413002073764801,
    0.003953141625970602,
    0.0009640697971917689,
    0.002371506066992879
  ],
  "pi": [
    0.9900000095367432,
    1.7603055368908826e-07,
    0.00012890968355350196,
    0.00012582245108205825,
    5.656863777403487e-07,
    2.175945701310411e-05,
    3.3421968055336038e-06,
    2.3172444798547076e-06,
    9.74251406660187e-07,
    9.39193114390946e-07,
    8.18257888113294e-07,
    6.865312798254308e-07,
    5.417982151811884e-07,
    3.828497767699446e-07,
    2.334593744990343e-07,
    0.00011175724648637697,
    2.6523834094405174e-05,
    1.2499767763074487e-05,
    7.646582162124105e-06,
    6.4922505771392025e-06,
    6.363571174006211e-06,
    2.7241210773354396e-05,
    3.300774915260263e-05,
    8.95000539458124e-06,
    1.196880930365296e-05,
    2.2201229512575082e-05,
    0.0004801919567398727,
    0.0016723062144592404,
    0.0024889763444662094,
    2.310147465323098e-05,
    1.2165380212536547e-05,
    9.02876490727067e-06,
    3.298840601928532e-05,
    2.751240936049726e-05,
    6.366843081195839e-06,
    6.471135293395491e-06,
    7.559486220998224e-06,
    1.2134813005104661e-05,
    2.592750570329372e-05,
    9.728782606543973e-05,
    2.5380668944308127e-07,
    3.5998178304907924e-07,
    5.314243480825098e-07,
    6.790081101826217e-07,
    8.120280199364061e-07,
    9.339790949525195e-07,
    9.874394208964077e-07,
    2.3114782834454672e-06,
    3.3592975796636892e-06,
    7.575009931315435e-06,
    5.2714469347847626e-05,
    6.577091699000448e-05,
    5.888074520044029e-05,
    4.299547799746506e-05,
    1.052681909641251e-05,
    6.553340062964708e-05,
    7.227945388876833e-06,
    1.911598246806534e-06,
    4.769279371430457e-07,
    0.00011562816507648677,
    0.0001739414583425969,
    0.00036325721885077655,
    0.0014641541056334972,
    0.002095036907121539
  ],
  "J": 64
}