{
  "mu": [
    0.0,
    -0.3868708312511444,
    -0.298552930355072,
    -0.29843154549598694,
    -0.0019094517920166254,
    -0.001708370167762041,
    -0.0015851911157369614,
    -0.0014897480141371489,
    -0.0014142489526420832,
    -0.0013557459460571408,
    -0.0013129740254953504,
    -0.0012863329611718655,
    -0.0012815006775781512,
    -0.0013396505964919925,
    -0.001989204902201891,
    -1.7115025912062265e-05,
    -0.0002813946921378374,
    -0.0009718592627905309,
    -0.0016918195178732276,
    -0.0024000266566872597,
    -0.00321177183650434,
    -0.00423581013455987,
    -0.0055896504782140255,
    -0.007451592478901148,
    -0.010168349370360374,
    -0.014688467606902122,
    -0.026255473494529724,
    -0.11024972051382065,
    -0.02732044830918312,
    -0.014946287497878075,
    -0.010304887779057026,
    -0.007538983598351479,
    -0.005651439540088177,
    -0.00428078742697835,
    -0.003246262902393937,
    -0.0024283449165523052,
    -0.0017186137847602367,
    -0.0010008354438468814,
    -0.0003022793971467763,
    1.3842617590853479e-05,
    -0.0002612775133457035,
    -0.00105428253300488,
    -0.0011769101256504655,
    -0.0012290223967283964,
    -0.0012737715151160955,
    -0.0013258949620649219,
    -0.0013910019770264626,
    -0.001472560572437942,
    -0.0015746040735393763,
    -0.0017081976402550936,
    0.283978134393692,
    0.2835010290145874,
    0.28333207964897156,
    0.28418347239494324,
    0.39541152119636536,
    0.4876103103160858,
    0.5682386755943298,
    0.692008912563324,
    0.8500193953514099,
    0.2815078794956207,
    0.2813563942909241,
    0.2813264727592468,
    0.2813156247138977,
    0.28131529688835144
  ],
  "sigma2": [
    0.003025932004675269,
    0.005603129044175148,
    0.0044525000266730785,
    0.004401053301990032,
    0.004616479855030775,
    0.00452788220718503,
    0.004465185105800629,
    0.0044137826189398766,
    0.004374708980321884,
    0.004350920207798481,
    0.004346184432506561,
    0.0043650176376104355,
    0.0044126249849796295,
    0.004494591150432825,
    0.004615795332938433,
    0.00034605804830789566,
    0.0015249623684212565,
    0.0032192543148994446,
    0.004248852841556072,
    0.004850431345403194,
    0.005256647244095802,
    0.005557666998356581,
    0.005786040797829628,
    0.005954845808446407,
    0.006070378236472607,
    0.006139369215816259,
    0.00617082929238677,
    0.00619244109839201,
    0.006171567365527153,
    0.006141224876046181,
    0.0060739051550626755,
    0.00596020370721817,
    0.0057936604134738445,
    0.005567603278905153,
    0.0052698031067848206,
    0.004868778865784407,
    0.00427798880264163,
    0.0032718421425670385,
    0.0015955176204442978,
    0.0003602145879995078,
    0.004611806944012642,
    0.004497738555073738,
    0.004414365626871586,
    0.004365540109574795,
    0.0043457574211061,
    0.004349746275693178,
    0.004372990224510431,
    0.004411905538290739,
    0.004463839344680309,
    0.004529603291302919,
    0.004626286216080189,
    0.00470012566074729,
    0.0047626798041164875,
    0.004853950347751379,
    0.00493621826171875,
    0.004954037722200155,
    0.004976418800652027,
    0.00498268473893404,
    0.005082779098302126,
    0.004876000341027975,
    0.004877397790551186,
    0.004881087690591812,
    0.00488384161144495,
    0.00488580297678709
  ],
  "pi": [
    0.9900000095367432,
    7.548314442828996e-06,
    8.523899850843009e-06,
    8.468481610179879e-06,
    4.601817181537626e-06,
    4.860726221522782e-06,
    4.9123887038149405e-06,
    4.8896263251663186e-06,
    4.806331162399147e-06,
    4.654807526094373e-06,
    4.4164021346659865e-06,
    4.0650356822879985e-06,
    3.5691214179678354e-06,
    2.8899949029437266e-06,
    1.9535164028638974e-06,
    0.0047684600576758385,
    0.00017697100702207536,
    4.796465873369016e-05,
    2.821406269504223e-05,
    2.198934816988185e-05,
    1.9190025341231376e-05,
    1.7633536117500626e-05,
    1.664359115238767e-05,
    1.5965446436894126e-05,
    1.5497082131332718e-05,
    1.5198283108475152e-05,
    1.5050944057293236e-05,
    1.5035227079351898e-05,
    1.5047686247271486e-05,
    1.5189517398539465e-05,
    1.5481999071198516e-05,
    1.5942967365845107e-05,
    1.661109854467213e-05,
    1.7585029127076268e-05,
    1.9109653294435702e-05,
    2.1834377548657358e-05,
    2.783134550554678e-05,
    4.6516168367816135e-05,
    0.00016367922944482416,
    0.00427210284397006,
    1.9515193798724795e-06,
    2.855264028767124e-06,
    3.5423865938355448e-06,
    4.044265097036259e-06,
    4.400015313876793e-06,
    4.641336545319064e-06,
    4.794277174369199e-06,
    4.876803359366022e-06,
    4.893785899184877e-06,
    4.815825832338305e-06,
    4.8420874918519985e-06,
    4.941032784699928e-06,
    4.947580237057991e-06,
    4.8352462727052625e-06,
    4.645273293135688e-06,
    4.6343238864210434e-06,
    4.615068064595107e-06,
    4.6179297896742355e-06,
    4.514223746809876e-06,
    5.125364168634405e-06,
    5.137280368217034e-06,
    5.139696895639645e-06,
    5.141189376445254e-06,
    5.142211193742696e-06
  ],
  "J": 64
}