{
  "mu": [
    0.0,
    -0.9484895467758179,
    -0.21552911400794983,
    -0.21556241810321808,
    -0.7042408585548401,
    -0.538573145866394,
    -0.37797319889068604,
    -0.37793540954589844,
    -0.2171303927898407,
    -0.21629539132118225,
    -0.2162483185529709,
    -0.21617141366004944,
    -0.21600140631198883,
    -0.21553488075733185,
    -0.2144167721271515,
    -0.151266410946846,
    -0.2162291407585144,
    -0.2166687399148941,
    -0.21669812500476837,
    -0.21675682067871094,
    -0.21685436367988586,
    -0.37788230180740356,
    -0.3778652548789978,
    -0.21724942326545715,
    -0.21735255420207977,
    -0.21723277866840363,
    -0.2136515974998474,
    -0.07296746224164963,
    -0.13728436827659607,
    -0.21721449494361877,
    -0.21735449135303497,
    -0.21725429594516754,
    -0.3778652846813202,
    -0.37788131833076477,
    -0.2168583869934082,
    -0.2167597860097885,
    -0.21669919788837433,
    -0.21667079627513885,
    -0.2162351757287979,
    -0.21234457194805145,
    0.2143123298883438,
    -0.2154085636138916,
    -0.21598371863365173,
    -0.21616652607917786,
    -0.2162463515996933,
    -0.2162942737340927,
    -0.2164509892463684,
    -0.37793564796447754,
    -0.37797364592552185,
    -0.5386417508125305,
    0.22002069652080536,
    0.2199036031961441,
    0.21996723115444183,
    0.22011449933052063,
    0.4053851366043091,
    0.35589513182640076,
    0.5998102426528931,
    0.8644442558288574,
    1.1198837757110596,
    0.21948814392089844,
    0.21900849044322968,
    0.21829095482826233,
    0.06996112316846848,
    0.13522067666053772
  ],
  "sigma2": [
    4.349963637650944e-05,
    0.004111511167138815,
    0.003932397346943617,
    0.003935441840440035,
    0.0040977224707603455,
    0.004074917174875736,
    0.004071531817317009,
    0.004072083160281181,
    0.004072749055922031,
    0.004072766751050949,
    0.004072902724146843,
    0.004073052201420069,
    0.004073217045515776,
    0.004073390271514654,
    0.004073545336723328,
    0.0022856686264276505,
    0.0040438054129481316,
    0.004060095176100731,
    0.004065550863742828,
    0.004066818859428167,
    0.004066960420459509,
    0.004063433967530727,
    0.004062074236571789,
    0.004064133390784264,
    0.004060795996338129,
    0.004049194511026144,
    0.0037372647784650326,
    0.0007747006020508707,
    0.0018883203156292439,
    0.004048156086355448,
    0.004060577135533094,
    0.004064048174768686,
    0.004062068648636341,
    0.0040633720345795155,
    0.0040669566951692104,
    0.004066841676831245,
    0.004065647255629301,
    0.004060513339936733,
    0.004044474568217993,
    0.003765034256502986,
    0.004073543939739466,
    0.0040734135545790195,
    0.004073226824402809,
    0.004073061514645815,
    0.004072908777743578,
    0.004072772804647684,
    0.004072714131325483,
    0.004072088748216629,
    0.004071523901075125,
    0.004074963741004467,
    0.004028760828077793,
    0.004018509294837713,
    0.004023887682706118,
    0.004036640282720327,
    0.004102704115211964,
    0.004063693806529045,
    0.004215902648866177,
    0.004341608379036188,
    0.0042451247572898865,
    0.003981930203735828,
    0.003937330562621355,
    0.0038626024033874273,
    0.000754880195017904,
    0.0019339589634910226
  ],
  "pi": [
    0.9900000095367432,
    3.899632758930238e-07,
    0.00014926906442269683,
    0.00014579104026779532,
    1.2531331776699517e-06,
    4.581424036587123e-06,
    2.1994906092004385e-06,
    1.669914013291418e-06,
    9.868456345429877e-07,
    9.515532610748778e-07,
    8.267640509984631e-07,
    6.914028176652209e-07,
    5.434947070170892e-07,
    3.822037513145915e-07,
    2.3198548149139242e-07,
    0.00011070206528529525,
    2.8765938623109832e-05,
    1.359781435894547e-05,
    8.20009063318139e-06,
    6.9380143941089045e-06,
    6.808858415752184e-06,
    9.653239430917893e-06,
    1.090882233256707e-05,
    9.75487182586221e-06,
    1.3232861419965047e-05,
    2.5281748094130307e-05,
    0.00038746310747228563,
    0.002009814139455557,
    0.0023140350822359324,
    2.6356963644502684e-05,
    1.3460868103720713e-05,
    9.84450161922723e-06,
    1.0914888662227895e-05,
    9.710097401693929e-06,
    6.812807896494633e-06,
    6.915357062098337e-06,
    8.104185326374136e-06,
    1.3189350283937529e-05,
    2.8198755899211392e-05,
    9.731911995913833e-05,
    2.477842713233258e-07,
    3.589979371554364e-07,
    5.328869860932173e-07,
    6.83672965351434e-07,
    8.20339437268558e-07,
    9.461681997890992e-07,
    1.0006870070355944e-06,
    1.6664833992763306e-06,
    2.207320221714326e-06,
    4.847363925364334e-06,
    4.7542518586851656e-05,
    5.866133506060578e-05,
    5.281585254124366e-05,
    3.9103506423998624e-05,
    2.2019386960892007e-05,
    1.6600266462774016e-05,
    1.0128532267117407e-05,
    3.243147830289672e-06,
    9.443675708098453e-07,
    9.891451918520033e-05,
    0.00014838785864412785,
    0.0002376743359491229,
    0.0018180806655436754,
    0.001936819520778954
  ],
  "J": 64
}