{
  "mu": [
    0.0,
    -0.7139391899108887,
    -0.6865183115005493,
    -0.65909743309021,
    -0.6316765546798706,
    -0.6042556762695312,
    -0.5768347978591919,
    -0.5494139194488525,
    -0.5219930410385132,
    -0.49457216262817383,
    -0.46715131402015686,
    -0.4397304356098175,
    -0.41230955719947815,
    -0.3848886787891388,
    -0.35746780037879944,
    -0.3300469219684601,
    -0.3026260435581207,
    -0.27520516514778137,
    -0.24778428673744202,
    -0.22036340832710266,
    -0.1929425299167633,
    -0.16552165150642395,
    -0.1381007879972458,
    -0.11067990958690643,
    -0.08325903117656708,
    -0.05583815276622772,
    -0.028417276218533516,
    -0.0009963996708393097,
    0.026424476876854897,
    0.0538453534245491,
    0.08126623183488846,
    0.10868710279464722,
    0.13610798120498657,
    0.16352885961532593,
    0.19094973802566528,
    0.21837061643600464,
    0.2457914799451828,
    0.27321237325668335,
    0.3006332516670227,
    0.32805413007736206,
    0.35547497868537903,
    0.3828958570957184,
    0.41031673550605774,
    0.4377376139163971,
    0.46515849232673645,
    0.4925793707370758,
    0.5200002789497375,
    0.5474210977554321,
    0.5748419761657715,
    0.6022628545761108,
    0.6296837329864502,
    0.6571046113967896,
    0.6845254898071289,
    0.7119463682174683,
    0.7393672466278076,
    0.766788125038147,
    0.7942090034484863,
    0.8216298818588257,
    0.849050760269165,
    0.8764716386795044,
    0.9038925170898438,
    0.9313133955001831,
    0.9587342739105225,
    0.9861551523208618
  ],
  "sigma2": [
    0.0625,
    0.0625,
    0.0625,
    0.0625,
    0.0625,
    0.0625,
    0.0625,
    0.0625,
    0.0625,
    0.0625,
    0.0625,
    0.0625,
    0.0625,
    0.0625,
    0.0625,
    0.0625,
    0.0625,
    0.0625,
    0.0625,
    0.0625,
    0.0625,
    0.0625,
    0.0625,
    0.0625,
    0.0625,
    0.0625,
    0.0625,
    0.0625,
    0.0625,
    0.0625,
    0.0625,
    0.0625,
    0.0625,
    0.0625,
    0.0625,
    0.0625,
    0.0625,
    0.0625,
    0.0625,
    0.0625,
    0.0625,
    0.0625,
    0.0625,
    0.0625,
    0.0625,
    0.0625,
    0.0625,
    0.0625,
    0.0625,
    0.0625,
    0.0625,
    0.0625,
    0.0625,
    0.0625,
    0.0625,
    0.0625,
    0.0625,
    0.0625,
    0.0625,
    0.0625,
    0.0625,
    0.0625,
    0.0625,
    0.0625
  ],
  "pi": [
    0.9900000095367432,
    0.00015873016673140228,
    0.00015873016673140228,
    0.00015873016673140228,
    0.00015873016673140228,
    0.00015873016673140228,
    0.00015873016673140228,
    0.00015873016673140228,
    0.00015873016673140228,
    0.00015873016673140228,
    0.00015873016673140228,
    0.00015873016673140228,
    0.00015873016673140228,
    0.00015873016673140228,
    0.00015873016673140228,
    0.00015873016673140228,
    0.00015873016673140228,
    0.00015873016673140228,
    0.00015873016673140228,
    0.00015873016673140228,
    0.00015873016673140228,
    0.00015873016673140228,
    0.00015873016673140228,
    0.00015873016673140228,
    0.00015873016673140228,
    0.00015873016673140228,
    0.00015873016673140228,
    0.00015873016673140228,
    0.00015873016673140228,
    0.00015873016673140228,
    0.00015873016673140228,
    0.00015873016673140228,
    0.00015873016673140228,
    0.00015873016673140228,
    0.00015873016673140228,
    0.00015873016673140228,
    0.00015873016673140228,
    0.00015873016673140228,
    0.00015873016673140228,
    0.00015873016673140228,
    0.00015873016673140228,
    0.00015873016673140228,
    0.00015873016673140228,
    0.00015873016673140228,
    0.00015873016673140228,
    0.00015873016673140228,
    0.00015873016673140228,
    0.00015873016673140228,
    0.00015873016673140228,
    0.00015873016673140228,
    0.00015873016673140228,
    0.00015873016673140228,
    0.00015873016673140228,
    0.00015873016673140228,
    0.00015873016673140228,
    0.00015873016673140228,
    0.00015873016673140228,
    0.00015873016673140228,
    0.00015873016673140228,
    0.00015873016673140228,
    0.00015873016673140228,
    0.00015873016673140228,
    0.00015873016673140228,
    0.00015873016673140228
  ],
  "J": 64
}