{
  "mu": [
    0.0,
    -0.40205708146095276,
    -0.15615132451057434,
    -0.15611088275909424,
    -0.168725848197937,
    -0.16935552656650543,
    -0.16949082911014557,
    -0.16773565113544464,
    -0.16089342534542084,
    -0.14277750253677368,
    -0.10619529336690903,
    -0.061037156730890274,
    -0.029292941093444824,
    -0.012891052290797234,
    -0.009482861496508121,
    2.8382587515807245e-06,
    -0.12746280431747437,
    -0.16290250420570374,
    -0.1664172112941742,
    -0.16751210391521454,
    -0.16751728951931,
    -0.167027086019516,
    -0.1662369817495346,
    -0.16519835591316223,
    -0.1639072299003601,
    -0.16233637928962708,
    -0.16071376204490662,
    -0.15927234292030334,
    -0.16065014898777008,
    -0.16226650774478912,
    -0.1638488471508026,
    -0.16515138745307922,
    -0.16620057821273804,
    -0.1670013815164566,
    -0.1675063520669937,
    -0.16752806305885315,
    -0.16649651527404785,
    -0.16310542821884155,
    -0.1542130559682846,
    -1.6937165128183551e-06,
    0.0031604974064975977,
    -0.00891643762588501,
    -0.026362162083387375,
    -0.05810290575027466,
    -0.10392183810472488,
    -0.14183887839317322,
    -0.16067253053188324,
    -0.16773362457752228,
    -0.1695024073123932,
    -0.16930770874023438,
    0.16944298148155212,
    0.16925005614757538,
    0.1695440411567688,
    0.17048445343971252,
    0.17218908667564392,
    0.17420123517513275,
    0.1776757687330246,
    0.35180556774139404,
    0.7073996663093567,
    0.16927650570869446,
    0.16922561824321747,
    0.1692325621843338,
    0.1692386418581009,
    0.16924375295639038
  ],
  "sigma2": [
    0.0011311229318380356,
    0.005013928283005953,
    0.002296948339790106,
    0.0022880076430737972,
    0.0039006827864795923,
    0.003931246232241392,
    0.0039632562547922134,
    0.004000671207904816,
    0.0040489258244633675,
    0.00411232840269804,
    0.004171761684119701,
    0.0041894796304404736,
    0.004181143827736378,
    0.004165994934737682,
    0.00414540059864521,
    6.635831960011274e-05,
    0.0020073028281331062,
    0.003158566541969776,
    0.003644973738119006,
    0.003797298762947321,
    0.003820992773398757,
    0.0037863703910261393,
    0.0037147754337638617,
    0.0036096032708883286,
    0.003463266184553504,
    0.0032590304035693407,
    0.0030188672244548798,
    0.0027871313504874706,
    0.003008902305737138,
    0.0032492640893906355,
    0.0034561692737042904,
    0.0036045738961547613,
    0.0037112643476575613,
    0.0037842083256691694,
    0.0038205990567803383,
    0.003799997502937913,
    0.003655399428680539,
    0.003188353730365634,
    0.0020763969514518976,
    0.00015509837248828262,
    0.004146477673202753,
    0.004165617749094963,
    0.004180774558335543,
    0.004189725499600172,
    0.0041737970896065235,
    0.004114696290344,
    0.004050048068165779,
    0.004000701475888491,
    0.0039622588083148,
    0.003928589168936014,
    0.0024755713529884815,
    0.0024574764538556337,
    0.0024860259145498276,
    0.002575106453150511,
    0.0027274945750832558,
    0.0029011364094913006,
    0.003177956910803914,
    0.004647111054509878,
    0.005744584370404482,
    0.0024631170090287924,
    0.0024589253589510918,
    0.002459651092067361,
    0.002460297429934144,
    0.002460792660713196
  ],
  "pi": [
    0.9900000095367432,
    1.726256959955208e-05,
    6.329712050501257e-05,
    6.312802725005895e-05,
    5.424294158729026e-06,
    5.144684564584168e-06,
    4.762949629366631e-06,
    4.3450272642076015e-06,
    3.9006135921226814e-06,
    3.439302872720873e-06,
    2.994925580424024e-06,
    2.6019765755336266e-06,
    2.2138738131616265e-06,
    1.7649934989094618e-06,
    1.1978233942500083e-06,
    0.0065278559923172,
    7.242272113217041e-05,
    4.89621379529126e-05,
    3.370213380549103e-05,
    2.9498745789169334e-05,
    2.9471988455043174e-05,
    3.150478005409241e-05,
    3.503426705719903e-05,
    4.016285311081447e-05,
    4.7617912059649825e-05,
    5.909074025112204e-05,
    7.480305794160813e-05,
    9.255774784833193e-05,
    7.551584712928161e-05,
    5.967653851257637e-05,
    4.799133967026137e-05,
    4.040692510898225e-05,
    3.5200882848585024e-05,
    3.160964843118563e-05,
    2.9509041269193403e-05,
    2.942736136901658e-05,
    3.337892849231139e-05,
    4.798239388037473e-05,
    7.152403850341216e-05,
    0.0016049658879637718,
    1.196578750750632e-06,
    1.7429140370950336e-06,
    2.194581611547619e-06,
    2.5829815513134236e-06,
    2.97386281999934e-06,
    3.4183326533820946e-06,
    3.883139015670167e-06,
    4.332739990786649e-06,
    4.757204806082882e-06,
    5.142815552972024e-06,
    4.5971701183589175e-05,
    4.745007390738465e-05,
    4.688178887590766e-05,
    4.39418108726386e-05,
    3.889666550094262e-05,
    3.3587093639653176e-05,
    2.6651903681340627e-05,
    1.6427946320618503e-05,
    8.352961231139489e-06,
    4.942786836181767e-05,
    4.968910798197612e-05,
    4.970956069882959e-05,
    4.971622547600418e-05,
    4.971778980689123e-05
  ],
  "J": 64
}