{
  "mu": [
    0.0,
    -0.5596492886543274,
    -0.5167485475540161,
    -0.4394820034503937,
    -0.0873275026679039,
    -0.019536510109901428,
    -0.012997165322303772,
    -0.010370445437729359,
    -0.008624451234936714,
    -0.007232308387756348,
    -0.006125484127551317,
    -0.005353184882551432,
    -0.005041990429162979,
    -0.005652406718581915,
    -0.010723001323640347,
    -0.00033509486820548773,
    -0.0004141402314417064,
    -0.0005118997069075704,
    -0.0005850514280609787,
    -0.000631179369520396,
    -0.0006627843249589205,
    -0.0006867647753097117,
    -0.0007061065989546478,
    -0.0007221238920465112,
    -0.0007356269634328783,
    -0.0007467871182598174,
    -0.0007501842337660491,
    -0.0007475491147488356,
    -0.0007499458733946085,
    -0.0007471315329894423,
    -0.0007361267926171422,
    -0.0007226936868391931,
    -0.0007067921105772257,
    -0.0006875864346511662,
    -0.0006638281047344208,
    -0.0006326041766442358,
    -0.0005872459732927382,
    -0.0005154087557457387,
    -0.00041780079482123256,
    -0.0003375485830474645,
    0.009852680377662182,
    0.004477737937122583,
    0.003793871495872736,
    0.0040734512731432915,
    0.004819177091121674,
    0.005900181829929352,
    0.0072762202471494675,
    0.009054387919604778,
    0.011969691142439842,
    0.021298706531524658,
    0.28612270951271057,
    0.4903675615787506,
    0.5406591296195984,
    0.5722801089286804,
    0.6025800704956055,
    0.6445387005805969,
    0.7190011739730835,
    0.8018730282783508,
    0.8279129266738892,
    0.6241248250007629,
    0.5287952423095703,
    0.5255391001701355,
    0.5245216488838196,
    0.5242279767990112
  ],
  "sigma2": [
    0.009043535217642784,
    0.009703041054308414,
    0.00957723893225193,
    0.009458725340664387,
    0.009507915005087852,
    0.008995717391371727,
    0.008626517839729786,
    0.008309347555041313,
    0.008035128936171532,
    0.007817027159035206,
    0.007675060071051121,
    0.007631141226738691,
    0.007708263583481312,
    0.007938741706311703,
    0.008426515385508537,
    0.0026566891465336084,
    0.003465139539912343,
    0.004744548350572586,
    0.006078807171434164,
    0.007156119681894779,
    0.00801148172467947,
    0.008699363097548485,
    0.009245885536074638,
    0.009662752039730549,
    0.00995573215186596,
    0.010133959352970123,
    0.010213904082775116,
    0.010228554718196392,
    0.010215545073151588,
    0.010138841345906258,
    0.009964813478291035,
    0.009676391258835793,
    0.00926461536437273,
    0.00872300285845995,
    0.008041074499487877,
    0.007192803081125021,
    0.006125514395534992,
    0.004799239803105593,
    0.0035062897950410843,
    0.0026796949096024036,
    0.008413956500589848,
    0.00795039813965559,
    0.007712241727858782,
    0.0076296571642160416,
    0.007669663522392511,
    0.007809173781424761,
    0.008026712574064732,
    0.008303516544401646,
    0.008630112744867802,
    0.009034764021635056,
    0.009416037239134312,
    0.009417698718607426,
    0.009559668600559235,
    0.00970549788326025,
    0.009831452742218971,
    0.009933095425367355,
    0.010009602643549442,
    0.010070494376122952,
    0.010114581324160099,
    0.010139909572899342,
    0.010143623687326908,
    0.010153640992939472,
    0.010162423364818096,
    0.010169383138418198
  ],
  "pi": [
    0.9900000095367432,
    1.5043122402857989e-05,
    1.4930797988199629e-05,
    1.4739984180778265e-05,
    1.5088843611010816e-05,
    1.6741727449698374e-05,
    1.757423160597682e-05,
    1.815511132008396e-05,
    1.8611925042932853e-05,
    1.8961402020067908e-05,
    1.9146273189107887e-05,
    1.9011757103726268e-05,
    1.823342972784303e-05,
    1.6153011529240757e-05,
    1.1271557013969868e-05,
    0.0020191026851534843,
    0.0010891944402828813,
    0.0004541261005215347,
    0.0002353358722757548,
    0.00016434196732006967,
    0.00013310386566445231,
    0.00011612658272497356,
    0.00010569999722065404,
    9.89055770332925e-05,
    9.448752825846896e-05,
    9.184257942251861e-05,
    9.061527089215815e-05,
    9.037642303155735e-05,
    9.058917930815369e-05,
    9.176787716569379e-05,
    9.435066749574617e-05,
    9.868892811937258e-05,
    0.00010536922491155565,
    0.00011561312567209825,
    0.00013222993584349751,
    0.00016262245480902493,
    0.0002309788833372295,
    0.00043930968968197703,
    0.0010561485541984439,
    0.0019803117029368877,
    1.1242447726544924e-05,
    1.599043025635183e-05,
    1.8146753063774668e-05,
    1.8962015019496903e-05,
    1.9113107555313036e-05,
    1.8933213141281158e-05,
    1.857961615314707e-05,
    1.8106025891029276e-05,
    1.7477443179814145e-05,
    1.647981298447121e-05,
    1.4524878679367248e-05,
    1.4827368431724608e-05,
    1.5001598512753844e-05,
    1.5099085430847481e-05,
    1.5158274436544161e-05,
    1.519639954494778e-05,
    1.5226190043904353e-05,
    1.525564402982127e-05,
    1.527203494333662e-05,
    1.5273433746187948e-05,
    1.5297850040951744e-05,
    1.5306541172321886e-05,
    1.531174530100543e-05,
    1.5315163182094693e-05
  ],
  "J": 64
}