{
  "mu": [
    0.0,
    -1.6001625061035156,
    -0.2892638146877289,
    -0.2892685830593109,
    -1.2106083631515503,
    -0.6800582408905029,
    -0.40343382954597473,
    -0.40351632237434387,
    -0.29299306869506836,
    -0.29308265447616577,
    -0.29342567920684814,
    -0.29384517669677734,
    -0.2943640649318695,
    -0.2949483096599579,
    -0.2951071262359619,
    -0.28928205370903015,
    -0.2894832491874695,
    -0.28971660137176514,
    -0.28997185826301575,
    -0.2900795638561249,
    -0.2900942265987396,
    -0.40330439805984497,
    -0.531128466129303,
    -0.2898811995983124,
    -0.28973671793937683,
    -0.2895353436470032,
    -0.2888012230396271,
    -0.09116698801517487,
    -0.18208755552768707,
    -0.28952664136886597,
    -0.2897292375564575,
    -0.2898765206336975,
    -0.40331634879112244,
    -0.403306245803833,
    -0.29009392857551575,
    -0.2900819480419159,
    -0.28997868299484253,
    -0.2897302806377411,
    -0.28948867321014404,
    -0.28929224610328674,
    0.28588834404945374,
    -0.295014351606369,
    -0.2944051921367645,
    -0.2938701808452606,
    -0.293444961309433,
    -0.2930963933467865,
    -0.2929600477218628,
    -0.4035169184207916,
    -0.4034327268600464,
    -0.8908864259719849,
    0.28417015075683594,
    0.2841574251651764,
    0.28417664766311646,
    0.2841736972332001,
    0.8197999000549316,
    0.5447991490364075,
    1.125337839126587,
    1.4118496179580688,
    1.54055917263031,
    0.28414982557296753,
    0.4068547785282135,
    0.28342148661613464,
    0.08372914046049118,
    0.17426791787147522
  ],
  "sigma2": [
    4.2945684981532395e-05,
    0.00406455434858799,
    0.004066198132932186,
    0.00406635319814086,
    0.004133330658078194,
    0.004052584525197744,
    0.004073188174515963,
    0.004073393996804953,
    0.00407374557107687,
    0.004073749296367168,
    0.004073761403560638,
    0.004073770716786385,
    0.004073782358318567,
    0.0040737963281571865,
    0.004073807504028082,
    0.004066754598170519,
    0.004071582108736038,
    0.0040726871229708195,
    0.0040731281042099,
    0.004073236603289843,
    0.0040732501074671745,
    0.004058333579450846,
    0.004039453342556953,
    0.004073007497936487,
    0.0040727355517446995,
    0.004071896895766258,
    0.0040049790404737,
    0.0014826374826952815,
    0.0031368837226182222,
    0.004071828909218311,
    0.0040727159939706326,
    0.00407300004735589,
    0.004056493751704693,
    0.004058083985000849,
    0.004073248244822025,
    0.004073236603289843,
    0.004073136020451784,
    0.004072718322277069,
    0.004071623086929321,
    0.004067545756697655,
    0.004073819611221552,
    0.004073798190802336,
    0.004073782358318567,
    0.004073773045092821,
    0.004073761403560638,
    0.004073749296367168,
    0.0040737478993833065,
    0.004073395859450102,
    0.004073186311870813,
    0.0041579375974833965,
    0.004069986753165722,
    0.004069177433848381,
    0.004069596529006958,
    0.004070646595209837,
    0.004392017610371113,
    0.0041927252896130085,
    0.003921585623174906,
    0.004059301223605871,
    0.004063492175191641,
    0.004066004417836666,
    0.004120525438338518,
    0.0040270606987178326,
    0.00130610226187855,
    0.00299741025082767
  ],
  "pi": [
    0.9900000095367432,
    5.4972133511910215e-08,
    7.657348760403693e-05,
    7.48115562601015e-05,
    5.748645435232902e-07,
    1.7754327927832492e-05,
    3.928447313228389e-06,
    2.5437541353312554e-06,
    9.008634265228466e-07,
    8.688267598699895e-07,
    7.581268164358335e-07,
    6.37132586689404e-07,
    5.037697405896324e-07,
    3.567111548363755e-07,
    2.1794504334593512e-07,
    7.035168528091162e-05,
    1.9766559489653446e-05,
    1.0255641427647788e-05,
    6.560021120094461e-06,
    5.63440153200645e-06,
    5.529671398107894e-06,
    9.131675324169919e-05,
    6.285287236096337e-05,
    7.580202691315208e-06,
    9.860953468887601e-06,
    1.6953581507550552e-05,
    0.0007580748642794788,
    0.0013284608721733093,
    0.002521633403375745,
    1.75381574081257e-05,
    1.0007261153077707e-05,
    7.641385309398174e-06,
    0.0001034635934047401,
    9.28792724153027e-05,
    5.532166596822208e-06,
    5.61715478397673e-06,
    6.490960004157387e-06,
    9.986905752157327e-06,
    1.9385932318982668e-05,
    6.146198575152084e-05,
    2.3714090957582812e-07,
    3.355007152094913e-07,
    4.941875317854283e-07,
    6.302204269559297e-07,
    7.524200213993026e-07,
    8.640560622552584e-07,
    9.129001341534604e-07,
    2.536432475608308e-06,
    3.952955921704415e-06,
    6.964527074160287e-06,
    4.011688724858686e-05,
    4.928451744490303e-05,
    4.445048762136139e-05,
    3.331809784867801e-05,
    1.133683599618962e-05,
    4.021910353912972e-05,
    6.633159955526935e-06,
    3.6607306697078457e-07,
    2.1005874373258848e-07,
    8.671587420394644e-05,
    0.00020645259064622223,
    0.0007018742035143077,
    0.0011952281929552555,
    0.0021307917777448893
  ],
  "J": 64
}