{
  "mu": [
    0.0,
    -1.5619139671325684,
    -0.2866092622280121,
    -0.28661009669303894,
    -1.1598933935165405,
    -0.65492182970047,
    -0.4095512330532074,
    -0.40977025032043457,
    -0.28668341040611267,
    -0.2866773307323456,
    -0.2866518497467041,
    -0.2866160273551941,
    -0.28652864694595337,
    -0.2863460183143616,
    -0.2859332263469696,
    -0.28661414980888367,
    -0.28671473264694214,
    -0.286783367395401,
    -0.2868209481239319,
    -0.28682851791381836,
    -0.28682953119277954,
    -0.4090345799922943,
    -0.5196232199668884,
    -0.28681379556655884,
    -0.2867855727672577,
    -0.28672635555267334,
    -0.28612443804740906,
    -0.08960987627506256,
    -0.1781938672065735,
    -0.2867235541343689,
    -0.2867847681045532,
    -0.286812424659729,
    -0.4090275764465332,
    -0.4090326726436615,
    -0.28682953119277954,
    -0.2868286371231079,
    -0.28682127594947815,
    -0.28678497672080994,
    -0.28671568632125854,
    -0.28661876916885376,
    0.2886960506439209,
    -0.28630319237709045,
    -0.28652000427246094,
    -0.28661298751831055,
    -0.2866499125957489,
    -0.286676287651062,
    -0.28668561577796936,
    -0.4097721576690674,
    -0.40954887866973877,
    -0.857633113861084,
    0.2940948009490967,
    0.2941027283668518,
    0.2941035032272339,
    0.294079065322876,
    0.7873228192329407,
    0.5480324625968933,
    1.0725079774856567,
    1.3497867584228516,
    1.5028188228607178,
    0.29409369826316833,
    0.42092692852020264,
    0.29366979002952576,
    0.0855751559138298,
    0.17643719911575317
  ],
  "sigma2": [
    4.2530722566880286e-05,
    0.004064548294991255,
    0.004065506160259247,
    0.004065690096467733,
    0.004122054670006037,
    0.004055988974869251,
    0.004073570482432842,
    0.00407367991283536,
    0.004073710646480322,
    0.004073710646480322,
    0.004073726013302803,
    0.004073743708431721,
    0.004073759075254202,
    0.004073778633028269,
    0.0040737963281571865,
    0.004066199995577335,
    0.0040717958472669125,
    0.004072675481438637,
    0.00407304847612977,
    0.0040731471963226795,
    0.004073158837854862,
    0.004067916423082352,
    0.004053918179124594,
    0.00407293951138854,
    0.004072712268680334,
    0.004072053823620081,
    0.003986343741416931,
    0.001319381408393383,
    0.002879858249798417,
    0.0040720016695559025,
    0.004072698764503002,
    0.004072933923453093,
    0.0040670959278941154,
    0.004067813511937857,
    0.004073161166161299,
    0.004073151387274265,
    0.004073058255016804,
    0.004072700627148151,
    0.004071828909218311,
    0.004067097790539265,
    0.004073827061802149,
    0.004073782358318567,
    0.004073759075254202,
    0.0040737418457865715,
    0.004073726013302803,
    0.004073710646480322,
    0.004073706455528736,
    0.00407367991283536,
    0.00407356908544898,
    0.004109247587621212,
    0.004074046853929758,
    0.0040738931857049465,
    0.004073972813785076,
    0.004074143711477518,
    0.004226554185152054,
    0.004072628915309906,
    0.004105106927454472,
    0.004078293684870005,
    0.004069573245942593,
    0.004073547665029764,
    0.0040869819931685925,
    0.004071123898029327,
    0.0012616824824362993,
    0.0029775991570204496
  ],
  "pi": [
    0.9900000095367432,
    5.4706749352817496e-08,
    8.065003930823877e-05,
    7.871066918596625e-05,
    5.840024073222594e-07,
    1.767950743669644e-05,
    3.66276231034135e-06,
    2.3972293092811015e-06,
    8.696835607224784e-07,
    8.386929266634979e-07,
    7.316492656173068e-07,
    6.147036515358195e-07,
    4.858882221014937e-07,
    3.4393042369629256e-07,
    2.100667160220837e-07,
    7.382642070297152e-05,
    1.9774464817601256e-05,
    1.0095003744936548e-05,
    6.411183676391374e-06,
    5.496129688253859e-06,
    5.392740149545716e-06,
    6.846531323390082e-05,
    4.5418139052344486e-05,
    7.423706392728491e-06,
    9.699620932224207e-06,
    1.688473639660515e-05,
    0.0007638101815246046,
    0.0013782938476651907,
    0.0025518047623336315,
    1.748527938616462e-05,
    9.846567991189659e-06,
    7.484451089112554e-06,
    7.669872138649225e-05,
    6.953151023481041e-05,
    5.395371772465296e-06,
    5.4790425565443e-06,
    6.3430366026295815e-06,
    9.825832421483938e-06,
    1.938055720529519e-05,
    6.418305565603077e-05,
    2.2838915469947096e-07,
    3.2346179068554193e-07,
    4.7663661462138407e-07,
    6.080232992644596e-07,
    7.261299970195978e-07,
    8.340841191056825e-07,
    8.813297540655185e-07,
    2.3904913177830167e-06,
    3.684989223984303e-06,
    6.690045665891375e-06,
    3.762159030884504e-05,
    4.6044580813031644e-05,
    4.1609760955907404e-05,
    3.1343817681772634e-05,
    1.0707794899644796e-05,
    2.6562227503745817e-05,
    6.99938618708984e-06,
    3.7211376024970377e-07,
    2.921890995821741e-07,
    8.003081165952608e-05,
    0.00013034498260822147,
    0.0005942254792898893,
    0.0013116976479068398,
    0.0022230211179703474
  ],
  "J": 64
}