{
  "mu": [
    0.0,
    -1.6299140453338623,
    -0.2794736623764038,
    -0.27947184443473816,
    -1.2302614450454712,
    -0.6939902901649475,
    -0.38906222581863403,
    -0.38903385400772095,
    -0.2794795334339142,
    -0.27950242161750793,
    -0.2795923054218292,
    -0.27973997592926025,
    -0.2800176739692688,
    -0.2806597054004669,
    -0.28218868374824524,
    -0.2794787883758545,
    -0.2794150412082672,
    -0.27936476469039917,
    -0.2793275713920593,
    -0.2793034017086029,
    -0.27931249141693115,
    -0.38903293013572693,
    -0.5245567560195923,
    -0.2793325185775757,
    -0.27936142683029175,
    -0.27940601110458374,
    -0.2795325517654419,
    -0.08893013000488281,
    -0.1793520152568817,
    -0.27941182255744934,
    -0.27936360239982605,
    -0.27933403849601746,
    -0.38905540108680725,
    -0.38903510570526123,
    -0.2793125808238983,
    -0.27930381894111633,
    -0.27932608127593994,
    -0.27936336398124695,
    -0.27941322326660156,
    -0.27946555614471436,
    0.2879892587661743,
    -0.2808104157447815,
    -0.2800438404083252,
    -0.2797507047653198,
    -0.2795979976654053,
    -0.27950701117515564,
    -0.27947258949279785,
    -0.3890334367752075,
    -0.3890627324581146,
    -0.914901614189148,
    0.2800258994102478,
    0.2799949049949646,
    0.27999791502952576,
    0.2800558805465698,
    0.8474587202072144,
    0.5975174307823181,
    1.1550482511520386,
    1.436716079711914,
    1.5540719032287598,
    0.27990904450416565,
    0.4508768916130066,
    0.3125028908252716,
    0.08696064352989197,
    0.18264853954315186
  ],
  "sigma2": [
    4.2757084884215146e-05,
    0.004064519423991442,
    0.0040674819611012936,
    0.0040676174685359,
    0.004123345948755741,
    0.004047281574457884,
    0.0040735648944973946,
    0.004073652438819408,
    0.004073732066899538,
    0.004073733929544687,
    0.00407374557107687,
    0.004073757212609053,
    0.004073770716786385,
    0.004073788411915302,
    0.004073803778737783,
    0.0040679555386304855,
    0.004071888979524374,
    0.0040727900341153145,
    0.004073155112564564,
    0.004073244519531727,
    0.0040732561610639095,
    0.004062409047037363,
    0.004027131944894791,
    0.004073054064065218,
    0.004072826821357012,
    0.004072149284183979,
    0.003985967021435499,
    0.0014174503739923239,
    0.003036573063582182,
    0.004072094801813364,
    0.004072815179824829,
    0.00407304847612977,
    0.004060941282659769,
    0.004062198102474213,
    0.0040732561610639095,
    0.004073248244822025,
    0.004073161166161299,
    0.004072817042469978,
    0.004071922041475773,
    0.004068626556545496,
    0.004073817282915115,
    0.0040737902745604515,
    0.004073774442076683,
    0.004073755349963903,
    0.00407374557107687,
    0.004073730204254389,
    0.00407372834160924,
    0.004073654301464558,
    0.0040735648944973946,
    0.004170633852481842,
    0.00407188106328249,
    0.004071455914527178,
    0.004071681294590235,
    0.004072191659361124,
    0.004280113149434328,
    0.004156682640314102,
    0.0038431540597230196,
    0.0040605501271784306,
    0.0040648276917636395,
    0.00406968779861927,
    0.004151580389589071,
    0.0041278572753071785,
    0.001397657790221274,
    0.003221602411940694
  ],
  "pi": [
    0.9900000095367432,
    5.4837634877458186e-08,
    7.690772326895967e-05,
    7.513102900702506e-05,
    5.816394832436345e-07,
    1.9761253497563303e-05,
    4.0353843360207975e-06,
    2.583163905001129e-06,
    8.943686680140672e-07,
    8.62551360114594e-07,
    7.52631422074046e-07,
    6.324954711089958e-07,
    5.000874807592481e-07,
    3.540919522038166e-07,
    2.1633816515986837e-07,
    7.059985364321619e-05,
    1.9689083273988217e-05,
    1.0199604730587453e-05,
    6.519857834064169e-06,
    5.598698407993652e-06,
    5.494543074746616e-06,
    0.00012556984438560903,
    8.705688378540799e-05,
    7.5351513260102365e-06,
    9.806129128264729e-06,
    1.6880390830920078e-05,
    0.0008497617091052234,
    0.0012119121383875608,
    0.0024115450214594603,
    1.7464191842009313e-05,
    9.951836545951664e-06,
    7.595836450491333e-06,
    0.00014479071251116693,
    0.00012801587581634521,
    5.497083748196019e-06,
    5.581595814874163e-06,
    6.451026365539292e-06,
    9.931723070621956e-06,
    1.9307597540318966e-05,
    6.160875636851415e-05,
    2.3539030280517181e-07,
    3.330331992401625e-07,
    4.905758146378503e-07,
    6.256371989366016e-07,
    7.469638489965291e-07,
    8.578180654694734e-07,
    9.063168135980959e-07,
    2.5755678052519215e-06,
    4.0613908822706435e-06,
    6.597753326786915e-06,
    3.964991992688738e-05,
    4.867541792918928e-05,
    4.391969559947029e-05,
    3.294536509201862e-05,
    1.0637967534421477e-05,
    2.2952295694267377e-05,
    6.442086942115566e-06,
    3.5539210330171045e-07,
    2.1397789851107518e-07,
    8.548771438654512e-05,
    0.00015067665663082153,
    0.0006642791558988392,
    0.0012303859693929553,
    0.0022083139047026634
  ],
  "J": 64
}