{
  "mu": [
    0.0,
    -1.0603581666946411,
    -0.23548132181167603,
    -0.2355017513036728,
    -0.7862144112586975,
    -0.508497416973114,
    -0.3875363767147064,
    -0.38779595494270325,
    -0.2369259148836136,
    -0.23692664504051208,
    -0.236919105052948,
    -0.2368830144405365,
    -0.236787810921669,
    -0.23651988804340363,
    -0.23586757481098175,
    -0.23486684262752533,
    -0.23661020398139954,
    -0.23665852844715118,
    -0.2367040067911148,
    -0.23670530319213867,
    -0.23669132590293884,
    -0.38665279746055603,
    -0.3865475356578827,
    -0.2365487515926361,
    -0.23642860352993011,
    -0.2362244874238968,
    -0.23420780897140503,
    -0.07606472820043564,
    -0.14760395884513855,
    -0.23621299862861633,
    -0.23642243444919586,
    -0.23654505610466003,
    -0.38654759526252747,
    -0.3866468667984009,
    -0.23669059574604034,
    -0.23670519888401031,
    -0.23670434951782227,
    -0.23666246235370636,
    -0.23661530017852783,
    -0.23639507591724396,
    0.2345520704984665,
    -0.23645029962062836,
    -0.23677752912044525,
    -0.23688052594661713,
    -0.23691852390766144,
    -0.2369266003370285,
    -0.23692569136619568,
    -0.38779598474502563,
    -0.3875312805175781,
    -0.6117287874221802,
    0.23475538194179535,
    0.23467417061328888,
    0.2347148358821869,
    0.2348165065050125,
    0.5402264595031738,
    0.38027966022491455,
    0.7455057501792908,
    0.9916266798973083,
    1.234527826309204,
    0.2344004064798355,
    0.2340410202741623,
    0.23332251608371735,
    0.07320397347211838,
    0.1425054520368576
  ],
  "sigma2": [
    4.3254945921944454e-05,
    0.004077124875038862,
    0.00402468629181385,
    0.004025730304419994,
    0.004054594784975052,
    0.004082124680280685,
    0.004073190037161112,
    0.004073357209563255,
    0.004073440562933683,
    0.004073452204465866,
    0.004073501098901033,
    0.004073553252965212,
    0.004073609597980976,
    0.004073673859238625,
    0.004073730204254389,
    0.00398694071918726,
    0.004063869826495647,
    0.004069274757057428,
    0.00407108711078763,
    0.004071468021720648,
    0.004071496892720461,
    0.004069371614605188,
    0.004068708047270775,
    0.004070512484759092,
    0.004069390706717968,
    0.004065508022904396,
    0.003940423484891653,
    0.0008917510276660323,
    0.0021678933408111334,
    0.004065161105245352,
    0.004069320857524872,
    0.0040704854764044285,
    0.004068708047270775,
    0.0040693385526537895,
    0.004071493167430162,
    0.004071475472301245,
    0.004071114119142294,
    0.004069418180733919,
    0.004064054228365421,
    0.004041384439915419,
    0.004073726013302803,
    0.0040736813098192215,
    0.004073613323271275,
    0.004073553252965212,
    0.004073504824191332,
    0.004073454067111015,
    0.004073434509336948,
    0.004073357209563255,
    0.004073188174515963,
    0.004056042991578579,
    0.004052544012665749,
    0.004046895541250706,
    0.004049822222441435,
    0.004056451376527548,
    0.004081299062818289,
    0.004060526844114065,
    0.0039838277734816074,
    0.0040674954652786255,
    0.004129111301153898,
    0.004027704242616892,
    0.004003978334367275,
    0.003952124156057835,
    0.0008642565808258951,
    0.0021176873706281185
  ],
  "pi": [
    0.9900000095367432,
    1.79815231149405e-07,
    0.0001360252790618688,
    0.00013289610797073692,
    9.679314416644047e-07,
    9.706513992568944e-06,
    2.522662953197141e-06,
    1.8569800204204512e-06,
    9.513460099697113e-07,
    9.1692692194556e-07,
    7.980908094396e-07,
    6.688718485747813e-07,
    5.272221983432246e-07,
    3.7203653846518137e-07,
    2.2656283249489206e-07,
    0.00010926510003628209,
    2.7227373720961623e-05,
    1.274647638638271e-05,
    7.707972144999076e-06,
    6.522119747387478e-06,
    6.392781415343052e-06,
    1.2702239473583177e-05,
    1.458478709537303e-05,
    9.083276381716132e-06,
    1.225808409799356e-05,
    2.3207523554447107e-05,
    0.0003668581193778664,
    0.0018192811403423548,
    0.0025449595414102077,
    2.4181043045246042e-05,
    1.2465956388041377e-05,
    9.165226401819382e-06,
    1.4583800293621607e-05,
    1.2790887922164984e-05,
    6.396193384716753e-06,
    6.500609288195847e-06,
    7.618287781951949e-06,
    1.2365369912004098e-05,
    2.6647045160643756e-05,
    9.5489012892358e-05,
    2.4594314140813367e-07,
    3.497347336178791e-07,
    5.170844588064938e-07,
    6.615049414904206e-07,
    7.919699100966682e-07,
    9.118012940234621e-07,
    9.64333480624191e-07,
    1.8529625549490447e-06,
    2.5330834887427045e-06,
    7.074592303979443e-06,
    4.9217887863051146e-05,
    6.097301229601726e-05,
    5.478361345012672e-05,
    4.03793528676033e-05,
    9.840334314503707e-06,
    5.3275900427252054e-05,
    7.933649612823501e-06,
    2.1977700725983595e-06,
    5.093106096865085e-07,
    0.0001046437828335911,
    0.00016257958486676216,
    0.0002877869119402021,
    0.0016416042344644666,
    0.002018755069002509
  ],
  "J": 64
}