{
  "mu": [
    0.0,
    -0.5246678590774536,
    -0.46490684151649475,
    -0.4020378887653351,
    -0.34055233001708984,
    -0.28621506690979004,
    -0.24176450073719025,
    -0.20588910579681396,
    -0.17609292268753052,
    -0.1504775583744049,
    -0.12802885472774506,
    -0.10845719277858734,
    -0.09204261004924774,
    -0.08003320544958115,
    -0.08022794872522354,
    -0.0005303557845763862,
    -0.0005425694980658591,
    -0.0005544914165511727,
    -0.000562455621547997,
    -0.0005669469246640801,
    -0.0005706412484869361,
    -0.0005740915657952428,
    -0.0005767790717072785,
    -0.0005785503308288753,
    -0.0005790924769826233,
    -0.0005783113301731646,
    -0.0005784363602288067,
    -0.0005675859865732491,
    -0.0005786116817034781,
    -0.0005782752996310592,
    -0.0005790789728052914,
    -0.000578598293941468,
    -0.0005768663249909878,
    -0.0005742053035646677,
    -0.0005704296054318547,
    -0.0005647730431519449,
    -0.0005572751979343593,
    -0.0005498924292623997,
    -0.0005423938273452222,
    -0.0005312050343491137,
    0.0798507109284401,
    0.0788252130150795,
    0.0905851498246193,
    0.10689692944288254,
    0.1264495700597763,
    0.1489826887845993,
    0.1748805195093155,
    0.2053995281457901,
    0.24305382370948792,
    0.29158028960227966,
    0.35369396209716797,
    0.42590832710266113,
    0.49955394864082336,
    0.5675079226493835,
    0.6252412796020508,
    0.6700239181518555,
    0.7008047103881836,
    0.7179409265518188,
    0.7237290740013123,
    0.7227033376693726,
    0.7196541428565979,
    0.7171738147735596,
    0.715793788433075,
    0.7153346538543701
  ],
  "sigma2": [
    0.01945684850215912,
    0.01937038265168667,
    0.019251789897680283,
    0.01915162429213524,
    0.01907293312251568,
    0.018977003172039986,
    0.018802564591169357,
    0.01851731352508068,
    0.018133684992790222,
    0.01769658923149109,
    0.017270533367991447,
    0.016928434371948242,
    0.016743134707212448,
    0.016791168600320816,
    0.017277691513299942,
    0.010361826047301292,
    0.011436423286795616,
    0.01255100592970848,
    0.01362511795014143,
    0.014631222933530807,
    0.015549469739198685,
    0.016361653804779053,
    0.017050446942448616,
    0.017600679770112038,
    0.018001854419708252,
    0.018252769485116005,
    0.01836811564862728,
    0.018389634788036346,
    0.01837051473557949,
    0.018259786069393158,
    0.01801450178027153,
    0.01761934533715248,
    0.01707468181848526,
    0.016390975564718246,
    0.015583183616399765,
    0.014668617397546768,
    0.013665596023201942,
    0.012593972496688366,
    0.011480762623250484,
    0.01039914321154356,
    0.017252270132303238,
    0.016801485791802406,
    0.016742272302508354,
    0.016921179369091988,
    0.017260868102312088,
    0.01768791675567627,
    0.01812838576734066,
    0.018514985218644142,
    0.01879831962287426,
    0.018960949033498764,
    0.01903856359422207,
    0.01910615712404251,
    0.019206756725907326,
    0.01933087408542633,
    0.019458448514342308,
    0.01957763358950615,
    0.01968219317495823,
    0.019769391044974327,
    0.019838709384202957,
    0.0198915284126997,
    0.019930634647607803,
    0.01995890401303768,
    0.019978901371359825,
    0.01999284327030182
  ],
  "pi": [
    0.9900000095367432,
    3.526842556311749e-05,
    3.515863136271946e-05,
    3.5069988371105865e-05,
    3.504572305246256e-05,
    3.512114199111238e-05,
    3.529412788338959e-05,
    3.553411806933582e-05,
    3.5807493986794725e-05,
    3.608386396081187e-05,
    3.6318298953119665e-05,
    3.640401700977236e-05,
    3.6046716559212655e-05,
    3.432088124100119e-05,
    2.704553298826795e-05,
    0.0007542825187556446,
    0.0005778649938292801,
    0.0004593805060721934,
    0.0003818121913354844,
    0.0003299910749774426,
    0.0002944345760624856,
    0.000269386189756915,
    0.0002514815714675933,
    0.00023878288629930466,
    0.0002301756030647084,
    0.00022497169265989214,
    0.00022258896206039935,
    0.00022213978809304535,
    0.00022253941278904676,
    0.00022482349595520645,
    0.0002299025800311938,
    0.00023835910542402416,
    0.00025087440735660493,
    0.0002685349609237164,
    0.00029323509079404175,
    0.0003282628022134304,
    0.00037924779462628067,
    0.00045546601177193224,
    0.0005717092426493764,
    0.0007461613859049976,
    2.7026617317460477e-05,
    3.4104919905075803e-05,
    3.5946457501268014e-05,
    3.634246240835637e-05,
    3.627103433245793e-05,
    3.6040837585460395e-05,
    3.5763074265560135e-05,
    3.548432869138196e-05,
    3.5236957046436146e-05,
    3.5061533708358184e-05,
    3.5001623473363e-05,
    3.506547000142746e-05,
    3.520551763358526e-05,
    3.5362212656764314e-05,
    3.549818939063698e-05,
    3.559975084499456e-05,
    3.566887971828692e-05,
    3.571404886315577e-05,
    3.5743785701924935e-05,
    3.576434755814262e-05,
    3.577904499252327e-05,
    3.5789707908406854e-05,
    3.579761687433347e-05,
    3.5803430364467204e-05
  ],
  "J": 64
}