{
  "mu": [
    0.0,
    -0.810135543346405,
    -0.21111278235912323,
    -0.21116019785404205,
    -0.5694635510444641,
    -0.5194671154022217,
    -0.37811851501464844,
    -0.37810614705085754,
    -0.27061018347740173,
    -0.2119550108909607,
    -0.21140524744987488,
    -0.21064786612987518,
    -0.2094600647687912,
    -0.20744436979293823,
    -0.20442411303520203,
    -0.12208430469036102,
    -0.21266213059425354,
    -0.213090181350708,
    -0.21316920220851898,
    -0.21321426331996918,
    -0.2132563292980194,
    -0.37732934951782227,
    -0.37710684537887573,
    -0.2133042812347412,
    -0.21325235068798065,
    -0.21299634873867035,
    -0.20897959172725677,
    -0.07151389122009277,
    -0.13544578850269318,
    -0.21297432482242584,
    -0.21324770152568817,
    -0.21330410242080688,
    -0.3770971894264221,
    -0.37732192873954773,
    -0.21325773000717163,
    -0.21321594715118408,
    -0.21317090094089508,
    -0.21309615671634674,
    -0.21266967058181763,
    -0.195895716547966,
    0.19790589809417725,
    -0.20701387524604797,
    -0.2093590945005417,
    -0.2106037586927414,
    -0.21138304471969604,
    -0.21193964779376984,
    -0.24797821044921875,
    -0.3781071901321411,
    -0.37812408804893494,
    -0.5194705724716187,
    0.20816515386104584,
    0.20796167850494385,
    0.20807050168514252,
    0.20832662284374237,
    0.3616700768470764,
    0.29159513115882874,
    0.5138793587684631,
    0.7456664443016052,
    0.996968150138855,
    0.20724588632583618,
    0.20647591352462769,
    0.2053917646408081,
    0.06881541758775711,
    0.13196666538715363
  ],
  "sigma2": [
    4.351419920567423e-05,
    0.0041850111447274685,
    0.0038981689140200615,
    0.003901862306520343,
    0.0040902006439864635,
    0.004064701497554779,
    0.0040731471963226795,
    0.004073291085660458,
    0.004074689466506243,
    0.004072549287229776,
    0.004072696901857853,
    0.00407286174595356,
    0.004073034971952438,
    0.004073240328580141,
    0.0040734331123530865,
    0.0013827650109305978,
    0.004034487530589104,
    0.00405574357137084,
    0.004063066095113754,
    0.0040647732093930244,
    0.0040649729780852795,
    0.004068176262080669,
    0.004067406058311462,
    0.004061212297528982,
    0.004056731704622507,
    0.00404115067794919,
    0.0037086906377226114,
    0.0007332675158977509,
    0.0018556490540504456,
    0.004039767663925886,
    0.00405643368139863,
    0.004061098210513592,
    0.004067390691488981,
    0.004068147391080856,
    0.004064969252794981,
    0.004064804408699274,
    0.004063193686306477,
    0.004056298639625311,
    0.004035299178212881,
    0.0030100042931735516,
    0.004073306918144226,
    0.004073265474289656,
    0.00407304847612977,
    0.004072871524840593,
    0.004072706215083599,
    0.00407255906611681,
    0.004073868039995432,
    0.004073292948305607,
    0.00407314533367753,
    0.004064397420734167,
    0.004007074516266584,
    0.003992210142314434,
    0.0040000262670218945,
    0.004018668085336685,
    0.004082957748323679,
    0.0040863798931241035,
    0.0040931920520961285,
    0.004200856201350689,
    0.004581156652420759,
    0.003939835820347071,
    0.003879980184137821,
    0.0037869736552238464,
    0.0007029235130175948,
    0.0018382344860583544
  ],
  "pi": [
    0.9900000095367432,
    6.50142396807496e-07,
    0.000140451462357305,
    0.00013740397116634995,
    3.0765943392907502e-06,
    2.382879301876528e-06,
    1.84467273811606e-06,
    1.4425099834625144e-06,
    9.959379667634494e-07,
    9.406825824953557e-07,
    8.175231869245181e-07,
    6.838874924142146e-07,
    5.3781627684657e-07,
    3.7844466760361684e-07,
    2.2988706405158155e-07,
    0.00010930664575425908,
    2.8294316507526673e-05,
    1.3377702089201193e-05,
    8.076004633039702e-06,
    6.834125088062137e-06,
    6.70578674544231e-06,
    7.628497769474052e-06,
    8.524407348886598e-06,
    9.592021342541557e-06,
    1.2995074939681217e-05,
    2.4735196348046884e-05,
    0.00030461460119113326,
    0.0021576748695224524,
    0.0023068957962095737,
    2.5779118004720658e-05,
    1.321799663855927e-05,
    9.679812137619592e-06,
    8.534984772268217e-06,
    7.66676566854585e-06,
    6.709614808642073e-06,
    6.811783805460436e-06,
    7.981706403370481e-06,
    1.2976833204447757e-05,
    2.772956941043958e-05,
    9.547083755023777e-05,
    2.4493530759173154e-07,
    3.555145156042272e-07,
    5.273430474517227e-07,
    6.762597308807017e-07,
    8.111836109492288e-07,
    9.353670407108439e-07,
    9.945399597199867e-07,
    1.4395269545275369e-06,
    1.8499737279853434e-06,
    2.4627520360809285e-06,
    4.612257907865569e-05,
    5.678105662809685e-05,
    5.118257104186341e-05,
    3.799137630267069e-05,
    2.718512769206427e-05,
    2.0889359802822582e-05,
    1.1960749361605849e-05,
    3.672449793157284e-06,
    1.9940437141485745e-06,
    9.483548637945205e-05,
    0.00013985550322104245,
    0.00021500074944924563,
    0.0018978199223056436,
    0.0018647608812898397
  ],
  "J": 64
}