{
  "mu": [
    0.0,
    -1.5793706178665161,
    -0.29849007725715637,
    -0.29848814010620117,
    -1.1970566511154175,
    -0.6781155467033386,
    -0.4130389392375946,
    -0.41272613406181335,
    -0.2957879304885864,
    -0.29574111104011536,
    -0.29557493329048157,
    -0.2953342795372009,
    -0.2949761152267456,
    -0.2943585216999054,
    -0.29319632053375244,
    -0.29848432540893555,
    -0.29832005500793457,
    -0.2980622947216034,
    -0.2977924644947052,
    -0.29767128825187683,
    -0.29765525460243225,
    -0.4131443500518799,
    -0.5316109657287598,
    -0.297881543636322,
    -0.2980404496192932,
    -0.29826802015304565,
    -0.29835206270217896,
    -0.09372086077928543,
    -0.18646006286144257,
    -0.29828041791915894,
    -0.298048734664917,
    -0.29788607358932495,
    -0.4131406247615814,
    -0.4131430685520172,
    -0.29765576124191284,
    -0.2976686656475067,
    -0.2977845370769501,
    -0.29804760217666626,
    -0.29831382632255554,
    -0.2984926998615265,
    0.2898043096065521,
    -0.2942351698875427,
    -0.29494404792785645,
    -0.2953184247016907,
    -0.2955649793148041,
    -0.29573407769203186,
    -0.295804888010025,
    -0.4127234220504761,
    -0.41304200887680054,
    -0.8822720050811768,
    0.28778761625289917,
    0.2877654433250427,
    0.28777509927749634,
    0.2878347635269165,
    0.8091357946395874,
    0.5486277341842651,
    1.1068731546401978,
    1.394153118133545,
    1.520716905593872,
    0.28768062591552734,
    0.4093613028526306,
    0.28698310256004333,
    0.08502696454524994,
    0.1763068437576294
  ],
  "sigma2": [
    4.2669547838158906e-05,
    0.004064548294991255,
    0.004071341827511787,
    0.004071411211043596,
    0.004124368540942669,
    0.004083271138370037,
    0.004073487129062414,
    0.004073596093803644,
    0.0040737963281571865,
    0.004073798190802336,
    0.004073800053447485,
    0.004073803778737783,
    0.004073809832334518,
    0.004073811694979668,
    0.004073817282915115,
    0.004071587696671486,
    0.004073242656886578,
    0.004073488991707563,
    0.004073604010045528,
    0.004073634743690491,
    0.004073638468980789,
    0.00406623724848032,
    0.0040484764613211155,
    0.00407356908544898,
    0.004073498770594597,
    0.0040733106434345245,
    0.004063252359628677,
    0.001493179821409285,
    0.003176463069394231,
    0.004073300864547491,
    0.004073495045304298,
    0.004073566757142544,
    0.004065193701535463,
    0.004066101275384426,
    0.004073638468980789,
    0.004073634743690491,
    0.004073605872690678,
    0.004073495045304298,
    0.00407325429841876,
    0.004071955103427172,
    0.00407380610704422,
    0.004073815885931253,
    0.004073809832334518,
    0.00407380610704422,
    0.004073801916092634,
    0.00407379399985075,
    0.0040737963281571865,
    0.004073597956448793,
    0.004073485266417265,
    0.00412707170471549,
    0.004071848466992378,
    0.004071341827511787,
    0.004071601666510105,
    0.004072234500199556,
    0.004298416431993246,
    0.004116440657526255,
    0.0040549058467149734,
    0.00406373618170619,
    0.004064292646944523,
    0.004069967195391655,
    0.004085775930434465,
    0.0040327757596969604,
    0.0012830515624955297,
    0.003002332290634513
  ],
  "pi": [
    0.9900000095367432,
    5.493141941315116e-08,
    7.249157351907343e-05,
    7.085165998432785e-05,
    5.733830903409398e-07,
    1.6923935618251562e-05,
    3.7148495266592363e-06,
    2.428894504191703e-06,
    8.770070962782484e-07,
    8.458348474960076e-07,
    7.381183877441799e-07,
    6.203646307767485e-07,
    4.905542141386832e-07,
    3.473859351288411e-07,
    2.1226570368071407e-07,
    6.669059803243726e-05,
    1.9048116882913746e-05,
    9.928651707014069e-06,
    6.364166893035872e-06,
    5.469029474625131e-06,
    5.367667654354591e-06,
    7.064703822834417e-05,
    5.3621748520527035e-05,
    7.349551196966786e-06,
    9.548733032715973e-06,
    1.635831176827196e-05,
    0.0006693698232993484,
    0.0014497223310172558,
    0.0025898930616676807,
    1.691830220806878e-05,
    9.689672879176214e-06,
    7.4086033237108495e-06,
    7.923231896711513e-05,
    7.175535574788228e-05,
    5.370164217310958e-06,
    5.452370260172756e-06,
    6.297453637671424e-06,
    9.670181498222519e-06,
    1.868354229372926e-05,
    5.8397850807523355e-05,
    2.3096883694506687e-07,
    3.2673278838046826e-07,
    4.812275165022584e-07,
    6.136350521046552e-07,
    7.325642741307092e-07,
    8.411948329012375e-07,
    8.887152489478467e-07,
    2.4220405521191424e-06,
    3.737430233741179e-06,
    6.488446160801686e-06,
    3.8632042560493574e-05,
    4.738601273857057e-05,
    4.277723201084882e-05,
    3.2126215955941007e-05,
    1.0793206456582993e-05,
    3.578332325560041e-05,
    6.7689502429857384e-06,
    3.642595061137399e-07,
    2.185447129932072e-07,
    8.295625593746081e-05,
    0.00017995369853451848,
    0.0006479676812887192,
    0.0012537605362012982,
    0.0021643235813826323
  ],
  "J": 64
}