{
  "mu": [
    0.0,
    -1.623319149017334,
    -0.27586597204208374,
    -0.2758692800998688,
    -1.243469476699829,
    -0.7036179304122925,
    -0.38551566004753113,
    -0.38563546538352966,
    -0.27926838397979736,
    -0.27933788299560547,
    -0.27958306670188904,
    -0.27986961603164673,
    -0.28018221259117126,
    -0.2805738151073456,
    -0.28130096197128296,
    -0.2758725583553314,
    -0.27599242329597473,
    -0.2761591970920563,
    -0.27635741233825684,
    -0.276456356048584,
    -0.2764683961868286,
    -0.3855871260166168,
    -0.5282850861549377,
    -0.2762848734855652,
    -0.2761736512184143,
    -0.2760259211063385,
    -0.2757819890975952,
    -0.09206870198249817,
    -0.18048322200775146,
    -0.2760186195373535,
    -0.2761681377887726,
    -0.2762812376022339,
    -0.38564908504486084,
    -0.3855949938297272,
    -0.2764680087566376,
    -0.2764582633972168,
    -0.27636322379112244,
    -0.27616870403289795,
    -0.27599677443504333,
    -0.2758772373199463,
    0.2861773371696472,
    -0.2806425988674164,
    -0.2802045941352844,
    -0.27988654375076294,
    -0.2795962989330292,
    -0.27934834361076355,
    -0.2792428135871887,
    -0.38563668727874756,
    -0.38551458716392517,
    -0.9243462085723877,
    0.28082022070884705,
    0.2807254195213318,
    0.28077432513237,
    0.2809127867221832,
    0.8517699241638184,
    0.5967869758605957,
    1.1580626964569092,
    1.4445053339004517,
    1.5753289461135864,
    0.280521422624588,
    0.4498392343521118,
    0.31313028931617737,
    0.08790203183889389,
    0.1834344118833542
  ],
  "sigma2": [
    4.258718399796635e-05,
    0.0040645175613462925,
    0.004063837230205536,
    0.004064060281962156,
    0.004103087354451418,
    0.00406197365373373,
    0.004073139280080795,
    0.004073368851095438,
    0.004073712509125471,
    0.00407371623441577,
    0.004073730204254389,
    0.00407374557107687,
    0.004073761403560638,
    0.004073778633028269,
    0.0040737963281571865,
    0.004064643289893866,
    0.004071184433996677,
    0.004072436597198248,
    0.004072945099323988,
    0.004073075484484434,
    0.004073088988661766,
    0.004045089706778526,
    0.004033666104078293,
    0.004072807263582945,
    0.004072491079568863,
    0.004071545321494341,
    0.003975453320890665,
    0.001500272541306913,
    0.003090344136580825,
    0.00407146941870451,
    0.004072469659149647,
    0.0040727960877120495,
    0.004040091298520565,
    0.004044461064040661,
    0.004073088988661766,
    0.004073079209774733,
    0.004072954878211021,
    0.004072473384439945,
    0.004071232862770557,
    0.004065810237079859,
    0.004073811694979668,
    0.004073780495673418,
    0.004073763266205788,
    0.00407374557107687,
    0.004073730204254389,
    0.00407371623441577,
    0.004073712509125471,
    0.0040733665227890015,
    0.004073137883096933,
    0.004156625363975763,
    0.004071510396897793,
    0.004070949275046587,
    0.0040712482295930386,
    0.0040718987584114075,
    0.004289026837795973,
    0.004146100487560034,
    0.0038485489785671234,
    0.004061115439981222,
    0.004063907079398632,
    0.004068505950272083,
    0.004136471077799797,
    0.004113123286515474,
    0.0013976090122014284,
    0.0032153271604329348
  ],
  "pi": [
    0.9900000095367432,
    5.5417064714902153e-08,
    7.570895832031965e-05,
    7.39855895517394e-05,
    5.87322290357406e-07,
    1.9051380149903707e-05,
    4.128557520743925e-06,
    2.6332406832807465e-06,
    9.047734579326061e-07,
    8.726134410608211e-07,
    7.614743253725464e-07,
    6.399860694727977e-07,
    5.06062576732802e-07,
    3.5836512779496843e-07,
    2.1897314184116112e-07,
    6.957707955734804e-05,
    1.9697823518072255e-05,
    1.025527853926178e-05,
    6.570297045982443e-06,
    5.645248165819794e-06,
    5.540535767067922e-06,
    0.00014257612929213792,
    9.453031088924035e-05,
    7.5886887316301e-06,
    9.861872058536392e-06,
    1.6911302736843936e-05,
    0.0008553893421776593,
    0.001216563512571156,
    0.0023393307346850634,
    1.7490760001237504e-05,
    1.0007640412368346e-05,
    7.649377948837355e-06,
    0.00016547493578400463,
    0.00014547105820383877,
    5.543133283936186e-06,
    5.628041435556952e-06,
    6.5011222432076465e-06,
    9.987526027543936e-06,
    1.9319430066389032e-05,
    6.082271647755988e-05,
    2.383595898436397e-07,
    3.3705671853567765e-07,
    4.964411459695839e-07,
    6.330496375994699e-07,
    7.557438266303507e-07,
    8.678306357978727e-07,
    9.168609835796815e-07,
    2.6254410840920173e-06,
    4.1554199015081394e-06,
    6.6091856751882005e-06,
    4.145854472881183e-05,
    5.11439357069321e-05,
    4.6032706450205296e-05,
    3.431438744883053e-05,
    1.0624597962305415e-05,
    2.503269206499681e-05,
    6.5128660935442895e-06,
    3.7085717963236675e-07,
    2.0494881880495086e-07,
    9.108994709094986e-05,
    0.00015818155952729285,
    0.0006684419931843877,
    0.0012175396550446749,
    0.0021970688831061125
  ],
  "J": 64
}