{
  "mu": [
    0.0,
    -0.5550516247749329,
    -0.13448597490787506,
    -0.13496451079845428,
    -0.37852242588996887,
    -0.37419089674949646,
    -0.3693717420101166,
    -0.34582003951072693,
    -0.2593875229358673,
    -0.21109528839588165,
    -0.19910548627376556,
    -0.19287773966789246,
    -0.1878030151128769,
    -0.18197768926620483,
    -0.17525874078273773,
    -0.052277956157922745,
    -0.1594776213169098,
    -0.1800103783607483,
    -0.18925940990447998,
    -0.19584521651268005,
    -0.20438966155052185,
    -0.21000540256500244,
    -0.20453864336013794,
    -0.196113720536232,
    -0.18679460883140564,
    -0.17336444556713104,
    -0.12539315223693848,
    -0.07114354521036148,
    -0.12308043986558914,
    -0.1723771095275879,
    -0.1864195317029953,
    -0.19575531780719757,
    -0.2042304426431656,
    -0.2100296914577484,
    -0.20479097962379456,
    -0.19614967703819275,
    -0.18952299654483795,
    -0.1805787980556488,
    -0.16040116548538208,
    -0.1184573546051979,
    0.17596176266670227,
    -0.18047793209552765,
    -0.18739181756973267,
    -0.19260206818580627,
    -0.19881470501422882,
    -0.2105679214000702,
    -0.25802892446517944,
    -0.3460480868816376,
    -0.36957699060440063,
    -0.37457504868507385,
    0.15947175025939941,
    0.15288369357585907,
    0.15617772936820984,
    0.16409961879253387,
    0.16976870596408844,
    0.17239217460155487,
    0.2655318081378937,
    0.3825705051422119,
    0.7590000629425049,
    0.13323193788528442,
    0.1183224618434906,
    0.10581843554973602,
    0.062361862510442734,
    0.09463304281234741
  ],
  "sigma2": [
    7.698286935919896e-05,
    0.00473883468657732,
    0.002189646242186427,
    0.0022124103270471096,
    0.004079880658537149,
    0.004078138154000044,
    0.004076189827173948,
    0.004069676157087088,
    0.004078147932887077,
    0.0040778289549052715,
    0.004075189121067524,
    0.004073696676641703,
    0.004072826821357012,
    0.004072306677699089,
    0.004072265699505806,
    0.00023184000747278333,
    0.0033622251357883215,
    0.003947271034121513,
    0.004052298609167337,
    0.004075626377016306,
    0.004091006238013506,
    0.004098329693078995,
    0.004091181792318821,
    0.004072227049618959,
    0.004018570762127638,
    0.0037554344162344933,
    0.001738975290209055,
    0.0005570396315306425,
    0.0016144545515999198,
    0.0037281250115484,
    0.004014600068330765,
    0.004071073606610298,
    0.00409069424495101,
    0.004098380915820599,
    0.004091587848961353,
    0.00407632440328598,
    0.0040537286549806595,
    0.003957128617912531,
    0.003398025408387184,
    0.0007011700654402375,
    0.004072549287229776,
    0.004072193987667561,
    0.004072772804647684,
    0.004073640797287226,
    0.0040751174092292786,
    0.004077724181115627,
    0.0040783267468214035,
    0.0040697380900382996,
    0.0040762657299637794,
    0.004078289959579706,
    0.0034847832284867764,
    0.003251879010349512,
    0.0033704035449773073,
    0.0036371382884681225,
    0.003808012930676341,
    0.003886754158884287,
    0.003930991515517235,
    0.004814385902136564,
    0.0070244609378278255,
    0.0025103543885052204,
    0.0019609469454735518,
    0.001511952024884522,
    0.0004207715974189341,
    0.0011245494242757559
  ],
  "pi": [
    0.9900000095367432,
    4.137300493312068e-06,
    0.0004037008620798588,
    0.0003956029540859163,
    4.56521229352802e-06,
    4.000075932708569e-06,
    3.2696229936846066e-06,
    2.520412863304955e-06,
    1.9940493984904606e-06,
    1.7303176491623162e-06,
    1.481444769524387e-06,
    1.2197872365504736e-06,
    9.402546652381716e-07,
    6.447024816225166e-07,
    3.841035720597574e-07,
    0.00014203248429112136,
    5.6007655075518414e-05,
    2.9006536351516843e-05,
    1.719382817100268e-05,
    1.4608747733291239e-05,
    1.4556331734638661e-05,
    1.5756488210172392e-05,
    1.811717993405182e-05,
    2.2411639292840846e-05,
    3.187326728948392e-05,
    6.705921259708703e-05,
    0.0006390094058588147,
    0.0024699990171939135,
    0.0007584634004160762,
    7.036486204015091e-05,
    3.250589361414313e-05,
    2.2650650862487964e-05,
    1.8239135897601955e-05,
    1.582180630066432e-05,
    1.4577185538655613e-05,
    1.456640075048199e-05,
    1.6989293726510368e-05,
    2.8101623684051447e-05,
    5.566117761190981e-05,
    0.00013822721666656435,
    4.6551414811801806e-07,
    6.002111376801622e-07,
    9.195117058879987e-07,
    1.2045960602335981e-06,
    1.4687830116599798e-06,
    1.7194165593537036e-06,
    1.9838028038066113e-06,
    2.5152646685455693e-06,
    3.2820848900882993e-06,
    4.0323334360437e-06,
    0.00014116046077106148,
    0.00017780307098291814,
    0.00015866992180235684,
    0.00011513184290379286,
    8.587077900301665e-05,
    6.842269795015454e-05,
    5.292081550578587e-05,
    2.231170583399944e-05,
    6.156986273708753e-06,
    0.00030928224441595376,
    0.0004489146522246301,
    0.0006058609578758478,
    0.0013906835811212659,
    0.0008486263104714453
  ],
  "J": 64
}