{
  "mu": [
    0.0,
    -0.8251790404319763,
    -0.214750736951828,
    -0.21478687226772308,
    -0.5927930474281311,
    -0.5017146468162537,
    -0.3760007917881012,
    -0.37606900930404663,
    -0.24021419882774353,
    -0.21544581651687622,
    -0.2151668816804886,
    -0.21474426984786987,
    -0.21402567625045776,
    -0.21266432106494904,
    -0.2103695571422577,
    -0.1312715709209442,
    -0.21580876410007477,
    -0.21615613996982574,
    -0.21621738374233246,
    -0.21625301241874695,
    -0.2162838578224182,
    -0.37632155418395996,
    -0.3765268623828888,
    -0.21627959609031677,
    -0.21628336608409882,
    -0.21627819538116455,
    -0.2132183164358139,
    -0.0725373849272728,
    -0.13747037947177887,
    -0.21627222001552582,
    -0.21628396213054657,
    -0.21627908945083618,
    -0.3765352666378021,
    -0.37632882595062256,
    -0.21628470718860626,
    -0.21625429391860962,
    -0.21621806919574738,
    -0.21616066992282867,
    -0.215814009308815,
    -0.20778438448905945,
    0.20704196393489838,
    -0.21235881745815277,
    -0.2139618843793869,
    -0.21471893787384033,
    -0.2151549756526947,
    -0.2154393047094345,
    -0.22159883379936218,
    -0.3760688900947571,
    -0.3760005831718445,
    -0.5017122626304626,
    0.21275365352630615,
    0.2126537561416626,
    0.2127067893743515,
    0.21283525228500366,
    0.3774760067462921,
    0.3170537054538727,
    0.5433493256568909,
    0.776053786277771,
    1.0221586227416992,
    0.21234479546546936,
    0.21202102303504944,
    0.21159718930721283,
    0.06934449076652527,
    0.13341966271400452
  ],
  "sigma2": [
    4.348026777734049e-05,
    0.004192847292870283,
    0.0039131552912294865,
    0.003916687332093716,
    0.0041121914982795715,
    0.004060238134115934,
    0.004072492942214012,
    0.004072801675647497,
    0.00407344289124012,
    0.004072714131325483,
    0.004072851967066526,
    0.004072997719049454,
    0.004073158837854862,
    0.004073335789144039,
    0.004073504824191332,
    0.0018011443316936493,
    0.004039892926812172,
    0.004057194106280804,
    0.004063810221850872,
    0.004065401386469603,
    0.004065599292516708,
    0.004068860784173012,
    0.004068310372531414,
    0.0040620663203299046,
    0.004057855810970068,
    0.004043433349579573,
    0.003736511105671525,
    0.0007704034214839339,
    0.001918574795126915,
    0.004042160697281361,
    0.004057581070810556,
    0.004061955958604813,
    0.004068308509886265,
    0.004068835638463497,
    0.004065595101565123,
    0.004065430257469416,
    0.00406392989680171,
    0.004057687241584063,
    0.004040478263050318,
    0.0034627774730324745,
    0.004073386080563068,
    0.004073360934853554,
    0.004073172342032194,
    0.004073007497936487,
    0.004072858020663261,
    0.004072720184922218,
    0.004072846379131079,
    0.004072803538292646,
    0.004072491079568863,
    0.004059615079313517,
    0.004004633519798517,
    0.003989638760685921,
    0.0039975265972316265,
    0.004016599152237177,
    0.004061299841850996,
    0.004088960587978363,
    0.004085629712790251,
    0.004216298460960388,
    0.004551926162093878,
    0.003939980175346136,
    0.003882025368511677,
    0.0037878297735005617,
    0.0007310042274184525,
    0.0018809090834110975
  ],
  "pi": [
    0.9900000095367432,
    6.494492481579073e-07,
    0.00014095088408794254,
    0.0001378665037918836,
    3.422420832066564e-06,
    3.3849785268103005e-06,
    1.9657416032714536e-06,
    1.523138053016737e-06,
    9.827812164076022e-07,
    9.451513278690982e-07,
    8.216105129577045e-07,
    6.875230269542953e-07,
    5.408836614151369e-07,
    3.807820974088827e-07,
    2.313740168347067e-07,
    0.00011108363105449826,
    2.8385333280311897e-05,
    1.3396336726145819e-05,
    8.088970389508177e-06,
    6.844603831268614e-06,
    6.7146179389965255e-06,
    8.261866241809912e-06,
    9.261988452635705e-06,
    9.59344379225513e-06,
    1.2988707567274105e-05,
    2.470102481311187e-05,
    0.0003136337036266923,
    0.0021035417448729277,
    0.002334143267944455,
    2.5742472644196823e-05,
    1.3211115401645657e-05,
    9.681026313046459e-06,
    9.271586350223515e-06,
    8.305426490551326e-06,
    6.718409622408217e-06,
    6.822195700806333e-06,
    7.994543921086006e-06,
    1.2995044016861357e-05,
    2.781197508738842e-05,
    9.667799895396456e-05,
    2.4755667027420714e-07,
    3.5776423601419083e-07,
    5.303754733176902e-07,
    6.798709932809288e-07,
    8.152508712555573e-07,
    9.398194720233732e-07,
    9.941321650330792e-07,
    1.519997681498353e-06,
    1.971820211110753e-06,
    3.539165163601865e-06,
    4.710146095021628e-05,
    5.80528867430985e-05,
    5.22980626556091e-05,
    3.8769114325987175e-05,
    2.5564866518834606e-05,
    1.9196504581486806e-05,
    1.1613326023507398e-05,
    3.4831839457183378e-06,
    1.8215714590041898e-06,
    9.743007831275463e-05,
    0.0001449318660888821,
    0.00022734791855327785,
    0.0018618671456351876,
    0.0018887016922235489
  ],
  "J": 64
}