{
  "mu": [
    0.0,
    -1.0133250951766968,
    -0.23453611135482788,
    -0.23454609513282776,
    -0.7555364966392517,
    -0.509899914264679,
    -0.39197468757629395,
    -0.39225414395332336,
    -0.23368944227695465,
    -0.23365724086761475,
    -0.23344264924526215,
    -0.23314668238162994,
    -0.2326929122209549,
    -0.2319052666425705,
    -0.2306165099143982,
    -0.22539159655570984,
    -0.23438230156898499,
    -0.2346959114074707,
    -0.23466989398002625,
    -0.23471328616142273,
    -0.23480331897735596,
    -0.3920802175998688,
    -0.39384159445762634,
    -0.23516935110092163,
    -0.23527373373508453,
    -0.2352854162454605,
    -0.23358549177646637,
    -0.07662096619606018,
    -0.146871879696846,
    -0.23527909815311432,
    -0.2352769672870636,
    -0.23517397046089172,
    -0.3939947783946991,
    -0.39209505915641785,
    -0.234807088971138,
    -0.2347157597541809,
    -0.234669491648674,
    -0.2346937209367752,
    -0.2343817502260208,
    -0.2327580600976944,
    0.229109525680542,
    -0.2317391186952591,
    -0.2326546609401703,
    -0.23312965035438538,
    -0.23343349993228912,
    -0.23365181684494019,
    -0.233714759349823,
    -0.39225390553474426,
    -0.39196890592575073,
    -0.6037021279335022,
    0.23037877678871155,
    0.2303193062543869,
    0.23035050928592682,
    0.2304268777370453,
    0.49477583169937134,
    0.3785414695739746,
    0.70123291015625,
    0.9599091410636902,
    1.2029235363006592,
    0.23010115325450897,
    0.22984370589256287,
    0.22939488291740417,
    0.07276161760091782,
    0.14088331162929535
  ],
  "sigma2": [
    4.346973946667276e-05,
    0.00408031465485692,
    0.0040372200310230255,
    0.0040379841811954975,
    0.004069515038281679,
    0.0040766214951872826,
    0.004072739742696285,
    0.004073005635291338,
    0.004073531832545996,
    0.004073541611433029,
    0.004073574673384428,
    0.004073611926287413,
    0.004073652438819408,
    0.004073699004948139,
    0.004073743708431721,
    0.0037050212267786264,
    0.004067171365022659,
    0.004070268012583256,
    0.004071640316396952,
    0.004071970470249653,
    0.004072013311088085,
    0.0040692430920898914,
    0.004068597219884396,
    0.0040713027119636536,
    0.004070454277098179,
    0.004067513160407543,
    0.0039873565547168255,
    0.0008995360694825649,
    0.00216110423207283,
    0.0040672533214092255,
    0.004070401657372713,
    0.004071283154189587,
    0.004068591166287661,
    0.004069216549396515,
    0.004072013311088085,
    0.004071980249136686,
    0.004071663599461317,
    0.004070367198437452,
    0.004067270550876856,
    0.004037204664200544,
    0.0040736813098192215,
    0.004073708783835173,
    0.004073656164109707,
    0.004073611926287413,
    0.004073574673384428,
    0.004073541611433029,
    0.004073524381965399,
    0.004073007497936487,
    0.004072737880051136,
    0.004064695909619331,
    0.004046278074383736,
    0.00403955765068531,
    0.004043068736791611,
    0.004051158670336008,
    0.004114038776606321,
    0.004022893961519003,
    0.004123580176383257,
    0.0041143507696688175,
    0.00414390629157424,
    0.00401424802839756,
    0.003982127644121647,
    0.003918949514627457,
    0.0008389510330744088,
    0.0020637130364775658
  ],
  "pi": [
    0.9900000095367432,
    2.1323229759673268e-07,
    0.00012805889127776027,
    0.00012523552868515253,
    9.735332469062996e-07,
    8.866045391187072e-06,
    2.2018216441210825e-06,
    1.6617130995655316e-06,
    9.339005941910727e-07,
    9.001384455586958e-07,
    7.837838893465232e-07,
    6.571845574399049e-07,
    5.182822064853099e-07,
    3.6596631503016397e-07,
    2.230088540500219e-07,
    0.00010711092909332365,
    2.6473388061276637e-05,
    1.2384882211335935e-05,
    7.503436336264713e-06,
    6.3521042648062576e-06,
    6.224976914381841e-06,
    9.884988685371354e-06,
    1.1200081644346938e-05,
    8.820520633889828e-06,
    1.1879806152137462e-05,
    2.2388214347301982e-05,
    0.00031307540484704077,
    0.0019622966647148132,
    0.002500996459275484,
    2.3319831598200835e-05,
    1.207985042128712e-05,
    8.899579370336141e-06,
    1.1204295333300252e-05,
    9.94522179098567e-06,
    6.2282160797622055e-06,
    6.331179065455217e-06,
    7.416408607241465e-06,
    1.2016098480671644e-05,
    2.5898079911712557e-05,
    9.377201786264777e-05,
    2.4242660856543807e-07,
    3.4407005955472414e-07,
    5.083372798253549e-07,
    6.499600431197905e-07,
    7.77789750827651e-07,
    8.951186032390979e-07,
    9.46592592754314e-07,
    1.6582648640905973e-06,
    2.2099113721196773e-06,
    5.554370545723941e-06,
    4.8422480176668614e-05,
    5.993291051709093e-05,
    5.3875770390732214e-05,
    3.975070285378024e-05,
    1.116229122999357e-05,
    4.090656875632703e-05,
    8.666132998769172e-06,
    2.392964688624488e-06,
    5.518390366887616e-07,
    0.00010246646706946194,
    0.00015796608931850642,
    0.0002721931377891451,
    0.0017223730683326721,
    0.0019702569115906954
  ],
  "J": 64
}