{
  "mu": [
    0.0,
    -1.5624884366989136,
    -0.29442206025123596,
    -0.2944220304489136,
    -1.1938250064849854,
    -0.6642457842826843,
    -0.406941294670105,
    -0.4073866307735443,
    -0.29290756583213806,
    -0.29286912083625793,
    -0.2927148640155792,
    -0.29250162839889526,
    -0.29213812947273254,
    -0.29148149490356445,
    -0.29033470153808594,
    -0.2944240868091583,
    -0.2944113314151764,
    -0.29432234168052673,
    -0.29417890310287476,
    -0.2941347360610962,
    -0.29412612318992615,
    -0.40597882866859436,
    -0.512412428855896,
    -0.29423293471336365,
    -0.2943120002746582,
    -0.2943952977657318,
    -0.2939327359199524,
    -0.09287241101264954,
    -0.18444786965847015,
    -0.29440027475357056,
    -0.29431581497192383,
    -0.29423588514328003,
    -0.40597522258758545,
    -0.40597811341285706,
    -0.29412633180618286,
    -0.29413336515426636,
    -0.29417479038238525,
    -0.29431527853012085,
    -0.2944091856479645,
    -0.29442301392555237,
    0.28874704241752625,
    -0.2913517653942108,
    -0.29210472106933594,
    -0.29248663783073425,
    -0.2927055060863495,
    -0.29286327958106995,
    -0.292921245098114,
    -0.40738993883132935,
    -0.40693575143814087,
    -0.8726363778114319,
    0.2871702015399933,
    0.28714320063591003,
    0.28715771436691284,
    0.2872140109539032,
    0.7990180850028992,
    0.5474805235862732,
    1.090720295906067,
    1.3723827600479126,
    1.5193018913269043,
    0.28704896569252014,
    0.40995994210243225,
    0.2862662971019745,
    0.08432883769273758,
    0.17496496438980103
  ],
  "sigma2": [
    4.27528029831592e-05,
    0.004064544569700956,
    0.004070805851370096,
    0.004070932045578957,
    0.004110618960112333,
    0.004058808088302612,
    0.004073079209774733,
    0.004073332063853741,
    0.004073817282915115,
    0.004073815885931253,
    0.004073817282915115,
    0.004073817282915115,
    0.004073819611221552,
    0.00407382333651185,
    0.00407382333651185,
    0.004071190021932125,
    0.004073487129062414,
    0.004073726013302803,
    0.004073774442076683,
    0.004073786549270153,
    0.0040737842209637165,
    0.004065294750034809,
    0.004067656584084034,
    0.004073768854141235,
    0.004073732066899538,
    0.004073570482432842,
    0.004039590246975422,
    0.0014526641461998224,
    0.003107073251157999,
    0.004073555115610361,
    0.004073730204254389,
    0.004073763266205788,
    0.004064385779201984,
    0.004065180663019419,
    0.004073786549270153,
    0.004073788411915302,
    0.00407377677038312,
    0.00407372834160924,
    0.004073498770594597,
    0.004071766510605812,
    0.00407382333651185,
    0.004073821473866701,
    0.004073819611221552,
    0.004073817282915115,
    0.004073817282915115,
    0.004073817282915115,
    0.004073815885931253,
    0.004073332063853741,
    0.004073073621839285,
    0.0041193487122654915,
    0.004071153234690428,
    0.0040703280828893185,
    0.004070766735821962,
    0.004071739502251148,
    0.004233242943882942,
    0.004112434573471546,
    0.004098701290786266,
    0.004071017261594534,
    0.004064967390149832,
    0.004067489877343178,
    0.0040809218771755695,
    0.004037949722260237,
    0.0012415136443451047,
    0.0029366835951805115
  ],
  "pi": [
    0.9900000095367432,
    5.492843868637465e-08,
    7.432096026604995e-05,
    7.262440340127796e-05,
    5.598427605946199e-07,
    1.8680158973438665e-05,
    3.7080078527651494e-06,
    2.4292742182296934e-06,
    8.812882015263312e-07,
    8.499475256940059e-07,
    7.416655307679321e-07,
    6.233025828805694e-07,
    4.928435259898833e-07,
    3.489787729904492e-07,
    2.1322252052868862e-07,
    6.831820064689964e-05,
    1.9300066924188286e-05,
    1.0022600690717809e-05,
    6.413676146621583e-06,
    5.5092014008550905e-06,
    5.406840045907302e-06,
    6.796981324441731e-05,
    6.181616481626406e-05,
    7.410433227050817e-06,
    9.637630682846066e-06,
    1.655792038945947e-05,
    0.0006794145447202027,
    0.0014588149497285485,
    0.0025610020384192467,
    1.7128697436419316e-05,
    9.780517757462803e-06,
    7.4700251389003824e-06,
    7.607940642628819e-05,
    6.90179513185285e-05,
    5.409413461165968e-06,
    5.492328000400448e-06,
    6.346361715259263e-06,
    9.76055525825359e-06,
    1.8927834389614873e-05,
    5.97509351791814e-05,
    2.3198586518446973e-07,
    3.282269176452246e-07,
    4.834705578105059e-07,
    6.165399213386991e-07,
    7.360819154200726e-07,
    8.45285001105367e-07,
    8.930602461987291e-07,
    2.422453235340072e-06,
    3.7304332636267645e-06,
    6.6968059400096536e-06,
    3.8884110836079344e-05,
    4.7703575546620414e-05,
    4.3059342715423554e-05,
    3.23284839396365e-05,
    1.0667549759091344e-05,
    3.242466482333839e-05,
    6.931207281013485e-06,
    3.7353473203438625e-07,
    2.4029606038311613e-07,
    8.354427700396627e-05,
    0.00016977499763015658,
    0.0006460169679485261,
    0.0012550388928502798,
    0.0021767406724393368
  ],
  "J": 64
}