{
  "mu": [
    0.0,
    -1.1827778816223145,
    -0.25927940011024475,
    -0.2592848837375641,
    -0.9348803758621216,
    -0.5435012578964233,
    -0.3946688175201416,
    -0.3942495882511139,
    -0.25941911339759827,
    -0.25935858488082886,
    -0.25907763838768005,
    -0.25862690806388855,
    -0.2578611969947815,
    -0.25650492310523987,
    -0.25439515709877014,
    -0.2595842182636261,
    -0.25948554277420044,
    -0.2595415413379669,
    -0.2596067786216736,
    -0.25963497161865234,
    -0.25963521003723145,
    -0.3933679163455963,
    -0.3933317959308624,
    -0.25956428050994873,
    -0.2595331370830536,
    -0.2594751715660095,
    -0.25874778628349304,
    -0.08255849778652191,
    -0.16171236336231232,
    -0.25947779417037964,
    -0.259531706571579,
    -0.25956082344055176,
    -0.39333251118659973,
    -0.39336585998535156,
    -0.25963473320007324,
    -0.25963547825813293,
    -0.25961071252822876,
    -0.2595449388027191,
    -0.25948840379714966,
    -0.25943446159362793,
    0.24441371858119965,
    -0.2562430799007416,
    -0.2577924132347107,
    -0.2585955262184143,
    -0.2590615153312683,
    -0.2593490183353424,
    -0.25944316387176514,
    -0.39424416422843933,
    -0.39466944336891174,
    -0.703818678855896,
    0.24606387317180634,
    0.24603965878486633,
    0.2460559606552124,
    0.2460845410823822,
    0.6316567659378052,
    0.43965044617652893,
    0.8617362976074219,
    1.0659788846969604,
    1.3151100873947144,
    0.24593448638916016,
    0.3444746136665344,
    0.2454034686088562,
    0.07582476735115051,
    0.15206697583198547
  ],
  "sigma2": [
    4.295702819945291e-05,
    0.004109805449843407,
    0.004060219042003155,
    0.004060641396790743,
    0.0040723648853600025,
    0.004071487113833427,
    0.004073861986398697,
    0.004073846619576216,
    0.00407366594299674,
    0.004073671530932188,
    0.004073691088706255,
    0.004073710646480322,
    0.004073733929544687,
    0.004073761403560638,
    0.004073786549270153,
    0.00405995175242424,
    0.004071417264640331,
    0.004072360694408417,
    0.004072803538292646,
    0.004072926007211208,
    0.004072933923453093,
    0.004073287360370159,
    0.00407304847612977,
    0.004072603769600391,
    0.004072263836860657,
    0.004071325995028019,
    0.004013425204902887,
    0.0010800354648381472,
    0.0024992693215608597,
    0.004071256145834923,
    0.004072242416441441,
    0.004072595853358507,
    0.004073044750839472,
    0.004073275253176689,
    0.004072933923453093,
    0.004072929732501507,
    0.004072817042469978,
    0.004072388168424368,
    0.004071483388543129,
    0.004061791114509106,
    0.00407374557107687,
    0.00407376466318965,
    0.0040737357921898365,
    0.004073712509125471,
    0.004073691088706255,
    0.004073671530932188,
    0.00407366594299674,
    0.0040738522075116634,
    0.004073861986398697,
    0.004073817282915115,
    0.004059034399688244,
    0.004054818768054247,
    0.004057064186781645,
    0.004062019754201174,
    0.00400879280641675,
    0.004084122367203236,
    0.003885807003825903,
    0.004035272169858217,
    0.004122530110180378,
    0.004037283360958099,
    0.004064598586410284,
    0.00393699249252677,
    0.0009525895002298057,
    0.0023354822769761086
  ],
  "pi": [
    0.9900000095367432,
    1.6708726491287962e-07,
    0.00012070386583218351,
    0.00011783078662119806,
    5.986998985463288e-07,
    1.8992850527865812e-05,
    3.0971955311542843e-06,
    2.165508931284421e-06,
    9.319086302639334e-07,
    8.983942620943708e-07,
    7.827814556549129e-07,
    6.56826784961595e-07,
    5.18408342031762e-07,
    3.6636376421483874e-07,
    2.2343401440139132e-07,
    0.00010665637819329277,
    2.5131785150733776e-05,
    1.188173428090522e-05,
    7.2845023169065826e-06,
    6.188538918650011e-06,
    6.0661568568320945e-06,
    2.3277572836377658e-05,
    2.7985190172330476e-05,
    8.519418770447373e-06,
    1.1376637303328607e-05,
    2.1020692656747997e-05,
    0.00045496784150600433,
    0.00168407813180238,
    0.0025552765000611544,
    2.1867612304049544e-05,
    1.156248436018359e-05,
    8.594151950092055e-06,
    2.7969221264356747e-05,
    2.349976602999959e-05,
    6.069266873964807e-06,
    6.168463642097777e-06,
    7.201839707704494e-06,
    1.153680932475254e-05,
    2.456627225910779e-05,
    9.277104254579172e-05,
    2.4326314473910315e-07,
    3.444867502366833e-07,
    5.084856979920005e-07,
    6.496328524008277e-07,
    7.768223895254778e-07,
    8.934113111536135e-07,
    9.445163300370041e-07,
    2.160232725145761e-06,
    3.1126342037168797e-06,
    6.948826467123581e-06,
    5.6116983614629135e-05,
    7.089797145454213e-05,
    6.307040894171223e-05,
    4.530616570264101e-05,
    1.0119332728208974e-05,
    3.571184061001986e-05,
    7.140113666537218e-06,
    1.8892804973802413e-06,
    4.824352117793751e-07,
    0.00012970675015822053,
    0.00011552379874046892,
    0.00047620589612051845,
    0.001446808222681284,
    0.0020649859216064215
  ],
  "J": 64
}