{
  "mu": [
    0.0,
    -0.7870976328849792,
    -0.19501301646232605,
    -0.19508381187915802,
    -0.5463162660598755,
    -0.48149770498275757,
    -0.4125175178050995,
    -0.3627358078956604,
    -0.2920836806297302,
    -0.19715580344200134,
    -0.19424210488796234,
    -0.19329296052455902,
    -0.19219623506069183,
    -0.1903606653213501,
    -0.18748703598976135,
    -0.07481975108385086,
    -0.19456006586551666,
    -0.1959075629711151,
    -0.19595594704151154,
    -0.19613070785999298,
    -0.19641448557376862,
    -0.3452438712120056,
    -0.360623300075531,
    -0.19738660752773285,
    -0.19758880138397217,
    -0.1974671483039856,
    -0.19194579124450684,
    -0.06995552033185959,
    -0.13047967851161957,
    -0.19744402170181274,
    -0.1975928694009781,
    -0.1973971128463745,
    -0.3495524525642395,
    -0.3486703038215637,
    -0.1964259296655655,
    -0.19613970816135406,
    -0.19595912098884583,
    -0.19591033458709717,
    -0.1945810168981552,
    -0.1346219778060913,
    0.18237990140914917,
    -0.18988965451717377,
    -0.19209669530391693,
    -0.19324593245983124,
    -0.1942005306482315,
    -0.19691582024097443,
    -0.29017069935798645,
    -0.3629513084888458,
    -0.4139222204685211,
    -0.4950135052204132,
    0.1854371726512909,
    0.18484820425510406,
    0.18514077365398407,
    0.18587283790111542,
    0.31420212984085083,
    0.28771141171455383,
    0.46097278594970703,
    0.7056766748428345,
    0.9622758626937866,
    0.18278461694717407,
    0.1802547723054886,
    0.17622797191143036,
    0.06589070707559586,
    0.12341858446598053
  ],
  "sigma2": [
    4.3586635001702234e-05,
    0.004157779272645712,
    0.003779333783313632,
    0.003784677479416132,
    0.004080289509147406,
    0.004074946045875549,
    0.0040731471963226795,
    0.004073194228112698,
    0.004075183067470789,
    0.004071403760462999,
    0.004071551375091076,
    0.004071873612701893,
    0.004072240088135004,
    0.004072648007422686,
    0.004073046147823334,
    0.0007485137321054935,
    0.003996482118964195,
    0.0040381960570812225,
    0.004052370321005583,
    0.004055766388773918,
    0.004056236241012812,
    0.0040776594541966915,
    0.004074456635862589,
    0.004049330018460751,
    0.004040931351482868,
    0.0040120952762663364,
    0.0035412677098065615,
    0.0006842311122454703,
    0.0017247144132852554,
    0.004009564872831106,
    0.004040380474179983,
    0.004049111157655716,
    0.004077181685715914,
    0.004076909273862839,
    0.004056232515722513,
    0.00405582832172513,
    0.00405262503772974,
    0.0040392628870904446,
    0.003998144529759884,
    0.001959864515811205,
    0.0040728929452598095,
    0.004072706215083599,
    0.004072267562150955,
    0.0040718927048146725,
    0.004071566741913557,
    0.004071401432156563,
    0.004075138363987207,
    0.004073184449225664,
    0.004073240328580141,
    0.004073700867593288,
    0.003928883001208305,
    0.003896392183378339,
    0.003913414664566517,
    0.003953886684030294,
    0.004074868280440569,
    0.004088978283107281,
    0.004129932262003422,
    0.004234179388731718,
    0.0046031964011490345,
    0.0037816467229276896,
    0.0036456254310905933,
    0.0034303918946534395,
    0.0006252554012462497,
    0.0015863211592659354
  ],
  "pi": [
    0.9900000095367432,
    6.344728831209068e-07,
    0.00015783087292220443,
    0.00015441980212926865,
    3.12699035021069e-06,
    2.333229531359393e-06,
    1.860778070295055e-06,
    1.4652604249931755e-06,
    1.1671406809909968e-06,
    1.0408087973701186e-06,
    9.04131525203411e-07,
    7.55716314415622e-07,
    5.936619800195331e-07,
    4.171595264779171e-07,
    2.532039786729001e-07,
    0.00011698694288497791,
    3.143465437460691e-05,
    1.4945320799597539e-05,
    9.016202966449782e-06,
    7.631620064785238e-06,
    7.4934878284693696e-06,
    7.48669071981567e-06,
    8.315135346492752e-06,
    1.0759133147075772e-05,
    1.4607406228606123e-05,
    2.790032340271864e-05,
    0.0003355407388880849,
    0.0021981799509376287,
    0.0021618364844471216,
    2.9083352274028584e-05,
    1.48595800055773e-05,
    1.0858370842470322e-05,
    8.3334734881646e-06,
    7.518176516896347e-06,
    7.497959359170636e-06,
    7.606804956594715e-06,
    8.910850738175213e-06,
    1.4496848052658606e-05,
    3.083216506638564e-05,
    0.00010407885565655306,
    2.7957531756328535e-07,
    3.916531170489179e-07,
    5.820069191031507e-07,
    7.472274887732056e-07,
    8.970783937911619e-07,
    1.0349176591262221e-06,
    1.1608781278482638e-06,
    1.4621608670495334e-06,
    1.8672611759029678e-06,
    2.3976115244295215e-06,
    5.671405961038545e-05,
    7.004667713772506e-05,
    6.304409907897934e-05,
    4.6655793994432315e-05,
    3.4058870369335636e-05,
    2.7227748432778753e-05,
    1.404570048180176e-05,
    3.909450242645107e-06,
    2.1639218630298274e-06,
    0.00011869776790263131,
    0.0001804325875127688,
    0.00029451146838255227,
    0.0019318442791700363,
    0.0016228130552917719
  ],
  "J": 64
}