{
  "mu": [
    0.0,
    -1.0374923944473267,
    -0.23771169781684875,
    -0.23773738741874695,
    -0.7709385752677917,
    -0.516534686088562,
    -0.3897962272167206,
    -0.3904404938220978,
    -0.23580040037631989,
    -0.23576736450195312,
    -0.23555678129196167,
    -0.23527008295059204,
    -0.23483411967754364,
    -0.2340860813856125,
    -0.23285536468029022,
    -0.22950832545757294,
    -0.2367088496685028,
    -0.23709776997566223,
    -0.23701722919940948,
    -0.23707705736160278,
    -0.23722556233406067,
    -0.391083687543869,
    -0.3989202380180359,
    -0.2379339635372162,
    -0.2381868064403534,
    -0.23835258185863495,
    -0.23623134195804596,
    -0.07693247497081757,
    -0.14805246889591217,
    -0.2383529543876648,
    -0.2381969392299652,
    -0.2379446178674698,
    -0.3989625573158264,
    -0.39125120639801025,
    -0.23723183572292328,
    -0.2370813935995102,
    -0.23701705038547516,
    -0.23709245026111603,
    -0.23670408129692078,
    -0.23512394726276398,
    0.23097911477088928,
    -0.23392841219902039,
    -0.23479771614074707,
    -0.23525354266166687,
    -0.23554767668247223,
    -0.23576200008392334,
    -0.23582571744918823,
    -0.3904401659965515,
    -0.38978153467178345,
    -0.6075543761253357,
    0.2326357662677765,
    0.23257793486118317,
    0.23260627686977386,
    0.23268041014671326,
    0.518706738948822,
    0.38523682951927185,
    0.7206014394760132,
    0.9746355414390564,
    1.218727469444275,
    0.23237298429012299,
    0.23212774097919464,
    0.2316763699054718,
    0.07325845211744308,
    0.14207212626934052
  ],
  "sigma2": [
    4.360131060821004e-05,
    0.0040777879767119884,
    0.004052513279020786,
    0.004052917007356882,
    0.00407199002802372,
    0.004070138093084097,
    0.004073518328368664,
    0.004073605872690678,
    0.0040736328810453415,
    0.004073638468980789,
    0.004073660355061293,
    0.004073685500770807,
    0.004073710646480322,
    0.004073739517480135,
    0.004073768854141235,
    0.0038391132839024067,
    0.004068036563694477,
    0.004071640316396952,
    0.004072514362633228,
    0.004072690848261118,
    0.004072708543390036,
    0.004073034971952438,
    0.004074538126587868,
    0.004072345327585936,
    0.004071914125233889,
    0.004070392344146967,
    0.004014498554170132,
    0.0009261214290745556,
    0.002214431297034025,
    0.004070252645760775,
    0.004071884788572788,
    0.004072331823408604,
    0.004074547905474901,
    0.004073061514645815,
    0.004072708543390036,
    0.004072695039212704,
    0.00407252786681056,
    0.004071718081831932,
    0.004068160895258188,
    0.004044021014124155,
    0.004073685500770807,
    0.004073743708431721,
    0.00407371437177062,
    0.004073683638125658,
    0.004073662217706442,
    0.004073640797287226,
    0.004073631018400192,
    0.004073607735335827,
    0.004073518328368664,
    0.004070576746016741,
    0.004048699978739023,
    0.0040425751358270645,
    0.004045790061354637,
    0.004053187556564808,
    0.004067243542522192,
    0.004053618758916855,
    0.004021208267658949,
    0.00408879853785038,
    0.00413490179926157,
    0.004019356332719326,
    0.0039895400404930115,
    0.003929006867110729,
    0.0008637519204057753,
    0.002110259374603629
  ],
  "pi": [
    0.9900000095367432,
    1.9450050103841932e-07,
    0.00012644303205888718,
    0.00012365818838588893,
    9.454978453504737e-07,
    8.360393621842377e-06,
    2.2350466224452248e-06,
    1.6794091379779275e-06,
    9.265649509870855e-07,
    8.930697958930978e-07,
    7.777051678203861e-07,
    6.521654540847521e-07,
    5.143971293364302e-07,
    3.632843288414733e-07,
    2.2140979183404852e-07,
    0.00010645922156982124,
    2.621365820232313e-05,
    1.2258071365067735e-05,
    7.429377092194045e-06,
    6.2898498072172515e-06,
    6.163641501188977e-06,
    1.0209151696471963e-05,
    1.1592925147851929e-05,
    8.728416105441283e-06,
    1.1750471458071843e-05,
    2.2126632757135667e-05,
    0.0003097400476690382,
    0.0019445405341684818,
    0.0025272341445088387,
    2.3046193746267818e-05,
    1.194811011373531e-05,
    8.806557161733508e-06,
    1.159619841928361e-05,
    1.0272957297274843e-05,
    6.166832008602796e-06,
    6.269120149227092e-06,
    7.343242486967938e-06,
    1.1893285773112439e-05,
    2.5641280444688164e-05,
    9.30857058847323e-05,
    2.4080375737867143e-07,
    3.415572962239821e-07,
    5.045358193456195e-07,
    6.450017053793999e-07,
    7.717634957771224e-07,
    8.880936093191849e-07,
    9.391442858941446e-07,
    1.6759069012550754e-06,
    2.243454218842089e-06,
    5.8359310060041025e-06,
    4.8227564548142254e-05,
    5.9717694966821e-05,
    5.36705156264361e-05,
    3.957900480600074e-05,
    9.433911145606544e-06,
    4.413014539750293e-05,
    8.25314418761991e-06,
    2.2866881863592425e-06,
    5.334035222404054e-07,
    0.00010229009058093652,
    0.00015827923198230565,
    0.00027594782295636833,
    0.0017138764960691333,
    0.001975018298253417
  ],
  "J": 64
}