{
  "mu": [
    0.0,
    -1.0987483263015747,
    -0.24276645481586456,
    -0.24277718365192413,
    -0.8707653880119324,
    -0.5062792897224426,
    -0.36926576495170593,
    -0.3689061105251312,
    -0.24166487157344818,
    -0.24163077771663666,
    -0.24146096408367157,
    -0.24124735593795776,
    -0.2409585416316986,
    -0.24056589603424072,
    -0.24012349545955658,
    -0.24131055176258087,
    -0.2426263988018036,
    -0.24273370206356049,
    -0.24266734719276428,
    -0.24266289174556732,
    -0.24269543588161469,
    -0.3701479434967041,
    -0.37019142508506775,
    -0.242879256606102,
    -0.24295875430107117,
    -0.243028461933136,
    -0.24187339842319489,
    -0.0785381868481636,
    -0.15386444330215454,
    -0.24303336441516876,
    -0.2429618388414383,
    -0.24288232624530792,
    -0.3701914846897125,
    -0.3701508045196533,
    -0.24269706010818481,
    -0.24266362190246582,
    -0.24266421794891357,
    -0.242730051279068,
    -0.24262578785419464,
    -0.24192993342876434,
    0.24490046501159668,
    -0.2405017763376236,
    -0.24093620479106903,
    -0.24123458564281464,
    -0.24145278334617615,
    -0.2416253238916397,
    -0.2416827231645584,
    -0.368904709815979,
    -0.36927083134651184,
    -0.6629154682159424,
    0.24699777364730835,
    0.24695061147212982,
    0.24697723984718323,
    0.2470279186964035,
    0.5820150971412659,
    0.3873099088668823,
    0.8123350739479065,
    1.0385723114013672,
    1.2850428819656372,
    0.24678407609462738,
    0.24655254185199738,
    0.24597972631454468,
    0.07431703060865402,
    0.14842566847801208
  ],
  "sigma2": [
    4.3460244341986254e-05,
    0.00407744012773037,
    0.0040511623956263065,
    0.004051622003316879,
    0.004080554004758596,
    0.004081811290234327,
    0.004073186311870813,
    0.00407338235527277,
    0.0040736328810453415,
    0.004073640797287226,
    0.004073662217706442,
    0.004073689226061106,
    0.004073718562722206,
    0.0040737478993833065,
    0.004073778633028269,
    0.004046775866299868,
    0.004069260787218809,
    0.00407145032659173,
    0.0040723104029893875,
    0.004072551149874926,
    0.004072586074471474,
    0.004070565104484558,
    0.004069986753165722,
    0.0040720789693295956,
    0.00407146941870451,
    0.004069437272846699,
    0.004003546666353941,
    0.001000983640551567,
    0.002371064154431224,
    0.004069266840815544,
    0.004071432631462812,
    0.004072063602507114,
    0.004069988615810871,
    0.004070539493113756,
    0.0040725842118263245,
    0.004072554875165224,
    0.004072327632457018,
    0.004071504343301058,
    0.0040693581104278564,
    0.004053195472806692,
    0.004073786549270153,
    0.004073751624673605,
    0.004073718562722206,
    0.004073691088706255,
    0.004073664080351591,
    0.004073642659932375,
    0.0040736328810453415,
    0.004073386080563068,
    0.004073182120919228,
    0.004073602147400379,
    0.004068226553499699,
    0.004067206289619207,
    0.0040677632205188274,
    0.004069043789058924,
    0.004098148550838232,
    0.004101526457816362,
    0.003930352162569761,
    0.004061765968799591,
    0.0041130012832582,
    0.004061285872012377,
    0.0040519642643630505,
    0.004030301701277494,
    0.0009299967205151916,
    0.00229383772239089
  ],
  "pi": [
    0.9900000095367432,
    1.8091020592692075e-07,
    0.00013275245146360248,
    0.00012962298933416605,
    6.183745995258505e-07,
    2.0222529201419093e-05,
    3.1323595521826064e-06,
    2.2043998342269333e-06,
    9.688178579381201e-07,
    9.33878027353785e-07,
    8.133823143907648e-07,
    6.822102704973076e-07,
    5.381884875532705e-07,
    3.8013948255866126e-07,
    2.3171560314949602e-07,
    0.00011147207260364667,
    2.70077507593669e-05,
    1.2653305930143688e-05,
    7.69757571106311e-06,
    6.524918717332184e-06,
    6.394953743438236e-06,
    2.1971012756694108e-05,
    2.6164418159169145e-05,
    9.032291927724145e-06,
    1.2125154171371832e-05,
    2.270985351060517e-05,
    0.00042466423474252224,
    0.001727098016999662,
    0.0025191456079483032,
    2.3644111934117973e-05,
    1.23268964671297e-05,
    9.112573934544344e-06,
    2.6150923076784238e-05,
    2.217034125351347e-05,
    6.398291134246392e-06,
    6.5036374508053996e-06,
    7.6090573202236556e-06,
    1.2279787370061968e-05,
    2.6408826670376584e-05,
    9.722615504870191e-05,
    2.516127324270201e-07,
    3.5741260262511787e-07,
    5.2787260074183e-07,
    6.747280281160783e-07,
    8.071741035564628e-07,
    9.286832209909335e-07,
    9.819632396101952e-07,
    2.1990961158735445e-06,
    3.1476106414629612e-06,
    7.341601303778589e-06,
    4.940452708979137e-05,
    6.123277853475884e-05,
    5.499950566445477e-05,
    4.052316216984764e-05,
    1.1439286936365534e-05,
    6.948691589059308e-05,
    7.508480848628096e-06,
    2.007829607464373e-06,
    4.2667539901231066e-07,
    0.00010542576637817547,
    0.00016503817460034043,
    0.00030407513258978724,
    0.0015272055752575397,
    0.0021062344312667847
  ],
  "J": 64
}