{
  "mu": [
    0.0,
    -0.7986211776733398,
    -0.20274238288402557,
    -0.20279352366924286,
    -0.5573514699935913,
    -0.50093674659729,
    -0.40633589029312134,
    -0.36558297276496887,
    -0.2823496162891388,
    -0.20037245750427246,
    -0.19873587787151337,
    -0.19772854447364807,
    -0.19643376767635345,
    -0.19439838826656342,
    -0.19140706956386566,
    -0.09387791901826859,
    -0.20129041373729706,
    -0.20271849632263184,
    -0.20267349481582642,
    -0.20287451148033142,
    -0.2032252997159958,
    -0.36208614706993103,
    -0.3710654675960541,
    -0.2042846828699112,
    -0.20449198782444,
    -0.20448939502239227,
    -0.2004864513874054,
    -0.07007762789726257,
    -0.13298475742340088,
    -0.2044781744480133,
    -0.20449747145175934,
    -0.20429497957229614,
    -0.3675079941749573,
    -0.36395034193992615,
    -0.20323899388313293,
    -0.20288553833961487,
    -0.20267564058303833,
    -0.20271430909633636,
    -0.20129577815532684,
    -0.1444862335920334,
    0.18520301580429077,
    -0.19393014907836914,
    -0.19632455706596375,
    -0.19767524302005768,
    -0.19869957864284515,
    -0.20026609301567078,
    -0.2794451117515564,
    -0.3657417297363281,
    -0.4080478847026825,
    -0.5052365064620972,
    0.19282692670822144,
    0.19235116243362427,
    0.19259761273860931,
    0.19318220019340515,
    0.33450546860694885,
    0.28658366203308105,
    0.4795363247394562,
    0.7177547216415405,
    0.9726843237876892,
    0.190630242228508,
    0.18858499825000763,
    0.18530580401420593,
    0.06672067195177078,
    0.1265210658311844
  ],
  "sigma2": [
    4.3553311115829274e-05,
    0.004176669754087925,
    0.003849031636491418,
    0.003853282891213894,
    0.004085656721144915,
    0.004069373477250338,
    0.0040758755058050156,
    0.004074260592460632,
    0.004074336029589176,
    0.004071873612701893,
    0.004072046373039484,
    0.004072298761457205,
    0.004072578623890877,
    0.004072889219969511,
    0.004073191899806261,
    0.0008824303513392806,
    0.004014096688479185,
    0.004047337453812361,
    0.0040578399784862995,
    0.004060389474034309,
    0.004060772713273764,
    0.0040746452286839485,
    0.004074546042829752,
    0.004055733792483807,
    0.004049536306411028,
    0.004028241615742445,
    0.0036597109865397215,
    0.0006872256635688245,
    0.0017824384849518538,
    0.004026358015835285,
    0.004049128852784634,
    0.004055575001984835,
    0.004074571188539267,
    0.004074575379490852,
    0.004060770850628614,
    0.004060437902808189,
    0.004058028105646372,
    0.004048136528581381,
    0.004015540238469839,
    0.0022090075071901083,
    0.004073083400726318,
    0.004072933923453093,
    0.004072597716003656,
    0.004072312265634537,
    0.004072058014571667,
    0.0040718792006373405,
    0.00407428340986371,
    0.0040742624551057816,
    0.004075941164046526,
    0.004068796988576651,
    0.003977503161877394,
    0.00395513279363513,
    0.00396685441955924,
    0.003994346130639315,
    0.004069115035235882,
    0.004083822015672922,
    0.0040954542346298695,
    0.004208870232105255,
    0.004604913294315338,
    0.0038737375289201736,
    0.0037770061753690243,
    0.003621045034378767,
    0.0006464066100306809,
    0.0016677851090207696
  ],
  "pi": [
    0.9900000095367432,
    5.909434435125149e-07,
    0.0001455477613490075,
    0.0001424574147677049,
    2.8501299311756156e-06,
    2.1552166344918078e-06,
    1.6991461961879395e-06,
    1.3502664160114364e-06,
    1.0793037290568464e-06,
    9.835695209403639e-07,
    8.548045116185676e-07,
    7.150156307034194e-07,
    5.622449634756777e-07,
    3.9560342202094034e-07,
    2.403647272331e-07,
    0.00011164996249135584,
    2.957965261884965e-05,
    1.4011702660354786e-05,
    8.459350283374079e-06,
    7.159287179092644e-06,
    7.026010734989541e-06,
    6.795191438868642e-06,
    7.5414518505567685e-06,
    1.0057848157885019e-05,
    1.3630730791192036e-05,
    2.594716352177784e-05,
    0.00030106393387541175,
    0.0022158531937748194,
    0.00222992617636919,
    2.7041434805141762e-05,
    1.3864734683011193e-05,
    1.015002817439381e-05,
    7.554725016234443e-06,
    6.8249923970142845e-06,
    7.030055712675676e-06,
    7.135912710509729e-06,
    8.360588253708556e-06,
    1.3591931747214403e-05,
    2.8995056709391065e-05,
    9.929624502547085e-05,
    2.6270615194334823e-07,
    3.7158434906814364e-07,
    5.512796406037523e-07,
    7.070298693179211e-07,
    8.48168156153406e-07,
    9.780145546756103e-07,
    1.0740486686700024e-06,
    1.3474004845193122e-06,
    1.7045151707861805e-06,
    2.217445626229164e-06,
    5.186690759728663e-05,
    6.398294499376789e-05,
    5.7619152357801795e-05,
    4.2688425310188904e-05,
    3.0669467378174886e-05,
    2.4467262846883386e-05,
    1.2654420970648061e-05,
    3.7796742162754526e-06,
    2.1049579572718358e-06,
    0.00010784046753542498,
    0.00016206562577281147,
    0.0002584940812084824,
    0.0019365150947123766,
    0.0017151599749922752
  ],
  "J": 64
}