{
  "mu": [
    0.0,
    -0.8552058339118958,
    -0.2140459418296814,
    -0.21408765017986298,
    -0.6247423887252808,
    -0.5129467844963074,
    -0.3773643672466278,
    -0.37736451625823975,
    -0.2219502478837967,
    -0.21640047430992126,
    -0.2162884622812271,
    -0.21608421206474304,
    -0.21567663550376892,
    -0.21477606892585754,
    -0.21303841471672058,
    -0.13933925330638885,
    -0.21607764065265656,
    -0.21628853678703308,
    -0.21639016270637512,
    -0.2164037674665451,
    -0.21638847887516022,
    -0.37697407603263855,
    -0.37681663036346436,
    -0.21623581647872925,
    -0.21608038246631622,
    -0.21560490131378174,
    -0.21200031042099,
    -0.07207927852869034,
    -0.13600537180900574,
    -0.21557185053825378,
    -0.21607019007205963,
    -0.21623198688030243,
    -0.3768107295036316,
    -0.3769683539867401,
    -0.21638768911361694,
    -0.21640370786190033,
    -0.21639177203178406,
    -0.21629653871059418,
    -0.2160874307155609,
    -0.21179601550102234,
    0.21054764091968536,
    -0.21455930173397064,
    -0.21563787758350372,
    -0.21607114374637604,
    -0.21628320217132568,
    -0.21639834344387054,
    -0.21747832000255585,
    -0.37736454606056213,
    -0.37736377120018005,
    -0.5129993557929993,
    0.21584364771842957,
    0.2157333642244339,
    0.2157977819442749,
    0.21593578159809113,
    0.38593554496765137,
    0.33943429589271545,
    0.5671163201332092,
    0.8171173334121704,
    1.0640449523925781,
    0.21535544097423553,
    0.21499653160572052,
    0.21452564001083374,
    0.06936915218830109,
    0.1342395693063736
  ],
  "sigma2": [
    4.3630927393678576e-05,
    0.004183977842330933,
    0.003898588940501213,
    0.0039021356496959925,
    0.004116523079574108,
    0.0040617142803967,
    0.004070436581969261,
    0.0040712193585932255,
    0.004072793759405613,
    0.004072648007422686,
    0.0040727960877120495,
    0.004072959069162607,
    0.004073131829500198,
    0.004073322284966707,
    0.004073501098901033,
    0.002035039709880948,
    0.004038592800498009,
    0.004057904239743948,
    0.004064149223268032,
    0.004065563902258873,
    0.0040656765922904015,
    0.004057879094034433,
    0.004055839963257313,
    0.004062180407345295,
    0.004058138467371464,
    0.004044158384203911,
    0.003684826660901308,
    0.0007733770762570202,
    0.001897469162940979,
    0.004042907152324915,
    0.004057871177792549,
    0.0040620784275233746,
    0.004055820871144533,
    0.004057793878018856,
    0.004065672867000103,
    0.004065587185323238,
    0.004064259584993124,
    0.0040583801455795765,
    0.00403941934928298,
    0.0036316707264631987,
    0.004073458258062601,
    0.004073349293321371,
    0.004073143471032381,
    0.004072966985404491,
    0.004072803538292646,
    0.004072654061019421,
    0.004072622861713171,
    0.004071224946528673,
    0.004070427268743515,
    0.0040610902942717075,
    0.004011948127299547,
    0.00399783905595541,
    0.00400519510731101,
    0.004022548440843821,
    0.004072809126228094,
    0.0040792254731059074,
    0.004141812212765217,
    0.004315525759011507,
    0.004405474755913019,
    0.00394928315654397,
    0.0038947074208408594,
    0.003804805688560009,
    0.0007403395138680935,
    0.0018911731895059347
  ],
  "pi": [
    0.9900000095367432,
    5.830838176734687e-07,
    0.0001491441944381222,
    0.0001457307516830042,
    2.48026117333211e-06,
    3.977441338065546e-06,
    2.0911932097078534e-06,
    1.6048933275669697e-06,
    9.956555686585489e-07,
    9.599226586942677e-07,
    8.3399243067106e-07,
    6.974008783799945e-07,
    5.481620632963313e-07,
    3.854470378428232e-07,
    2.3393621972900291e-07,
    0.00011192139936611056,
    2.9012488084845245e-05,
    1.3723375559493434e-05,
    8.276663720607758e-06,
    7.003094651736319e-06,
    6.872981884953333e-06,
    8.962330866779666e-06,
    1.0083998859045096e-05,
    9.847858564171474e-06,
    1.3358814612729475e-05,
    2.5512284992146306e-05,
    0.0003661549126263708,
    0.002014964586123824,
    0.0023353903088718653,
    2.6596138923196122e-05,
    1.3588981346401852e-05,
    9.938350558513775e-06,
    1.0092199772770982e-05,
    9.012119335238822e-06,
    6.876975021441467e-06,
    6.980227226449642e-06,
    8.1798843893921e-06,
    1.3311240763869137e-05,
    2.8441514587029815e-05,
    9.793550270842388e-05,
    2.496260833595443e-07,
    3.6203320519234694e-07,
    5.37458106464328e-07,
    6.896000286360504e-07,
    8.275090408460528e-07,
    9.544878594169859e-07,
    1.0094961453432916e-06,
    1.6015916344258585e-06,
    2.098121967719635e-06,
    4.182737484370591e-06,
    4.767988866660744e-05,
    5.879811942577362e-05,
    5.2954241255065426e-05,
    3.923066833522171e-05,
    2.40242516156286e-05,
    1.8009737686952576e-05,
    1.1221430213481653e-05,
    3.4006113764917245e-06,
    1.4206036667019362e-06,
    9.891196532407776e-05,
    0.00014775022282265127,
    0.00023414856696035713,
    0.001848930842243135,
    0.0018987006042152643
  ],
  "J": 64
}