{
  "mu": [
    0.0,
    -1.404126524925232,
    -0.2606467008590698,
    -0.2606450915336609,
    -1.012339472770691,
    -0.5629422068595886,
    -0.3979909121990204,
    -0.39811956882476807,
    -0.2615228295326233,
    -0.2615314722061157,
    -0.26156213879585266,
    -0.2615882456302643,
    -0.2616163492202759,
    -0.26161548495292664,
    -0.2615240216255188,
    -0.26071563363075256,
    -0.26066309213638306,
    -0.26071837544441223,
    -0.2608046531677246,
    -0.2608410120010376,
    -0.26084354519844055,
    -0.39810311794281006,
    -0.3981612026691437,
    -0.26076769828796387,
    -0.2607182562351227,
    -0.26066145300865173,
    -0.2608690857887268,
    -0.0835118442773819,
    -0.16295211017131805,
    -0.260659784078598,
    -0.26071664690971375,
    -0.26076623797416687,
    -0.3981609642505646,
    -0.3981058597564697,
    -0.2608434557914734,
    -0.2608414888381958,
    -0.26080647110939026,
    -0.26071977615356445,
    -0.26066482067108154,
    -0.2606583535671234,
    0.25800028443336487,
    -0.2616111934185028,
    -0.2616182863712311,
    -0.2615891993045807,
    -0.2615630030632019,
    -0.26153257489204407,
    -0.2615205645561218,
    -0.398120641708374,
    -0.39798957109451294,
    -0.7389784455299377,
    0.2624896764755249,
    0.2624882161617279,
    0.2624935507774353,
    0.2624847888946533,
    0.6739575862884521,
    0.4824068248271942,
    0.9045621156692505,
    1.0862737894058228,
    1.341549038887024,
    0.2624695599079132,
    0.38120439648628235,
    0.2623397409915924,
    0.0784449502825737,
    0.1594138741493225
  ],
  "sigma2": [
    4.2914689402095973e-05,
    0.0040645599365234375,
    0.004048879723995924,
    0.0040495190769433975,
    0.004116389900445938,
    0.004056472331285477,
    0.004072388168424368,
    0.004072840791195631,
    0.004073677584528923,
    0.0040736813098192215,
    0.004073699004948139,
    0.004073720425367355,
    0.0040737418457865715,
    0.004073766991496086,
    0.004073788411915302,
    0.004053804092109203,
    0.0040693581104278564,
    0.0040719942189753056,
    0.004072720184922218,
    0.004072885029017925,
    0.004072904586791992,
    0.0040627289563417435,
    0.004060658626258373,
    0.0040725297294557095,
    0.004072085022926331,
    0.0040704114362597466,
    0.0039576138369739056,
    0.0011226683855056763,
    0.0025522210635244846,
    0.004070248920470476,
    0.00407205568626523,
    0.004072519950568676,
    0.0040606665425002575,
    0.004062633961439133,
    0.004072902724146843,
    0.004072889219969511,
    0.0040727355517446995,
    0.004072052426636219,
    0.0040694973431527615,
    0.004055263940244913,
    0.0040737842209637165,
    0.004073766991496086,
    0.00407374557107687,
    0.004073722288012505,
    0.004073700867593288,
    0.004073683638125658,
    0.004073671530932188,
    0.0040728445164859295,
    0.004072382114827633,
    0.004084511660039425,
    0.0040655117481946945,
    0.004063569940626621,
    0.0040645599365234375,
    0.004067078698426485,
    0.004024751018732786,
    0.004054215736687183,
    0.003950356971472502,
    0.004040091298520565,
    0.004114307928830385,
    0.004057093523442745,
    0.004071809351444244,
    0.003997336141765118,
    0.0010309058707207441,
    0.002526559168472886
  ],
  "pi": [
    0.9900000095367432,
    5.45659943895771e-08,
    0.00012379608233459294,
    0.00012069468357367441,
    5.743261226598406e-07,
    2.0342657080618665e-05,
    3.2237169307336444e-06,
    2.206891167588765e-06,
    8.979152994470496e-07,
    8.656061254441738e-07,
    7.541616469097789e-07,
    6.327318828880379e-07,
    4.993377729078929e-07,
    3.528474223912781e-07,
    2.151616627088515e-07,
    0.00010421434853924438,
    2.456515903759282e-05,
    1.153331140812952e-05,
    7.050356089166598e-06,
    5.985648385831155e-06,
    5.8665959841164295e-06,
    3.045347511942964e-05,
    3.755919533432461e-05,
    8.251688086602371e-06,
    1.103962495108135e-05,
    2.0514498828561045e-05,
    0.0005660711321979761,
    0.0015851303469389677,
    0.00250932271592319,
    2.1353340343921445e-05,
    1.1222738066862803e-05,
    8.324393093062099e-06,
    3.753454438992776e-05,
    3.0786613933742046e-05,
    5.869579126738245e-06,
    5.966140633972827e-06,
    6.969888090679888e-06,
    1.1195965271326713e-05,
    2.4007311367313378e-05,
    9.07791472855024e-05,
    2.3392981063352636e-07,
    3.3177022373820364e-07,
    4.897768803857616e-07,
    6.257989184632606e-07,
    7.484212005692825e-07,
    8.607968311480363e-07,
    9.100705256059882e-07,
    2.2012497993273428e-06,
    3.2408759125246434e-06,
    6.71290672471514e-06,
    4.857593739870936e-05,
    6.0885515267727897e-05,
    5.4395866754930466e-05,
    3.953049235860817e-05,
    9.592388778401073e-06,
    2.095004492730368e-05,
    6.870274319226155e-06,
    1.688894826656906e-06,
    5.071224222774617e-07,
    0.00011032095062546432,
    9.993215644499287e-05,
    0.00048501143464818597,
    0.0014579242561012506,
    0.0021307794377207756
  ],
  "J": 64
}