{
  "mu": [
    0.0,
    -1.3959416151046753,
    -0.26494574546813965,
    -0.26494908332824707,
    -1.028572678565979,
    -0.5610048770904541,
    -0.3999699652194977,
    -0.40018343925476074,
    -0.2659015953540802,
    -0.2658769488334656,
    -0.26578354835510254,
    -0.2656426429748535,
    -0.2654133141040802,
    -0.2649848759174347,
    -0.26428189873695374,
    -0.26514342427253723,
    -0.265241414308548,
    -0.26547399163246155,
    -0.2656858265399933,
    -0.265764981508255,
    -0.2657729685306549,
    -0.39932045340538025,
    -0.3993171155452728,
    -0.2656133472919464,
    -0.26548659801483154,
    -0.26528143882751465,
    -0.26433300971984863,
    -0.08467422425746918,
    -0.1656724512577057,
    -0.2652704417705536,
    -0.2654804587364197,
    -0.26561009883880615,
    -0.3993171453475952,
    -0.399320125579834,
    -0.26577258110046387,
    -0.2657664716243744,
    -0.2656913101673126,
    -0.2654854357242584,
    -0.2652479112148285,
    -0.26503878831863403,
    0.2605971693992615,
    -0.2649017870426178,
    -0.26539215445518494,
    -0.265633761882782,
    -0.2657774090766907,
    -0.26587316393852234,
    -0.2659103274345398,
    -0.4001849293708801,
    -0.3999670147895813,
    -0.7435106039047241,
    0.2570503354072571,
    0.2570194602012634,
    0.2570323050022125,
    0.2570720613002777,
    0.686662495136261,
    0.49063676595687866,
    0.9136185646057129,
    1.0962302684783936,
    1.354289174079895,
    0.25692853331565857,
    0.3795700967311859,
    0.2562166750431061,
    0.07672901451587677,
    0.15657386183738708
  ],
  "sigma2": [
    4.309864016249776e-05,
    0.004064610693603754,
    0.004058320075273514,
    0.004058811813592911,
    0.004113128874450922,
    0.004067258909344673,
    0.004072992131114006,
    0.004073275253176689,
    0.00407372834160924,
    0.004073733929544687,
    0.0040737418457865715,
    0.004073755349963903,
    0.004073770716786385,
    0.004073786549270153,
    0.004073800053447485,
    0.00406058132648468,
    0.004071708302944899,
    0.004072756972163916,
    0.004073141608387232,
    0.004073236603289843,
    0.0040732501074671745,
    0.004063034895807505,
    0.00406042393296957,
    0.004073034971952438,
    0.004072793759405613,
    0.00407201936468482,
    0.003997738007456064,
    0.0011785440146923065,
    0.0026731337420642376,
    0.004071955103427172,
    0.004072778392583132,
    0.004073028918355703,
    0.004060433711856604,
    0.0040629091672599316,
    0.004073248244822025,
    0.004073238931596279,
    0.004073149058967829,
    0.00407278211787343,
    0.004071755334734917,
    0.0040616984479129314,
    0.004073801916092634,
    0.004073786549270153,
    0.004073773045092821,
    0.004073755349963903,
    0.0040737418457865715,
    0.004073732066899538,
    0.00407372834160924,
    0.004073279444128275,
    0.004072986077517271,
    0.004090461879968643,
    0.004066589754074812,
    0.004064563661813736,
    0.004065630026161671,
    0.004068073816597462,
    0.003999963402748108,
    0.004046278074383736,
    0.00394721794873476,
    0.004048646427690983,
    0.004119066055864096,
    0.004056733567267656,
    0.00401709508150816,
    0.003993382677435875,
    0.0010205198777839541,
    0.002486936515197158
  ],
  "pi": [
    0.9900000095367432,
    5.414878856413452e-08,
    0.00011622811143752187,
    0.0001133492260123603,
    5.902582529415668e-07,
    2.226816832262557e-05,
    3.284036665718304e-06,
    2.2435781374952057e-06,
    9.065142307917995e-07,
    8.739513646105479e-07,
    7.61597448217799e-07,
    6.391154556695255e-07,
    5.045117177360225e-07,
    3.5660377761814743e-07,
    2.175125786152421e-07,
    0.00010256442328682169,
    2.4028691768762656e-05,
    1.1443370567576494e-05,
    7.04177455190802e-06,
    5.988554221403319e-06,
    5.870510904060211e-06,
    3.183313674526289e-05,
    3.9394501072820276e-05,
    8.225915735238232e-06,
    1.0959658538922668e-05,
    2.0128454707446508e-05,
    0.000550817116163671,
    0.0016040769405663013,
    0.0025125553365796804,
    2.0931543986080214e-05,
    1.1138900845253374e-05,
    8.297566637338605e-06,
    3.936828943551518e-05,
    3.2186722819460556e-05,
    5.873442205484025e-06,
    5.969154244667152e-06,
    6.962324732739944e-06,
    1.1113573236798402e-05,
    2.349194255657494e-05,
    8.891007018974051e-05,
    2.3662838088966964e-07,
    3.353169120146049e-07,
    4.948616378896986e-07,
    6.321221803773369e-07,
    7.558075481028936e-07,
    8.691004040883854e-07,
    9.187664886667335e-07,
    2.237812850580667e-06,
    3.3016176530509256e-06,
    7.348064627876738e-06,
    5.0512182497186586e-05,
    6.3605337345507e-05,
    5.669396705343388e-05,
    4.0951337723527104e-05,
    9.418246918357909e-06,
    2.2000698663759977e-05,
    6.861846031824825e-06,
    1.6261160453723278e-06,
    4.891685989605321e-07,
    0.00011707899830071256,
    0.00011767221440095454,
    0.0005717364838346839,
    0.0013710279017686844,
    0.002101745456457138
  ],
  "J": 64
}