{
  "mu": [
    0.0,
    -1.4274325370788574,
    -0.26518604159355164,
    -0.2651878297328949,
    -1.0191030502319336,
    -0.5670374035835266,
    -0.40393689274787903,
    -0.40405502915382385,
    -0.26440608501434326,
    -0.2643619179725647,
    -0.26418742537498474,
    -0.2639608383178711,
    -0.2636551856994629,
    -0.26321282982826233,
    -0.2626689672470093,
    -0.26524117588996887,
    -0.26527923345565796,
    -0.26531141996383667,
    -0.265328586101532,
    -0.265328586101532,
    -0.26532769203186035,
    -0.4031214118003845,
    -0.4030960202217102,
    -0.2653341591358185,
    -0.26531702280044556,
    -0.26528915762901306,
    -0.26492130756378174,
    -0.08430571854114532,
    -0.16539424657821655,
    -0.2652856409549713,
    -0.2653175890445709,
    -0.2653345465660095,
    -0.4030962884426117,
    -0.40311992168426514,
    -0.26532769203186035,
    -0.26532840728759766,
    -0.2653278410434723,
    -0.2653181850910187,
    -0.26527902483940125,
    -0.26522335410118103,
    0.2630086839199066,
    -0.2631397843360901,
    -0.2636305093765259,
    -0.2639472186565399,
    -0.264178067445755,
    -0.2643553614616394,
    -0.2644220292568207,
    -0.40405547618865967,
    -0.4039345681667328,
    -0.7415311336517334,
    0.2630253732204437,
    0.26300951838493347,
    0.2630194127559662,
    0.26304420828819275,
    0.6817353367805481,
    0.4893007278442383,
    0.9086163640022278,
    1.0910614728927612,
    1.350245475769043,
    0.2629534900188446,
    0.3855098485946655,
    0.26262369751930237,
    0.07810220867395401,
    0.15922456979751587
  ],
  "sigma2": [
    4.3156385800102726e-05,
    0.004064513370394707,
    0.00405876524746418,
    0.0040590050630271435,
    0.004116603638976812,
    0.004058829043060541,
    0.004072879441082478,
    0.004073137883096933,
    0.004073759075254202,
    0.004073761403560638,
    0.004073766991496086,
    0.004073774442076683,
    0.004073786549270153,
    0.0040737963281571865,
    0.004073809832334518,
    0.00406019389629364,
    0.004070357419550419,
    0.004072453826665878,
    0.004073120187968016,
    0.004073258023709059,
    0.00407327339053154,
    0.004069732502102852,
    0.004069041460752487,
    0.004072972573339939,
    0.0040725646540522575,
    0.00407103868201375,
    0.004004778806120157,
    0.0011576164979487658,
    0.0026312628760933876,
    0.004070906899869442,
    0.0040725357830524445,
    0.004072962794452906,
    0.004069047048687935,
    0.004069699440151453,
    0.004073275253176689,
    0.0040732622146606445,
    0.004073131829500198,
    0.004072506446391344,
    0.004070442635565996,
    0.004063034895807505,
    0.004073782358318567,
    0.004073801916092634,
    0.004073786549270153,
    0.004073774442076683,
    0.004073766991496086,
    0.004073757212609053,
    0.004073753487318754,
    0.004073137883096933,
    0.004072877112776041,
    0.004096286371350288,
    0.004065798595547676,
    0.004063288681209087,
    0.004064678214490414,
    0.004067320842295885,
    0.004008987918496132,
    0.004057217389345169,
    0.003946809563785791,
    0.0040493314154446125,
    0.004121844191104174,
    0.00405064458027482,
    0.004037529695779085,
    0.003965632990002632,
    0.001043326803483069,
    0.0025376284029334784
  ],
  "pi": [
    0.9900000095367432,
    5.379639844704798e-08,
    0.0001165939393104054,
    0.000113700058136601,
    6.080024945731566e-07,
    1.9624259948614053e-05,
    3.182714408467291e-06,
    2.183060814786586e-06,
    8.91479032816278e-07,
    8.594397513661534e-07,
    7.489071549571236e-07,
    6.284246865106979e-07,
    4.960338060300273e-07,
    3.5058386060882185e-07,
    2.1382359705057752e-07,
    0.0001016280657495372,
    2.3843420422053896e-05,
    1.1309246474411339e-05,
    6.946140729269246e-06,
    5.904390945943305e-06,
    5.7877273320627864e-06,
    2.9399574486888014e-05,
    3.6185014323564246e-05,
    8.118518962874077e-06,
    1.0829331586137414e-05,
    1.995383900066372e-05,
    0.0005448629381135106,
    0.0016130582662299275,
    0.002529564779251814,
    2.0756369849550538e-05,
    1.1007219654857181e-05,
    8.18949229142163e-06,
    3.616170943132602e-05,
    2.971795402118005e-05,
    5.7906149777409155e-06,
    5.8852483562077396e-06,
    6.867546289868187e-06,
    1.0981825653288979e-05,
    2.3307811716222204e-05,
    8.821931260172278e-05,
    2.3254467862443562e-07,
    3.2965292007247626e-07,
    4.865430582867702e-07,
    6.215448138391366e-07,
    7.432124107253912e-07,
    8.546698495592864e-07,
    9.035319408212672e-07,
    2.1775049390271306e-06,
    3.1995652989280643e-06,
    6.974032203288516e-06,
    4.852588244830258e-05,
    6.089513408369385e-05,
    5.4373100283555686e-05,
    3.94553026126232e-05,
    9.413722182216588e-06,
    2.0535388102871366e-05,
    6.887137715239078e-06,
    1.6336543922079727e-06,
    4.867686129728099e-07,
    0.00011086827726103365,
    9.985327778849751e-05,
    0.0005083559663034976,
    0.0014354843879118562,
    0.00213229819200933
  ],
  "J": 64
}