{
  "mu": [
    0.0,
    -0.7450619339942932,
    -0.17144875228405,
    -0.17206206917762756,
    -0.505413293838501,
    -0.43237629532814026,
    -0.37938207387924194,
    -0.3450722098350525,
    -0.29779261350631714,
    -0.20725391805171967,
    -0.1935785561800003,
    -0.19020619988441467,
    -0.18782593309879303,
    -0.1847856193780899,
    -0.18072859942913055,
    -0.05559972673654556,
    -0.18167215585708618,
    -0.1870574653148651,
    -0.18775494396686554,
    -0.1881209760904312,
    -0.18981611728668213,
    -0.3016767203807831,
    -0.2901480793952942,
    -0.18778081238269806,
    -0.18742936849594116,
    -0.1863556057214737,
    -0.14060799777507782,
    -0.0699947327375412,
    -0.12422243505716324,
    -0.18626047670841217,
    -0.18740782141685486,
    -0.18777145445346832,
    -0.28504154086112976,
    -0.30282992124557495,
    -0.19028683006763458,
    -0.18813830614089966,
    -0.1877714991569519,
    -0.18710857629776,
    -0.18207766115665436,
    -0.12041078507900238,
    0.1789773851633072,
    -0.1839786022901535,
    -0.18762630224227905,
    -0.19007508456707,
    -0.19338998198509216,
    -0.20631179213523865,
    -0.29657360911369324,
    -0.3452319800853729,
    -0.38025450706481934,
    -0.4517785310745239,
    0.17928054928779602,
    0.1771140843629837,
    0.17832331359386444,
    0.18063417077064514,
    0.23774787783622742,
    0.25653332471847534,
    0.38658055663108826,
    0.661950945854187,
    0.9304130673408508,
    0.16298402845859528,
    0.1457688957452774,
    0.13028238713741302,
    0.06428927183151245,
    0.11663971096277237
  ],
  "sigma2": [
    4.499540591496043e-05,
    0.0041601392440497875,
    0.0034872267860919237,
    0.003507886780425906,
    0.004078182857483625,
    0.004070322494953871,
    0.004075420554727316,
    0.004075134638696909,
    0.004073972813785076,
    0.00407350854948163,
    0.004072393756359816,
    0.004072302486747503,
    0.004072436597198248,
    0.004072677344083786,
    0.004072960931807756,
    0.0004595991631504148,
    0.0039408220909535885,
    0.004037599079310894,
    0.004052756354212761,
    0.004056335426867008,
    0.004059136845171452,
    0.004073706455528736,
    0.004074299242347479,
    0.004048242699354887,
    0.004038394428789616,
    0.004002241417765617,
    0.002351413480937481,
    0.0006855851970613003,
    0.0016075316816568375,
    0.003998842090368271,
    0.004037747159600258,
    0.00404798798263073,
    0.004074835684150457,
    0.004073710646480322,
    0.004059775732457638,
    0.004056412260979414,
    0.004053017590194941,
    0.0040388028137385845,
    0.003950078040361404,
    0.0013151578605175018,
    0.004073116462677717,
    0.004072698764503002,
    0.004072448238730431,
    0.004072306677699089,
    0.004072385840117931,
    0.004073440562933683,
    0.004073970951139927,
    0.004075138363987207,
    0.004075387492775917,
    0.004070543684065342,
    0.003983199130743742,
    0.00392742408439517,
    0.00395889300853014,
    0.004017384722828865,
    0.004102281294763088,
    0.003990027122199535,
    0.004374321084469557,
    0.0043675764463841915,
    0.004640346392989159,
    0.003509590169414878,
    0.002882295520976186,
    0.0022116443142294884,
    0.0005909595056436956,
    0.0014632416423410177
  ],
  "pi": [
    0.9900000095367432,
    1.0461409374329378e-06,
    0.00024857945390976965,
    0.00024233385920524597,
    4.205294317216612e-06,
    3.170172249156167e-06,
    2.5750798613444204e-06,
    2.0177569695079e-06,
    1.5804565691723838e-06,
    1.3449275684251916e-06,
    1.1623692444118205e-06,
    9.66529796642135e-07,
    7.541482887063466e-07,
    5.252120445220498e-07,
    3.1654485610488337e-07,
    0.00013826508074998856,
    4.1767547372728586e-05,
    2.0359693735372275e-05,
    1.221201273438055e-05,
    1.0347268471377902e-05,
    1.0199301868851762e-05,
    1.1035785973945167e-05,
    1.2358540516288485e-05,
    1.4969270523579326e-05,
    2.060150472971145e-05,
    4.0427021303912625e-05,
    0.0006279765511862934,
    0.0023441254161298275,
    0.0013996768975630403,
    4.221936615067534e-05,
    2.0972322090528905e-05,
    1.5113893823581748e-05,
    1.2409619557729457e-05,
    1.1083094250352588e-05,
    1.0206958904745989e-05,
    1.0314652172382921e-05,
    1.2068432624801062e-05,
    1.9740755305974744e-05,
    4.1139697714243084e-05,
    0.00012479758879635483,
    3.599118088004616e-07,
    4.915964382234961e-07,
    7.38690516755014e-07,
    9.552567235004972e-07,
    1.1530063375175814e-06,
    1.3369426596909761e-06,
    1.5711533478679485e-06,
    2.0135182694502873e-06,
    2.583959485491505e-06,
    3.2371763154515065e-06,
    8.211319800466299e-05,
    0.0001020080380840227,
    9.156141459243372e-05,
    6.739154196111485e-05,
    5.0488990382291377e-05,
    4.0360759157920256e-05,
    2.5885026843752712e-05,
    5.325968686520355e-06,
    2.304067493241746e-06,
    0.00017690990353003144,
    0.0002788088168017566,
    0.00046287867007777095,
    0.0019600708037614822,
    0.0011044846614822745
  ],
  "J": 64
}