{
  "mu": [
    0.0,
    -1.4771264791488647,
    -0.2686208486557007,
    -0.26862072944641113,
    -1.0892504453659058,
    -0.5742899775505066,
    -0.4045119285583496,
    -0.4042171537876129,
    -0.26856058835983276,
    -0.268527626991272,
    -0.2683984041213989,
    -0.2682061195373535,
    -0.2678937315940857,
    -0.26735424995422363,
    -0.26653194427490234,
    -0.2686242163181305,
    -0.2686861753463745,
    -0.26874542236328125,
    -0.26879212260246277,
    -0.2688182294368744,
    -0.26882144808769226,
    -0.40489524602890015,
    -0.4048691391944885,
    -0.2687714099884033,
    -0.26874831318855286,
    -0.26870235800743103,
    -0.26841577887535095,
    -0.08451879769563675,
    -0.16728000342845917,
    -0.2687021493911743,
    -0.2687467038631439,
    -0.26877060532569885,
    -0.4048701524734497,
    -0.4048943519592285,
    -0.2688213586807251,
    -0.26881855726242065,
    -0.26879337430000305,
    -0.26874691247940063,
    -0.2686927616596222,
    -0.2686313986778259,
    0.2558230459690094,
    -0.26725420355796814,
    -0.26786553859710693,
    -0.268192857503891,
    -0.26839062571525574,
    -0.26852336525917053,
    -0.2685718834400177,
    -0.4042149484157562,
    -0.4045155942440033,
    -0.7739973068237305,
    0.25535011291503906,
    0.2553165853023529,
    0.25533613562583923,
    0.2553751468658447,
    0.715997040271759,
    0.48622408509254456,
    0.9625307321548462,
    1.1207144260406494,
    1.390283226966858,
    0.2552247941493988,
    0.3624158799648285,
    0.2541976869106293,
    0.07626954466104507,
    0.1584477722644806
  ],
  "sigma2": [
    4.3092477426398546e-05,
    0.0040645599365234375,
    0.004059049766510725,
    0.004059425555169582,
    0.004130583722144365,
    0.004108116962015629,
    0.004073753487318754,
    0.00407377677038312,
    0.004073675721883774,
    0.00407367991283536,
    0.004073696676641703,
    0.00407371623441577,
    0.00407374557107687,
    0.004073763266205788,
    0.004073788411915302,
    0.004059949889779091,
    0.004070161376148462,
    0.0040720622055232525,
    0.004072723910212517,
    0.004072883166372776,
    0.0040728989988565445,
    0.004073658026754856,
    0.00407335115596652,
    0.004072545096278191,
    0.004072135780006647,
    0.004070749040693045,
    0.0039714970625936985,
    0.001204418484121561,
    0.002692184643819928,
    0.004070629365742207,
    0.004072106443345547,
    0.0040725357830524445,
    0.0040733530186116695,
    0.004073648247867823,
    0.004072900395840406,
    0.004072889219969511,
    0.004072737880051136,
    0.004072112496942282,
    0.004070242866873741,
    0.00406236108392477,
    0.00407380610704422,
    0.004073766991496086,
    0.0040737418457865715,
    0.004073720425367355,
    0.004073699004948139,
    0.0040736813098192215,
    0.004073673859238625,
    0.00407377677038312,
    0.004073753487318754,
    0.004105261527001858,
    0.004067388828843832,
    0.004065907560288906,
    0.004066678695380688,
    0.004068537149578333,
    0.004084717947989702,
    0.004050320480018854,
    0.00403820164501667,
    0.004068064037710428,
    0.004116907715797424,
    0.004060480743646622,
    0.00403638044372201,
    0.003999532666057348,
    0.001049288548529148,
    0.002572169527411461
  ],
  "pi": [
    0.9900000095367432,
    5.377277645379763e-08,
    0.00011202543828403577,
    0.00010916720930254087,
    5.721619231735531e-07,
    2.692061934794765e-05,
    3.5303244203532813e-06,
    2.386801497777924e-06,
    9.375622767038294e-07,
    9.039530937116069e-07,
    7.87953979397571e-07,
    6.614307608288073e-07,
    5.223134280640807e-07,
    3.693200198995328e-07,
    2.253499502558043e-07,
    0.00010090217983815819,
    2.3886927010607906e-05,
    1.1578668818401638e-05,
    7.1850745371193625e-06,
    6.122766990301898e-06,
    6.00334897171706e-06,
    3.9151738747023046e-05,
    4.9292266339762136e-05,
    8.374076060135849e-06,
    1.1098471986770164e-05,
    2.0101126210647635e-05,
    0.0006759390234947205,
    0.0014652652898803353,
    0.002484075026586652,
    2.0881441741948947e-05,
    1.1276833902229555e-05,
    8.445930689049419e-06,
    4.9260896048508584e-05,
    3.962083792430349e-05,
    6.0063616729166824e-06,
    6.102960924181389e-06,
    7.105166332621593e-06,
    1.12517718662275e-05,
    2.3364795197267085e-05,
    8.700721809873357e-05,
    2.450360341299529e-07,
    3.4729066555883037e-07,
    5.123335995449452e-07,
    6.54202494843048e-07,
    7.819787128937605e-07,
    8.989497359834786e-07,
    9.502069246991596e-07,
    2.3805273485777434e-06,
    3.549795792423538e-06,
    7.842016202630475e-06,
    4.7241617721738294e-05,
    5.8860208810074255e-05,
    5.2734660130226985e-05,
    3.8714912079740316e-05,
    1.0574012776487507e-05,
    3.885728438035585e-05,
    6.617667168029584e-06,
    1.441312747374468e-06,
    5.123745836499438e-07,
    0.00010645589645719156,
    0.0001899677445180714,
    0.0006296566571108997,
    0.0012691468000411987,
    0.002092692768201232
  ],
  "J": 64
}