{
  "mu": [
    0.0,
    -0.6037247776985168,
    -0.13961803913116455,
    -0.14022496342658997,
    -0.44572919607162476,
    -0.3809185028076172,
    -0.36450034379959106,
    -0.3415892720222473,
    -0.2864402234554291,
    -0.21398140490055084,
    -0.19876393675804138,
    -0.1924455761909485,
    -0.18779735267162323,
    -0.18263325095176697,
    -0.17666223645210266,
    -0.05117194354534149,
    -0.16460253298282623,
    -0.1812981516122818,
    -0.1877577155828476,
    -0.19379618763923645,
    -0.21097229421138763,
    -0.2503953278064728,
    -0.23045603930950165,
    -0.19116783142089844,
    -0.18273639678955078,
    -0.17617598176002502,
    -0.12754929065704346,
    -0.07064400613307953,
    -0.12452113628387451,
    -0.17560428380966187,
    -0.18256491422653198,
    -0.19047009944915771,
    -0.22849205136299133,
    -0.25155332684516907,
    -0.21238242089748383,
    -0.19415625929832458,
    -0.18796026706695557,
    -0.18168367445468903,
    -0.1654711663722992,
    -0.12147855758666992,
    0.17675119638442993,
    -0.18132084608078003,
    -0.18743029236793518,
    -0.19218456745147705,
    -0.1984473317861557,
    -0.21322304010391235,
    -0.28492942452430725,
    -0.34173598885536194,
    -0.36487841606140137,
    -0.3836743235588074,
    0.1676025390625,
    0.1600782722234726,
    0.16386045515537262,
    0.17299170792102814,
    0.18235817551612854,
    0.19055987894535065,
    0.2870132625102997,
    0.42820876836776733,
    0.7910193800926208,
    0.13836519420146942,
    0.12377630174160004,
    0.11521543562412262,
    0.06398530304431915,
    0.10929451137781143
  ],
  "sigma2": [
    6.145352381281555e-05,
    0.004604961723089218,
    0.0024452079087495804,
    0.0024732963647693396,
    0.004073501098901033,
    0.004083892330527306,
    0.0040745362639427185,
    0.004068051930516958,
    0.004073398187756538,
    0.004076501354575157,
    0.0040742275305092335,
    0.004073184449225664,
    0.004072677344083786,
    0.0040724617429077625,
    0.004072519950568676,
    0.0002780963550321758,
    0.0035762875340878963,
    0.0040008253417909145,
    0.004057695157825947,
    0.004073700867593288,
    0.004094171337783337,
    0.004106232430785894,
    0.004107564687728882,
    0.004072657786309719,
    0.004028589464724064,
    0.0038854549638926983,
    0.0018457529367879033,
    0.0006145262159407139,
    0.0016719080740585923,
    0.0038692718371748924,
    0.004026415292173624,
    0.004070871509611607,
    0.004107106011360884,
    0.004106246400624514,
    0.004095213953405619,
    0.004074351396411657,
    0.004058544524013996,
    0.0040062968619167805,
    0.003606810700148344,
    0.0008293865248560905,
    0.0040729958564043045,
    0.004072385840117931,
    0.004072650335729122,
    0.00407314533367753,
    0.004074171185493469,
    0.004076407756656408,
    0.0040736328810453415,
    0.004068083129823208,
    0.00407470902428031,
    0.00408530468121171,
    0.0037486590445041656,
    0.0035449087154120207,
    0.0036526708863675594,
    0.003867266932502389,
    0.003993955906480551,
    0.004046517424285412,
    0.003851486137136817,
    0.00490532536059618,
    0.0064486353658139706,
    0.002760785399004817,
    0.0021295957267284393,
    0.0017221207963302732,
    0.0005037780501879752,
    0.0014100786065682769
  ],
  "pi": [
    0.9900000095367432,
    3.0251242151280167e-06,
    0.00036852131597697735,
    0.00036007032031193376,
    4.46523017672007e-06,
    3.864747213810915e-06,
    3.1590109301760094e-06,
    2.4398352707066806e-06,
    1.8906088143921806e-06,
    1.614196094124054e-06,
    1.3846308775100624e-06,
    1.1431402526795864e-06,
    8.841445833240869e-07,
    6.088325221753621e-07,
    3.6385364410307375e-07,
    0.00014093729259911925,
    5.172271630726755e-05,
    2.6241470550303347e-05,
    1.560841701575555e-05,
    1.3249749827082269e-05,
    1.3166489225113764e-05,
    1.4246364116843324e-05,
    1.6254527508863248e-05,
    1.9953104128944688e-05,
    2.80785152426688e-05,
    5.7765846577240154e-05,
    0.00065852195257321,
    0.002507997676730156,
    0.0008325426024384797,
    6.052738899597898e-05,
    2.8618844226002693e-05,
    2.0159564883215353e-05,
    1.635791704757139e-05,
    1.4305321201391052e-05,
    1.3184286217438057e-05,
    1.3210308679845184e-05,
    1.5423367585754022e-05,
    2.5428660592297092e-05,
    5.126313044456765e-05,
    0.00013429803948383778,
    4.283042471797671e-07,
    5.676561727341323e-07,
    8.650251288599975e-07,
    1.1291542705293978e-06,
    1.3729794545724872e-06,
    1.604095245966164e-06,
    1.87959585673525e-06,
    2.4348239548999118e-06,
    3.171012167513254e-06,
    3.896228918165434e-06,
    0.00011537889076862484,
    0.00014452637697104365,
    0.00012926240742672235,
    9.433602099306881e-05,
    7.048222323646769e-05,
    5.6166005379054695e-05,
    4.425126462592743e-05,
    1.5785597497597337e-05,
    5.291235538606998e-06,
    0.00025066948728635907,
    0.00036963028833270073,
    0.0005186875932849944,
    0.001851369859650731,
    0.0007743151509203017
  ],
  "J": 64
}