{
  "mu": [
    0.0,
    -1.0493403673171997,
    -0.23681913316249847,
    -0.23683463037014008,
    -0.7844663858413696,
    -0.4972550868988037,
    -0.3851841688156128,
    -0.3859401345252991,
    -0.23620489239692688,
    -0.23619987070560455,
    -0.23615272343158722,
    -0.23605847358703613,
    -0.23586107790470123,
    -0.23540450632572174,
    -0.23447974026203156,
    -0.23239004611968994,
    -0.2363058626651764,
    -0.23657673597335815,
    -0.23652014136314392,
    -0.23655927181243896,
    -0.23666658997535706,
    -0.38674256205558777,
    -0.39057010412216187,
    -0.23719066381454468,
    -0.23731938004493713,
    -0.23733994364738464,
    -0.2359226644039154,
    -0.07594869285821915,
    -0.1477050930261612,
    -0.2373378574848175,
    -0.2373228371143341,
    -0.23719678819179535,
    -0.39057478308677673,
    -0.38686403632164,
    -0.23667137324810028,
    -0.23656192421913147,
    -0.23652011156082153,
    -0.23657339811325073,
    -0.23630346357822418,
    -0.23565205931663513,
    0.23277992010116577,
    -0.23529689013957977,
    -0.2358417510986328,
    -0.23605239391326904,
    -0.23615042865276337,
    -0.23619909584522247,
    -0.23620861768722534,
    -0.3859400153160095,
    -0.385170578956604,
    -0.6097795367240906,
    0.23419733345508575,
    0.23413853347301483,
    0.23416920006275177,
    0.23424315452575684,
    0.5423771142959595,
    0.38698944449424744,
    0.7373260259628296,
    0.9840477108955383,
    1.2312328815460205,
    0.23392462730407715,
    0.23364883661270142,
    0.2331349104642868,
    0.07295726984739304,
    0.14213930070400238
  ],
  "sigma2": [
    4.339485167292878e-05,
    0.004077311605215073,
    0.004033285193145275,
    0.004034210462123156,
    0.0040625412948429585,
    0.004064577631652355,
    0.004073786549270153,
    0.004073803778737783,
    0.004073510877788067,
    0.004073522053658962,
    0.004073561169207096,
    0.004073599819093943,
    0.004073646385222673,
    0.004073695279657841,
    0.004073743708431721,
    0.003931103739887476,
    0.004065184388309717,
    0.004069716669619083,
    0.004071387927979231,
    0.0040717762894928455,
    0.004071828909218311,
    0.004074351396411657,
    0.0040750824846327305,
    0.004071040544658899,
    0.004070083610713482,
    0.00406670430675149,
    0.003968430683016777,
    0.0009042780147865415,
    0.002189521910622716,
    0.00406639976426959,
    0.004070023540407419,
    0.004071017261594534,
    0.00407508434727788,
    0.004074370954185724,
    0.0040718247182667255,
    0.00407178420573473,
    0.004071415401995182,
    0.004069842863827944,
    0.004065356682986021,
    0.0040439423173666,
    0.004073691088706255,
    0.004073702730238438,
    0.004073650576174259,
    0.004073602147400379,
    0.004073563031852245,
    0.004073522053658962,
    0.004073504824191332,
    0.004073807504028082,
    0.004073786549270153,
    0.004067291971296072,
    0.00404770253226161,
    0.004041397478431463,
    0.004044684581458569,
    0.004052393138408661,
    0.0040692430920898914,
    0.004046980757266283,
    0.003995727282017469,
    0.0040789879858493805,
    0.004129441920667887,
    0.004021045286208391,
    0.003994087688624859,
    0.003935903776437044,
    0.0008663948392495513,
    0.002124212682247162
  ],
  "pi": [
    0.9900000095367432,
    1.830710516514955e-07,
    0.00013076805043965578,
    0.00012781984696630388,
    8.907544497560593e-07,
    9.695192602521274e-06,
    2.365310365348705e-06,
    1.7586551166459685e-06,
    9.339620987702801e-07,
    9.001861940305389e-07,
    7.836680424588849e-07,
    6.569295578628953e-07,
    5.179393838261603e-07,
    3.6559939076141745e-07,
    2.2270900501553115e-07,
    0.00010726076288847253,
    2.6595149392960593e-05,
    1.2446719665604178e-05,
    7.5344541983213276e-06,
    6.376927558449097e-06,
    6.249952093639877e-06,
    1.1319488294248004e-05,
    1.292262186325388e-05,
    8.86778889253037e-06,
    1.1954783076362219e-05,
    2.2579144570045173e-05,
    0.00033640439505688846,
    0.0018657043110579252,
    0.0025569635909050703,
    2.3522299670730717e-05,
    1.2156786397099495e-05,
    8.94754339242354e-06,
    1.2923793292429764e-05,
    1.1394378816476092e-05,
    6.253234460018575e-06,
    6.355913228617283e-06,
    7.446912604791578e-06,
    1.2075394806743134e-05,
    2.602262429718394e-05,
    9.375344961881638e-05,
    2.4195244918701064e-07,
    3.437011741880269e-07,
    5.07991330778168e-07,
    6.497016897810681e-07,
    7.776658890179533e-07,
    8.951614631769189e-07,
    9.466842811889364e-07,
    1.7549240283187828e-06,
    2.374663154114387e-06,
    7.231240488181356e-06,
    4.8490626795683056e-05,
    6.006126932334155e-05,
    5.397054701461457e-05,
    3.978721360908821e-05,
    8.70398616825696e-06,
    4.832869308302179e-05,
    7.742005436739419e-06,
    2.2169788280734792e-06,
    5.134178877597151e-07,
    0.00010300179565092549,
    0.0001597715017851442,
    0.0002809108409564942,
    0.0016725995810702443,
    0.0020062841940671206
  ],
  "J": 64
}