{
  "mu": [
    0.0,
    -1.6210237741470337,
    -0.27944302558898926,
    -0.27944499254226685,
    -1.2264264822006226,
    -0.6866705417633057,
    -0.38550564646720886,
    -0.38583293557167053,
    -0.2807643413543701,
    -0.280815988779068,
    -0.28103479743003845,
    -0.28135162591934204,
    -0.281840056180954,
    -0.28277426958084106,
    -0.2845822274684906,
    -0.2794531583786011,
    -0.27951398491859436,
    -0.2795903980731964,
    -0.2796696126461029,
    -0.2797005772590637,
    -0.27970337867736816,
    -0.3852684199810028,
    -0.5168754458427429,
    -0.27963221073150635,
    -0.2795941233634949,
    -0.2795313000679016,
    -0.2792597711086273,
    -0.08978509157896042,
    -0.1803184598684311,
    -0.2795308232307434,
    -0.2795927822589874,
    -0.2796311676502228,
    -0.38530781865119934,
    -0.3852732479572296,
    -0.279703289270401,
    -0.2797009348869324,
    -0.2796708047389984,
    -0.27959296107292175,
    -0.2795168459415436,
    -0.2794470489025116,
    0.29051506519317627,
    -0.28297361731529236,
    -0.2818855941295624,
    -0.28137221932411194,
    -0.2810472846031189,
    -0.28082403540611267,
    -0.28074610233306885,
    -0.3858353793621063,
    -0.3855019509792328,
    -0.911556601524353,
    0.3030335307121277,
    0.30331429839134216,
    0.3032208979129791,
    0.30315548181533813,
    0.8385198712348938,
    0.5833455324172974,
    1.1485319137573242,
    1.4362683296203613,
    1.5531128644943237,
    0.3036700487136841,
    0.4436514377593994,
    0.3052942454814911,
    0.08659148961305618,
    0.18232956528663635
  ],
  "sigma2": [
    4.288527634344064e-05,
    0.0040645599365234375,
    0.004067863803356886,
    0.004067986272275448,
    0.004123990889638662,
    0.004016488324850798,
    0.004073071293532848,
    0.00407333392649889,
    0.004073759075254202,
    0.004073761403560638,
    0.004073770716786385,
    0.004073778633028269,
    0.0040737902745604515,
    0.004073801916092634,
    0.004073811694979668,
    0.004068300593644381,
    0.004072137642651796,
    0.00407298794016242,
    0.0040733106434345245,
    0.004073386080563068,
    0.004073395859450102,
    0.004054126795381308,
    0.0040200999937951565,
    0.0040732212364673615,
    0.004073021002113819,
    0.004072390031069517,
    0.003999082371592522,
    0.0014667385257780552,
    0.0030995795968919992,
    0.004072337411344051,
    0.004073011223226786,
    0.004073217045515776,
    0.004051596857607365,
    0.004053807817399502,
    0.004073395859450102,
    0.004073386080563068,
    0.004073314368724823,
    0.004073011223226786,
    0.004072172567248344,
    0.004068912006914616,
    0.004073809832334518,
    0.004073801916092634,
    0.0040737902745604515,
    0.004073780495673418,
    0.004073770716786385,
    0.004073761403560638,
    0.004073761403560638,
    0.004073335789144039,
    0.0040730638429522514,
    0.004121201578527689,
    0.004075482487678528,
    0.004076310433447361,
    0.004075896460562944,
    0.004074876196682453,
    0.0043763634748756886,
    0.004200066905468702,
    0.0038586552254855633,
    0.004063364118337631,
    0.0040632328018546104,
    0.00407839473336935,
    0.004113542381674051,
    0.004096774850040674,
    0.001390865189023316,
    0.0032077222131192684
  ],
  "pi": [
    0.9900000095367432,
    5.489043175543884e-08,
    7.615939830429852e-05,
    7.44155840948224e-05,
    5.874302360098227e-07,
    2.1098247088957578e-05,
    4.060246283188462e-06,
    2.6005232030001935e-06,
    9.010090025185491e-07,
    8.68965798872523e-07,
    7.582602847833186e-07,
    6.372616780936369e-07,
    5.03881381064275e-07,
    3.5680113796843216e-07,
    2.1800667582283495e-07,
    6.997612945269793e-05,
    1.9711385903065093e-05,
    1.0240482879453339e-05,
    6.554211722686887e-06,
    5.63013873033924e-06,
    5.525595952349249e-06,
    0.00012396973033901304,
    9.204829257214442e-05,
    7.572218692075694e-06,
    9.846829016169067e-06,
    1.691307443252299e-05,
    0.0008015705388970673,
    0.001251820009201765,
    0.0024229746777564287,
    1.7495407519163564e-05,
    9.99261737888446e-06,
    7.633110726601444e-06,
    0.00014270331303123385,
    0.00012636468454729766,
    5.528149813471828e-06,
    5.612961558654206e-06,
    6.485251105914358e-06,
    9.972485713660717e-06,
    1.9331893781782128e-05,
    6.11430878052488e-05,
    2.3714645180916705e-07,
    3.3558504242137133e-07,
    4.942994564771652e-07,
    6.30351792096917e-07,
    7.525552518927725e-07,
    8.641988529234368e-07,
    9.130432658821519e-07,
    2.5928909508365905e-06,
    4.08636651627603e-06,
    6.540777121699648e-06,
    3.856014518532902e-05,
    4.711286601377651e-05,
    4.261156573193148e-05,
    3.217793710064143e-05,
    1.100418739952147e-05,
    2.6703770345193334e-05,
    6.496399691968691e-06,
    3.542135686984693e-07,
    2.1503450398085988e-07,
    8.158379205269739e-05,
    0.0001528188877273351,
    0.0006348791648633778,
    0.0012372942874208093,
    0.0022309026680886745
  ],
  "J": 64
}