{
  "mu": [
    0.0,
    -1.5712271928787231,
    -0.2877267599105835,
    -0.2877260148525238,
    -1.1532691717147827,
    -0.6192278861999512,
    -0.414808452129364,
    -0.41441553831100464,
    -0.28633132576942444,
    -0.2862863540649414,
    -0.2861120104789734,
    -0.2858752906322479,
    -0.28554803133010864,
    -0.28505486249923706,
    -0.28429049253463745,
    -0.2877253592014313,
    -0.2876979410648346,
    -0.28765663504600525,
    -0.2875962257385254,
    -0.2875642776489258,
    -0.28756025433540344,
    -0.4156135022640228,
    -0.47804105281829834,
    -0.28761911392211914,
    -0.28765201568603516,
    -0.2876885235309601,
    -0.28786224126815796,
    -0.08871197700500488,
    -0.17710041999816895,
    -0.2876910865306854,
    -0.28765425086021423,
    -0.28761860728263855,
    -0.41561388969421387,
    -0.4156161844730377,
    -0.287560373544693,
    -0.28756359219551086,
    -0.2875942587852478,
    -0.2876538932323456,
    -0.2876965403556824,
    -0.2877189815044403,
    0.2807033658027649,
    -0.28496724367141724,
    -0.2855203449726105,
    -0.28586089611053467,
    -0.2861022353172302,
    -0.2862795889377594,
    -0.2863485515117645,
    -0.414412260055542,
    -0.41481277346611023,
    -0.835436999797821,
    0.2821931838989258,
    0.2821742594242096,
    0.2821815311908722,
    0.2822020947933197,
    0.7668987512588501,
    0.5240736603736877,
    1.0417547225952148,
    1.1979864835739136,
    1.432488203048706,
    0.2821387052536011,
    0.40584221482276917,
    0.28165745735168457,
    0.08176258951425552,
    0.17018039524555206
  ],
  "sigma2": [
    4.2676016164477915e-05,
    0.004064509645104408,
    0.004062333609908819,
    0.004062647465616465,
    0.004126851446926594,
    0.004086804576218128,
    0.004072828684002161,
    0.004073170945048332,
    0.004073675721883774,
    0.00407367991283536,
    0.004073696676641703,
    0.004073720425367355,
    0.0040737418457865715,
    0.004073766991496086,
    0.004073788411915302,
    0.004063256084918976,
    0.004071143455803394,
    0.004072275478392839,
    0.0040727839805185795,
    0.00407292228192091,
    0.0040729353204369545,
    0.004057569429278374,
    0.0040989769622683525,
    0.00407263683155179,
    0.004072325769811869,
    0.004071465693414211,
    0.0039599258452653885,
    0.0013277765829116106,
    0.002904980443418026,
    0.004071401432156563,
    0.004072308074682951,
    0.004072627052664757,
    0.004055849742144346,
    0.004057346843183041,
    0.004072933923453093,
    0.004072926007211208,
    0.004072791896760464,
    0.004072312265634537,
    0.004071188159286976,
    0.00406501954421401,
    0.004073801916092634,
    0.004073766991496086,
    0.004073743708431721,
    0.004073720425367355,
    0.004073700867593288,
    0.0040736813098192215,
    0.004073671530932188,
    0.004073174670338631,
    0.004072821233421564,
    0.004123788792639971,
    0.004070722497999668,
    0.004069916903972626,
    0.004070353228598833,
    0.004071259871125221,
    0.004144706763327122,
    0.004064137581735849,
    0.004118500277400017,
    0.004074668511748314,
    0.004105929285287857,
    0.004065943881869316,
    0.004052905365824699,
    0.003998184110969305,
    0.0011800426291301847,
    0.0028197364881634712
  ],
  "pi": [
    0.9900000095367432,
    5.42232498901285e-08,
    8.501343108946458e-05,
    8.295806765090674e-05,
    5.680020080944814e-07,
    2.478555506968405e-05,
    3.56475561602565e-06,
    2.3709719698672416e-06,
    8.918175353755942e-07,
    8.600154615123756e-07,
    7.50183971831575e-07,
    6.302108204181422e-07,
    4.980873313797929e-07,
    3.52522391722232e-07,
    2.1528968829898076e-07,
    7.77529930928722e-05,
    2.0534655050141737e-05,
    1.042454459820874e-05,
    6.603258952964097e-06,
    5.657075689669e-06,
    5.550223249883857e-06,
    5.045126090408303e-05,
    4.48978717031423e-05,
    7.651744454051368e-06,
    1.0012989150709473e-05,
    1.750508090481162e-05,
    0.0007212180644273758,
    0.0014268883969634771,
    0.0025758009869605303,
    1.8133456251234747e-05,
    1.0165856110688765e-05,
    7.714656931057107e-06,
    5.575255272560753e-05,
    5.1140810683136806e-05,
    5.553029495786177e-06,
    5.639428309223149e-06,
    6.532658062496921e-06,
    1.0144274710910395e-05,
    2.0121957277297042e-05,
    6.752596527803689e-05,
    2.341507325809289e-07,
    3.3153673939523287e-07,
    4.886006763626938e-07,
    6.233565272850683e-07,
    7.445226515301329e-07,
    8.552838721698208e-07,
    9.03772956917237e-07,
    2.3645297915209085e-06,
    3.5854063753504306e-06,
    7.13692907083896e-06,
    4.061228901264258e-05,
    5.002899342798628e-05,
    4.5065309677738696e-05,
    3.364219446666539e-05,
    1.0763345926534384e-05,
    3.3583579352125525e-05,
    6.938692877156427e-06,
    5.047926947554515e-07,
    5.211031748331152e-07,
    8.843260729918256e-05,
    0.00013925290841143578,
    0.000640210579149425,
    0.0012711090967059135,
    0.0021791798062622547
  ],
  "J": 64
}