{
  "mu": [
    0.0,
    -1.0879805088043213,
    -0.23664388060569763,
    -0.23665468394756317,
    -0.8454126715660095,
    -0.5050804615020752,
    -0.3713066875934601,
    -0.37176159024238586,
    -0.23877790570259094,
    -0.23880918323993683,
    -0.23894524574279785,
    -0.23908650875091553,
    -0.23922134935855865,
    -0.23934109508991241,
    -0.23940235376358032,
    -0.2383899688720703,
    -0.2372725009918213,
    -0.2372840940952301,
    -0.23736973106861115,
    -0.2373751401901245,
    -0.23733970522880554,
    -0.37021464109420776,
    -0.37015095353126526,
    -0.23723502457141876,
    -0.23722027242183685,
    -0.23719348013401031,
    -0.2351861596107483,
    -0.07836052775382996,
    -0.15126512944698334,
    -0.2371886521577835,
    -0.23722004890441895,
    -0.23723386228084564,
    -0.37015122175216675,
    -0.3702101707458496,
    -0.23733827471733093,
    -0.23737458884716034,
    -0.2373715341091156,
    -0.2372894585132599,
    -0.23728038370609283,
    -0.23773938417434692,
    0.24198421835899353,
    -0.23935699462890625,
    -0.23922984302043915,
    -0.23909345269203186,
    -0.2389511913061142,
    -0.23881377279758453,
    -0.23875978589057922,
    -0.37176311016082764,
    -0.3712998926639557,
    -0.6527570486068726,
    0.24525149166584015,
    0.2452104389667511,
    0.24523478746414185,
    0.24528491497039795,
    0.5688188672065735,
    0.38420408964157104,
    0.7984527349472046,
    1.0287954807281494,
    1.2715915441513062,
    0.24506454169750214,
    0.24486900866031647,
    0.24443399906158447,
    0.07421562075614929,
    0.14731043577194214
  ],
  "sigma2": [
    4.322579115978442e-05,
    0.004077490419149399,
    0.004040399566292763,
    0.004041268490254879,
    0.004075552802532911,
    0.004065921064466238,
    0.0040727765299379826,
    0.004073088988661766,
    0.004073590040206909,
    0.004073596093803644,
    0.004073629155755043,
    0.004073662217706442,
    0.004073696676641703,
    0.004073733929544687,
    0.004073768854141235,
    0.004041958134621382,
    0.004067464731633663,
    0.0040708077140152454,
    0.004072112496942282,
    0.004072391893714666,
    0.004072417505085468,
    0.0040645599365234375,
    0.00406275037676096,
    0.004071816802024841,
    0.004071112722158432,
    0.004068540874868631,
    0.003969257231801748,
    0.0009734777268022299,
    0.0022952251601964235,
    0.004068300593644381,
    0.004071063827723265,
    0.004071799572557211,
    0.004062755964696407,
    0.004064478911459446,
    0.004072415176779032,
    0.004072397947311401,
    0.004072137642651796,
    0.004070908762514591,
    0.00406760023906827,
    0.004046791233122349,
    0.00407376466318965,
    0.0040737418457865715,
    0.004073700867593288,
    0.004073662217706442,
    0.0040736328810453415,
    0.004073597956448793,
    0.0040735844522714615,
    0.004073090851306915,
    0.004072774201631546,
    0.004058399703353643,
    0.004063829313963652,
    0.004061686806380749,
    0.004062833730131388,
    0.004065468907356262,
    0.004057636950165033,
    0.004092738963663578,
    0.003912325017154217,
    0.0040654633194208145,
    0.004119995050132275,
    0.004053529351949692,
    0.004042050801217556,
    0.004014883656054735,
    0.000905057939235121,
    0.002232849132269621
  ],
  "pi": [
    0.9900000095367432,
    1.8329507156522595e-07,
    0.00014228076906874776,
    0.00013885502994526178,
    6.678121167169593e-07,
    1.7182575902552344e-05,
    3.072150775551563e-06,
    2.173079110434628e-06,
    9.739077313497546e-07,
    9.386836268276966e-07,
    8.171879812834959e-07,
    6.85040220105293e-07,
    5.401066118793096e-07,
    3.812473607922584e-07,
    2.3224292533541302e-07,
    0.0001122401881730184,
    2.7854099243995734e-05,
    1.3009117537876591e-05,
    7.866029591241386e-06,
    6.655902780039469e-06,
    6.523170668515377e-06,
    2.064294858428184e-05,
    2.4465214664814994e-05,
    9.262505955121014e-06,
    1.2495727787609212e-05,
    2.367003617109731e-05,
    0.000447533413534984,
    0.0017615032847970724,
    0.0024509539362043142,
    2.466320074745454e-05,
    1.2707561836577952e-05,
    9.346198567072861e-06,
    2.4453529476886615e-05,
    2.082494211208541e-05,
    6.526621291413903e-06,
    6.63398850520025e-06,
    7.774595360388048e-06,
    1.2620214874914382e-05,
    2.7255204258835874e-05,
    9.804947330849245e-05,
    2.5182433205372945e-07,
    3.584163152936526e-07,
    5.297342795529403e-07,
    6.77506818647089e-07,
    8.109298050840152e-07,
    9.334435731034318e-07,
    9.871740758171654e-07,
    2.1679113615391543e-06,
    3.0868613976053894e-06,
    7.277251370396698e-06,
    4.8826834245119244e-05,
    6.045315240044147e-05,
    5.4328244004864246e-05,
    4.0079557948047295e-05,
    1.124208665714832e-05,
    6.383766594808549e-05,
    7.584538252558559e-06,
    2.0332058738858905e-06,
    4.3782316083706974e-07,
    0.00010360730811953545,
    0.00016081305511761457,
    0.00028917688177898526,
    0.0015596076846122742,
    0.002096376148983836
  ],
  "J": 64
}