{
  "mu": [
    0.0,
    -1.475664496421814,
    -0.26385802030563354,
    -0.26385629177093506,
    -1.0660688877105713,
    -0.566670298576355,
    -0.3974206745624542,
    -0.3977609872817993,
    -0.2646680176258087,
    -0.26465797424316406,
    -0.26461297273635864,
    -0.264543741941452,
    -0.2644200921058655,
    -0.2642001211643219,
    -0.2639760375022888,
    -0.2638564109802246,
    -0.2638980746269226,
    -0.26395267248153687,
    -0.2640492916107178,
    -0.26408618688583374,
    -0.26409557461738586,
    -0.3952341675758362,
    -0.3951264023780823,
    -0.26401573419570923,
    -0.26395756006240845,
    -0.2639163136482239,
    -0.2636831998825073,
    -0.08534908294677734,
    -0.16698211431503296,
    -0.26390671730041504,
    -0.26395484805107117,
    -0.2640146315097809,
    -0.395127534866333,
    -0.39522862434387207,
    -0.2640954554080963,
    -0.2640876770019531,
    -0.26405104994773865,
    -0.2639552652835846,
    -0.26390397548675537,
    -0.2638658583164215,
    0.25748497247695923,
    -0.2641638219356537,
    -0.2644086182117462,
    -0.26454049348831177,
    -0.26461073756217957,
    -0.2646562457084656,
    -0.2646702826023102,
    -0.39776286482810974,
    -0.3974151909351349,
    -0.7627566456794739,
    0.2562726140022278,
    0.2562530040740967,
    0.25626349449157715,
    0.25628331303596497,
    0.7090141773223877,
    0.48716458678245544,
    0.9520213603973389,
    1.1179991960525513,
    1.379288911819458,
    0.2561902105808258,
    0.367698609828949,
    0.2555173635482788,
    0.07722444087266922,
    0.15767154097557068
  ],
  "sigma2": [
    4.296690531191416e-05,
    0.004064540844410658,
    0.0040602306835353374,
    0.004060675855726004,
    0.004139658063650131,
    0.004095091484487057,
    0.004073316231369972,
    0.004073520191013813,
    0.00407371437177062,
    0.004073718562722206,
    0.004073730204254389,
    0.0040737478993833065,
    0.00407376466318965,
    0.004073780495673418,
    0.004073798190802336,
    0.004061559215188026,
    0.004071877337992191,
    0.004072718322277069,
    0.004073055926710367,
    0.004073155112564564,
    0.0040731667540967464,
    0.004063209518790245,
    0.004061495419591665,
    0.004072957206517458,
    0.004072750918567181,
    0.004072168841958046,
    0.00399532588198781,
    0.0012055712286382914,
    0.0026972924824804068,
    0.004072112496942282,
    0.0040727355517446995,
    0.004072949290275574,
    0.004061499144881964,
    0.004063112661242485,
    0.004073164891451597,
    0.004073155112564564,
    0.004073061514645815,
    0.004072739742696285,
    0.004071922041475773,
    0.004062717314809561,
    0.004073778633028269,
    0.0040737842209637165,
    0.004073763266205788,
    0.0040737478993833065,
    0.004073733929544687,
    0.004073720425367355,
    0.004073712509125471,
    0.004073520191013813,
    0.004073312506079674,
    0.004113018978387117,
    0.004065413028001785,
    0.0040626805275678635,
    0.004064139444380999,
    0.004067204426974058,
    0.004053649492561817,
    0.0040175761096179485,
    0.004001640249043703,
    0.0040489258244633675,
    0.004118987824767828,
    0.0040527586825191975,
    0.004071799572557211,
    0.003973222337663174,
    0.001029639388434589,
    0.002495537046343088
  ],
  "pi": [
    0.9900000095367432,
    5.404710279321989e-08,
    0.00011466888099675998,
    0.00011178293061675504,
    6.037661250957171e-07,
    2.6108302336069755e-05,
    3.5892469441023422e-06,
    2.415692051727092e-06,
    9.394289008923806e-07,
    9.057330316863954e-07,
    7.894475402281387e-07,
    6.626212325500092e-07,
    5.231996738075395e-07,
    3.699057060657651e-07,
    2.2568170265913068e-07,
    0.0001029829218168743,
    2.422138823021669e-05,
    1.1678132068482228e-05,
    7.228653430502163e-06,
    6.1562241171486676e-06,
    6.035746537236264e-06,
    4.231038110447116e-05,
    5.362206866266206e-05,
    8.430624802713282e-06,
    1.1191052180947736e-05,
    2.0353267245809548e-05,
    0.000637763412669301,
    0.001505524618551135,
    0.0024663300719112158,
    2.11487877095351e-05,
    1.1371741493348964e-05,
    8.503398930770345e-06,
    5.3584659326588735e-05,
    4.2832114559132606e-05,
    6.0387847042875364e-06,
    6.13634165347321e-06,
    7.147882570279762e-06,
    1.134628018917283e-05,
    2.3689131921855733e-05,
    8.889136370271444e-05,
    2.454419245623285e-07,
    3.4783610658450925e-07,
    5.131998932483839e-07,
    6.553762545991049e-07,
    7.834564144104661e-07,
    9.007163157548348e-07,
    9.521101560494571e-07,
    2.4092867079161806e-06,
    3.609285840866505e-06,
    7.936435395095032e-06,
    4.906604954157956e-05,
    6.139505421742797e-05,
    5.4896154324524105e-05,
    4.004058428108692e-05,
    1.023740060190903e-05,
    3.34019678120967e-05,
    6.6876782511826605e-06,
    1.466469029764994e-06,
    5.127405415805697e-07,
    0.00011196673585800454,
    0.00016163368127308786,
    0.0006330362521111965,
    0.0012919286964461207,
    0.0020772195421159267
  ],
  "J": 64
}