{
  "top1_error_pre[%]": 0.9299999999999975,
  "top1_error_post[%]": 2.190000000000003,
  "Delta[%]": 1.2600000000000056,
  "|W|": 430500,
  "|W_nonzero|/|W|[%]": 6.337979094076655,
  "CR": 31.638345417423597,
  "acc_pretrain": 0.9907,
  "acc_retrain": 0.9933,
  "acc_quantized": 0.9781
}