{
  "mu": [
    0.0,
    -0.8292039632797241,
    -0.028227105736732483,
    -0.13765501976013184,
    -0.13747888803482056,
    -0.13733817636966705,
    -0.13718722760677338,
    -0.13702473044395447,
    -0.13684652745723724,
    -0.136648491024971,
    -0.13642223179340363,
    -0.136137917637825,
    -0.13573993742465973,
    -0.1350288987159729,
    -0.12633933126926422,
    -0.13783468306064606,
    -0.13847032189369202,
    -0.138651043176651,
    -0.18778052926063538,
    -0.19075806438922882,
    -0.19667455554008484,
    -0.19214773178100586,
    -0.39431533217430115,
    -0.2569896876811981,
    -0.13847088813781738,
    -0.07874693721532822,
    -0.077853262424469,
    -0.07765913009643555,
    -0.07862584292888641,
    -0.13868863880634308,
    -0.19738461077213287,
    -0.32017847895622253,
    -0.480470210313797,
    -0.6153544187545776,
    -0.1945846825838089,
    -0.18798759579658508,
    -0.13866980373859406,
    -0.13850563764572144,
    -0.13799172639846802,
    -0.07324691116809845,
    -0.13485290110111237,
    -0.13565731048583984,
    -0.13608509302139282,
    -0.1363830715417862,
    -0.13661643862724304,
    -0.1368190050125122,
    -0.13700135052204132,
    -0.13716785609722137,
    -0.13732337951660156,
    -0.1374717503786087,
    0.07884596288204193,
    0.028362231329083443,
    0.14206872880458832,
    0.2644060552120209,
    0.20103444159030914,
    0.336588054895401,
    0.6084009408950806,
    0.8901676535606384,
    0.4217182695865631,
    0.07849501818418503,
    0.07893647253513336,
    0.07921068370342255,
    0.0793442577123642,
    0.1395072340965271
  ],
  "sigma2": [
    2.503001951481565e-06,
    0.0012086547212675214,
    0.00026989029720425606,
    0.000861990440171212,
    0.000861990440171212,
    0.0008619896834716201,
    0.0008619888103567064,
    0.0008619884611107409,
    0.0008619888103567064,
    0.0008619888103567064,
    0.0008619876462034881,
    0.0008619876462034881,
    0.0008619876462034881,
    0.0008619859581813216,
    0.0008619847940281034,
    0.0008616863633506,
    0.000861949345562607,
    0.0008619929431006312,
    0.0008617915445938706,
    0.0008618446299806237,
    0.0008626368944533169,
    0.0008617928251624107,
    0.0008809781284071505,
    0.0008678411832079291,
    0.0008603589958511293,
    0.0008357331971637905,
    0.0008209865191020072,
    0.0008175971452146769,
    0.0008338170009665191,
    0.0008614012622274458,
    0.0008655437850393355,
    0.0008655850542709231,
    0.0009103388292714953,
    0.0009929565712809563,
    0.00086212158203125,
    0.0008617886924184859,
    0.0008619954460300505,
    0.0008619617437943816,
    0.0008617722778581083,
    0.0007226649322547019,
    0.0008619859581813216,
    0.0008619871805422008,
    0.0008619876462034881,
    0.0008619868312962353,
    0.0008619884611107409,
    0.0008619888103567064,
    0.0008619884611107409,
    0.0008619888103567064,
    0.0008619896834716201,
    0.0008619900909252465,
    0.0008347431430593133,
    0.0002874921483453363,
    0.0008611170924268663,
    0.0008840311784297228,
    0.0008727899985387921,
    0.000896142388228327,
    0.0010939775966107845,
    0.0016919007757678628,
    0.0009466350893490016,
    0.0008289946708828211,
    0.0008361796499229968,
    0.0008404512773267925,
    0.0008424727129749954,
    0.000859061605297029
  ],
  "pi": [
    0.9900000095367432,
    9.78287062025629e-07,
    0.0013998348731547594,
    7.947214157866256e-07,
    7.574524829578877e-07,
    7.145723657231429e-07,
    6.687753284495557e-07,
    6.19652610112098e-07,
    5.666200877385563e-07,
    5.088822376819735e-07,
    4.454439306300628e-07,
    3.7498938354474376e-07,
    2.9549778446380515e-07,
    2.0395405897488672e-07,
    1.088687966444013e-07,
    2.495342050679028e-05,
    1.3180437235860154e-05,
    1.1173464372404851e-05,
    1.3166324606572744e-05,
    2.281573324580677e-05,
    5.964824231341481e-05,
    0.00014803899102844298,
    2.7343145120539702e-05,
    0.0002563954330980778,
    0.0006268458091653883,
    0.00032930367160588503,
    0.0004737673734780401,
    0.0005047392915003002,
    0.0003491195966489613,
    0.00048082813736982644,
    0.00035005301469936967,
    8.963364962255582e-05,
    9.990448234020732e-06,
    3.7186903227848234e-06,
    2.6128811441594735e-05,
    1.388237978972029e-05,
    1.1108139005955309e-05,
    1.2608265933522489e-05,
    2.1145353457541205e-05,
    0.00014514657959807664,
    1.8786100497436564e-07,
    2.8157390374872193e-07,
    3.62729878133905e-07,
    4.344629758179508e-07,
    4.989025228496757e-07,
    5.575221848630463e-07,
    6.113316999289964e-07,
    6.612063998545636e-07,
    7.078666044435522e-07,
    7.517672315771051e-07,
    0.00033033284125849605,
    0.001352922641672194,
    0.0004400189209263772,
    0.0001716227998258546,
    0.00045107922051101923,
    5.279418110148981e-05,
    6.430703251680825e-06,
    3.111651949438965e-06,
    1.9647217413876206e-05,
    0.00038855968159623444,
    0.0003151576966047287,
    0.00026976168737746775,
    0.0002473380300216377,
    0.0005145606701262295
  ],
  "J": 64
}