{
  "mu": [
    0.0,
    -0.23866000771522522,
    -0.12156844884157181,
    -0.0021363836713135242,
    -0.0020003970712423325,
    -0.0018979134038090706,
    -0.0018111147219315171,
    -0.0017409157007932663,
    -0.0016887891106307507,
    -0.0016562661621719599,
    -0.0016444550128653646,
    -0.0016532640438526869,
    -0.001678182277828455,
    -0.00170058140065521,
    -0.001626596786081791,
    -0.0003329918545205146,
    -0.05484182760119438,
    -0.1523829996585846,
    -0.1545049250125885,
    -0.1546998769044876,
    -0.15443412959575653,
    -0.15390267968177795,
    -0.15309065580368042,
    -0.15195713937282562,
    -0.1504657119512558,
    -0.14875952899456024,
    -0.14721018075942993,
    -0.14696748554706573,
    -0.14849671721458435,
    -0.15019875764846802,
    -0.1517447978258133,
    -0.15293626487255096,
    -0.1537957638502121,
    -0.1543714553117752,
    -0.15467876195907593,
    -0.15460205078125,
    -0.1529521495103836,
    -0.12076437473297119,
    -0.0007439904729835689,
    -2.9335255931073334e-06,
    -0.0016995887272059917,
    -0.0016815729904919863,
    -0.0016552709275856614,
    -0.001643593655899167,
    -0.001652174280025065,
    -0.0016816605348140001,
    -0.0017310886178165674,
    -0.0017990791238844395,
    -0.0018842401914298534,
    -0.001986632589250803,
    0.13480085134506226,
    0.13484269380569458,
    0.13564303517341614,
    0.13736774027347565,
    0.1940300613641739,
    0.13831759989261627,
    0.4141225516796112,
    0.710085391998291,
    0.2449568659067154,
    0.13652591407299042,
    0.13658811151981354,
    0.13663816452026367,
    0.13667482137680054,
    0.1366991251707077
  ],
  "sigma2": [
    0.0007884984952397645,
    0.005293536931276321,
    0.00036531270598061383,
    0.0010618572123348713,
    0.0010553485481068492,
    0.0010492309229448438,
    0.0010437901364639401,
    0.0010395330609753728,
    0.0010369487572461367,
    0.0010365225607529283,
    0.0010386951034888625,
    0.0010438106255605817,
    0.001051947707310319,
    0.001062434515915811,
    0.0010861638002097607,
    0.0006958717713132501,
    0.0012975407298654318,
    0.0013564435066655278,
    0.0013668234460055828,
    0.001372125349007547,
    0.0013720631832256913,
    0.001363599207252264,
    0.0013448797399178147,
    0.0013155806809663773,
    0.0012756955111399293,
    0.0012289984151721,
    0.0011853087926283479,
    0.0011783400550484657,
    0.0012216836912557483,
    0.0012684294488281012,
    0.0013099225470796227,
    0.0013409601524472237,
    0.0013613466871902347,
    0.001371342921629548,
    0.0013725191820412874,
    0.0013678510440513492,
    0.0013586891582235694,
    0.0013225218281149864,
    0.0008592226076871157,
    4.354081102064811e-05,
    0.001064004609361291,
    0.0010533621534705162,
    0.0010447731474414468,
    0.001039183116517961,
    0.0010365636553615332,
    0.0010366116184741259,
    0.0010388967348262668,
    0.0010429404210299253,
    0.0010482388315722346,
    0.001054317457601428,
    0.0008656651480123401,
    0.0008669820963405073,
    0.0008877434302121401,
    0.0009300680831074715,
    0.0009899286087602377,
    0.0009525059722363949,
    0.0014177125412970781,
    0.0018290032166987658,
    0.001166126923635602,
    0.0009100667084567249,
    0.0009115980356000364,
    0.0009128273231908679,
    0.0009137257584370673,
    0.0009143214556388557
  ],
  "pi": [
    0.9900000095367432,
    0.0001909130223793909,
    0.0007360875606536865,
    3.588326990211499e-06,
    3.626277020885027e-06,
    3.5500868307281053e-06,
    3.4367299122095574e-06,
    3.2888733585423324e-06,
    3.1035608571983175e-06,
    2.875983227568213e-06,
    2.6000000161729986e-06,
    2.2676881599181797e-06,
    1.8667108179215575e-06,
    1.3719624121222296e-06,
    9.177416018246731e-07,
    0.00015196121239569038,
    3.1030242098495364e-05,
    2.0796429453184828e-05,
    1.9041446648770943e-05,
    2.0869923901045695e-05,
    2.5784142053453252e-05,
    3.429814751143567e-05,
    4.6745895815547556e-05,
    6.303977716015652e-05,
    8.331518620252609e-05,
    0.00010657997336238623,
    0.0001288887142436579,
    0.00013247676542960107,
    0.00011026593710994348,
    8.695101132616401e-05,
    6.601309723919258e-05,
    4.907661059405655e-05,
    3.599900446715765e-05,
    2.686247717065271e-05,
    2.1417063180706464e-05,
    1.910786158987321e-05,
    2.016736107179895e-05,
    2.7720034267986193e-05,
    0.00010403805208625272,
    0.006015948951244354,
    1.2798907391697867e-06,
    1.7936562244358356e-06,
    2.207172428825288e-06,
    2.5491754058748484e-06,
    2.833269718394149e-06,
    3.067794295930071e-06,
    3.259073992012418e-06,
    3.4120910186175024e-06,
    3.529704599714023e-06,
    3.6078793073102133e-06,
    0.00012818750110454857,
    0.00013467705866787583,
    0.00013040397607255727,
    0.00011577408440643921,
    0.00010361390741309151,
    0.00011346938117640093,
    1.736685044306796e-05,
    8.580762369092554e-06,
    0.00011718188034137711,
    0.00013894222502131015,
    0.00013907146058045328,
    0.00013909766857977957,
    0.0001391012774547562,
    0.00013910249981563538
  ],
  "J": 64
}