{
  "mu": [
    0.0,
    -0.5758040547370911,
    -0.47749555110931396,
    -0.17306189239025116,
    -0.01574861817061901,
    -0.010413761250674725,
    -0.008793751709163189,
    -0.007845175452530384,
    -0.007044608239084482,
    -0.00628906162455678,
    -0.005602031014859676,
    -0.005073814652860165,
    -0.0049235280603170395,
    -0.006170355249196291,
    -0.0034237359650433064,
    -0.00043700513197109103,
    -0.0005052378983236849,
    -0.0005587550695054233,
    -0.0005932435160502791,
    -0.0006166099919937551,
    -0.0006341349217109382,
    -0.0006479188450612128,
    -0.0006585933151654899,
    -0.0006661505904048681,
    -0.0006710282759740949,
    -0.0006738711381331086,
    -0.0006769490428268909,
    -0.0006765678990632296,
    -0.0006746271974407136,
    -0.0006715963827446103,
    -0.0006670735310763121,
    -0.0006599980406463146,
    -0.0006498114089481533,
    -0.0006365353474393487,
    -0.0006196918548084795,
    -0.0005974916857667267,
    -0.0005653102998621762,
    -0.0005151621880941093,
    -0.0004478571063373238,
    -0.0003899714211001992,
    0.005652896594256163,
    0.003782089101150632,
    0.0038166490849107504,
    0.004297606647014618,
    0.00495745986700058,
    0.005695684812963009,
    0.006484487093985081,
    0.007427951321005821,
    0.009085907600820065,
    0.015146272256970406,
    0.2714480757713318,
    0.48793935775756836,
    0.5416046380996704,
    0.5724771618843079,
    0.5991588234901428,
    0.6374258995056152,
    0.719620406627655,
    0.795257031917572,
    0.7460519075393677,
    0.5443164706230164,
    0.5237019062042236,
    0.5197257995605469,
    0.5183042287826538,
    0.5177900791168213
  ],
  "sigma2": [
    0.00902898795902729,
    0.008802383206784725,
    0.00870944932103157,
    0.008733149617910385,
    0.008504729717969894,
    0.008325119502842426,
    0.00816959235817194,
    0.00803168211132288,
    0.007916431874036789,
    0.00783288199454546,
    0.007791078649461269,
    0.007802038453519344,
    0.007878848351538181,
    0.008051164448261261,
    0.008019768632948399,
    0.003961582202464342,
    0.0050208428874611855,
    0.006050629075616598,
    0.006862095557153225,
    0.007493915036320686,
    0.007999437861144543,
    0.008404777385294437,
    0.008720993995666504,
    0.008953394368290901,
    0.009106961078941822,
    0.009190269745886326,
    0.00921874213963747,
    0.009219774976372719,
    0.009197859093546867,
    0.009124639444053173,
    0.008982785977423191,
    0.008763221092522144,
    0.00846056453883648,
    0.008069813251495361,
    0.007581379730254412,
    0.006972305476665497,
    0.0061939796432852745,
    0.005195212084800005,
    0.004117648117244244,
    0.0033603706397116184,
    0.008093289099633694,
    0.007897990755736828,
    0.007808809168636799,
    0.007788538467139006,
    0.007822881452739239,
    0.007901064120233059,
    0.008012929931282997,
    0.008149651810526848,
    0.008306598290801048,
    0.008494197390973568,
    0.008685349486768246,
    0.00869728159159422,
    0.008768228814005852,
    0.00884062796831131,
    0.008904440328478813,
    0.008957293815910816,
    0.008998862467706203,
    0.009031223133206367,
    0.00905093364417553,
    0.009062593802809715,
    0.0090711060911417,
    0.009078258648514748,
    0.009083736687898636,
    0.009087713435292244
  ],
  "pi": [
    0.9900000095367432,
    1.581257674843073e-05,
    1.5598661775584333e-05,
    1.5351672118413262e-05,
    1.774784323060885e-05,
    1.8829043256118894e-05,
    1.955906191142276e-05,
    2.0133422367507592e-05,
    2.0600076823029667e-05,
    2.094085721182637e-05,
    2.107055115629919e-05,
    2.0786112145287916e-05,
    1.9613436961662956e-05,
    1.6285064702969976e-05,
    1.642100869503338e-05,
    0.0013884507352486253,
    0.0006740505923517048,
    0.0003549309622030705,
    0.00023831882572267205,
    0.00018690760771278292,
    0.00015930247900541872,
    0.00014251864922698587,
    0.0001316205016337335,
    0.00012443795276340097,
    0.00011991437349934131,
    0.00011745823576347902,
    0.00011658772564260289,
    0.00011655363050522283,
    0.00011722911585820839,
    0.00011939639080082998,
    0.0001235595264006406,
    0.0001302660966757685,
    0.00014046738215256482,
    0.00015608656394761056,
    0.00018141754844691604,
    0.00022746529430150986,
    0.0003282131801825017,
    0.000599727442022413,
    0.001246982952579856,
    0.002084063831716776,
    1.5306099157896824e-05,
    1.9239472749177366e-05,
    2.0639396097976714e-05,
    2.1024303350714035e-05,
    2.0942097762599587e-05,
    2.0623368982342072e-05,
    2.016469807131216e-05,
    1.9586939743021503e-05,
    1.8834824004443362e-05,
    1.7662718164501712e-05,
    1.5171902305155527e-05,
    1.5469398931600153e-05,
    1.5652249203412794e-05,
    1.5754878404550254e-05,
    1.5817657185834832e-05,
    1.5858267943258397e-05,
    1.5890944268903695e-05,
    1.59235223691212e-05,
    1.592880107637029e-05,
    1.5947587598930113e-05,
    1.5961890312610194e-05,
    1.596960282768123e-05,
    1.597463597136084e-05,
    1.5978148439899087e-05
  ],
  "J": 64
}