{
  "mu": [
    0.0,
    -0.2687678933143616,
    -0.06355691701173782,
    -0.12408894300460815,
    -0.12429828196763992,
    -0.12428195029497147,
    -0.1241413950920105,
    -0.1238732561469078,
    -0.12347407639026642,
    -0.12292959541082382,
    -0.12220508605241776,
    -0.12116903066635132,
    -0.11953248083591461,
    -0.11653351038694382,
    -0.10004869848489761,
    -0.11027748882770538,
    -0.16923069953918457,
    -0.17214718461036682,
    -0.17344896495342255,
    -0.1914013922214508,
    -0.23120944201946259,
    -0.16769692301750183,
    -0.16777296364307404,
    -0.16781049966812134,
    -0.11201892793178558,
    -0.10756801813840866,
    -0.10447732359170914,
    -0.10406463593244553,
    -0.10698461532592773,
    -0.11122769117355347,
    -0.1191854402422905,
    -0.1677500456571579,
    -0.16771920025348663,
    -0.23105239868164062,
    -0.22197416424751282,
    -0.17384113371372223,
    -0.1722230464220047,
    -0.16994035243988037,
    -0.11910445988178253,
    -2.3195170797407627e-06,
    -0.11584150046110153,
    -0.11917772144079208,
    -0.12096118181943893,
    -0.12206949293613434,
    -0.12283246219158173,
    -0.12340350449085236,
    -0.12382479757070541,
    -0.12411165237426758,
    -0.12426718324422836,
    -0.12428730726242065,
    0.076720230281353,
    0.05842839553952217,
    0.11831844598054886,
    0.15362970530986786,
    0.1242130920290947,
    0.20081281661987305,
    0.469289094209671,
    0.7486901879310608,
    0.2888122498989105,
    0.07598482817411423,
    0.07999660074710846,
    0.08631009608507156,
    0.09397569298744202,
    0.1288631707429886
  ],
  "sigma2": [
    0.00011357275070622563,
    0.006409695837646723,
    0.00023865779803600162,
    0.0008623477187938988,
    0.0008623354369774461,
    0.000862305867485702,
    0.0008622750174254179,
    0.0008622523164376616,
    0.0008622309542261064,
    0.0008622149471193552,
    0.0008622051100246608,
    0.0008622021996416152,
    0.0008622165769338608,
    0.000862228567712009,
    0.0008621820597909391,
    0.0007727257325313985,
    0.0008844987605698407,
    0.000874195306096226,
    0.0008718403987586498,
    0.0008741795318201184,
    0.0008610259392298758,
    0.0008581886650063097,
    0.000853838340844959,
    0.000852120341733098,
    0.0008036244544200599,
    0.0007559903897345066,
    0.0007116904016584158,
    0.0007050090935081244,
    0.0007484409143216908,
    0.0007962785311974585,
    0.0008393267635256052,
    0.0008525962475687265,
    0.000857034232467413,
    0.0008657410508021712,
    0.0008733887225389481,
    0.000871785101480782,
    0.0008734727744013071,
    0.0008816884364932775,
    0.0008471618057228625,
    4.797008659807034e-05,
    0.0008622301975265145,
    0.0008622174500487745,
    0.0008622038876637816,
    0.0008622038876637816,
    0.0008622125023975968,
    0.000862228567712009,
    0.000862248707562685,
    0.0008622712921351194,
    0.0008623000467196107,
    0.000862330081872642,
    0.0004955849726684391,
    0.00020684821356553584,
    0.0008216589922085404,
    0.0008378024213016033,
    0.0008370740688405931,
    0.0009063241886906326,
    0.0012055814731866121,
    0.001996749546378851,
    0.0011691038962453604,
    0.0004854894650634378,
    0.0005387818091548979,
    0.0006141500198282301,
    0.0006936035351827741,
    0.0008011047029867768
  ],
  "pi": [
    0.9900000095367432,
    0.00013749503705184907,
    0.0020080292597413063,
    1.37420829560142e-06,
    1.312727704316785e-06,
    1.2407612075548968e-06,
    1.1633085250650765e-06,
    1.0797513141369564e-06,
    9.890541150525678e-07,
    8.898334158402577e-07,
    7.803840276210394e-07,
    6.583960612260853e-07,
    5.203193040870246e-07,
    3.606615450735262e-07,
    1.957200339575138e-07,
    4.4046577386325225e-05,
    2.1071535229566507e-05,
    1.6802809113869444e-05,
    1.768113361322321e-05,
    2.4415676307398826e-05,
    4.296690531191416e-05,
    7.916759204817936e-05,
    0.00012404647713992745,
    0.00018428881594445556,
    0.00025827158242464066,
    0.0003433818055782467,
    0.00042409816524013877,
    0.00043685617856681347,
    0.0003568092652130872,
    0.00027171577676199377,
    0.00019355391850695014,
    0.00013177718210499734,
    8.664786582812667e-05,
    4.690960849984549e-05,
    2.6330093533033505e-05,
    1.8249351342092268e-05,
    1.6591309758950956e-05,
    1.9912980860681273e-05,
    3.650401413324289e-05,
    0.0003725422138813883,
    3.3250768183279433e-07,
    4.960770070283615e-07,
    6.37128096059314e-07,
    7.613833759023692e-07,
    8.726390205993084e-07,
    9.734199011290912e-07,
    1.065509195541381e-06,
    1.1504174608489848e-06,
    1.2293543250052608e-06,
    1.3030797845203779e-06,
    0.00036628308589570224,
    0.0007352007087320089,
    0.0003206432156730443,
    0.000318452890496701,
    0.00032207451295107603,
    0.0003156184684485197,
    1.0820935131050646e-05,
    5.14100247528404e-06,
    7.655558147234842e-05,
    0.000385680963518098,
    0.00036694062873721123,
    0.0003489527152851224,
    0.00033720594365149736,
    0.0003308791492599994
  ],
  "J": 64
}