{
  "mu": [
    0.0,
    -0.323629230260849,
    -0.18489569425582886,
    -0.0010704327141866088,
    -0.0010040345368906856,
    -0.0009553406271152198,
    -0.000914225063752383,
    -0.0008817971684038639,
    -0.0008596359984949231,
    -0.0008494210196658969,
    -0.0008527677855454385,
    -0.000870975200086832,
    -0.0009037998388521373,
    -0.0009470410877838731,
    -0.0010104491375386715,
    -0.0001289840292884037,
    -0.0012367039453238249,
    -0.0026386999525129795,
    -0.0038601355627179146,
    -0.005275269970297813,
    -0.007235406432300806,
    -0.010316886939108372,
    -0.016558978706598282,
    -0.05827633664011955,
    -0.1909044235944748,
    -0.20062397420406342,
    -0.2002267688512802,
    -0.20015913248062134,
    -0.20058530569076538,
    -0.19578593969345093,
    -0.08534133434295654,
    -0.01834864169359207,
    -0.010986873880028725,
    -0.007622324395924807,
    -0.005536373239010572,
    -0.004059710539877415,
    -0.0028327733743935823,
    -0.0014779068296775222,
    -0.0002159418072551489,
    -1.3895223673898727e-05,
    -0.0009462512098252773,
    -0.000909093243535608,
    -0.0008745996747165918,
    -0.0008540950948372483,
    -0.000848479219712317,
    -0.000856714672408998,
    -0.0008772144210524857,
    -0.0009083364857360721,
    -0.0009485617047175765,
    -0.000997229595668614,
    0.19534015655517578,
    0.1956672966480255,
    0.1961199790239334,
    0.1967562437057495,
    0.1974249929189682,
    0.19722120463848114,
    0.5566169619560242,
    0.7844087481498718,
    0.34756898880004883,
    0.19708439707756042,
    0.19712211191654205,
    0.19716297090053558,
    0.19718852639198303,
    0.19720466434955597
  ],
  "sigma2": [
    0.0015429772902280092,
    0.0032373773865401745,
    0.0010465607047080994,
    0.0015934192342683673,
    0.0015715195331722498,
    0.0015539063606411219,
    0.0015382969286292791,
    0.0015257392078638077,
    0.0015175041044130921,
    0.0015149404061958194,
    0.0015193142462521791,
    0.0015316976932808757,
    0.001552601344883442,
    0.0015811437042430043,
    0.00163656088989228,
    0.0007507886039093137,
    0.001657624146901071,
    0.0019390976522117853,
    0.0020562123972922564,
    0.0021341389510780573,
    0.0021962120663374662,
    0.002246842486783862,
    0.0022868504747748375,
    0.0023188116028904915,
    0.0023319367319345474,
    0.002309923293069005,
    0.0022871491964906454,
    0.002283083740621805,
    0.002306317910552025,
    0.002328552072867751,
    0.002324709203094244,
    0.0022922204807400703,
    0.0022538085468113422,
    0.0022048538085073233,
    0.0021446861792355776,
    0.002069927752017975,
    0.001962639158591628,
    0.001727389288134873,
    0.0009446271578781307,
    0.0001023248623823747,
    0.0015857901889830828,
    0.0015563726192340255,
    0.0015341340331360698,
    0.0015204382361844182,
    0.001514855190180242,
    0.0015164270298555493,
    0.0015238983323797584,
    0.0015359331155195832,
    0.001551255933009088,
    0.001568936393596232,
    0.0015185464872047305,
    0.0015339605743065476,
    0.0015524792252108455,
    0.0015759086236357689,
    0.0016002142801880836,
    0.0015956409042701125,
    0.0017436158377677202,
    0.00182499666698277,
    0.0017117169918492436,
    0.0015938994474709034,
    0.0015957034192979336,
    0.0015970285749062896,
    0.0015979770105332136,
    0.001598610426299274
  ],
  "pi": [
    0.9900000095367432,
    3.166514215990901e-05,
    9.072500688489527e-05,
    3.1354661587101873e-06,
    3.325837724332814e-06,
    3.314824880362721e-06,
    3.254926014051307e-06,
    3.1559052331431303e-06,
    3.0156763841659995e-06,
    2.828093556672684e-06,
    2.5847980396065395e-06,
    2.2754404653824167e-06,
    1.8857858776755165e-06,
    1.3894256198909716e-06,
    9.355146062262065e-07,
    0.00018423386791255325,
    3.332897904329002e-05,
    1.8000910131377168e-05,
    1.3746113836532459e-05,
    1.1944294783461373e-05,
    1.0981145351252053e-05,
    1.0382979780843016e-05,
    9.975040484277997e-06,
    9.692735147837084e-06,
    1.0761836165329441e-05,
    1.3420811228570528e-05,
    1.6177691577468067e-05,
    1.664361116127111e-05,
    1.3861685147276148e-05,
    1.115624309022678e-05,
    9.672558007878251e-06,
    9.922274330165237e-06,
    1.0307791853847448e-05,
    1.0867606761166826e-05,
    1.1752360478567425e-05,
    1.3361967830860522e-05,
    1.699407584965229e-05,
    2.8957589165656827e-05,
    0.0001220524063683115,
    0.009007995948195457,
    1.2956156751897652e-06,
    1.813255494198529e-06,
    2.2174051537149353e-06,
    2.5381564228155185e-06,
    2.790896587612224e-06,
    2.9863158488296904e-06,
    3.132930260107969e-06,
    3.2369889595429413e-06,
    3.300239541204064e-06,
    3.3095893741119653e-06,
    1.543913640489336e-05,
    1.6141984815476462e-05,
    1.572780638525728e-05,
    1.4213435861165635e-05,
    1.2923387657792773e-05,
    1.3990915249451064e-05,
    6.306716841208981e-06,
    4.5443443923431914e-06,
    1.0923087756964378e-05,
    1.6680549379088916e-05,
    1.6696289094397798e-05,
    1.6700709238648415e-05,
    1.670231722528115e-05,
    1.670329766056966e-05
  ],
  "J": 64
}