{
  "mu": [
    0.0,
    -0.5822396874427795,
    -0.5533714294433594,
    -0.5247281789779663,
    -0.49631449580192566,
    -0.4681362509727478,
    -0.44019263982772827,
    -0.4124838411808014,
    -0.38501235842704773,
    -0.3577840030193329,
    -0.3308112621307373,
    -0.3041369318962097,
    -0.2778918445110321,
    -0.2527522146701813,
    -0.21270114183425903,
    -0.17841386795043945,
    -0.15286099910736084,
    -0.12819921970367432,
    -0.10426761209964752,
    -0.08119628578424454,
    -0.059272922575473785,
    -0.03901796042919159,
    -0.02138557657599449,
    -0.008081785403192043,
    -0.0013725417666137218,
    -0.0004569829034153372,
    -0.00046045982162468135,
    -0.0004597908118739724,
    -0.0004585502902045846,
    6.063391629140824e-05,
    0.005624950863420963,
    0.018029654398560524,
    0.035115763545036316,
    0.055036332458257675,
    0.07674069702625275,
    0.09965623915195465,
    0.12346737086772919,
    0.14801833033561707,
    0.17338858544826508,
    0.2028854489326477,
    0.24825738370418549,
    0.2729404866695404,
    0.2990955412387848,
    0.32572659850120544,
    0.35267484188079834,
    0.3798907995223999,
    0.4073612093925476,
    0.4350832402706146,
    0.4630586504936218,
    0.4912925660610199,
    0.5197892785072327,
    0.548550009727478,
    0.5775708556175232,
    0.6068350076675415,
    0.6363086700439453,
    0.6659170389175415,
    0.695538341999054,
    0.7249596118927002,
    0.7538751363754272,
    0.7818694114685059,
    0.8084632158279419,
    0.8332523703575134,
    0.8560969233512878,
    0.8773096203804016
  ],
  "sigma2": [
    0.04229412227869034,
    0.04216793552041054,
    0.04215240478515625,
    0.04213655740022659,
    0.042119864374399185,
    0.042100951075553894,
    0.042078036814928055,
    0.04204893484711647,
    0.042011477053165436,
    0.04196443781256676,
    0.04190780594944954,
    0.041844405233860016,
    0.04177883267402649,
    0.04171573743224144,
    0.04167414829134941,
    0.041402000933885574,
    0.0411667563021183,
    0.04100591689348221,
    0.040921904146671295,
    0.04091012477874756,
    0.04096275940537453,
    0.04106844961643219,
    0.04121355712413788,
    0.041379157453775406,
    0.041538357734680176,
    0.04165605828166008,
    0.04170748591423035,
    0.04170985147356987,
    0.04166882112622261,
    0.04156084358692169,
    0.04140578210353851,
    0.04123912379145622,
    0.04108956456184387,
    0.04097677394747734,
    0.040915314108133316,
    0.04091635346412659,
    0.04098902642726898,
    0.04113788902759552,
    0.04136247932910919,
    0.04164669290184975,
    0.04170684888958931,
    0.041770175099372864,
    0.04183586686849594,
    0.04190024361014366,
    0.041958075016736984,
    0.04200663045048714,
    0.042045414447784424,
    0.0420752689242363,
    0.042098529636859894,
    0.0421174131333828,
    0.042133692651987076,
    0.04214896634221077,
    0.04216393083333969,
    0.042178984731435776,
    0.04219410941004753,
    0.042209021747112274,
    0.04222338646650314,
    0.04223695397377014,
    0.042249225080013275,
    0.04225999116897583,
    0.04226987808942795,
    0.04227761924266815,
    0.042284030467271805,
    0.04228872060775757
  ],
  "pi": [
    0.9900000095367432,
    0.00010617051884764805,
    0.00010610882600303739,
    0.0001060380891431123,
    0.00010595704952720553,
    0.00010586324788164347,
    0.000105751991213765,
    0.00010561425006017089,
    0.00010543304961174726,
    0.00010517566261114553,
    0.00010477406613063067,
    0.00010406706860521808,
    0.00010257139365421608,
    9.792464697966352e-05,
    0.000158435563207604,
    0.00023891731689218432,
    0.00024319121439475566,
    0.00024393129569943994,
    0.00024362950352951884,
    0.00024280966317746788,
    0.00024165748618543148,
    0.00024027074687182903,
    0.0002387293934589252,
    0.00023714009148534387,
    0.00023568303731735796,
    0.00023462391982320696,
    0.00023416083422489464,
    0.0002341393701499328,
    0.0002345076500205323,
    0.00023547865566797554,
    0.00023689023510087281,
    0.00023847166448831558,
    0.00024002681311685592,
    0.00024144069175235927,
    0.00024263143131975085,
    0.00024350747116841376,
    0.00024390355974901468,
    0.000243385395151563,
    0.0002401058009127155,
    0.00020192201191093773,
    9.606246749171987e-05,
    0.00010213929635938257,
    0.00010388379450887442,
    0.00010467577521922067,
    0.00010511570144444704,
    0.00010539359936956316,
    0.00010558719804976135,
    0.000105733321106527,
    0.00010585094423731789,
    0.00010595009371172637,
    0.00010603603004710749,
    0.00010611148172756657,
    0.00010617776570143178,
    0.00010623558046063408,
    0.0001062852970790118,
    0.00010632726480253041,
    0.00010636191291268915,
    0.00010638983803801239,
    0.00010641171684255823,
    0.00010642828419804573,
    0.00010644039866747335,
    0.00010644888243405148,
    0.00010645457223290578,
    0.00010645805014064535
  ],
  "J": 64
}