{
  "mu": [
    0.0,
    -0.7408634424209595,
    -0.02497062087059021,
    -0.13576868176460266,
    -0.1360245794057846,
    -0.1361643224954605,
    -0.136236310005188,
    -0.13621380925178528,
    -0.13607057929039001,
    -0.13577255606651306,
    -0.135269895195961,
    -0.1344190239906311,
    -0.13289886713027954,
    -0.12975938618183136,
    -0.1083136796951294,
    -0.123390331864357,
    -0.13512372970581055,
    -0.13533173501491547,
    -0.1853969842195511,
    -0.18543773889541626,
    -0.1855037361383438,
    -0.18529236316680908,
    -0.33346378803253174,
    -0.20498132705688477,
    -0.1353016346693039,
    -0.07764091342687607,
    -0.07576845586299896,
    -0.07543400675058365,
    -0.07734924554824829,
    -0.13554801046848297,
    -0.13765114545822144,
    -0.2649070918560028,
    -0.4206237494945526,
    -0.5475298166275024,
    -0.18545648455619812,
    -0.1853957325220108,
    -0.13591733574867249,
    -0.13512006402015686,
    -0.13506177067756653,
    -0.059744421392679214,
    -0.12898176908493042,
    -0.13254985213279724,
    -0.13423646986484528,
    -0.135166198015213,
    -0.13571180403232574,
    -0.1360376477241516,
    -0.13620153069496155,
    -0.13623835146427155,
    -0.13617411255836487,
    -0.13603083789348602,
    0.07295836508274078,
    0.02488117292523384,
    0.12933412194252014,
    0.22424261271953583,
    0.1752912402153015,
    0.29514840245246887,
    0.5759869813919067,
    0.854043185710907,
    0.38771113753318787,
    0.07253436744213104,
    0.07307121157646179,
    0.07342001050710678,
    0.07359174638986588,
    0.12911634147167206
  ],
  "sigma2": [
    2.5952767828130163e-06,
    0.0012610034318640828,
    0.00023236086417455226,
    0.000861978973262012,
    0.0008619801956228912,
    0.0008619814761914313,
    0.0008619818254373968,
    0.0008619818254373968,
    0.0008619810687378049,
    0.0008619806612841785,
    0.0008619814761914313,
    0.0008619806612841785,
    0.0008619797881692648,
    0.0008619794389232993,
    0.0008619876462034881,
    0.0008612574893049896,
    0.000861775188241154,
    0.0008618191350251436,
    0.000861439504660666,
    0.0008610707009211183,
    0.0008597853011451662,
    0.0008570444770157337,
    0.0008723148494027555,
    0.0008769403793849051,
    0.0008560801506973803,
    0.000848558614961803,
    0.000835489365272224,
    0.0008326505194418132,
    0.0008468552259728312,
    0.0008573088562116027,
    0.0008618741412647069,
    0.0008791547734290361,
    0.0009039404685609043,
    0.0009400640847161412,
    0.0008609483484178782,
    0.0008614115067757666,
    0.000861851149238646,
    0.0008617838029749691,
    0.0008616810664534569,
    0.0003526164800859988,
    0.0008619785658083856,
    0.0008619797881692648,
    0.0008619810687378049,
    0.0008619814761914313,
    0.0008619806612841785,
    0.0008619806612841785,
    0.0008619818254373968,
    0.0008619818254373968,
    0.0008619814761914313,
    0.0008619801956228912,
    0.0008283889037556946,
    0.0002493812353350222,
    0.0008382347878068686,
    0.0009097876609303057,
    0.0008336682803928852,
    0.0009049414657056332,
    0.0011288388632237911,
    0.0017230744706466794,
    0.0009853553492575884,
    0.000821708410512656,
    0.0008301335037685931,
    0.0008354686433449388,
    0.0008380577783100307,
    0.0008338376646861434
  ],
  "pi": [
    0.9900000095367432,
    1.7854514453574666e-06,
    0.0013538904022425413,
    8.270173452729068e-07,
    7.885176955824136e-07,
    7.441122988893767e-07,
    6.966150181142439e-07,
    6.456355094996979e-07,
    5.905422995056142e-07,
    5.305205945660418e-07,
    4.645285116566811e-07,
    3.91198142324356e-07,
    3.084152240262483e-07,
    2.1302751918028662e-07,
    1.1432615565354354e-07,
    2.5978863050113432e-05,
    1.3526695511245634e-05,
    1.1337049727444537e-05,
    1.3172018952900544e-05,
    2.203346593887545e-05,
    5.3123963880352676e-05,
    0.00011907566658919677,
    4.61687523056753e-05,
    0.00034928059903904796,
    0.000439150957390666,
    0.00038313851109705865,
    0.0005144913448020816,
    0.0005386491538956761,
    0.0004028719267807901,
    0.0003657745255623013,
    0.0003336411027703434,
    0.0001661654096096754,
    1.7127522369264625e-05,
    4.299617557990132e-06,
    2.4991210011648946e-05,
    1.3840553037880454e-05,
    1.125334165408276e-05,
    1.2911898011225276e-05,
    2.19684443436563e-05,
    0.0001455277670174837,
    1.962529694310433e-07,
    2.9391236466835835e-07,
    3.7843432210138417e-07,
    4.5310196128411917e-07,
    5.201412704991526e-07,
    5.810863399346999e-07,
    6.369891139001993e-07,
    6.887632366670005e-07,
    7.371507422249124e-07,
    7.826235446373175e-07,
    0.0003440007858444005,
    0.0013228373136371374,
    0.0004092595772817731,
    0.0002481255796737969,
    0.0003930714738089591,
    8.107179746730253e-05,
    6.544595180457691e-06,
    3.184740762662841e-06,
    2.4523515094188042e-05,
    0.0003908138023689389,
    0.0003308537998236716,
    0.00028919268515892327,
    0.00026745686773210764,
    0.0004723043239209801
  ],
  "J": 64
}