{
  "mu": [
    0.0,
    -0.8360975384712219,
    -0.028643468394875526,
    -0.1377534717321396,
    -0.13758592307567596,
    -0.13745523989200592,
    -0.13731659948825836,
    -0.13716833293437958,
    -0.13700608909130096,
    -0.13682547211647034,
    -0.1366187036037445,
    -0.13635587692260742,
    -0.13598544895648956,
    -0.1353221982717514,
    -0.12755334377288818,
    -0.1379173994064331,
    -0.13881808519363403,
    -0.13939304649829865,
    -0.18220283091068268,
    -0.18200728297233582,
    -0.18207991123199463,
    -0.18209697306156158,
    -0.4036599397659302,
    -0.26157093048095703,
    -0.1355598121881485,
    -0.08019892126321793,
    -0.07964656502008438,
    -0.07951333373785019,
    -0.08012950420379639,
    -0.14643414318561554,
    -0.2079557478427887,
    -0.3246042728424072,
    -0.4917299449443817,
    -0.6227259635925293,
    -0.18201570212841034,
    -0.1821555495262146,
    -0.13947829604148865,
    -0.13890349864959717,
    -0.13808530569076538,
    -0.07482228428125381,
    -0.13515865802764893,
    -0.13590826094150543,
    -0.13630709052085876,
    -0.13658246397972107,
    -0.13679641485214233,
    -0.13698099553585052,
    -0.1371472030878067,
    -0.13729891180992126,
    -0.13744163513183594,
    -0.13757942616939545,
    0.07867308706045151,
    0.02843470871448517,
    0.15437836945056915,
    0.2713707685470581,
    0.2077837735414505,
    0.3448987603187561,
    0.6115060448646545,
    0.8934438228607178,
    0.427255243062973,
    0.07841724902391434,
    0.0787360668182373,
    0.07891813665628433,
    0.07900331169366837,
    0.13234880566596985
  ],
  "sigma2": [
    2.50553352998395e-06,
    0.00121055927593261,
    0.00028108159312978387,
    0.000861971580889076,
    0.000861971580889076,
    0.0008619719883427024,
    0.0008619732107035816,
    0.0008619740838184953,
    0.0008619748405180871,
    0.0008619753061793745,
    0.0008619778091087937,
    0.0008619781583547592,
    0.0008619797881692648,
    0.0008619818254373968,
    0.0008619847940281034,
    0.0008618088322691619,
    0.0008619042346253991,
    0.0008619005093351007,
    0.0008618626743555069,
    0.0008617764106020331,
    0.0008614119724370539,
    0.0008603684836998582,
    0.0008955628145486116,
    0.0008709387038834393,
    0.0008545633172616363,
    0.0008392050513066351,
    0.0008277531596831977,
    0.0008250519167631865,
    0.0008377321646548808,
    0.000864879519212991,
    0.0008667299407534301,
    0.000883148517459631,
    0.000915314769372344,
    0.0009620317723602057,
    0.0008617459679953754,
    0.0008618569117970765,
    0.0008619005093351007,
    0.0008619045838713646,
    0.0008618199499323964,
    0.0007640400435775518,
    0.0008619822910986841,
    0.0008619797881692648,
    0.0008619781583547592,
    0.0008619778091087937,
    0.0008619760628789663,
    0.0008619748405180871,
    0.0008619740838184953,
    0.0008619732107035816,
    0.0008619724540039897,
    0.000861971580889076,
    0.0008389969589188695,
    0.00029278272995725274,
    0.0008665761561132967,
    0.0008795170579105616,
    0.000883612665347755,
    0.0008732146234251559,
    0.001090595731511712,
    0.0016941772773861885,
    0.0009126010118052363,
    0.0008343447698280215,
    0.0008401768282055855,
    0.0008434997289441526,
    0.0008451190660707653,
    0.000848019786644727
  ],
  "pi": [
    0.9900000095367432,
    8.899675663087692e-07,
    0.0014385280665010214,
    7.860776918278134e-07,
    7.492383815588255e-07,
    7.068451282066235e-07,
    6.615645133933867e-07,
    6.129898224571662e-07,
    5.605470505543053e-07,
    5.034448804508429e-07,
    4.407007452300604e-07,
    3.710127600697888e-07,
    2.92382509314848e-07,
    2.018208107301689e-07,
    1.0773420200393957e-07,
    2.4679589841980487e-05,
    1.301499560213415e-05,
    1.1019699741154909e-05,
    1.3282512554724235e-05,
    2.33412556553958e-05,
    6.29072092124261e-05,
    0.0001615948131075129,
    2.6908288418781012e-05,
    0.00023656852135900408,
    0.0005978373810648918,
    0.00032357644522562623,
    0.0004709730274043977,
    0.0005033973720856011,
    0.0003435026155784726,
    0.0004606408183462918,
    0.0003795255324803293,
    9.064226469490677e-05,
    8.876979336491786e-06,
    3.4750385111692594e-06,
    2.6824402084457688e-05,
    1.4023885341885034e-05,
    1.0953449418593664e-05,
    1.2447097105905414e-05,
    2.090857560688164e-05,
    0.00014396935875993222,
    1.8589715011785302e-07,
    2.7860806994794984e-07,
    3.588862682590843e-07,
    4.298387921153335e-07,
    4.935745891998522e-07,
    5.515472025763302e-07,
    6.047632723493734e-07,
    6.540803383359162e-07,
    7.002163329161704e-07,
    7.436187274834083e-07,
    0.0003214606549590826,
    0.0013526332331821322,
    0.0004789183149114251,
    0.0001580393291078508,
    0.0004193980130366981,
    4.8286019591614604e-05,
    6.521827344840858e-06,
    3.108588316536043e-06,
    1.7966491213883273e-05,
    0.00037936109583824873,
    0.0003065264318138361,
    0.0002620232698973268,
    0.00024015562667045742,
    0.0005702973576262593
  ],
  "J": 64
}