{
  "mu": [
    0.0,
    -0.6069182753562927,
    -0.0355028361082077,
    -0.1459069699048996,
    -0.14511308073997498,
    -0.144346222281456,
    -0.14339579641819,
    -0.14222665131092072,
    -0.14078420400619507,
    -0.1389971673488617,
    -0.13675035536289215,
    -0.13368961215019226,
    -0.12924233078956604,
    -0.1223263218998909,
    -0.10341675579547882,
    -0.09938377887010574,
    -0.14981365203857422,
    -0.15337935090065002,
    -0.1981010138988495,
    -0.1973097026348114,
    -0.1974254548549652,
    -0.19780844449996948,
    -0.2542584538459778,
    -0.144964799284935,
    -0.1441885530948639,
    -0.08319032937288284,
    -0.08150352537631989,
    -0.08122464269399643,
    -0.08292105048894882,
    -0.11608709394931793,
    -0.14486847817897797,
    -0.19802725315093994,
    -0.33224257826805115,
    -0.43016502261161804,
    -0.19723378121852875,
    -0.19801296293735504,
    -0.15435411036014557,
    -0.14982262253761292,
    -0.14264431595802307,
    -0.025332435965538025,
    -0.12095446139574051,
    -0.12834228575229645,
    -0.1331007480621338,
    -0.13634152710437775,
    -0.13869260251522064,
    -0.14054857194423676,
    -0.14204715192317963,
    -0.1432642787694931,
    -0.1442580670118332,
    -0.14507347345352173,
    0.07781130075454712,
    0.0317835733294487,
    0.1376720368862152,
    0.19994789361953735,
    0.1376132369041443,
    0.26847341656684875,
    0.5386596918106079,
    0.8177753686904907,
    0.35906893014907837,
    0.07619238644838333,
    0.07831820100545883,
    0.07998421788215637,
    0.080889031291008,
    0.13758648931980133
  ],
  "sigma2": [
    7.883532816777006e-06,
    0.0016565052792429924,
    0.00028255305369384587,
    0.000861971580889076,
    0.000861971580889076,
    0.0008619711734354496,
    0.0008619711734354496,
    0.0008619711734354496,
    0.0008619670988991857,
    0.0008619674481451511,
    0.0008619683212600648,
    0.0008619687287136912,
    0.000861984328366816,
    0.000861999171320349,
    0.0008619876462034881,
    0.0008616576087661088,
    0.0008616613340564072,
    0.0008620172739028931,
    0.0008606680203229189,
    0.000859978434164077,
    0.0008577489061281085,
    0.0008533743675798178,
    0.0008884943090379238,
    0.0008515650406479836,
    0.0008462711703032255,
    0.0007827926310710609,
    0.000748972874134779,
    0.0007430702680721879,
    0.0007776280981488526,
    0.0008795200265012681,
    0.0008510020561516285,
    0.000849583768285811,
    0.0009412122890353203,
    0.0009729663142934442,
    0.0008597614942118526,
    0.0008606121991761029,
    0.0008620768203400075,
    0.0008616958511993289,
    0.0008606708724983037,
    0.00014818373892921954,
    0.0008619962609373033,
    0.0008619876462034881,
    0.0008619711734354496,
    0.0008619690779596567,
    0.0008619670988991857,
    0.0008619670988991857,
    0.0008619699510745704,
    0.000861971580889076,
    0.0008619711734354496,
    0.0008619719883427024,
    0.0007675722590647638,
    0.00022049600374884903,
    0.0008316073217429221,
    0.000846868206281215,
    0.0008296170854009688,
    0.0009219915373250842,
    0.0011793333105742931,
    0.0017365309176966548,
    0.0009616308379918337,
    0.0007443560753017664,
    0.0007745044422335923,
    0.0007960519287735224,
    0.0008067443268373609,
    0.0008281523478217423
  ],
  "pi": [
    0.9900000095367432,
    6.452192337746965e-06,
    0.0012490223161876202,
    8.677613436702813e-07,
    8.275227401099983e-07,
    7.810380679984519e-07,
    7.312793286473607e-07,
    6.778415695407602e-07,
    6.200678512868762e-07,
    5.571021119976649e-07,
    4.878651225226349e-07,
    4.1092829405897646e-07,
    3.2408354400104145e-07,
    2.2404960020594444e-07,
    1.2081555667009525e-07,
    2.7512494852999225e-05,
    1.4092271158006042e-05,
    1.175526176666608e-05,
    1.3156465684005525e-05,
    2.1196554371272214e-05,
    4.726214683614671e-05,
    9.724593837745488e-05,
    0.0001522554666735232,
    0.00028132786974310875,
    0.0003814000228885561,
    0.0004373845877125859,
    0.0005685955402441323,
    0.0005909490282647312,
    0.00045803069951944053,
    0.00032964759157039225,
    0.0002921167470049113,
    0.00018620073387864977,
    4.3729334720410407e-05,
    1.196184257423738e-05,
    2.3806520403013565e-05,
    1.3771980775345583e-05,
    1.1679576346068643e-05,
    1.3435318578558508e-05,
    2.3036614948068745e-05,
    0.0001448011171305552,
    2.0645829579279962e-07,
    3.08871307197478e-07,
    3.9753584246682294e-07,
    4.75875225447453e-07,
    5.462137551148771e-07,
    6.10148788382503e-07,
    6.687746463285293e-07,
    7.230493110910174e-07,
    7.737451142020291e-07,
    8.213484079533373e-07,
    0.0003968810196965933,
    0.0011945563601329923,
    0.00030688740662299097,
    0.0003552172565832734,
    0.0003224652318749577,
    0.00010327230847906321,
    7.587517302454216e-06,
    3.58910733666562e-06,
    2.7523305107024498e-05,
    0.0004418842145241797,
    0.0003830190689768642,
    0.00033783569233492017,
    0.00031317316461354494,
    0.0003421199508011341
  ],
  "J": 64
}