{
  "mu": [
    0.0,
    -0.5255963802337646,
    -0.04435892775654793,
    -0.14110785722732544,
    -0.13959196209907532,
    -0.1382404863834381,
    -0.13670051097869873,
    -0.1349695473909378,
    -0.13304224610328674,
    -0.1309150904417038,
    -0.12856252491474152,
    -0.12578080594539642,
    -0.12228882312774658,
    -0.11750475317239761,
    -0.10344262421131134,
    -0.10175503045320511,
    -0.1572469174861908,
    -0.16503290832042694,
    -0.20469211041927338,
    -0.21089115738868713,
    -0.21169431507587433,
    -0.21228763461112976,
    -0.21253420412540436,
    -0.15180139243602753,
    -0.15154826641082764,
    -0.0930488333106041,
    -0.09044095873832703,
    -0.0900258719921112,
    -0.09262555837631226,
    -0.09536395221948624,
    -0.15177437663078308,
    -0.15204395353794098,
    -0.2806151807308197,
    -0.36503610014915466,
    -0.21097484230995178,
    -0.20788948237895966,
    -0.16589689254760742,
    -0.1578046679496765,
    -0.12668806314468384,
    -0.0280879195779562,
    -0.11659125983715057,
    -0.1216340959072113,
    -0.12528693675994873,
    -0.1281653493642807,
    -0.1305762082338333,
    -0.1327458620071411,
    -0.13471664488315582,
    -0.136494442820549,
    -0.13808733224868774,
    -0.13951100409030914,
    0.08363620936870575,
    0.03880523145198822,
    0.1350436806678772,
    0.18965815007686615,
    0.14441217482089996,
    0.24739426374435425,
    0.5250558257102966,
    0.805569589138031,
    0.3424043655395508,
    0.08268723636865616,
    0.0839473083615303,
    0.08503231406211853,
    0.08567177504301071,
    0.13461756706237793
  ],
  "sigma2": [
    1.5829133189981803e-05,
    0.002305834088474512,
    0.0003129450778942555,
    0.0008619317086413503,
    0.0008619424188509583,
    0.0008619518484920263,
    0.0008619620930403471,
    0.000861971580889076,
    0.0008619810687378049,
    0.000861990440171212,
    0.0008620008011348546,
    0.0008620101725682616,
    0.0008620126754976809,
    0.000861999171320349,
    0.0008619719883427024,
    0.0008534337393939495,
    0.000861473148688674,
    0.0008620948647148907,
    0.000861745560541749,
    0.0008606868796050549,
    0.0008592078229412436,
    0.0008563071023672819,
    0.0008532408974133432,
    0.0008448800654150546,
    0.0008385902619920671,
    0.0008047472219914198,
    0.0007703652372583747,
    0.0007644900470040739,
    0.0007994748302735388,
    0.0008290547411888838,
    0.0008442071848548949,
    0.0008505427394993603,
    0.0008979812846519053,
    0.0009616588358767331,
    0.000860544852912426,
    0.0008614513790234923,
    0.0008621450397185981,
    0.0008615368860773742,
    0.0008626640192233026,
    0.0001116342464229092,
    0.0008619962609373033,
    0.0008620106382295489,
    0.0008620114531368017,
    0.0008620015578344464,
    0.0008619925356470048,
    0.0008619822910986841,
    0.0008619728032499552,
    0.0008619637810625136,
    0.0008619530708529055,
    0.0008619432337582111,
    0.0007407869561575353,
    0.00024309837317559868,
    0.0008665038621984422,
    0.0007947199628688395,
    0.0008630869560874999,
    0.0009765704162418842,
    0.0012567330850288272,
    0.0017543064896017313,
    0.0009755074279382825,
    0.0007250994094647467,
    0.0007457917672581971,
    0.0007628496387042105,
    0.0007726291660219431,
    0.000855014193803072
  ],
  "pi": [
    0.9900000095367432,
    1.2106113899790216e-05,
    0.0014871233142912388,
    8.689928563399008e-07,
    8.289303536912485e-07,
    7.825545935702394e-07,
    7.328838478315447e-07,
    6.795098670409061e-07,
    6.217816235221107e-07,
    5.588320277638559e-07,
    4.895766778645338e-07,
    4.125735983961931e-07,
    3.2559785267949337e-07,
    2.2528074339334125e-07,
    1.2159162565694714e-07,
    2.7683208827511407e-05,
    1.4007268873683643e-05,
    1.1617214113357477e-05,
    1.2807828170480207e-05,
    2.019986459345091e-05,
    4.32467604696285e-05,
    8.547076868126169e-05,
    0.0001464754604967311,
    0.00024130135716404766,
    0.0003255036717746407,
    0.0004251851059962064,
    0.0005444797570817173,
    0.0005641565076075494,
    0.00044435830204747617,
    0.0003268722794018686,
    0.0002503710857126862,
    0.00016359439177904278,
    8.408474241150543e-05,
    2.567953197285533e-05,
    2.2565274775843136e-05,
    1.3377823051996529e-05,
    1.1534077202668414e-05,
    1.333799536951119e-05,
    2.3081556719262153e-05,
    0.00013532748562283814,
    2.0761773100730352e-07,
    3.103470760379423e-07,
    3.9916568539410946e-07,
    4.775769752995984e-07,
    5.479412266140571e-07,
    6.118634132690204e-07,
    6.704465818074823e-07,
    7.246599125210196e-07,
    7.752686315143364e-07,
    8.227580110542476e-07,
    0.00038810301339253783,
    0.0012806124286726117,
    0.0002827677526511252,
    0.0003053288091905415,
    0.0002968189073726535,
    0.00014915349311195314,
    8.45172780827852e-06,
    3.8452476474049035e-06,
    3.4367818443570286e-05,
    0.00042560038855299354,
    0.00037616744521073997,
    0.00033557540155015886,
    0.00031258180388249457,
    0.0003128820681013167
  ],
  "J": 64
}