{
  "mu": [
    0.0,
    -0.8038684725761414,
    -0.02754739671945572,
    -0.13468104600906372,
    -0.13460609316825867,
    -0.134540855884552,
    -0.13446764647960663,
    -0.13438789546489716,
    -0.13429825007915497,
    -0.13419784605503082,
    -0.13408046960830688,
    -0.1339222937822342,
    -0.1336623579263687,
    -0.1330614537000656,
    -0.12310253083705902,
    -0.1347150206565857,
    -0.13485538959503174,
    -0.134877547621727,
    -0.18672020733356476,
    -0.19110335409641266,
    -0.19304077327251434,
    -0.18088307976722717,
    -0.3813711106777191,
    -0.248968705534935,
    -0.13483726978302002,
    -0.07732678204774857,
    -0.07646820694208145,
    -0.07628798484802246,
    -0.07720708101987839,
    -0.13497361540794373,
    -0.1927032172679901,
    -0.3101674020290375,
    -0.467802494764328,
    -0.5968831777572632,
    -0.19315765798091888,
    -0.18702144920825958,
    -0.13488049805164337,
    -0.13485930860042572,
    -0.1347671002149582,
    -0.06935135275125504,
    -0.1328907310962677,
    -0.1336011290550232,
    -0.13389068841934204,
    -0.13405999541282654,
    -0.13418151438236237,
    -0.13428443670272827,
    -0.13437612354755402,
    -0.13445807993412018,
    -0.13453388214111328,
    -0.13460300862789154,
    0.07778534293174744,
    0.027687279507517815,
    0.13956886529922485,
    0.26422515511512756,
    0.20069539546966553,
    0.33564549684524536,
    0.6007392406463623,
    0.8833696842193604,
    0.4204195439815521,
    0.07750027626752853,
    0.07786257565021515,
    0.07807544618844986,
    0.0781843289732933,
    0.13932602107524872
  ],
  "sigma2": [
    2.508641728127259e-06,
    0.001235070638358593,
    0.00026688669458962977,
    0.0008619699510745704,
    0.0008619703585281968,
    0.000861971580889076,
    0.0008619728032499552,
    0.0008619740838184953,
    0.0008619740838184953,
    0.0008619748405180871,
    0.0008619753061793745,
    0.0008619778091087937,
    0.0008619797881692648,
    0.0008619806612841785,
    0.0008619847940281034,
    0.0008616999839432538,
    0.0008618355495855212,
    0.0008618301944807172,
    0.0008619925356470048,
    0.0008620262960903347,
    0.0008621265878900886,
    0.0008617024286650121,
    0.0008672637050040066,
    0.0008737148018553853,
    0.0008547618635930121,
    0.0008297848398797214,
    0.000816363375633955,
    0.0008135192329064012,
    0.0008279268513433635,
    0.0008562071598134935,
    0.000863815366756171,
    0.0008612985839135945,
    0.0008925529546104372,
    0.0009636892355047166,
    0.0008620463777333498,
    0.0008619929431006312,
    0.0008618293795734644,
    0.0008618330466561019,
    0.0008617673302069306,
    0.0006756156217306852,
    0.0008619810687378049,
    0.0008619806612841785,
    0.000861978973262012,
    0.0008619757136330009,
    0.0008619744330644608,
    0.0008619744330644608,
    0.0008619740838184953,
    0.0008619724540039897,
    0.000861971580889076,
    0.0008619703585281968,
    0.0008356132893823087,
    0.00028162627131678164,
    0.0008633026736788452,
    0.0008848830475471914,
    0.0008809067658148706,
    0.0008920729742385447,
    0.0011151859071105719,
    0.0017097739037126303,
    0.000932086433749646,
    0.0008312366553582251,
    0.000836787570733577,
    0.0008402160601690412,
    0.0008419574587605894,
    0.0008638124563731253
  ],
  "pi": [
    0.9900000095367432,
    1.01918192285666e-06,
    0.0013988896971568465,
    7.978899247973459e-07,
    7.604851930409495e-07,
    7.174486427174998e-07,
    6.714772098348476e-07,
    6.221656008165155e-07,
    5.689266231456713e-07,
    5.109635026201431e-07,
    4.4727681824952015e-07,
    3.765413794099004e-07,
    2.9673236667804304e-07,
    2.0481496676438837e-07,
    1.0937431937918518e-07,
    2.5051582269952632e-05,
    1.3222133020462934e-05,
    1.120224806072656e-05,
    1.3267916983750183e-05,
    2.3050424715620466e-05,
    6.0619189753197134e-05,
    0.00015146394434850663,
    3.035238478332758e-05,
    0.00026978927780874074,
    0.0006148148095235229,
    0.00032779708271846175,
    0.0004620275867637247,
    0.0004896209575235844,
    0.0003466876514721662,
    0.0004737632116302848,
    0.0003588884137570858,
    9.998457971960306e-05,
    1.1353840818628669e-05,
    4.032699507661164e-06,
    2.6416943001095206e-05,
    1.399289885739563e-05,
    1.113587222789647e-05,
    1.2646757568290923e-05,
    2.122623482136987e-05,
    0.00014523077697958797,
    1.8865577544602274e-07,
    2.82751642544099e-07,
    3.6423287497200363e-07,
    4.362532308732625e-07,
    5.009443952985748e-07,
    5.597927952294413e-07,
    6.13812346728082e-07,
    6.638790068791423e-07,
    7.107163355613011e-07,
    7.547800464635657e-07,
    0.0003319394600111991,
    0.001359565183520317,
    0.00044240339775569737,
    0.0001640853297431022,
    0.0004488633421715349,
    5.185071859159507e-05,
    6.50975744065363e-06,
    3.1207969186652917e-06,
    1.8046266632154584e-05,
    0.0003883461467921734,
    0.00031706728623248637,
    0.0002722319040913135,
    0.00024991275859065354,
    0.0005173489917069674
  ],
  "J": 64
}