{
  "mu": [
    0.0,
    -0.48627108335494995,
    -0.41510486602783203,
    -0.0084511274471879,
    -0.0010166913270950317,
    -0.0009604237275198102,
    -0.0009672580636106431,
    -0.0009802213171496987,
    -0.0009871789952740073,
    -0.0009881824953481555,
    -0.0009911993984133005,
    -0.0010146222775802016,
    -0.001110185869038105,
    -0.0015738627407699823,
    -0.001595855224877596,
    -0.0002923726860899478,
    -0.0004521564405877143,
    -0.0005644197226502001,
    -0.0006293427431955934,
    -0.0006722542457282543,
    -0.0007047405815683305,
    -0.0007309321663342416,
    -0.0007521725492551923,
    -0.0007688016048632562,
    -0.0007818711455911398,
    -0.000795748783275485,
    -0.000795978878159076,
    -0.0007966897683218122,
    -0.0007971875020302832,
    -0.0007838896126486361,
    -0.0007710473146289587,
    -0.0007551009766757488,
    -0.0007346085621975362,
    -0.0007092440500855446,
    -0.0006779246614314616,
    -0.000637150602415204,
    -0.0005770744755864143,
    -0.000473894557217136,
    -0.000313329859636724,
    -0.00022124839597381651,
    0.0004950401489622891,
    -0.0001475633034715429,
    -0.00026216811966151,
    -0.0002910425537265837,
    -0.00029966418514959514,
    -0.0003086308715865016,
    -0.00032622809521853924,
    -0.00035217241384088993,
    -0.00037299335235729814,
    -0.000316564051900059,
    0.34384748339653015,
    0.4679190516471863,
    0.5129932761192322,
    0.5471284985542297,
    0.5799871683120728,
    0.6259390711784363,
    0.6961241960525513,
    0.8306804299354553,
    0.7005338072776794,
    0.4114544689655304,
    0.40974411368370056,
    0.4090192914009094,
    0.4086800515651703,
    0.40855666995048523
  ],
  "sigma2": [
    0.006197628565132618,
    0.00610853498801589,
    0.0059539745561778545,
    0.005943490192294121,
    0.005736000835895538,
    0.0056234984658658504,
    0.005526114255189896,
    0.005442333873361349,
    0.0053764753974974155,
    0.005334889516234398,
    0.005324413999915123,
    0.005352412350475788,
    0.005427215248346329,
    0.005564723163843155,
    0.005651560146361589,
    0.0021050150971859694,
    0.0033269065897911787,
    0.004397344309836626,
    0.005095736123621464,
    0.005594697780907154,
    0.005978526081889868,
    0.006279984023422003,
    0.006512084044516087,
    0.006680878344923258,
    0.006791453808546066,
    0.0068509564734995365,
    0.006871135905385017,
    0.006871869787573814,
    0.006856323219835758,
    0.006804092321544886,
    0.006702106446027756,
    0.006542823277413845,
    0.006321113556623459,
    0.006031177006661892,
    0.005661820527166128,
    0.005184785928577185,
    0.004527413751929998,
    0.003527883905917406,
    0.0022597250062972307,
    0.0016118084313347936,
    0.0055946712382137775,
    0.005443522706627846,
    0.0053601739928126335,
    0.005325427278876305,
    0.005330371204763651,
    0.00536778848618269,
    0.005430767312645912,
    0.005513065494596958,
    0.005610566586256027,
    0.005726815201342106,
    0.005946623161435127,
    0.005980730056762695,
    0.006043714005500078,
    0.006098669022321701,
    0.0061445231549441814,
    0.006181298289448023,
    0.006210194900631905,
    0.006238479632884264,
    0.006248155143111944,
    0.006253007333725691,
    0.0062591140158474445,
    0.006264336407184601,
    0.006268274504691362,
    0.0062710996717214584
  ],
  "pi": [
    0.9900000095367432,
    1.1296111551928334e-05,
    1.1351208740961738e-05,
    1.0979667422361672e-05,
    1.3153204236004967e-05,
    1.3840536666975822e-05,
    1.4263067896536086e-05,
    1.4546655620506499e-05,
    1.470817096560495e-05,
    1.4712133634020574e-05,
    1.4470382666331716e-05,
    1.3816013051837217e-05,
    1.2446146683942061e-05,
    9.78333264356479e-06,
    7.804305823810864e-06,
    0.0018796368967741728,
    0.00042506647878326476,
    0.00018186381203122437,
    0.00012291876191738993,
    9.89148102235049e-05,
    8.619081199867651e-05,
    7.839810859877616e-05,
    7.325469050556421e-05,
    6.979361933190376e-05,
    6.756294897058979e-05,
    6.6322238126304e-05,
    6.587144889635965e-05,
    6.585340452147648e-05,
    6.620459316764027e-05,
    6.730371387675405e-05,
    6.936457066331059e-05,
    7.260802522068843e-05,
    7.74371437728405e-05,
    8.470443572150543e-05,
    9.638231131248176e-05,
    0.00011778675980167463,
    0.00016758314450271428,
    0.0003519291349221021,
    0.0015301847597584128,
    0.003555052448064089,
    9.147961463895626e-06,
    1.2109323506592773e-05,
    1.3635701179737225e-05,
    1.4378250853042118e-05,
    1.4670480595668778e-05,
    1.4694970559503417e-05,
    1.4548293620464392e-05,
    1.4269046914705541e-05,
    1.3836412108503282e-05,
    1.3090484571876004e-05,
    1.0154353731195442e-05,
    1.0530544386710972e-05,
    1.0633824786054902e-05,
    1.0695933269744273e-05,
    1.0735999239841476e-05,
    1.0762467354652472e-05,
    1.078160130418837e-05,
    1.0796989045047667e-05,
    1.0807177204696927e-05,
    1.0858454515982885e-05,
    1.0868897334148642e-05,
    1.0874284271267243e-05,
    1.0877794011321384e-05,
    1.0880268746404909e-05
  ],
  "J": 64
}