{
  "mu": [
    0.0,
    -0.48706144094467163,
    -0.4161766767501831,
    -0.34965449571609497,
    -0.2920723557472229,
    -0.2458299696445465,
    -0.20934437215328217,
    -0.17979924380779266,
    -0.15496687591075897,
    -0.1334754228591919,
    -0.11461632698774338,
    -0.09819792956113815,
    -0.08468268811702728,
    -0.0769345760345459,
    -0.043860357254743576,
    -0.000537384650669992,
    -0.0005518253892660141,
    -0.0005526829045265913,
    -0.000548106268979609,
    -0.0005463060806505382,
    -0.0005475832731463015,
    -0.0005493981298059225,
    -0.0005506607121787965,
    -0.0005510277696885169,
    -0.0005499892868101597,
    -0.000549735501408577,
    -0.0005469652824103832,
    -0.0005475525395013392,
    -0.0005499591352418065,
    -0.0005497419042512774,
    -0.0005509640905074775,
    -0.0005507894675247371,
    -0.0005496438243426383,
    -0.0005478090024553239,
    -0.000544700538739562,
    -0.0005380336660891771,
    -0.0005271850386634469,
    -0.0005188440554775298,
    -0.0005215950659476221,
    -0.0005250297836028039,
    0.07624335587024689,
    0.08205676078796387,
    0.09498412162065506,
    0.11103744804859161,
    0.1296040415763855,
    0.15083670616149902,
    0.17546461522579193,
    0.2049873024225235,
    0.24202291667461395,
    0.2902997136116028,
    0.3523113429546356,
    0.4239262044429779,
    0.49558815360069275,
    0.5601184368133545,
    0.6138781309127808,
    0.6551312208175659,
    0.6832799911499023,
    0.6987230777740479,
    0.7035385966300964,
    0.701813817024231,
    0.6980375051498413,
    0.6948685646057129,
    0.6929755806922913,
    0.692190945148468
  ],
  "sigma2": [
    0.019449343904852867,
    0.019075768068432808,
    0.01902472786605358,
    0.01898716762661934,
    0.01894763484597206,
    0.018875883892178535,
    0.018754685297608376,
    0.018586672842502594,
    0.018387991935014725,
    0.01818261295557022,
    0.017998626455664635,
    0.01786654070019722,
    0.017820186913013458,
    0.017919883131980896,
    0.01740383915603161,
    0.013126212172210217,
    0.013990500010550022,
    0.01476344745606184,
    0.015475530177354813,
    0.016132017597556114,
    0.016725977882742882,
    0.017245056107640266,
    0.017676180228590965,
    0.018008721992373466,
    0.018237274140119553,
    0.01836548186838627,
    0.018410542979836464,
    0.01841225102543831,
    0.018377361819148064,
    0.018264053389430046,
    0.018051890656352043,
    0.01773562654852867,
    0.017319494858384132,
    0.01681354083120823,
    0.016230586916208267,
    0.015583310276269913,
    0.01488023903220892,
    0.014118555933237076,
    0.013273032382130623,
    0.012658840045332909,
    0.017962882295250893,
    0.017825396731495857,
    0.01785457506775856,
    0.01797630824148655,
    0.018155064433813095,
    0.01836015097796917,
    0.01856234110891819,
    0.018735945224761963,
    0.018861737102270126,
    0.018933219835162163,
    0.01896621473133564,
    0.01899595744907856,
    0.019043589010834694,
    0.01910475641489029,
    0.019169652834534645,
    0.01923120953142643,
    0.019285593181848526,
    0.019331172108650208,
    0.01936757192015648,
    0.019395597279071808,
    0.019416777417063713,
    0.01943204179406166,
    0.019443053752183914,
    0.019450698047876358
  ],
  "pi": [
    0.9900000095367432,
    3.5962078982265666e-05,
    3.5854340239893645e-05,
    3.5828135878546163e-05,
    3.592268330976367e-05,
    3.613981607486494e-05,
    3.644857861218043e-05,
    3.681125963339582e-05,
    3.7192192394286394e-05,
    3.75474919565022e-05,
    3.779748294618912e-05,
    3.775757068069652e-05,
    3.690574521897361e-05,
    3.322507836855948e-05,
    5.7322788052260876e-05,
    0.0006184724625200033,
    0.0004867491079494357,
    0.00040661191451363266,
    0.00035416975151747465,
    0.0003179172636009753,
    0.0002918843529187143,
    0.0002728196850512177,
    0.0002588843344710767,
    0.0002490116166882217,
    0.00024254608433693647,
    0.00023898837389424443,
    0.0002377356286160648,
    0.00023768671962898225,
    0.0002386548148933798,
    0.00024179524916689843,
    0.0002477646339684725,
    0.0002570561191532761,
    0.00027028293698094785,
    0.0002884246059693396,
    0.0003131634439341724,
    0.00034745861194096506,
    0.0003966980439145118,
    0.000471175997518003,
    0.0005919708055444062,
    0.0007192846387624741,
    3.1820683943806216e-05,
    3.653828025562689e-05,
    3.764092252822593e-05,
    3.7766818422824144e-05,
    3.754890349227935e-05,
    3.7203550164122134e-05,
    3.682075475808233e-05,
    3.644828757387586e-05,
    3.612455475376919e-05,
    3.589358675526455e-05,
    3.57987082679756e-05,
    3.584334262995981e-05,
    3.597170871216804e-05,
    3.611862484831363e-05,
    3.6245935916667804e-05,
    3.634124368545599e-05,
    3.640678551164456e-05,
    3.645029210019857e-05,
    3.647960693342611e-05,
    3.650016515166499e-05,
    3.65150990546681e-05,
    3.652600207715295e-05,
    3.6533954698825255e-05,
    3.6539782740874216e-05
  ],
  "J": 64
}