{
  "mu": [
    0.0,
    -0.7229490280151367,
    -0.02752278745174408,
    -0.1383811980485916,
    -0.13859112560749054,
    -0.13858239352703094,
    -0.13842670619487762,
    -0.13810700178146362,
    -0.13759902119636536,
    -0.13686388731002808,
    -0.13583028316497803,
    -0.13427117466926575,
    -0.13170894980430603,
    -0.12683327496051788,
    -0.10513001680374146,
    -0.09792258590459824,
    -0.13653713464736938,
    -0.14023123681545258,
    -0.1878969371318817,
    -0.18496830761432648,
    -0.18430450558662415,
    -0.18503636121749878,
    -0.3101777732372284,
    -0.18615415692329407,
    -0.13310159742832184,
    -0.0771453008055687,
    -0.07578183710575104,
    -0.07552947849035263,
    -0.0769449919462204,
    -0.13317956030368805,
    -0.13322076201438904,
    -0.24164196848869324,
    -0.40037107467651367,
    -0.5302294492721558,
    -0.1845257431268692,
    -0.18751399219036102,
    -0.14823850989341736,
    -0.13626794517040253,
    -0.1361784189939499,
    -0.025024298578500748,
    -0.12569573521614075,
    -0.13114291429519653,
    -0.13395258784294128,
    -0.13563138246536255,
    -0.1367298662662506,
    -0.13750754296779633,
    -0.1380486935377121,
    -0.13839566707611084,
    -0.13857172429561615,
    -0.13858959078788757,
    0.07324052602052689,
    0.025661971420049667,
    0.13093768060207367,
    0.2022998034954071,
    0.14564158022403717,
    0.2774687111377716,
    0.5620235800743103,
    0.838563859462738,
    0.3746334910392761,
    0.07260066270828247,
    0.07342054694890976,
    0.07399126887321472,
    0.0742855817079544,
    0.1308402717113495
  ],
  "sigma2": [
    3.547776259438251e-06,
    0.0012452424271032214,
    0.00026291946414858103,
    0.00086195272160694,
    0.0008619551081210375,
    0.0008619572035968304,
    0.0008619588334113359,
    0.0008619600557722151,
    0.0008619617437943816,
    0.0008619637810625136,
    0.0008619670988991857,
    0.0008619679138064384,
    0.0008619679138064384,
    0.0008619744330644608,
    0.0008619876462034881,
    0.000863345863763243,
    0.0008614891557954252,
    0.0008617389830760658,
    0.0008618536521680653,
    0.0008618540596216917,
    0.0008617385756224394,
    0.0008613787358626723,
    0.0009081410826183856,
    0.0008598262793384492,
    0.0008406565175391734,
    0.000827720039524138,
    0.0008085470763035119,
    0.0008046716102398932,
    0.0008250668761320412,
    0.0008440896053798497,
    0.0008458354277536273,
    0.000876949168741703,
    0.0009397740941494703,
    0.0009592970600351691,
    0.0008618516148999333,
    0.0008618548745289445,
    0.0008620484150014818,
    0.0008614912512712181,
    0.0008612136007286608,
    0.00022642496332991868,
    0.0008619748405180871,
    0.0008619687287136912,
    0.0008619679138064384,
    0.0008619670988991857,
    0.00086196418851614,
    0.0008619620930403471,
    0.0008619604632258415,
    0.0008619588334113359,
    0.0008619572035968304,
    0.0008619551081210375,
    0.0008077655220404267,
    0.00021863137953914702,
    0.0008511014748364687,
    0.0009132300619967282,
    0.0008699674508534372,
    0.0009280763333663344,
    0.0011533194920048118,
    0.0017259015003219247,
    0.0009895028779283166,
    0.0007972789462655783,
    0.00081061472883448,
    0.0008192951208911836,
    0.0008235590648837388,
    0.0008496777154505253
  ],
  "pi": [
    0.9900000095367432,
    3.0304695428640116e-06,
    0.0012076174607500434,
    8.581392307860369e-07,
    8.182482247320877e-07,
    7.722078407823574e-07,
    7.229558605104103e-07,
    6.700790891045472e-07,
    6.129219514150464e-07,
    5.506474280991824e-07,
    4.821710604119289e-07,
    4.060771630065574e-07,
    3.2017675266615697e-07,
    2.2120771347999835e-07,
    1.1900337426595797e-07,
    2.707134626689367e-05,
    1.4002710486238357e-05,
    1.1712936611729674e-05,
    1.3281846804602537e-05,
    2.175652298319619e-05,
    5.0183054554509e-05,
    0.00010698572441469878,
    6.660061626462266e-05,
    0.0003035466361325234,
    0.0004283486632630229,
    0.0004216268134769052,
    0.0005569135537371039,
    0.0005808447021991014,
    0.0004424306971486658,
    0.0003612161672208458,
    0.0003267058345954865,
    0.0002100670535583049,
    1.908957892737817e-05,
    4.8330193749279715e-06,
    2.454153036524076e-05,
    1.3926592146162875e-05,
    1.1631098459474742e-05,
    1.3361051060201135e-05,
    2.279150976391975e-05,
    0.000152864697156474,
    2.0380454657242808e-07,
    3.051281396437844e-07,
    3.9283310115934e-07,
    4.7031258532115316e-07,
    5.398782150223269e-07,
    6.031134489603573e-07,
    6.611087997043796e-07,
    7.148119607336412e-07,
    7.649887265870348e-07,
    8.121353403112153e-07,
    0.00037388456985354424,
    0.0012439257698133588,
    0.00032770162215456367,
    0.00038628047332167625,
    0.00034384423634037375,
    0.00010205405851593241,
    6.8390513661142904e-06,
    3.2733032639953308e-06,
    2.614389632071834e-05,
    0.00042219265014864504,
    0.0003598796611186117,
    0.0003152854333166033,
    0.00029171464848332107,
    0.0003679773071780801
  ],
  "J": 64
}