{
  "mu": [
    0.0,
    -0.23683755099773407,
    -0.07901228964328766,
    -0.12669864296913147,
    -0.1265786737203598,
    -0.12629646062850952,
    -0.1258607804775238,
    -0.1252554953098297,
    -0.12445809692144394,
    -0.12342295795679092,
    -0.12206298112869263,
    -0.12009262293577194,
    -0.11682573705911636,
    -0.11003908514976501,
    -0.04314752295613289,
    -0.1163792833685875,
    -0.16261181235313416,
    -0.18453490734100342,
    -0.1889006495475769,
    -0.19007538259029388,
    -0.18999674916267395,
    -0.18994930386543274,
    -0.14470089972019196,
    -0.12613172829151154,
    -0.12247827649116516,
    -0.119228295981884,
    -0.11679338663816452,
    -0.11645256727933884,
    -0.11878415942192078,
    -0.12192115932703018,
    -0.1255050003528595,
    -0.13154467940330505,
    -0.18995389342308044,
    -0.18998685479164124,
    -0.1900656521320343,
    -0.1892809271812439,
    -0.18528714776039124,
    -0.1682959794998169,
    -0.12319154292345047,
    -1.381732772642863e-06,
    -0.10828094929456711,
    -0.11608331650495529,
    -0.11969056725502014,
    -0.12180805951356888,
    -0.12324116379022598,
    -0.12432271242141724,
    -0.12515689432621002,
    -0.12579242885112762,
    -0.12625379860401154,
    -0.12655508518218994,
    0.08890115469694138,
    0.0838221088051796,
    0.09787486493587494,
    0.14885714650154114,
    0.14880947768688202,
    0.180735245347023,
    0.44308751821517944,
    0.7301087975502014,
    0.2557286322116852,
    0.09069681912660599,
    0.09148769080638885,
    0.09246543794870377,
    0.09341085702180862,
    0.09419050067663193
  ],
  "sigma2": [
    0.0002533637161832303,
    0.006184335332363844,
    0.00023385521490126848,
    0.0008709669345989823,
    0.0008705999352969229,
    0.0008701359038241208,
    0.0008697111625224352,
    0.0008693773997947574,
    0.0008691804250702262,
    0.0008691601688042283,
    0.0008693583076819777,
    0.00086981151252985,
    0.0008705488289706409,
    0.0008715536096133292,
    0.0008752489229664207,
    0.0007272404036484659,
    0.0009703299729153514,
    0.0009476453997194767,
    0.0009363446733914316,
    0.0009277444914914668,
    0.0009166942327283323,
    0.0009055777336470783,
    0.0009214390884153545,
    0.0008832495659589767,
    0.0008421855745837092,
    0.0007938242051750422,
    0.0007497614715248346,
    0.0007430521654896438,
    0.0007862990605644882,
    0.000834640406537801,
    0.0008774176239967346,
    0.0009121398907154799,
    0.0009055271511897445,
    0.0009149695979431272,
    0.0009261435479857028,
    0.0009351412300020456,
    0.0009451624355278909,
    0.0009671763400547206,
    0.0008386014378629625,
    3.497511352179572e-05,
    0.0008717102464288473,
    0.0008706796215847135,
    0.0008698985911905766,
    0.0008694013813510537,
    0.0008691655821166933,
    0.0008691555703990161,
    0.0008693292620591819,
    0.000869642710313201,
    0.0008700541220605373,
    0.0008705094223842025,
    0.0005449075251817703,
    0.0004627139715012163,
    0.0006232024752534926,
    0.0007572622271254659,
    0.0007504074019379914,
    0.000892247015144676,
    0.0012465363834053278,
    0.0020348690450191498,
    0.0014291902771219611,
    0.0005675532738678157,
    0.000576471968088299,
    0.0005865961429663002,
    0.0005954399821348488,
    0.0006019790307618678
  ],
  "pi": [
    0.9900000095367432,
    0.00023325068468693644,
    0.0020074271596968174,
    2.1014534468122292e-06,
    2.011337301155436e-06,
    1.904046030176687e-06,
    1.7877673599286936e-06,
    1.6616249922662973e-06,
    1.5240383390846546e-06,
    1.3729173815590912e-06,
    1.205664034387155e-06,
    1.01871637525619e-06,
    8.066106715887145e-07,
    5.608072797258501e-07,
    3.2132447813637555e-07,
    6.777558155590668e-05,
    3.0155231797834858e-05,
    2.2839371013105847e-05,
    2.2806483684689738e-05,
    2.8841164748882875e-05,
    4.3405634642113e-05,
    7.010670378804207e-05,
    0.00010055423626909032,
    0.00014686801296193153,
    0.00020265088824089617,
    0.0002655369171407074,
    0.00032533457851968706,
    0.00033485156018286943,
    0.0002754637971520424,
    0.0002125515165971592,
    0.0001551681780256331,
    0.00010727540939114988,
    7.530547736678272e-05,
    4.6714623749721795e-05,
    3.044715049327351e-05,
    2.3287249860004522e-05,
    2.2399934096029028e-05,
    2.820593726937659e-05,
    5.569633503910154e-05,
    0.001175929675810039,
    5.173942554392852e-07,
    7.693245720474806e-07,
    9.860685850071604e-07,
    1.1765646377170924e-06,
    1.3466619748214725e-06,
    1.5002385680418229e-06,
    1.6400125559812295e-06,
    1.7682683619568706e-06,
    1.8868439610741916e-06,
    1.9968117612734204e-06,
    0.0003250161826144904,
    0.000357401673682034,
    0.00032273493707180023,
    0.00031348480843007565,
    0.0003230581060051918,
    0.0003248336724936962,
    1.3740688700636383e-05,
    6.296789251791779e-06,
    0.0001466883550165221,
    0.0003464943147264421,
    0.0003459226863924414,
    0.00034511633566580713,
    0.0003444635367486626,
    0.00034403393510729074
  ],
  "J": 64
}