{
  "mu": [
    0.0,
    -0.4222271144390106,
    -0.05042344704270363,
    -0.13053323328495026,
    -0.12999095022678375,
    -0.12931013107299805,
    -0.12846249341964722,
    -0.12746946513652802,
    -0.12634587287902832,
    -0.12509441375732422,
    -0.1236916035413742,
    -0.12198656052350998,
    -0.11971907317638397,
    -0.11629485338926315,
    -0.10344233363866806,
    -0.10346240550279617,
    -0.17089511454105377,
    -0.18144872784614563,
    -0.1965973973274231,
    -0.21236468851566315,
    -0.20772536098957062,
    -0.20532020926475525,
    -0.18396992981433868,
    -0.14791785180568695,
    -0.14816266298294067,
    -0.09564081579446793,
    -0.09247056394815445,
    -0.09200455993413925,
    -0.09509675204753876,
    -0.09875413030385971,
    -0.1480129361152649,
    -0.15346498787403107,
    -0.24654538929462433,
    -0.30875277519226074,
    -0.2116442620754242,
    -0.20070067048072815,
    -0.18217337131500244,
    -0.17243635654449463,
    -0.11773195117712021,
    -0.03406275063753128,
    -0.11559128761291504,
    -0.1192738264799118,
    -0.12167511880397797,
    -0.12345156818628311,
    -0.1248929351568222,
    -0.12617112696170807,
    -0.1273207813501358,
    -0.12834197282791138,
    -0.12922099232673645,
    -0.12993574142456055,
    0.0909595638513565,
    0.04622217267751694,
    0.09667470306158066,
    0.17254015803337097,
    0.14934150874614716,
    0.23164519667625427,
    0.5092331767082214,
    0.7881641387939453,
    0.32845404744148254,
    0.08960509300231934,
    0.09142885357141495,
    0.09330644458532333,
    0.09465251117944717,
    0.14932949841022491
  ],
  "sigma2": [
    3.4066528314724565e-05,
    0.0036740819923579693,
    0.00027328947908245027,
    0.0008619966683909297,
    0.0008619975415058434,
    0.0008619999280199409,
    0.0008620032458566129,
    0.0008620077860541642,
    0.000862011918798089,
    0.0008620155276730657,
    0.0008620184380561113,
    0.0008620217558927834,
    0.0008620126754976809,
    0.000861999171320349,
    0.0008619514410383999,
    0.0008328819531016052,
    0.0008633442339487374,
    0.000862751214299351,
    0.0008618824067525566,
    0.0008613848476670682,
    0.0008602761081419885,
    0.0008572852239012718,
    0.0008669808739796281,
    0.0008570914505980909,
    0.0008563096052967012,
    0.0007610130705870688,
    0.0007124750991351902,
    0.0007050138083286583,
    0.0007529587019234896,
    0.0008026345167309046,
    0.0008562863222323358,
    0.000864751695189625,
    0.000863123219460249,
    0.0008861959213390946,
    0.0008613293757662177,
    0.0008615315309725702,
    0.000862708839122206,
    0.0008631738601252437,
    0.0008602556772530079,
    8.207509381463751e-05,
    0.0008619962609373033,
    0.0008620106382295489,
    0.0008620200678706169,
    0.0008620189037173986,
    0.0008620159351266921,
    0.0008620126754976809,
    0.0008620081935077906,
    0.0008620040607638657,
    0.0008620003354735672,
    0.0008619978907518089,
    0.0007484005182050169,
    0.00023369536211248487,
    0.0008007105207070708,
    0.0008723319624550641,
    0.0008440868114121258,
    0.0010133766336366534,
    0.0012515452690422535,
    0.001763602951541543,
    0.0010115733603015542,
    0.0007311834488064051,
    0.000753985543269664,
    0.0007743083988316357,
    0.0007865518564358354,
    0.0008450078312307596
  ],
  "pi": [
    0.9900000095367432,
    2.8254644348635338e-05,
    0.0015971474349498749,
    8.537400617569801e-07,
    8.144895105033356e-07,
    7.690141501370817e-07,
    7.203017275969614e-07,
    6.679329089820385e-07,
    6.112782102718484e-07,
    5.494688366525224e-07,
    4.814424414689711e-07,
    4.057775981891609e-07,
    3.202873699592601e-07,
    2.2163284540965833e-07,
    1.1961920165504125e-07,
    2.7238906113780104e-05,
    1.373435134155443e-05,
    1.1401687515899539e-05,
    1.2579926988109946e-05,
    1.980481465579942e-05,
    4.230586637277156e-05,
    8.342970249941573e-05,
    0.00014312374696601182,
    0.00022614281624555588,
    0.0003046034253202379,
    0.00042062747525051236,
    0.0005323471850715578,
    0.0005503634456545115,
    0.0004388735396787524,
    0.00032552226912230253,
    0.00023459226940758526,
    0.0001539844088256359,
    9.717978537082672e-05,
    4.358131263870746e-05,
    2.2117159460322e-05,
    1.3133140782883856e-05,
    1.1321279998810496e-05,
    1.3076937648293097e-05,
    2.2706351956003346e-05,
    0.00012447318295016885,
    2.04262065039984e-07,
    3.052917634249752e-07,
    3.926017200228671e-07,
    4.696506721302285e-07,
    5.387738610806991e-07,
    6.015376925461169e-07,
    6.590396992578462e-07,
    7.122290526240249e-07,
    7.618647828167013e-07,
    8.084320484158525e-07,
    0.00036491898936219513,
    0.0013863042695447803,
    0.0002794287574943155,
    0.00027040872373618186,
    0.00026835952303372324,
    0.0001994829362956807,
    9.067338396562263e-06,
    4.075911419931799e-06,
    3.968786040786654e-05,
    0.00039518243283964694,
    0.0003551597474142909,
    0.00032056961208581924,
    0.0003003210877068341,
    0.00028137676417827606
  ],
  "J": 64
}