{
  "mu": [
    0.0,
    -0.22569827735424042,
    -0.1033378466963768,
    -0.018149390816688538,
    -0.010911395773291588,
    -0.008682231418788433,
    -0.007320652715861797,
    -0.006381936836987734,
    -0.00569914560765028,
    -0.005186841823160648,
    -0.0047898683696985245,
    -0.004462262615561485,
    -0.004148852080106735,
    -0.003763318993151188,
    -0.0027766565326601267,
    -0.0009736907668411732,
    -0.14872995018959045,
    -0.1557181030511856,
    -0.15712541341781616,
    -0.1586199700832367,
    -0.16032518446445465,
    -0.15836194157600403,
    -0.14794382452964783,
    -0.14090238511562347,
    -0.1370762586593628,
    -0.1341114491224289,
    -0.13182297348976135,
    -0.13148760795593262,
    -0.13370364904403687,
    -0.1365586817264557,
    -0.14019517600536346,
    -0.14641815423965454,
    -0.15710744261741638,
    -0.1604073941707611,
    -0.1588703691959381,
    -0.15729939937591553,
    -0.15596270561218262,
    -0.15092936158180237,
    -0.0042494493536651134,
    -3.427957608437282e-06,
    -0.0036871139891445637,
    -0.004092585761100054,
    -0.004411076195538044,
    -0.004733275156468153,
    -0.0051177749410271645,
    -0.005611831322312355,
    -0.0062698558904230595,
    -0.00717573519796133,
    -0.008494225330650806,
    -0.01068892702460289,
    0.11551760882139206,
    0.11513762176036835,
    0.11646408587694168,
    0.12035193294286728,
    0.1799982339143753,
    0.17957650125026703,
    0.4207293391227722,
    0.7155361771583557,
    0.2438472956418991,
    0.11710724234580994,
    0.1171906441450119,
    0.11726371943950653,
    0.11731889843940735,
    0.11735577881336212
  ],
  "sigma2": [
    0.0005484401481226087,
    0.005311638116836548,
    0.00026502402033656836,
    0.0009502344764769077,
    0.0009469502256251872,
    0.0009437240078113973,
    0.0009408676996827126,
    0.0009386545279994607,
    0.0009373341454192996,
    0.0009371491032652557,
    0.0009383215219713748,
    0.0009410202037543058,
    0.0009452751255594194,
    0.0009506682399660349,
    0.0009638178744353354,
    0.0006924241315573454,
    0.0011510279728099704,
    0.0011635457631200552,
    0.0011586673790588975,
    0.0011569273192435503,
    0.0011546213645488024,
    0.001147181959822774,
    0.0011283603962510824,
    0.0010960458312183619,
    0.0010516457259654999,
    0.0009990729158744216,
    0.0009497457649558783,
    0.0009419482666999102,
    0.0009907933417707682,
    0.00104349700268358,
    0.0010897801257669926,
    0.0011240974999964237,
    0.0011451243190094829,
    0.0011539114639163017,
    0.0011566729517653584,
    0.0011582012521103024,
    0.0011624128092080355,
    0.0011594992829486728,
    0.0008447483414784074,
    3.481969179119915e-05,
    0.00095144915394485,
    0.0009460042347200215,
    0.0009415238164365292,
    0.0009385779849253595,
    0.0009371732594445348,
    0.0009371584746986628,
    0.0009383197175338864,
    0.0009404155425727367,
    0.0009431904763914645,
    0.0009463787428103387,
    0.0006738493102602661,
    0.0006662327796220779,
    0.0006921305903233588,
    0.0007582822581753135,
    0.0008044361020438373,
    0.0008316858438774943,
    0.0013551019364967942,
    0.00198381207883358,
    0.0013427229132503271,
    0.0007040130440145731,
    0.000705529993865639,
    0.0007068547420203686,
    0.0007078510825522244,
    0.000708515290170908
  ],
  "pi": [
    0.9900000095367432,
    0.0002831602469086647,
    0.001264994964003563,
    2.7564783522393554e-06,
    2.7608059554040665e-06,
    2.6944867386191618e-06,
    2.602339009172283e-06,
    2.4852574824762996e-06,
    2.340872470085742e-06,
    2.1656446733686607e-06,
    1.955124389496632e-06,
    1.7034888060152298e-06,
    1.4015055285199196e-06,
    1.030268322210759e-06,
    6.89295120537281e-07,
    0.00011070847540395334,
    3.4835054975701496e-05,
    2.4815737560857087e-05,
    2.3330039766733535e-05,
    2.6606989194988273e-05,
    3.466512498562224e-05,
    4.8696139856474474e-05,
    6.918761209817603e-05,
    9.567939559929073e-05,
    0.00012817501556128263,
    0.00016515150491613895,
    0.00020045044948346913,
    0.00020610600768122822,
    0.0001709958742139861,
    0.00013397370639722794,
    0.00010047427349491045,
    7.300559809664264e-05,
    5.150536526343785e-05,
    3.6438523238757625e-05,
    2.751224565145094e-05,
    2.3532009436166845e-05,
    2.4150702301994897e-05,
    3.220513099222444e-05,
    7.632668712176383e-05,
    0.003974281717091799,
    9.61294290391379e-07,
    1.3466249129123753e-06,
    1.6578354689045227e-06,
    1.916555675052223e-06,
    2.1329910850909073e-06,
    2.313291588507127e-06,
    2.462065822328441e-06,
    2.582970410003327e-06,
    2.678385044418974e-06,
    2.7466485335025936e-06,
    0.00021098469733260572,
    0.00022229405294638127,
    0.00021369318710640073,
    0.0001867757528088987,
    0.00018125366477761418,
    0.00018167411326430738,
    1.698284177109599e-05,
    8.014380910026375e-06,
    0.00015514962433371693,
    0.00022729193733539432,
    0.0002274305297760293,
    0.00022740819258615375,
    0.00022736459504812956,
    0.0002273336867801845
  ],
  "J": 64
}