{
  "mu": [
    0.0,
    -0.6955071091651917,
    -0.0305181797593832,
    -0.1417115181684494,
    -0.1415078490972519,
    -0.141179159283638,
    -0.14068950712680817,
    -0.14001989364624023,
    -0.13913707435131073,
    -0.13799184560775757,
    -0.13649378716945648,
    -0.13435575366020203,
    -0.131015807390213,
    -0.12506167590618134,
    -0.10373704880475998,
    -0.09295313060283661,
    -0.14238445460796356,
    -0.15015146136283875,
    -0.19788986444473267,
    -0.1967381238937378,
    -0.1898895651102066,
    -0.18397077918052673,
    -0.29063859581947327,
    -0.17675550282001495,
    -0.13413940370082855,
    -0.08181730657815933,
    -0.07755351066589355,
    -0.07699529081583023,
    -0.08099208027124405,
    -0.13421963155269623,
    -0.13427622616291046,
    -0.2303951233625412,
    -0.3807947039604187,
    -0.5026189684867859,
    -0.19615688920021057,
    -0.19781117141246796,
    -0.1552976816892624,
    -0.1421300768852234,
    -0.1388373076915741,
    -0.024473076686263084,
    -0.12374287843704224,
    -0.130299374461174,
    -0.13393062353134155,
    -0.13621483743190765,
    -0.13779209554195404,
    -0.13898874819278717,
    -0.13991226255893707,
    -0.14061670005321503,
    -0.14113560318946838,
    -0.14148978888988495,
    0.07490421831607819,
    0.027853652834892273,
    0.13527780771255493,
    0.1998761147260666,
    0.13812226057052612,
    0.27494075894355774,
    0.5533896684646606,
    0.8335201740264893,
    0.369633287191391,
    0.07406190037727356,
    0.07513301819562912,
    0.07584366202354431,
    0.07619131356477737,
    0.13189443945884705
  ],
  "sigma2": [
    4.410876499605365e-06,
    0.0013117814669385552,
    0.00028830181690864265,
    0.0008619613363407552,
    0.0008619617437943816,
    0.0008619613363407552,
    0.0008619617437943816,
    0.0008619609288871288,
    0.0008619609288871288,
    0.0008619617437943816,
    0.0008619625587016344,
    0.0008619629661552608,
    0.0008619666914455593,
    0.0008619728032499552,
    0.0008619876462034881,
    0.0008626417838968337,
    0.0008617410785518587,
    0.0008621429442428052,
    0.0008621914894320071,
    0.0008622720488347113,
    0.0008620073203928769,
    0.00086125050438568,
    0.0009362736600451171,
    0.0008629478979855776,
    0.0008381768711842597,
    0.0008397771161980927,
    0.0008145408937707543,
    0.0008094825898297131,
    0.000836305262055248,
    0.0008417611825279891,
    0.0008439672528766096,
    0.0008428858127444983,
    0.0009442169102840126,
    0.0009796645026654005,
    0.0008622831664979458,
    0.0008622005116194487,
    0.0008622531895525753,
    0.0008617324056103826,
    0.0008612279780209064,
    0.00019643815176095814,
    0.0008619748405180871,
    0.0008619679138064384,
    0.0008619633736088872,
    0.0008619625587016344,
    0.0008619617437943816,
    0.0008619613363407552,
    0.0008619613363407552,
    0.0008619617437943816,
    0.0008619617437943816,
    0.0008619617437943816,
    0.0008068454917520285,
    0.0002297036990057677,
    0.0008646428468637168,
    0.0009081384632736444,
    0.0008668270311318338,
    0.0009077038266696036,
    0.001168257324025035,
    0.0017359877238050103,
    0.0009706859127618372,
    0.0007942058728076518,
    0.0008101757266558707,
    0.0008202376193366945,
    0.000825005117803812,
    0.0008608560310676694
  ],
  "pi": [
    0.9900000095367432,
    3.9264914448722266e-06,
    0.0012005704920738935,
    8.655461556372757e-07,
    8.253816190517682e-07,
    7.789923301970703e-07,
    7.2935080197567e-07,
    6.760409974049253e-07,
    6.184075118653709e-07,
    5.556018436436716e-07,
    4.8653458861736e-07,
    4.097802275282447e-07,
    3.231338325804245e-07,
    2.233118152616953e-07,
    1.202984662995732e-07,
    2.7385782232158817e-05,
    1.4080159417062532e-05,
    1.1754225852200761e-05,
    1.3299118108989205e-05,
    2.1634899894706905e-05,
    4.918172271572985e-05,
    0.00010327344352845103,
    9.179828339256346e-05,
    0.00028781918808817863,
    0.0004001676570624113,
    0.0004382324987091124,
    0.0005774928722530603,
    0.0006019103457219899,
    0.00045974727254360914,
    0.0003422544396016747,
    0.00030594307463616133,
    0.0002042907872237265,
    2.445606151013635e-05,
    6.242303697945317e-06,
    2.4359145754715428e-05,
    1.3935146853327751e-05,
    1.1678023838612717e-05,
    1.3427881640382111e-05,
    2.2982767404755577e-05,
    0.00015204097144305706,
    2.0575687642576668e-07,
    3.0795493444202293e-07,
    3.964206882756116e-07,
    4.7457359642066876e-07,
    5.44740771601937e-07,
    6.085155064283754e-07,
    6.669963568128878e-07,
    7.211399406514829e-07,
    7.717152357145096e-07,
    8.192201335077698e-07,
    0.0003790261980611831,
    0.0012219034833833575,
    0.0003204747335985303,
    0.00039809386362321675,
    0.0003369443293195218,
    0.00010276817192789167,
    7.155662387958728e-06,
    3.384964884389774e-06,
    2.6537874873611145e-05,
    0.0004264867166057229,
    0.00036511471262201667,
    0.0003205263055860996,
    0.0002967922482639551,
    0.0003587758110370487
  ],
  "J": 64
}