{
  "mu": [
    0.0,
    -0.7780117392539978,
    -0.02572900801897049,
    -0.1353599727153778,
    -0.1355777382850647,
    -0.13571496307849884,
    -0.13580717146396637,
    -0.13582836091518402,
    -0.13575313985347748,
    -0.1355489045381546,
    -0.13517218828201294,
    -0.13450390100479126,
    -0.13327667117118835,
    -0.130692720413208,
    -0.11046972125768661,
    -0.13049978017807007,
    -0.134796142578125,
    -0.13476744294166565,
    -0.18112963438034058,
    -0.18083779513835907,
    -0.18070903420448303,
    -0.18062853813171387,
    -0.3385399281978607,
    -0.20420566201210022,
    -0.1336113065481186,
    -0.07638388127088547,
    -0.07527636736631393,
    -0.07506320625543594,
    -0.0762232318520546,
    -0.13371773064136505,
    -0.13375690579414368,
    -0.26568371057510376,
    -0.42960551381111145,
    -0.5655738115310669,
    -0.18079808354377747,
    -0.18108364939689636,
    -0.13490860164165497,
    -0.1347813606262207,
    -0.13488511741161346,
    -0.06357387453317642,
    -0.13004560768604279,
    -0.13299182057380676,
    -0.13435813784599304,
    -0.13509203493595123,
    -0.13550478219985962,
    -0.1357320249080658,
    -0.1358240842819214,
    -0.135813370347023,
    -0.13572588562965393,
    -0.1355840116739273,
    0.07452989369630814,
    0.02579687163233757,
    0.1326540857553482,
    0.2359970360994339,
    0.18358692526817322,
    0.30529099702835083,
    0.5822211503982544,
    0.8588972091674805,
    0.39566677808761597,
    0.07406562566757202,
    0.07465680688619614,
    0.07505058497190475,
    0.0752490758895874,
    0.13256405293941498
  ],
  "sigma2": [
    2.5370729872520315e-06,
    0.0012052130186930299,
    0.00022959968191571534,
    0.0008619826985523105,
    0.0008619835134595633,
    0.0008619839209131896,
    0.000861984328366816,
    0.0008619847940281034,
    0.0008619847940281034,
    0.0008619847940281034,
    0.0008619847940281034,
    0.0008619839209131896,
    0.0008619826985523105,
    0.0008619839209131896,
    0.0008619876462034881,
    0.0008614715188741684,
    0.0008618955034762621,
    0.0008619066211394966,
    0.000861499400343746,
    0.0008611503290012479,
    0.0008598984568379819,
    0.0008571118814870715,
    0.0009081822354346514,
    0.0008800431387498975,
    0.0008573845261707902,
    0.0008239494636654854,
    0.0008075480000115931,
    0.0008043026318773627,
    0.0008216116111725569,
    0.0008582955342717469,
    0.0008586483891122043,
    0.000899122329428792,
    0.0009278148063458502,
    0.0009704869007691741,
    0.0008610333898104727,
    0.0008614719263277948,
    0.0008619119762443006,
    0.0008618980064056814,
    0.0008618272840976715,
    0.0004030224517919123,
    0.0008619831060059369,
    0.0008619818254373968,
    0.0008619839209131896,
    0.0008619847940281034,
    0.0008619847940281034,
    0.0008619847940281034,
    0.0008619847940281034,
    0.0008619847940281034,
    0.000861984328366816,
    0.0008619835134595633,
    0.0008182769524864852,
    0.00024167167430277914,
    0.0008511193445883691,
    0.000885648827534169,
    0.000834242906421423,
    0.0008961292332969606,
    0.0011161748552694917,
    0.0017152688233181834,
    0.0009856654796749353,
    0.0008109614718705416,
    0.0008202489698305726,
    0.0008263397612608969,
    0.0008293885039165616,
    0.0008491511689499021
  ],
  "pi": [
    0.9900000095367432,
    1.5395968375742086e-06,
    0.0013802227331325412,
    8.210724331547681e-07,
    7.828230081941001e-07,
    7.387168921013654e-07,
    6.91548166287248e-07,
    6.409233037629747e-07,
    5.862179364157782e-07,
    5.26623352925526e-07,
    4.611051167557889e-07,
    3.883023964590393e-07,
    3.061179256746982e-07,
    2.1142200523627253e-07,
    1.1334101657212159e-07,
    2.578581916168332e-05,
    1.344551219517598e-05,
    1.1280491889920086e-05,
    1.3326121006684843e-05,
    2.2609165171161294e-05,
    5.625108678941615e-05,
    0.000130938584334217,
    4.760589945362881e-05,
    0.0003852679510600865,
    0.0004494028107728809,
    0.0003603124641813338,
    0.00048533218796364963,
    0.0005085504963062704,
    0.00037899299059063196,
    0.0003721354005392641,
    0.000341018516337499,
    0.00018556465511210263,
    1.619754584680777e-05,
    4.1332664295623545e-06,
    2.5741863282746635e-05,
    1.4022106370248366e-05,
    1.1198740139661822e-05,
    1.2836845598940272e-05,
    2.1812784325447865e-05,
    0.00014571996871381998,
    1.9476941304219508e-07,
    2.9171977189434983e-07,
    3.756305204660748e-07,
    4.49760449328096e-07,
    5.163176979294803e-07,
    5.768284268015123e-07,
    6.323390380202909e-07,
    6.837518640168128e-07,
    7.318044481507968e-07,
    7.769704097881913e-07,
    0.00034545297967270017,
    0.0013220689725130796,
    0.00041790399700403214,
    0.0002028533344855532,
    0.000410628505051136,
    6.98281655786559e-05,
    6.503539680124959e-06,
    3.158461368002463e-06,
    2.287645111209713e-05,
    0.00039462046697735786,
    0.0003317635855637491,
    0.000288876035483554,
    0.0002667075605131686,
    0.00048401433741673827
  ],
  "J": 64
}