{
  "mu": [
    0.0,
    -0.6905332207679749,
    -0.6635547280311584,
    -0.6365761756896973,
    -0.6095976829528809,
    -0.5826191902160645,
    -0.555640697479248,
    -0.5286622047424316,
    -0.5016836524009705,
    -0.47470515966415405,
    -0.44772666692733765,
    -0.42074814438819885,
    -0.39376962184906006,
    -0.36679112911224365,
    -0.33981263637542725,
    -0.31283411383628845,
    -0.28585559129714966,
    -0.25887709856033325,
    -0.23189859092235565,
    -0.20492008328437805,
    -0.17794157564640045,
    -0.15096306800842285,
    -0.12398456037044525,
    -0.09700605273246765,
    -0.07002754509449005,
    -0.04304903745651245,
    -0.01607052981853485,
    0.010907977819442749,
    0.03788648545742035,
    0.06486499309539795,
    0.09184350073337555,
    0.11882200837135315,
    0.14580054581165314,
    0.17277905344963074,
    0.19975756108760834,
    0.22673606872558594,
    0.25371456146240234,
    0.28069308400154114,
    0.30767160654067993,
    0.33465009927749634,
    0.36162859201431274,
    0.38860711455345154,
    0.41558563709259033,
    0.44256412982940674,
    0.46954262256622314,
    0.49652114510536194,
    0.5234996676445007,
    0.5504781603813171,
    0.5774566531181335,
    0.6044352054595947,
    0.6314136981964111,
    0.6583921909332275,
    0.685370683670044,
    0.7123491764068604,
    0.7393277287483215,
    0.7663062214851379,
    0.7932847142219543,
    0.8202632665634155,
    0.8472417593002319,
    0.8742202520370483,
    0.9011987447738647,
    0.9281772375106812,
    0.9551557898521423,
    0.9821342825889587
  ],
  "sigma2": [
    0.0625,
    0.0625,
    0.0625,
    0.0625,
    0.0625,
    0.0625,
    0.0625,
    0.0625,
    0.0625,
    0.0625,
    0.0625,
    0.0625,
    0.0625,
    0.0625,
    0.0625,
    0.0625,
    0.0625,
    0.0625,
    0.0625,
    0.0625,
    0.0625,
    0.0625,
    0.0625,
    0.0625,
    0.0625,
    0.0625,
    0.0625,
    0.0625,
    0.0625,
    0.0625,
    0.0625,
    0.0625,
    0.0625,
    0.0625,
    0.0625,
    0.0625,
    0.0625,
    0.0625,
    0.0625,
    0.0625,
    0.0625,
    0.0625,
    0.0625,
    0.0625,
    0.0625,
    0.0625,
    0.0625,
    0.0625,
    0.0625,
    0.0625,
    0.0625,
    0.0625,
    0.0625,
    0.0625,
    0.0625,
    0.0625,
    0.0625,
    0.0625,
    0.0625,
    0.0625,
    0.0625,
    0.0625,
    0.0625,
    0.0625
  ],
  "pi": [
    0.9900000095367432,
    0.00015873016673140228,
    0.00015873016673140228,
    0.00015873016673140228,
    0.00015873016673140228,
    0.00015873016673140228,
    0.00015873016673140228,
    0.00015873016673140228,
    0.00015873016673140228,
    0.00015873016673140228,
    0.00015873016673140228,
    0.00015873016673140228,
    0.00015873016673140228,
    0.00015873016673140228,
    0.00015873016673140228,
    0.00015873016673140228,
    0.00015873016673140228,
    0.00015873016673140228,
    0.00015873016673140228,
    0.00015873016673140228,
    0.00015873016673140228,
    0.00015873016673140228,
    0.00015873016673140228,
    0.00015873016673140228,
    0.00015873016673140228,
    0.00015873016673140228,
    0.00015873016673140228,
    0.00015873016673140228,
    0.00015873016673140228,
    0.00015873016673140228,
    0.00015873016673140228,
    0.00015873016673140228,
    0.00015873016673140228,
    0.00015873016673140228,
    0.00015873016673140228,
    0.00015873016673140228,
    0.00015873016673140228,
    0.00015873016673140228,
    0.00015873016673140228,
    0.00015873016673140228,
    0.00015873016673140228,
    0.00015873016673140228,
    0.00015873016673140228,
    0.00015873016673140228,
    0.00015873016673140228,
    0.00015873016673140228,
    0.00015873016673140228,
    0.00015873016673140228,
    0.00015873016673140228,
    0.00015873016673140228,
    0.00015873016673140228,
    0.00015873016673140228,
    0.00015873016673140228,
    0.00015873016673140228,
    0.00015873016673140228,
    0.00015873016673140228,
    0.00015873016673140228,
    0.00015873016673140228,
    0.00015873016673140228,
    0.00015873016673140228,
    0.00015873016673140228,
    0.00015873016673140228,
    0.00015873016673140228,
    0.00015873016673140228
  ],
  "J": 64
}