{
  "mu": [
    0.0,
    -0.7280194163322449,
    -0.025495627894997597,
    -0.13589249551296234,
    -0.13620911538600922,
    -0.13636326789855957,
    -0.13642995059490204,
    -0.13638503849506378,
    -0.13620133697986603,
    -0.13584071397781372,
    -0.1352398693561554,
    -0.13421843945980072,
    -0.1323656439781189,
    -0.128474622964859,
    -0.10636189579963684,
    -0.10479255765676498,
    -0.134573295712471,
    -0.13486577570438385,
    -0.18845130503177643,
    -0.18881992995738983,
    -0.18964558839797974,
    -0.19090266525745392,
    -0.3212192952632904,
    -0.19558995962142944,
    -0.1345585733652115,
    -0.0756211057305336,
    -0.07450955361127853,
    -0.07430680096149445,
    -0.07545328885316849,
    -0.1346830129623413,
    -0.1347302943468094,
    -0.2543298900127411,
    -0.408021479845047,
    -0.5301512479782104,
    -0.1889778971672058,
    -0.18844479322433472,
    -0.13633763790130615,
    -0.13450933992862701,
    -0.1348065584897995,
    -0.027134010568261147,
    -0.12751057744026184,
    -0.1319357007741928,
    -0.13399794697761536,
    -0.13511599600315094,
    -0.13576769828796387,
    -0.13616099953651428,
    -0.13636796176433563,
    -0.1364300549030304,
    -0.1363731473684311,
    -0.13621602952480316,
    0.073660708963871,
    0.025022050365805626,
    0.1296800673007965,
    0.20817764103412628,
    0.15552237629890442,
    0.2841697931289673,
    0.5654203295707703,
    0.8431413173675537,
    0.38130298256874084,
    0.07284075766801834,
    0.07389134913682938,
    0.07462917268276215,
    0.07501362264156342,
    0.1296045333147049
  ],
  "sigma2": [
    3.020613576154574e-06,
    0.0012603085488080978,
    0.000245663890382275,
    0.0008619572035968304,
    0.0008619584259577096,
    0.0008619600557722151,
    0.0008619617437943816,
    0.00086196418851614,
    0.0008619658183306456,
    0.0008619683212600648,
    0.0008619703585281968,
    0.000861971580889076,
    0.0008619736763648689,
    0.0008619748405180871,
    0.0008619876462034881,
    0.0008633356192149222,
    0.0008614485268481076,
    0.0008615483529865742,
    0.0008621191955171525,
    0.0008621964952908456,
    0.0008624406764283776,
    0.0008628512150608003,
    0.0009028290514834225,
    0.0008627372444607317,
    0.0008442546240985394,
    0.0008158037671819329,
    0.0007958959322422743,
    0.0007920683128759265,
    0.0008129270863719285,
    0.0008473173365928233,
    0.000848635914735496,
    0.00088043900905177,
    0.0009289547451771796,
    0.0009452043450437486,
    0.0008622203022241592,
    0.0008621253073215485,
    0.0008615819970145822,
    0.0008614736143499613,
    0.0008610780932940543,
    0.000262042332906276,
    0.0008619757136330009,
    0.0008619740838184953,
    0.0008619719883427024,
    0.0008619703585281968,
    0.0008619687287136912,
    0.000861966225784272,
    0.0008619645959697664,
    0.0008619620930403471,
    0.0008619600557722151,
    0.0008619584259577096,
    0.0008200154989026487,
    0.00023226847406476736,
    0.0008478152449242771,
    0.0009179443586617708,
    0.0008663274929858744,
    0.0009182428475469351,
    0.0011321945348754525,
    0.0017318050377070904,
    0.0009479138534516096,
    0.0008120356942526996,
    0.0008221230236813426,
    0.0008285954827442765,
    0.0008317528408952057,
    0.0008458080119453371
  ],
  "pi": [
    0.9900000095367432,
    2.443050334477448e-06,
    0.0012057505082339048,
    8.448819812656438e-07,
    8.055310445342911e-07,
    7.60153398005059e-07,
    7.116213964764029e-07,
    6.595342370019353e-07,
    6.032432793290354e-07,
    5.41922133834305e-07,
    4.7450339479837567e-07,
    3.995909594323166e-07,
    3.1502662523053004e-07,
    2.1759845481028606e-07,
    1.1690763557226092e-07,
    2.6582900318317115e-05,
    1.3829620911565144e-05,
    1.1598714081628714e-05,
    1.3137048881617375e-05,
    2.1616964659187943e-05,
    5.033220804762095e-05,
    0.00010842618939932436,
    5.404519833973609e-05,
    0.0003117474552709609,
    0.0004572113393805921,
    0.0004152641340624541,
    0.000552609795704484,
    0.0005773179582320154,
    0.00043616810580715537,
    0.0003795254451688379,
    0.0003476978454273194,
    0.00017511265468783677,
    1.7157773982034996e-05,
    4.385832653497346e-06,
    2.4412878701696172e-05,
    1.3781097550236154e-05,
    1.1514170182636008e-05,
    1.3202717127569485e-05,
    2.2444330170401372e-05,
    0.00015051462105475366,
    2.0046644522153656e-07,
    3.002125765760866e-07,
    3.8655221601402445e-07,
    4.628290639629995e-07,
    5.313190172273607e-07,
    5.935836497883429e-07,
    6.506991212518187e-07,
    7.036005058580486e-07,
    7.530408083766815e-07,
    7.995082569323131e-07,
    0.00036549835931509733,
    0.0012840772978961468,
    0.00034182172385044396,
    0.0003503065090626478,
    0.00035469685099087656,
    9.598596807336435e-05,
    6.74291186442133e-06,
    3.252038368373178e-06,
    2.4571798348915763e-05,
    0.0004141089739277959,
    0.0003515600401442498,
    0.00030742789385840297,
    0.0002842547546606511,
    0.0003860318101942539
  ],
  "J": 64
}