{
  "mu": [
    0.0,
    -0.7954093217849731,
    -0.027510663494467735,
    -0.13409148156642914,
    -0.13395263254642487,
    -0.1338488757610321,
    -0.13374555110931396,
    -0.13364443182945251,
    -0.13354404270648956,
    -0.13344311714172363,
    -0.13333262503147125,
    -0.13318273425102234,
    -0.13291646540164948,
    -0.13223372399806976,
    -0.1205330491065979,
    -0.13418753445148468,
    -0.1346871554851532,
    -0.13479763269424438,
    -0.1883534938097,
    -0.18951651453971863,
    -0.1901577115058899,
    -0.1902383267879486,
    -0.3792591094970703,
    -0.24931566417217255,
    -0.13453267514705658,
    -0.0773482695221901,
    -0.07638504356145859,
    -0.07618953287601471,
    -0.0772116482257843,
    -0.13463784754276276,
    -0.19004595279693604,
    -0.3085673749446869,
    -0.46346384286880493,
    -0.5893635749816895,
    -0.1896834373474121,
    -0.1885349005460739,
    -0.13480770587921143,
    -0.134710431098938,
    -0.13432006537914276,
    -0.06830278784036636,
    -0.13203375041484833,
    -0.1328503042459488,
    -0.13315188884735107,
    -0.13331370055675507,
    -0.13342738151550293,
    -0.13352960348129272,
    -0.13363052904605865,
    -0.13373306393623352,
    -0.13383848965168,
    -0.13394738733768463,
    0.0772920548915863,
    0.027197852730751038,
    0.13762877881526947,
    0.25710710883140564,
    0.19586612284183502,
    0.32841527462005615,
    0.5975522994995117,
    0.8800477981567383,
    0.41316601634025574,
    0.07691756635904312,
    0.07739023864269257,
    0.07769090682268143,
    0.07783934473991394,
    0.1376129537820816
  ],
  "sigma2": [
    2.5038041258085286e-06,
    0.0012225969694554806,
    0.0002710270055104047,
    0.0008619666914455593,
    0.0008619674481451511,
    0.0008619687287136912,
    0.0008619699510745704,
    0.0008619711734354496,
    0.0008619719883427024,
    0.0008619732107035816,
    0.0008619744330644608,
    0.0008619760628789663,
    0.0008619785658083856,
    0.0008619797881692648,
    0.0008619847940281034,
    0.0008614365942776203,
    0.0008616629638709128,
    0.0008617114508524537,
    0.0008621240849606693,
    0.000862245331518352,
    0.0008627026691101491,
    0.0008638075087219477,
    0.0008757286123000085,
    0.0008664525812491775,
    0.0008468944579362869,
    0.000833850004710257,
    0.0008201961754821241,
    0.0008173086680471897,
    0.0008319777552969754,
    0.000850378128234297,
    0.0008666497305966914,
    0.0008612842066213489,
    0.000893173273652792,
    0.0009594607399776578,
    0.000862287764903158,
    0.0008621331653557718,
    0.0008617143612354994,
    0.0008616753038950264,
    0.0008615044062025845,
    0.0006237355410121381,
    0.0008619806612841785,
    0.000861978973262012,
    0.0008619765285402536,
    0.0008619744330644608,
    0.0008619736763648689,
    0.0008619719883427024,
    0.0008619711734354496,
    0.0008619699510745704,
    0.0008619687287136912,
    0.0008619679138064384,
    0.0008405915577895939,
    0.000290984520688653,
    0.0008621495799161494,
    0.000876753474585712,
    0.000863369379658252,
    0.0008957562386058271,
    0.0011266572400927544,
    0.0016943631926551461,
    0.0009497022838331759,
    0.0008359934436157346,
    0.0008417287026531994,
    0.0008451798930764198,
    0.0008467938750982285,
    0.0008620336302556098
  ],
  "pi": [
    0.9900000095367432,
    1.0356800430599833e-06,
    0.0013970620930194855,
    7.994312909431756e-07,
    7.619497637278982e-07,
    7.188287440840213e-07,
    6.727640311510186e-07,
    6.233563567548117e-07,
    5.700123892893316e-07,
    5.119374009154853e-07,
    4.481261157707195e-07,
    3.7725422430412436e-07,
    2.972895742914261e-07,
    2.052001377705892e-07,
    1.096138788625467e-07,
    2.5100393031607382e-05,
    1.3251156815385912e-05,
    1.1228948096686509e-05,
    1.3252047210698947e-05,
    2.2971629732637666e-05,
    6.0094436776125804e-05,
    0.00014915139763616025,
    3.0651157430838794e-05,
    0.0002567329502198845,
    0.0006178570911288261,
    0.00033469655318185687,
    0.000464993849163875,
    0.000490939652081579,
    0.0003533847047947347,
    0.0004762624157592654,
    0.0003526938962750137,
    9.291075548389927e-05,
    1.0887034477491397e-05,
    4.041306965518743e-06,
    2.6309799068258144e-05,
    1.3973191016702913e-05,
    1.116269595513586e-05,
    1.2674977369897533e-05,
    2.126833533111494e-05,
    0.00014484523853752762,
    1.890102225843293e-07,
    2.8328452117420966e-07,
    3.6492201616056263e-07,
    4.3708112684726075e-07,
    5.018980004933837e-07,
    5.608610536000924e-07,
    6.149875844130293e-07,
    6.651509920629906e-07,
    7.120834197849035e-07,
    7.562337032140931e-07,
    0.0003346199227962643,
    0.001362900249660015,
    0.0004289129574317485,
    0.00017652689712122083,
    0.00045215271529741585,
    5.67019815207459e-05,
    6.557634151249658e-06,
    3.117205551461666e-06,
    1.964370130735915e-05,
    0.00038990340544842184,
    0.00031989027047529817,
    0.0002752474101725966,
    0.00025288673350587487,
    0.00050032400758937
  ],
  "J": 64
}