{
  "mu": [
    0.0,
    -0.302207350730896,
    -0.05748680233955383,
    -0.12261617928743362,
    -0.12307336181402206,
    -0.12316875159740448,
    -0.12310333549976349,
    -0.12288495153188705,
    -0.12252221256494522,
    -0.12201085686683655,
    -0.12132607400417328,
    -0.12035268545150757,
    -0.11883439123630524,
    -0.11612367630004883,
    -0.10251857340335846,
    -0.10732070356607437,
    -0.17026497423648834,
    -0.17416295409202576,
    -0.17736048996448517,
    -0.22801613807678223,
    -0.2362503558397293,
    -0.17757658660411835,
    -0.16967304050922394,
    -0.15536415576934814,
    -0.10626692324876785,
    -0.10248368233442307,
    -0.09948639571666718,
    -0.09907075762748718,
    -0.10194205492734909,
    -0.10563457012176514,
    -0.15474525094032288,
    -0.16284286975860596,
    -0.1791270524263382,
    -0.23716594278812408,
    -0.23472219705581665,
    -0.1785636991262436,
    -0.17431630194187164,
    -0.17106787860393524,
    -0.11601021140813828,
    -1.344582506135339e-05,
    -0.11551111936569214,
    -0.11850866675376892,
    -0.12015829980373383,
    -0.12119795382022858,
    -0.12191875278949738,
    -0.12245616316795349,
    -0.12284141033887863,
    -0.12307962030172348,
    -0.12316101044416428,
    -0.12306469678878784,
    0.0865265354514122,
    0.053369466215372086,
    0.10046622157096863,
    0.15276290476322174,
    0.13216643035411835,
    0.21184810996055603,
    0.48176681995391846,
    0.7637000679969788,
    0.30275410413742065,
    0.0851936936378479,
    0.08802147209644318,
    0.09184546023607254,
    0.09547846019268036,
    0.1532362848520279
  ],
  "sigma2": [
    7.578958320664242e-05,
    0.005749314092099667,
    0.0002455287321936339,
    0.0008620842127129436,
    0.0008620854932814837,
    0.0008620797307230532,
    0.0008620739681646228,
    0.0008620661101303995,
    0.000862058368511498,
    0.0008620488806627691,
    0.0008620389853604138,
    0.0008620282751508057,
    0.0008620126754976809,
    0.000861999171320349,
    0.0008619058644399047,
    0.0007953689782880247,
    0.0008708963287062943,
    0.0008662510081194341,
    0.0008655994897708297,
    0.0008640328887850046,
    0.0008594741811975837,
    0.000864289584569633,
    0.0008633175166323781,
    0.0008569570491090417,
    0.0007940866053104401,
    0.0007496588514186442,
    0.0007066359976306558,
    0.000700069242157042,
    0.0007424160721711814,
    0.0007873759022913873,
    0.0008577194530516863,
    0.0008614592370577157,
    0.0008643707842566073,
    0.0008605559705756605,
    0.0008633002289570868,
    0.0008656696300022304,
    0.0008659817976877093,
    0.0008694532443769276,
    0.0008522519492544234,
    5.744608642999083e-05,
    0.0008619962609373033,
    0.0008620106382295489,
    0.0008620258886367083,
    0.0008620373555459082,
    0.0008620472508482635,
    0.0008620570879429579,
    0.0008620648877695203,
    0.0008620727458037436,
    0.0008620792650617659,
    0.0008620838052593172,
    0.0006282218382693827,
    0.00019555888138711452,
    0.0008166246116161346,
    0.0008499614195898175,
    0.0008648828370496631,
    0.0009772342164069414,
    0.0012072905665263534,
    0.0019261895213276148,
    0.0010862154886126518,
    0.000607875466812402,
    0.0006504502380266786,
    0.0007047657272778451,
    0.0007537349592894316,
    0.0008415741613134742
  ],
  "pi": [
    0.9900000095367432,
    9.128268720814958e-05,
    0.0018882463918998837,
    1.1410105571485474e-06,
    1.0893103308262653e-06,
    1.0290947329849587e-06,
    9.64431478678307e-07,
    8.947843639361963e-07,
    8.193020448743482e-07,
    7.368230967585987e-07,
    6.459359838117962e-07,
    5.447250259749126e-07,
    4.302575860037905e-07,
    2.980060003210383e-07,
    1.6127597746162792e-07,
    3.6503872252069414e-05,
    1.7860225852928124e-05,
    1.4488016859104391e-05,
    1.5535615602857433e-05,
    2.267967829538975e-05,
    4.351815005065873e-05,
    8.072052150964737e-05,
    0.00013154321641195565,
    0.00019984380924142897,
    0.0002807840355671942,
    0.0003763671556953341,
    0.00046753836795687675,
    0.00048196225543506444,
    0.0003915051929652691,
    0.00029586159507744014,
    0.0002070603077299893,
    0.00014037275104783475,
    8.90363662620075e-05,
    4.808169978787191e-05,
    2.4980379748740233e-05,
    1.6099946151371114e-05,
    1.4339287190523464e-05,
    1.693306512606796e-05,
    3.033280336239841e-05,
    0.00023750592663418502,
    2.7470258601169917e-07,
    4.1016838281393575e-07,
    5.270902647680487e-07,
    6.301661414909177e-07,
    7.225393119369983e-07,
    8.063038308137038e-07,
    8.829343869365402e-07,
    9.536919378660969e-07,
    1.0195868753726245e-06,
    1.081264144886518e-06,
    0.0003503796469885856,
    0.0011372901499271393,
    0.00028743338771164417,
    0.0002848373260349035,
    0.0002865004353225231,
    0.0002642711333464831,
    1.0070674761664122e-05,
    4.665173946705181e-06,
    5.929551844019443e-05,
    0.0003732212935574353,
    0.00034480143222026527,
    0.00031963575747795403,
    0.0003046721685677767,
    0.0002958789118565619
  ],
  "J": 64
}