{
  "mu": [
    0.0,
    -0.3504736125469208,
    -0.05225098878145218,
    -0.1293099969625473,
    -0.1289779096841812,
    -0.12846963107585907,
    -0.12780119478702545,
    -0.12699054181575775,
    -0.12604911625385284,
    -0.1249760165810585,
    -0.12374483048915863,
    -0.12220954895019531,
    -0.12010589241981506,
    -0.11680741608142853,
    -0.1033613309264183,
    -0.10626725852489471,
    -0.1683756560087204,
    -0.17389042675495148,
    -0.18375201523303986,
    -0.22075998783111572,
    -0.22133833169937134,
    -0.18622025847434998,
    -0.15962207317352295,
    -0.15710844099521637,
    -0.12254738807678223,
    -0.09705225378274918,
    -0.09381957352161407,
    -0.09338530153036118,
    -0.09646181017160416,
    -0.10076643526554108,
    -0.15709379315376282,
    -0.1585727483034134,
    -0.2216847538948059,
    -0.277678906917572,
    -0.2209099382162094,
    -0.1899954080581665,
    -0.17415067553520203,
    -0.16926370561122894,
    -0.11961569637060165,
    -5.507907917490229e-05,
    -0.11611296236515045,
    -0.11968502402305603,
    -0.12192466109991074,
    -0.123531274497509,
    -0.12480094283819199,
    -0.1259004920721054,
    -0.12686699628829956,
    -0.12770363688468933,
    -0.1283995658159256,
    -0.12893405556678772,
    0.0915394127368927,
    0.049758005887269974,
    0.0955139622092247,
    0.1581120491027832,
    0.1439204066991806,
    0.22349341213703156,
    0.49762216210365295,
    0.7782240509986877,
    0.3179730176925659,
    0.09073290973901749,
    0.09192827343940735,
    0.09322438389062881,
    0.09424146264791489,
    0.1582849621772766
  ],
  "sigma2": [
    5.0683906010817736e-05,
    0.00495526660233736,
    0.0002485544537194073,
    0.0008620706503279507,
    0.0008620665175840259,
    0.0008620648877695203,
    0.0008620636654086411,
    0.0008620636654086411,
    0.000862062384840101,
    0.0008620636654086411,
    0.0008620513835921884,
    0.0008620356675237417,
    0.0008620126754976809,
    0.000861999171320349,
    0.0008619222790002823,
    0.0008165938779711723,
    0.0008651092648506165,
    0.0008638339350000024,
    0.0008641675813123584,
    0.0008583748713135719,
    0.0008548767655156553,
    0.0008678631274960935,
    0.0008585304603911936,
    0.0008498053648509085,
    0.0008541657589375973,
    0.0007600763346999884,
    0.0007034805021248758,
    0.0006950987153686583,
    0.0007503752131015062,
    0.0008142741280607879,
    0.0008493690402247012,
    0.0008564639138057828,
    0.0008475884678773582,
    0.0008734665461815894,
    0.0008583765011280775,
    0.0008642850443720818,
    0.0008637667633593082,
    0.0008646007627248764,
    0.0008573926752433181,
    6.881168519612402e-05,
    0.0008619962609373033,
    0.0008620106382295489,
    0.0008620328735560179,
    0.0008620492881163955,
    0.0008620616281405091,
    0.0008620620355941355,
    0.0008620632579550147,
    0.0008620632579550147,
    0.0008620644803158939,
    0.0008620661101303995,
    0.0007029687985777855,
    0.00022032426204532385,
    0.0007679929258301854,
    0.0008526535821147263,
    0.0008691911934874952,
    0.000993814435787499,
    0.0012595719890668988,
    0.0018059663707390428,
    0.0010387228103354573,
    0.0006888210773468018,
    0.0007096578483469784,
    0.000731402775272727,
    0.000747916114050895,
    0.0008504483266733587
  ],
  "pi": [
    0.9900000095367432,
    5.30263023392763e-05,
    0.0017450994346290827,
    9.600848898116965e-07,
    9.161639127341914e-07,
    8.651841199025512e-07,
    8.105266715574544e-07,
    7.517293738601438e-07,
    6.880825935695611e-07,
    6.186046448419802e-07,
    5.421096602731268e-07,
    4.5698911321778724e-07,
    3.607889595969027e-07,
    2.497280036095617e-07,
    1.3489133721122926e-07,
    3.065073542529717e-05,
    1.5316842109314166e-05,
    1.2615907508006785e-05,
    1.3768833014182746e-05,
    2.1205587472650222e-05,
    4.363643529359251e-05,
    8.31308207125403e-05,
    0.00014168687630444765,
    0.0002206268545705825,
    0.0002973960363306105,
    0.00040197951602749527,
    0.0005032165790908039,
    0.0005193594261072576,
    0.00041867067920975387,
    0.00031397317070513964,
    0.000228762102779001,
    0.0001519879006082192,
    9.637209586799145e-05,
    4.699940836871974e-05,
    2.3561629859614186e-05,
    1.4330475096357986e-05,
    1.2513080037024338e-05,
    1.4563278455170803e-05,
    2.552762998675462e-05,
    0.00015981809701770544,
    2.3017084060938942e-07,
    3.439105569214007e-07,
    4.4216636752025806e-07,
    5.288447368911875e-07,
    6.065790216780442e-07,
    6.771326184207282e-07,
    7.417403367071529e-07,
    8.01462817889842e-07,
    8.571574312554731e-07,
    9.093666335502348e-07,
    0.0003513370465952903,
    0.001330462982878089,
    0.0002763413649518043,
    0.0002661844191607088,
    0.0002657407312653959,
    0.00022066324891056865,
    9.43701252253959e-06,
    4.187066224403679e-06,
    4.590677781379782e-05,
    0.00037768101901747286,
    0.00034340296406298876,
    0.0003133350401185453,
    0.0002955240197479725,
    0.0002765074896160513
  ],
  "J": 64
}