{
  "mu": [
    0.0,
    -0.4852842688560486,
    -0.04788949340581894,
    -0.13526944816112518,
    -0.13414746522903442,
    -0.13306865096092224,
    -0.1318269968032837,
    -0.13043732941150665,
    -0.12890958786010742,
    -0.1272468864917755,
    -0.12542642652988434,
    -0.12327615171670914,
    -0.12052979320287704,
    -0.1166037917137146,
    -0.10347791761159897,
    -0.10259470343589783,
    -0.16283604502677917,
    -0.17475400865077972,
    -0.1996248960494995,
    -0.20959261059761047,
    -0.2085028737783432,
    -0.20882615447044373,
    -0.20062270760536194,
    -0.15042690932750702,
    -0.15045493841171265,
    -0.09490933269262314,
    -0.09227030724287033,
    -0.09187668561935425,
    -0.09447168558835983,
    -0.09695406258106232,
    -0.15043297410011292,
    -0.15040966868400574,
    -0.2637564241886139,
    -0.34001943469047546,
    -0.20924516022205353,
    -0.2035742849111557,
    -0.17580080032348633,
    -0.16405867040157318,
    -0.12000542134046555,
    -0.031020058318972588,
    -0.11582621186971664,
    -0.12000513821840286,
    -0.1228916347026825,
    -0.12511971592903137,
    -0.12698321044445038,
    -0.1286759078502655,
    -0.13023431599140167,
    -0.13165858387947083,
    -0.132940873503685,
    -0.13407333195209503,
    0.08809249103069305,
    0.042896855622529984,
    0.10152655839920044,
    0.18070854246616364,
    0.14732936024665833,
    0.23785117268562317,
    0.5153905153274536,
    0.7950823903083801,
    0.3352804183959961,
    0.08646901696920395,
    0.0886613130569458,
    0.09104564785957336,
    0.09281323105096817,
    0.14727844297885895
  ],
  "sigma2": [
    2.3079404854797758e-05,
    0.0026897427160292864,
    0.0002979611454065889,
    0.0008619839209131896,
    0.0008619900909252465,
    0.0008619950385764241,
    0.000862001208588481,
    0.0008620077860541642,
    0.000862011918798089,
    0.0008620155276730657,
    0.0008620184380561113,
    0.0008620217558927834,
    0.0008620126754976809,
    0.000861999171320349,
    0.0008619609288871288,
    0.0008451448520645499,
    0.0008620714652352035,
    0.0008624517940916121,
    0.0008620788576081395,
    0.0008612427627667785,
    0.000860608066432178,
    0.0008590979850850999,
    0.0008655132260173559,
    0.0008454894414171576,
    0.0008398275240324438,
    0.0007885805098339915,
    0.0007500940118916333,
    0.0007438462926074862,
    0.0007824549684301019,
    0.0008181462180800736,
    0.0008448188309557736,
    0.0008513178327120841,
    0.0008640501764602959,
    0.0009130510734394193,
    0.0008611873490735888,
    0.0008618376450613141,
    0.0008624682668596506,
    0.0008621068554930389,
    0.0008620266453363001,
    9.606097592040896e-05,
    0.0008619962609373033,
    0.0008620106382295489,
    0.0008620200678706169,
    0.0008620189037173986,
    0.0008620159351266921,
    0.0008620126754976809,
    0.0008620081935077906,
    0.0008620020234957337,
    0.000861995795276016,
    0.0008619909058324993,
    0.0007629009196534753,
    0.0002474435605108738,
    0.0008461992838419974,
    0.0008600599830970168,
    0.0008279470494017005,
    0.0010201837867498398,
    0.0012506992788985372,
    0.0017488375306129456,
    0.0009970959508791566,
    0.0007409703102894127,
    0.000769991020206362,
    0.0007964980904944241,
    0.0008132248185575008,
    0.000827444193419069
  ],
  "pi": [
    0.9900000095367432,
    1.724701542116236e-05,
    0.0015601763734593987,
    8.614752005087212e-07,
    8.218490279432444e-07,
    7.759390996397997e-07,
    7.267609589689528e-07,
    6.738994784427632e-07,
    6.167169317450316e-07,
    5.543377028516261e-07,
    4.856934765484766e-07,
    4.0934688172455935e-07,
    3.230932463793579e-07,
    2.2356890383434802e-07,
    1.2067506816038076e-07,
    2.7475673050503246e-05,
    1.385864925396163e-05,
    1.1488944437587634e-05,
    1.2661538676184136e-05,
    1.990899909287691e-05,
    4.2419356759637594e-05,
    8.344522211700678e-05,
    0.00014256156282499433,
    0.00023060222156345844,
    0.00031073548598214984,
    0.00042171331006102264,
    0.0005372610758058727,
    0.0005561197176575661,
    0.0004404216888360679,
    0.0003251055895816535,
    0.00023923395201563835,
    0.0001568461157148704,
    9.525292261969298e-05,
    3.37285891873762e-05,
    2.2226004148251377e-05,
    1.3218277672422118e-05,
    1.140619679063093e-05,
    1.3193431186664384e-05,
    2.2901154807186686e-05,
    0.00012952998804394156,
    2.060462236386229e-07,
    3.07964512558101e-07,
    3.960524566082313e-07,
    4.73795324751336e-07,
    5.435430807665398e-07,
    6.068869993214321e-07,
    6.649236183875473e-07,
    7.186125685620937e-07,
    7.687231686759333e-07,
    8.157333581948478e-07,
    0.00036885167355649173,
    0.0013572531752288342,
    0.0002802358358167112,
    0.00028756525716744363,
    0.00028734951047226787,
    0.0001792988769011572,
    8.830911610857584e-06,
    3.970961188315414e-06,
    3.759639730560593e-05,
    0.00040130256093107164,
    0.0003585274098441005,
    0.0003224087122362107,
    0.000301582069369033,
    0.00030239144689403474
  ],
  "J": 64
}