{
  "mu": [
    0.0,
    -0.4547801911830902,
    -0.27224600315093994,
    -0.1580106019973755,
    -0.15797580778598785,
    -0.15796127915382385,
    -0.27229219675064087,
    -0.27526232600212097,
    0.14342115819454193,
    0.14343076944351196,
    0.14335346221923828,
    0.1434313803911209,
    0.14348039031028748,
    0.14356960356235504,
    0.14376747608184814,
    0.3076533377170563,
    0.14276908338069916
  ],
  "sigma2": [
    0.00031485501676797867,
    0.0024761285167187452,
    0.0021968758665025234,
    0.0021287885028868914,
    0.0021276145707815886,
    0.0021271256264299154,
    0.002196387853473425,
    0.002200425835326314,
    0.002114457543939352,
    0.0021150384563952684,
    0.0021121911704540253,
    0.002115067560225725,
    0.0021169392857700586,
    0.0021206755191087723,
    0.002128960331901908,
    0.0024045095779001713,
    0.0020866100676357746
  ],
  "pi": [
    0.9875299334526062,
    0.0004139364173170179,
    0.0008165535982698202,
    0.0010295482352375984,
    0.0010462242644280195,
    0.0010532691376283765,
    0.0009717870270833373,
    0.0009724627016112208,
    0.0006688216817565262,
    0.0006642912630923092,
    0.0006859480054117739,
    0.000664096383843571,
    0.0006497559952549636,
    0.000620996521320194,
    0.0005570231005549431,
    0.000773300533182919,
    0.0008820391376502812
  ],
  "J": 17
}