{
  "mu": [
    0.0,
    -0.9845131039619446,
    -0.7555466294288635,
    -0.5949403047561646,
    -0.42866718769073486,
    -0.1643490195274353,
    -0.2728629410266876,
    -0.2770116329193115,
    -0.2737799286842346,
    -0.2783187925815582,
    0.2627721428871155,
    0.2816399931907654,
    0.3902866840362549,
    0.2553829848766327,
    0.16262494027614594,
    0.5907488465309143,
    0.8183238506317139
  ],
  "sigma2": [
    0.0007527605048380792,
    0.003235994838178158,
    0.0032651762012392282,
    0.0032121825497597456,
    0.0029497607611119747,
    0.0014536965172737837,
    0.0029532962944358587,
    0.00322760664857924,
    0.0032281193416565657,
    0.0032281207386404276,
    0.003228140762075782,
    0.0032281854655593634,
    0.003356936853379011,
    0.0029961084946990013,
    0.0013592762406915426,
    0.0032287626527249813,
    0.0032231786753982306
  ],
  "pi": [
    0.9990000128746033,
    1.1811375770776067e-06,
    1.1702129086188506e-05,
    2.3928467271616682e-05,
    0.0001600540999788791,
    0.000177931651705876,
    0.00013238481187727302,
    2.5450273710703186e-07,
    8.254574801469516e-09,
    9.743785334137556e-09,
    7.151790271109348e-09,
    7.934816892429808e-08,
    8.184825856005773e-05,
    0.00016576782218180597,
    0.00023743667406961322,
    7.292222562682582e-06,
    1.136997624939795e-07
  ],
  "J": 17
}