{
  "top1_error_pre[%]": 2.0499999999999963,
  "top1_error_post[%]": 3.3299999999999996,
  "Delta[%]": 1.2800000000000034,
  "|W|": 266200,
  "|W_nonzero|/|W|[%]": 5.6652892561983474,
  "CR": 61.87864567821419,
  "acc_pretrain": 0.9795,
  "acc_retrain": 0.9831,
  "acc_quantized": 0.9667
}