{
  "top1_error_pre[%]": 89.96,
  "top1_error_post[%]": 90.0,
  "Delta[%]": 0.0400000000000067,
  "|W|": 2745264,
  "|W_nonzero|/|W|[%]": 3.879517598307485,
  "CR": 101.83485421767193,
  "acc_pretrain": 0.1004,
  "acc_retrain": 0.8953,
  "acc_quantized": 0.1
}