{
  "mu": [
    0.0,
    -0.9425207376480103,
    -0.7931621074676514,
    -0.6678826212882996,
    -0.586529016494751,
    -0.4039488136768341,
    -0.4994077980518341,
    0.0038299059960991144,
    -0.047148965299129486,
    -0.047148969024419785,
    -0.047148965299129486,
    0.06061100959777832,
    0.38965317606925964,
    0.3005734384059906,
    0.4751782715320587,
    0.5742044448852539,
    0.6552373170852661
  ],
  "sigma2": [
    1.2177044482086785e-05,
    0.00020275670976843685,
    0.00020533346105366945,
    0.00019544162205420434,
    0.00018360215472057462,
    0.00014689222734887153,
    0.00017506346921436489,
    0.025122741237282753,
    0.00020442920504137874,
    0.00020442920504137874,
    0.00020442940876819193,
    0.0001718151761451736,
    0.00017074639617931098,
    0.0001919843052746728,
    0.0001889345294330269,
    0.00019527618132997304,
    0.0002031873882515356
  ],
  "pi": [
    0.9990000128746033,
    6.854900220787385e-07,
    3.0257499474828364e-06,
    7.14130510459654e-06,
    1.3392776054388378e-05,
    4.585486385622062e-05,
    2.3276739739230834e-05,
    0.0007764772744849324,
    5.62689284056006e-10,
    6.132974683659143e-10,
    5.674400949118308e-10,
    7.064786041155457e-05,
    2.3677339413552545e-05,
    2.2617636204813607e-05,
    8.949412404035684e-06,
    3.6932594866811996e-06,
    5.586151701209019e-07
  ],
  "J": 17
}