{
  "mu": [
    0.0,
    -0.10471682995557785,
    -0.5429850220680237,
    -0.36044594645500183,
    -0.2215067744255066,
    -0.2093077301979065,
    0.16354617476463318,
    0.2438010722398758,
    0.1635386198759079,
    0.16110314428806305,
    0.3191134035587311,
    0.1635437309741974,
    0.1626996397972107,
    0.16377051174640656,
    0.1636117696762085,
    0.08113531023263931,
    0.43545106053352356
  ],
  "sigma2": [
    1.2579782378452364e-05,
    0.001456617726944387,
    0.0029709432274103165,
    0.00220980285666883,
    0.0020131999626755714,
    0.0020378208719193935,
    0.0020375167950987816,
    0.0020252817776054144,
    0.0020374166779220104,
    0.0019319384591653943,
    0.002029135823249817,
    0.002037495607510209,
    0.002037815982475877,
    0.002037766622379422,
    0.002037649042904377,
    0.000938017328735441,
    0.002037792932242155
  ],
  "pi": [
    0.9990000128746033,
    0.0002597901620902121,
    4.805821390618803e-06,
    3.14592216454912e-05,
    0.00016328909259755164,
    2.2452477210777033e-08,
    5.13824659265083e-07,
    3.0350291126524098e-05,
    6.75303169828112e-07,
    0.00015278326463885605,
    1.4177335287968162e-05,
    5.48410071132821e-07,
    2.0800603905968273e-08,
    1.0659496041398597e-07,
    2.9868274964428565e-07,
    0.00033783778781071305,
    3.321006943224347e-06
  ],
  "J": 17
}