{
  "mu": [
    0.0,
    -0.7338138818740845,
    -0.6078715920448303,
    -0.5112060904502869,
    -0.4857093393802643,
    -0.31999456882476807,
    -0.40826931595802307,
    -0.2552691102027893,
    -0.00030146323842927814,
    -0.00030156737193465233,
    -0.00030146821518428624,
    0.2654109299182892,
    0.34338611364364624,
    0.4239186644554138,
    0.2695232927799225,
    0.5147112607955933,
    0.6350775361061096
  ],
  "sigma2": [
    0.0036546937189996243,
    0.0004193684726487845,
    0.0003954273124691099,
    0.0004112757742404938,
    0.0004016160382889211,
    0.0003354587825015187,
    0.0003782330022659153,
    0.0003782943240366876,
    0.0004015984304714948,
    0.00040159825584851205,
    0.0004015984304714948,
    0.00040160398930311203,
    0.00038854251033626497,
    0.0003927052894141525,
    0.0004097816126886755,
    0.00039137524436227977,
    0.00039622909389436245
  ],
  "pi": [
    0.9990000128746033,
    5.551482900045812e-06,
    1.9291159333079122e-05,
    4.6951783588156104e-05,
    2.386379264862626e-06,
    0.0003529427631292492,
    0.00014251215907279402,
    8.84413966559805e-05,
    2.3845158736435224e-08,
    2.4272511112144457e-08,
    2.3864176412757843e-08,
    5.972849947966097e-08,
    0.00012248358689248562,
    2.592039163573645e-05,
    0.00017560597916599363,
    1.587929727975279e-05,
    1.9020104673472815e-06
  ],
  "J": 17
}