{
  "mu": [
    0.0,
    -0.682854950428009,
    -0.5589585900306702,
    -0.47286736965179443,
    -0.41572800278663635,
    -0.3019392192363739,
    -0.3731696903705597,
    -0.28004664182662964,
    -2.514590960345231e-05,
    -2.7735573894460686e-05,
    -2.4772522010607645e-05,
    0.13697369396686554,
    0.3566555976867676,
    0.3924456238746643,
    0.31873273849487305,
    0.4806215465068817,
    0.6001602411270142
  ],
  "sigma2": [
    0.0048971292562782764,
    0.0004195132933091372,
    0.000386682222597301,
    0.00038252220838330686,
    0.00039394371560774744,
    0.00028467440279200673,
    0.00035104286507703364,
    0.0004015978774987161,
    0.00040153582813218236,
    0.00040152992005459964,
    0.0004015356535091996,
    0.00040161795914173126,
    0.00040154921589419246,
    0.00040814955718815327,
    0.00044079479994252324,
    0.0004181954718660563,
    0.0004148560401517898
  ],
  "pi": [
    0.9990000128746033,
    8.289090146718081e-06,
    3.064704287680797e-05,
    6.342368578771129e-05,
    3.59653786290437e-05,
    0.00042440497782081366,
    0.00018420786364004016,
    2.2906340291228844e-07,
    2.390032989296742e-07,
    2.62000554585029e-07,
    2.401174867827649e-07,
    1.40450538310688e-07,
    1.1823406111943768e-06,
    4.3559437472140417e-05,
    0.0001795942516764626,
    2.475949440849945e-05,
    2.855970024029375e-06
  ],
  "J": 17
}