{
  "mu": [
    0.0,
    -0.7733011841773987,
    -0.6500012278556824,
    -0.5427600145339966,
    -0.488906592130661,
    -0.34250643849372864,
    -0.4367755353450775,
    -0.2492964267730713,
    -0.0002144307945854962,
    -0.0002143007586710155,
    -0.00021442447905428708,
    0.197883740067482,
    0.36713531613349915,
    0.4630124270915985,
    0.2555187940597534,
    0.5537440180778503,
    0.6593295335769653
  ],
  "sigma2": [
    0.0022051746491342783,
    0.00039227260276675224,
    0.0003840923891402781,
    0.00035861131618730724,
    0.0004019363841507584,
    0.00016026440425775945,
    0.00025575398467481136,
    0.00037293287459760904,
    0.00040160302887670696,
    0.00040160302887670696,
    0.00040160302887670696,
    0.0004008715914096683,
    0.0002641204628162086,
    0.0003580200136639178,
    0.0009093761327676475,
    0.0003725556889548898,
    0.0003974520368501544
  ],
  "pi": [
    0.9990000128746033,
    3.815715444943635e-06,
    1.4072210433369037e-05,
    3.4299871913390234e-05,
    3.775685399887152e-07,
    0.0002501205890439451,
    0.00010576289059827104,
    0.0001784560299711302,
    3.5446523494186977e-09,
    3.5601750436597968e-09,
    3.5453959768005916e-09,
    2.2491485651698895e-07,
    8.901731052901596e-05,
    1.8132279365090653e-05,
    0.0002933825016953051,
    1.0956302503473125e-05,
    1.3711628525925335e-06
  ],
  "J": 17
}