{
  "mu": [
    0.0,
    -0.7525648474693298,
    -0.6337847709655762,
    -0.5293283462524414,
    -0.5292712450027466,
    -0.33237218856811523,
    -0.4224741756916046,
    -0.24550288915634155,
    -0.0003237130003981292,
    -0.0003235377080272883,
    -0.0003237052005715668,
    0.21405325829982758,
    0.3578173518180847,
    0.44875243306159973,
    0.26269635558128357,
    0.5390691161155701,
    0.6545540690422058
  ],
  "sigma2": [
    0.0026420552749186754,
    0.00039538092096336186,
    0.00037528746179305017,
    0.0003417420375626534,
    0.0004003634676337242,
    0.00012621510541066527,
    0.00024098283029161394,
    0.00031962175853550434,
    0.0004016024759039283,
    0.0004016024759039283,
    0.0004016024759039283,
    0.00040147072286345065,
    0.00024851865600794554,
    0.000352639181073755,
    0.0004907562397420406,
    0.00036602362524718046,
    0.0003956498403567821
  ],
  "pi": [
    0.9990000128746033,
    4.397208158479771e-06,
    1.5487838027183898e-05,
    3.766713052755222e-05,
    7.386166771539138e-07,
    0.0002777654735837132,
    0.00011623706086538732,
    0.00016844550555106252,
    5.070312170118996e-09,
    5.10089614991216e-09,
    5.071671083101137e-09,
    4.964012134678342e-08,
    0.00010064642992801964,
    1.9445931684458628e-05,
    0.0002449815219733864,
    1.2608164979610592e-05,
    1.5143085647650878e-06
  ],
  "J": 17
}