{
  "mu": [
    0.0,
    -0.780724287033081,
    -0.6622061133384705,
    -0.556812047958374,
    -0.5351468920707703,
    -0.3490908443927765,
    -0.44414445757865906,
    -0.2521613538265228,
    -0.0006271115271374583,
    -0.000627185101620853,
    -0.0006271153106354177,
    0.2158423513174057,
    0.37218883633613586,
    0.46858206391334534,
    0.277870774269104,
    0.5596916079521179,
    0.6584519147872925
  ],
  "sigma2": [
    0.002354790922254324,
    0.00040001998422667384,
    0.0004314562538638711,
    0.00040543798240832984,
    0.0004006445815321058,
    0.0002959182602353394,
    0.00036407436709851027,
    0.0005156465922482312,
    0.0004016017192043364,
    0.0004016017192043364,
    0.0004016017192043364,
    0.0003888631472364068,
    0.00032841466600075364,
    0.00038112173206172884,
    0.00044546090066432953,
    0.00038365385262295604,
    0.00040062240441329777
  ],
  "pi": [
    0.9990000128746033,
    3.728560159288463e-06,
    1.360743317491142e-05,
    2.5922081476892345e-05,
    7.774940968374722e-06,
    0.0002413277979940176,
    0.00010249335173284635,
    0.0001827799278544262,
    1.0283932816435026e-08,
    1.032094321118393e-08,
    1.0285647888963467e-08,
    0.00010996137280017138,
    8.717476157471538e-05,
    1.7821654182625934e-05,
    0.00019559552310965955,
    1.0362458851886913e-05,
    1.4192368098520092e-06
  ],
  "J": 17
}