{
  "mu": [
    0.0,
    -0.718600332736969,
    -0.5966977477073669,
    -0.504052460193634,
    -0.4364416003227234,
    -0.3144877851009369,
    -0.3969264626502991,
    -0.26936158537864685,
    -0.0004586219147313386,
    -0.00048499443801119924,
    -0.00045970460632815957,
    0.27353280782699585,
    0.34106698632240295,
    0.41529661417007446,
    0.28078243136405945,
    0.5078314542770386,
    0.619892954826355
  ],
  "sigma2": [
    0.004369482398033142,
    0.0004141136887483299,
    0.0004002871282864362,
    0.00040935195283964276,
    0.00040229014120996,
    0.000475722539704293,
    0.00041538887307979167,
    0.00040146615356206894,
    0.0004015976737719029,
    0.000401597295422107,
    0.0004015976737719029,
    0.00040159461786970496,
    0.00041777215665206313,
    0.00040506658842787147,
    0.000393721362343058,
    0.00041095272172242403,
    0.00040295306826010346
  ],
  "pi": [
    0.9990000128746033,
    6.744028269167757e-06,
    2.382636557740625e-05,
    5.268103632261045e-05,
    2.7131676688441075e-05,
    0.00043019899749197066,
    0.00014750591071788222,
    1.984978865721132e-07,
    3.133472858962705e-08,
    3.25534301737207e-08,
    3.139093607273935e-08,
    3.447553709179374e-08,
    0.0001324815530097112,
    3.179942359565757e-05,
    0.00012628448894247413,
    1.866100683400873e-05,
    2.357258836127585e-06
  ],
  "J": 17
}