{
  "mu": [
    0.0,
    -0.7213882803916931,
    -0.5979847311973572,
    -0.506100058555603,
    -0.4571065902709961,
    -0.31395867466926575,
    -0.40041154623031616,
    -0.26244640350341797,
    -0.0004153608169872314,
    -0.0004136582720093429,
    -0.0004152882902417332,
    0.27838581800460815,
    0.3407934904098511,
    0.41864535212516785,
    0.27538421750068665,
    0.5120125412940979,
    0.6250008940696716
  ],
  "sigma2": [
    0.004141407553106546,
    0.00041118793888017535,
    0.00038439419586211443,
    0.00038324022898450494,
    0.0003992828424088657,
    0.00035712961107492447,
    0.00036867999006062746,
    0.0004011967102997005,
    0.00040159959462471306,
    0.00040159939089789987,
    0.00040159959462471306,
    0.00040160131175071,
    0.00038503826363012195,
    0.000388724118238315,
    0.00037834953400306404,
    0.00039747898699715734,
    0.00039970784564502537
  ],
  "pi": [
    0.9990000128746033,
    6.4228624978568405e-06,
    2.2724547307007015e-05,
    4.927456029690802e-05,
    1.1681830983434338e-05,
    0.00041393458377569914,
    0.00015973224071785808,
    3.7481109416148684e-07,
    1.7472748581326414e-08,
    1.7929938422867053e-08,
    1.7493892556785795e-08,
    2.964973155883399e-08,
    0.00013602925173472613,
    3.0605435313191265e-05,
    0.00014913805352989584,
    1.778154546627775e-05,
    2.217767132606241e-06
  ],
  "J": 17
}