{
  "mu": [
    0.0,
    -0.6894933581352234,
    -0.5750096440315247,
    -0.4809409976005554,
    -0.41600164771080017,
    -0.37580162286758423,
    -0.3414710760116577,
    -0.14961406588554382,
    -0.018423985689878464,
    0.0014238512376323342,
    0.013330421410501003,
    0.12015313655138016,
    0.2890121042728424,
    0.4158100187778473,
    0.42080673575401306,
    0.46314603090286255,
    0.5700576305389404
  ],
  "sigma2": [
    0.008020411245524883,
    0.00400208868086338,
    0.004031258635222912,
    0.004033529665321112,
    0.003755848156288266,
    0.0035648175980895758,
    0.003963921684771776,
    0.004064643289893866,
    0.0040433635003864765,
    0.004048935603350401,
    0.004037788137793541,
    0.0040458557195961475,
    0.004004004877060652,
    0.003924714867025614,
    0.003859950928017497,
    0.003923455718904734,
    0.004005223512649536
  ],
  "pi": [
    0.9990000128746033,
    1.1098507457063533e-05,
    3.391629797988571e-05,
    0.00011013609764631838,
    0.00030224816873669624,
    0.00030951405642554164,
    2.2991673176875338e-05,
    1.0037665560957976e-05,
    1.8343103874940425e-05,
    2.057766141660977e-05,
    1.8514356270316057e-05,
    9.567684173816815e-06,
    6.155328264867421e-06,
    2.6549125323072076e-05,
    5.6916473113233224e-05,
    3.555065632099286e-05,
    7.883173566369805e-06
  ],
  "J": 17
}