{
  "mu": [
    0.0,
    -0.7708898782730103,
    -0.6459919214248657,
    -0.5414316058158875,
    -0.5004209876060486,
    -0.3400551378726959,
    -0.43215131759643555,
    -0.2523003816604614,
    -0.0005093279178254306,
    -0.0005093327490612864,
    -0.0005093285581097007,
    0.22319059073925018,
    0.36424514651298523,
    0.4582074284553528,
    0.26752838492393494,
    0.5474438071250916,
    0.6569902300834656
  ],
  "sigma2": [
    0.0028137313202023506,
    0.00039538921555504203,
    0.0004128675500396639,
    0.0003882325254380703,
    0.0004011332057416439,
    0.0002649750094860792,
    0.0003420475695747882,
    0.0004001100023742765,
    0.0004016028542537242,
    0.0004016028542537242,
    0.0004016028542537242,
    0.00040149714914150536,
    0.00033676964812912047,
    0.0003807044995483011,
    0.0005940637202002108,
    0.00038252148078754544,
    0.00039813603507354856
  ],
  "pi": [
    0.9990000128746033,
    4.1932257772714365e-06,
    1.522045295132557e-05,
    3.638401176431216e-05,
    2.068748699457501e-06,
    0.00027691948343999684,
    0.00011680027091642842,
    0.00016676963423378766,
    4.654021168448708e-09,
    4.6777604012504526e-09,
    4.6551527077554056e-09,
    6.802457619414781e-08,
    9.877060074359179e-05,
    1.9782575691351667e-05,
    0.0002493911306373775,
    1.211521612276556e-05,
    1.502638156125613e-06
  ],
  "J": 17
}