{
  "mu": [
    0.0,
    -0.7214651703834534,
    -0.5984962582588196,
    -0.5051349997520447,
    -0.46034860610961914,
    -0.3135778307914734,
    -0.40053218603134155,
    -0.2587583661079407,
    -0.00036310325958766043,
    -0.00036160266608931124,
    -0.00036303632077760994,
    0.2759365439414978,
    0.34071993827819824,
    0.4194479286670685,
    0.2727001905441284,
    0.5125119090080261,
    0.6262087821960449
  ],
  "sigma2": [
    0.003984532319009304,
    0.0004072199226357043,
    0.00037702693953178823,
    0.0003767294983845204,
    0.0003989374090451747,
    0.00029853114392608404,
    0.0003382573486305773,
    0.0004003753128927201,
    0.00040159959462471306,
    0.00040159959462471306,
    0.00040159959462471306,
    0.00040159959462471306,
    0.00036159701994620264,
    0.0003794652293436229,
    0.00037336809327825904,
    0.0003918413131032139,
    0.0003988236712757498
  ],
  "pi": [
    0.9990000128746033,
    6.293982096394757e-06,
    2.2192909455043264e-05,
    4.959784564562142e-05,
    8.530060767952818e-06,
    0.00040573591832071543,
    0.00015884722233749926,
    8.868436793818546e-07,
    1.627926415892489e-08,
    1.6667573987660944e-08,
    1.6296414884209298e-08,
    3.0389230687433155e-08,
    0.00013500078057404608,
    2.9854003514628857e-05,
    0.00016334680549334735,
    1.74518227140652e-05,
    2.1821886093675857e-06
  ],
  "J": 17
}