{
  "mu": [
    0.0,
    -0.6843457818031311,
    -0.5584368705749512,
    -0.4733021855354309,
    -0.40731000900268555,
    -0.30774256587028503,
    -0.3665883541107178,
    -0.2209245264530182,
    -3.582564750104211e-05,
    -3.642585397756193e-06,
    1.0820907846209593e-05,
    0.13037388026714325,
    0.3401568531990051,
    0.394370973110199,
    0.32932573556900024,
    0.47777697443962097,
    0.5941420793533325
  ],
  "sigma2": [
    0.00563780078664422,
    0.0004602709086611867,
    0.0004389714449644089,
    0.00042246945668011904,
    0.0004070702416356653,
    0.0003811208298429847,
    0.00039761888911016285,
    0.00040237916982732713,
    0.0004022145876660943,
    0.00040223816176876426,
    0.0004022274224553257,
    0.000402326782932505,
    0.00040252384496852756,
    0.00041815364966169,
    0.0004302839224692434,
    0.00043503206688910723,
    0.0004288603086024523
  ],
  "pi": [
    0.9990000128746033,
    9.474472790316213e-06,
    3.535329960868694e-05,
    7.097139314282686e-05,
    9.067561040865257e-05,
    0.000399485434172675,
    0.00016106676775962114,
    4.3036345687141875e-07,
    6.832535746070789e-07,
    7.548886742370087e-07,
    6.86998419041629e-07,
    3.841016678052256e-07,
    1.5277643115041428e-06,
    4.431515480973758e-05,
    0.00015277694910764694,
    2.797944580379408e-05,
    3.434148766245926e-06
  ],
  "J": 17
}