{
  "mu": [
    0.0,
    -0.7716382741928101,
    -0.6460676193237305,
    -0.5405937433242798,
    -0.4919920265674591,
    -0.33996865153312683,
    -0.43273067474365234,
    -0.2496776282787323,
    -0.00030442551360465586,
    -0.00030427833553403616,
    -0.00030441858689300716,
    0.20985527336597443,
    0.36484935879707336,
    0.4599241316318512,
    0.2634890079498291,
    0.5497486591339111,
    0.6584762930870056
  ],
  "sigma2": [
    0.0025022707413882017,
    0.0003908700018655509,
    0.0003934008127544075,
    0.0003623836091719568,
    0.0004011188284493983,
    0.00015048700151965022,
    0.00025816753623075783,
    0.0003617287438828498,
    0.0004016028542537242,
    0.0004016028542537242,
    0.0004016028542537242,
    0.00040134612936526537,
    0.000260712462477386,
    0.0003623086086008698,
    0.0006300040404312313,
    0.00037281677941791713,
    0.00039676850428804755
  ],
  "pi": [
    0.9990000128746033,
    4.020364940515719e-06,
    1.4745314729225356e-05,
    3.6110461223870516e-05,
    7.295598720702401e-07,
    0.00026471703313291073,
    0.00011228783841943368,
    0.00017627087072469294,
    3.8211784847419494e-09,
    3.838864337524228e-09,
    3.822020033794615e-09,
    9.490518237953438e-08,
    9.461701847612858e-05,
    1.924300340760965e-05,
    0.0002641094324644655,
    1.1602848644542973e-05,
    1.4398900702872197e-06
  ],
  "J": 17
}