{
  "mu": [
    0.0,
    -0.7881990671157837,
    -0.6733065843582153,
    -0.5589701533317566,
    -0.5577458739280701,
    -0.3554169833660126,
    -0.45045915246009827,
    -0.24688784778118134,
    -0.00022858459851704538,
    -0.00022848349181003869,
    -0.00022857956355437636,
    0.1950611025094986,
    0.37704959511756897,
    0.4772675335407257,
    0.2790742814540863,
    0.5660080313682556,
    0.6656634211540222
  ],
  "sigma2": [
    0.0016660339897498488,
    0.00040652399184182286,
    0.00040672410978004336,
    0.0003973268030676991,
    0.0004011968558188528,
    0.0002445752325002104,
    0.0003249034925829619,
    0.0007138554356060922,
    0.0004016028542537242,
    0.0004016028542537242,
    0.0004016028542537242,
    0.0004225407319609076,
    0.00032641939469613135,
    0.0003760028339456767,
    0.00036679653567261994,
    0.00038189251790754497,
    0.0003993490827269852
  ],
  "pi": [
    0.9990000128746033,
    3.5119819585816003e-06,
    1.148423325503245e-05,
    2.6110861654160544e-05,
    1.9701608380273683e-06,
    0.00020131212659180164,
    8.568815974285826e-05,
    0.00019060162594541907,
    5.7350040272297065e-09,
    5.748452380771596e-09,
    5.735627528480336e-09,
    0.0002068680478259921,
    7.287242624443024e-05,
    1.4802521945966873e-05,
    0.00017506704898551106,
    8.480892574880272e-06,
    1.2126781712140655e-06
  ],
  "J": 17
}