{
  "mu": [
    0.0,
    -0.7532299757003784,
    -0.6318351626396179,
    -0.527744710445404,
    -0.5273796319961548,
    -0.3324764370918274,
    -0.42236384749412537,
    -0.25171181559562683,
    -0.0005124585586600006,
    -0.0005125628085806966,
    -0.0005124630406498909,
    0.23504824936389923,
    0.35649311542510986,
    0.4460616409778595,
    0.2689199149608612,
    0.5363070368766785,
    0.6528465151786804
  ],
  "sigma2": [
    0.003157483646646142,
    0.0004065088869538158,
    0.00040194441680796444,
    0.000384088751161471,
    0.00040113108116202056,
    0.00026592734502628446,
    0.00035497124190442264,
    0.00037812371738255024,
    0.0004016022721771151,
    0.0004016022721771151,
    0.0004016022721771151,
    0.0004015610902570188,
    0.00033366214483976364,
    0.0003759216342587024,
    0.0004572529869619757,
    0.0003829421184491366,
    0.00039635153370909393
  ],
  "pi": [
    0.9990000128746033,
    4.6536533773178235e-06,
    1.6887946912902407e-05,
    4.030037234770134e-05,
    1.081165692085051e-06,
    0.0003027667407877743,
    0.00012557169247884303,
    0.00014165080210659653,
    6.384469841691498e-09,
    6.428796162083472e-09,
    6.3864558086379475e-09,
    4.447790047379385e-08,
    0.00010957031190628186,
    2.0981431589461863e-05,
    0.0002210750535596162,
    1.3750285688729491e-05,
    1.6468121657453594e-06
  ],
  "J": 17
}