{
  "mu": [
    0.0,
    -0.7212368845939636,
    -0.5976480841636658,
    -0.5066552758216858,
    -0.4534103274345398,
    -0.31439173221588135,
    -0.40002766251564026,
    -0.2657906413078308,
    -0.0004674814990721643,
    -0.00046606859541498125,
    -0.0004674310330301523,
    0.2794291377067566,
    0.3409775197505951,
    0.41815119981765747,
    0.2776423394680023,
    0.5115902423858643,
    0.6240742206573486
  ],
  "sigma2": [
    0.004252740181982517,
    0.00041399363544769585,
    0.0003914321423508227,
    0.0003903168544638902,
    0.0004004348593298346,
    0.00040206595440395176,
    0.00039012014167383313,
    0.00040136411553248763,
    0.0004015992162749171,
    0.00040159901254810393,
    0.0004015992162749171,
    0.0004016015154775232,
    0.000401897297706455,
    0.0003957353183068335,
    0.0003830290515907109,
    0.0004025077214464545,
    0.00040035470738075674
  ],
  "pi": [
    0.9990000128746033,
    6.533256510010688e-06,
    2.3136146410251968e-05,
    4.9347294407198206e-05,
    1.5203230759652797e-05,
    0.0004197134985588491,
    0.0001590136525919661,
    2.7072348984802375e-07,
    1.990522058292754e-08,
    2.0480104723219483e-08,
    1.993175757775134e-08,
    3.046159591235664e-08,
    0.00013615508214570582,
    3.112569174845703e-05,
    0.00013909433619119227,
    1.8061491573462263e-05,
    2.2549161258211825e-06
  ],
  "J": 17
}