{
  "mu": [
    0.0,
    -0.7787607312202454,
    -0.6633313298225403,
    -0.5516341328620911,
    -0.5516991019248962,
    -0.3490650951862335,
    -0.44432103633880615,
    -0.24788913130760193,
    -0.0003127100062556565,
    -0.0003125676012132317,
    -0.00031270337058231235,
    0.20083622634410858,
    0.373334139585495,
    0.4710173010826111,
    0.277697890996933,
    0.5621969699859619,
    0.6604022979736328
  ],
  "sigma2": [
    0.0019065230153501034,
    0.0003992160491179675,
    0.0003964386705774814,
    0.00036670072586275637,
    0.000394269562093541,
    0.00013850269897375256,
    0.0002451616164762527,
    0.00047705622273497283,
    0.0004016022721771151,
    0.0004016022721771151,
    0.0004016022721771151,
    0.0003905821358785033,
    0.00024627565289847553,
    0.0003542091872077435,
    0.00034013792173936963,
    0.0003692370082717389,
    0.00039858603850007057
  ],
  "pi": [
    0.9990000128746033,
    3.4888523714471376e-06,
    1.2429364687704947e-05,
    2.508486431906931e-05,
    5.37822961632628e-06,
    0.00021709351858589798,
    9.221606160281226e-05,
    0.00018086304771713912,
    7.1771197873715664e-09,
    7.195960272099455e-09,
    7.177995975382601e-09,
    0.00017326181114185601,
    7.882923091528937e-05,
    1.602932024979964e-05,
    0.0001847510429797694,
    9.282583960157353e-06,
    1.2705520475719823e-06
  ],
  "J": 17
}