{
  "mu": [
    0.0,
    -0.7209030389785767,
    -0.5972438454627991,
    -0.5063402056694031,
    -0.44071581959724426,
    -0.31484857201576233,
    -0.39773574471473694,
    -0.2700818181037903,
    -0.0005374625907279551,
    -0.0005560046411119401,
    -0.000538271910045296,
    0.2763529121875763,
    0.3414778709411621,
    0.41656631231307983,
    0.28069356083869934,
    0.5093285441398621,
    0.6223211288452148
  ],
  "sigma2": [
    0.004373032134026289,
    0.00041684965253807604,
    0.0004023635992780328,
    0.00040711817564442754,
    0.0004045336681883782,
    0.00046091288095340133,
    0.000406928185839206,
    0.0004014577134512365,
    0.0004015976737719029,
    0.0004015974991489202,
    0.0004015976737719029,
    0.0004015970916952938,
    0.00042121708975173533,
    0.0004045278765261173,
    0.00039073359221220016,
    0.0004126559942960739,
    0.0004015165031887591
  ],
  "pi": [
    0.9990000128746033,
    6.672132712992607e-06,
    2.3614436940988526e-05,
    5.129720739205368e-05,
    2.6350629923399538e-05,
    0.00042714414303191006,
    0.00015058036660775542,
    2.0781428133886948e-07,
    2.839895074657761e-08,
    2.9431161507886827e-08,
    2.8446335065268613e-08,
    3.377518709157812e-08,
    0.00013407663209363818,
    3.145601658616215e-05,
    0.00012761482503265142,
    1.8569711755844764e-05,
    2.2960457499721088e-06
  ],
  "J": 17
}