{
  "mu": [
    0.0,
    -0.7722368836402893,
    -0.6467301249504089,
    -0.5405806303024292,
    -0.485502153635025,
    -0.34038788080215454,
    -0.4335567355155945,
    -0.24869701266288757,
    -0.00023605217575095594,
    -0.0002359074424020946,
    -0.000236045234487392,
    0.20211638510227203,
    0.36574503779411316,
    0.461709201335907,
    0.26007428765296936,
    0.5515596270561218,
    0.6595210433006287
  ],
  "sigma2": [
    0.002289182972162962,
    0.0003887871280312538,
    0.00038698824937455356,
    0.0003437157429289073,
    0.00040102319326251745,
    0.00012133509153500199,
    0.0002285379741806537,
    0.00031990811112336814,
    0.0004016028542537242,
    0.0004016028542537242,
    0.0004016028542537242,
    0.0004010834381915629,
    0.0002339598286198452,
    0.0003497001016512513,
    0.0006835098029114306,
    0.00036799817462451756,
    0.000395994313294068
  ],
  "pi": [
    0.9990000128746033,
    3.920800736523233e-06,
    1.455135497963056e-05,
    3.526607542880811e-05,
    4.766740175909945e-07,
    0.00025802446180023253,
    0.0001093137834686786,
    0.00017815448518376797,
    3.6141842851833417e-09,
    3.6303651196334386e-09,
    3.6149601090329497e-09,
    1.470444459528153e-07,
    9.235242032445967e-05,
    1.8765735148917884e-05,
    0.0002763083903118968,
    1.1301145605102647e-05,
    1.4067867368794396e-06
  ],
  "J": 17
}