{
  "mu": [
    0.0,
    -0.7404178977012634,
    -0.615484356880188,
    -0.5177843570709229,
    -0.4679297208786011,
    -0.3242882788181305,
    -0.4113858938217163,
    -0.256356805562973,
    -0.0004343332548160106,
    -0.00043397326953709126,
    -0.00043431692756712437,
    0.2674279808998108,
    0.34797683358192444,
    0.4318852126598358,
    0.272164911031723,
    0.52132248878479,
    0.6396018862724304
  ],
  "sigma2": [
    0.003703577909618616,
    0.000407847051974386,
    0.000411306566093117,
    0.0003984174982178956,
    0.00040073494892567396,
    0.00030073514790274203,
    0.0003633222368080169,
    0.00036487088073045015,
    0.00040160014759749174,
    0.00040160014759749174,
    0.00040160014759749174,
    0.00040160323260352015,
    0.00040404265746474266,
    0.0003902178432326764,
    0.00041002591024152935,
    0.00038558212690986693,
    0.00039547443157061934
  ],
  "pi": [
    0.9990000128746033,
    5.14753264724277e-06,
    1.923877607623581e-05,
    4.422998972586356e-05,
    7.144916708057281e-06,
    0.00034494936699047685,
    0.00014030179590918124,
    8.96365090738982e-05,
    1.5066847325329036e-08,
    1.5241514716990423e-08,
    1.507468105899079e-08,
    5.9553318720872994e-08,
    0.00012527548824436963,
    2.4438097170786932e-05,
    0.00018183334032073617,
    1.5811578123248182e-05,
    1.8876833109970903e-06
  ],
  "J": 17
}