{
  "mu": [
    0.0,
    -0.7791749238967896,
    -0.660057783126831,
    -0.5516950488090515,
    -0.517278254032135,
    -0.34897369146347046,
    -0.4441423714160919,
    -0.25307634472846985,
    -0.00039194527198560536,
    -0.000392024900065735,
    -0.0003919494047295302,
    0.2105836123228073,
    0.3706267178058624,
    0.46639829874038696,
    0.26324933767318726,
    0.5591184496879578,
    0.6570550799369812
  ],
  "sigma2": [
    0.0024579979944974184,
    0.00040148873813450336,
    0.0004389258101582527,
    0.0004315784608479589,
    0.00040120433550328016,
    0.00037606345722451806,
    0.00041678722482174635,
    0.0005196448182687163,
    0.00040160323260352015,
    0.00040160323260352015,
    0.00040160323260352015,
    0.0004008568939752877,
    0.00036148581421002746,
    0.00039082844159565866,
    0.000838887004647404,
    0.00039343457319773734,
    0.00039985214243642986
  ],
  "pi": [
    0.9990000128746033,
    3.992598976765294e-06,
    1.4217430361895822e-05,
    3.428812851780094e-05,
    4.788672640643199e-07,
    0.0002553208323661238,
    0.00010748347267508507,
    0.0001870680571300909,
    3.6906684375281884e-09,
    3.706438933548384e-09,
    3.6913938572524785e-09,
    3.2579001185695233e-07,
    9.028727799886838e-05,
    1.8631115381140262e-05,
    0.000275507103651762,
    1.0945657777483575e-05,
    1.4426332199946046e-06
  ],
  "J": 17
}