{
  "mu": [
    0.0,
    -0.7806200385093689,
    -0.6621469259262085,
    -0.5549910068511963,
    -0.5414838790893555,
    -0.3489428162574768,
    -0.4440033733844757,
    -0.251315712928772,
    -0.0005450302851386368,
    -0.0005449649761430919,
    -0.0005450277822092175,
    0.21203596889972687,
    0.3722747564315796,
    0.4689525067806244,
    0.27753275632858276,
    0.5599948763847351,
    0.6588792204856873
  ],
  "sigma2": [
    0.0022735551465302706,
    0.00039930304046720266,
    0.0004254332452546805,
    0.0004012799181509763,
    0.0004020845517516136,
    0.0002521185379009694,
    0.00033306668046861887,
    0.0005144155002199113,
    0.0004016017192043364,
    0.0004016017192043364,
    0.0004016017192043364,
    0.00038341901381500065,
    0.0003064444463234395,
    0.00037572954897768795,
    0.00043505881330929697,
    0.0003801227721851319,
    0.0004002643981948495
  ],
  "pi": [
    0.9990000128746033,
    3.658490186353447e-06,
    1.3439288522931747e-05,
    2.4970022423076443e-05,
    8.014028026082087e-06,
    0.00023615112877450883,
    0.00010041184577858075,
    0.0001830988476285711,
    9.317923321816579e-09,
    9.348363860794962e-09,
    9.319346183644939e-09,
    0.00012019554560538381,
    8.538712427252904e-05,
    1.746749330777675e-05,
    0.00019564569811336696,
    1.0147215107281227e-05,
    1.3853642713002046e-06
  ],
  "J": 17
}