{
  "mu": [
    0.0,
    -0.7534245848655701,
    -0.6317049860954285,
    -0.5279541611671448,
    -0.5104369521141052,
    -0.3326836824417114,
    -0.42270272970199585,
    -0.25301939249038696,
    -0.0005485076690092683,
    -0.0005488719907589257,
    -0.0005485229776240885,
    0.23969623446464539,
    0.3563312888145447,
    0.4456625282764435,
    0.2698950171470642,
    0.5360181927680969,
    0.6524417400360107
  ],
  "sigma2": [
    0.003242802107706666,
    0.0004096121992915869,
    0.0004088621062692255,
    0.00039317351183854043,
    0.0004017248284071684,
    0.0003142325731460005,
    0.0003804789448622614,
    0.0003820908605121076,
    0.0004016022721771151,
    0.0004016022721771151,
    0.0004016022721771151,
    0.000401571043767035,
    0.0003555156581569463,
    0.0003826759639196098,
    0.0004517095221672207,
    0.00038758787559345365,
    0.00039652467239648104
  ],
  "pi": [
    0.9990000128746033,
    4.694881226896541e-06,
    1.7183785530505702e-05,
    4.091755181434564e-05,
    1.120019874178979e-06,
    0.00030917234835214913,
    0.0001269178173970431,
    0.00013495274470187724,
    6.8622414417518485e-09,
    6.912463046404582e-09,
    6.86448675679685e-09,
    4.446997792229013e-08,
    0.00011148899648105726,
    2.1324074623407796e-05,
    0.000216528627788648,
    1.3960726391815115e-05,
    1.6733577012928436e-06
  ],
  "J": 17
}