{
  "mu": [
    0.0,
    -0.7714886665344238,
    -0.6459773778915405,
    -0.5406060814857483,
    -0.49411892890930176,
    -0.339900404214859,
    -0.4324600100517273,
    -0.2502846121788025,
    -0.00034324347507208586,
    -0.0003431044169701636,
    -0.00034323689760640264,
    0.21315650641918182,
    0.3646290898323059,
    0.4593845307826996,
    0.2646811604499817,
    0.5492324829101562,
    0.6580215096473694
  ],
  "sigma2": [
    0.002587101422250271,
    0.0003918326983693987,
    0.0003974478750023991,
    0.00036919687408953905,
    0.0004010438860859722,
    0.00017073482740670443,
    0.0002757851325441152,
    0.00037487002555280924,
    0.0004016028542537242,
    0.0004016028542537242,
    0.0004016028542537242,
    0.00040140203782357275,
    0.0002764450036920607,
    0.00036751857260242105,
    0.0006168386898934841,
    0.00037539604818448424,
    0.00039708189433440566
  ],
  "pi": [
    0.9990000128746033,
    4.063803316967096e-06,
    1.486685960117029e-05,
    3.6326018744148314e-05,
    9.57944735091587e-07,
    0.0002675523282960057,
    0.00011347675899742171,
    0.00017450714949518442,
    3.9837444454349225e-09,
    4.002610243247773e-09,
    3.984637952925141e-09,
    8.495725722923453e-08,
    9.565913205733523e-05,
    1.9402044927119277e-05,
    0.0002599031722638756,
    1.1732568964362144e-05,
    1.455353299206763e-06
  ],
  "J": 17
}