{
  "mu": [
    0.0,
    -0.7537050247192383,
    -0.6321889758110046,
    -0.5273379683494568,
    -0.48427078127861023,
    -0.3327799439430237,
    -0.42236757278442383,
    -0.2543962597846985,
    -0.0003542782214935869,
    -0.0003547669039107859,
    -0.0003542996128089726,
    0.25302496552467346,
    0.3551443815231323,
    0.44421833753585815,
    0.27031630277633667,
    0.5354735851287842,
    0.6511078476905823
  ],
  "sigma2": [
    0.0033259359188377857,
    0.0004115863412152976,
    0.00041994257480837405,
    0.00041154632344841957,
    0.0004013283469248563,
    0.00038536169449798763,
    0.0004092607996426523,
    0.0003881710581481457,
    0.0004016022721771151,
    0.0004016022721771151,
    0.0004016022721771151,
    0.00040160035132430494,
    0.0003925757482647896,
    0.00039632205152884126,
    0.0004438752948772162,
    0.00039885565638542175,
    0.00039683718932792544
  ],
  "pi": [
    0.9990000128746033,
    4.692787115345709e-06,
    1.747296300891321e-05,
    4.2292678699595854e-05,
    9.499672160018235e-07,
    0.0003166305541526526,
    0.00012796444934792817,
    0.0001291693333769217,
    7.826250758569131e-09,
    7.890386122255677e-09,
    7.829116910329503e-09,
    4.425638877592064e-08,
    0.00011353519221302122,
    2.1812522390973754e-05,
    0.00020946671429555863,
    1.4235582966648508e-05,
    1.7094941995310364e-06
  ],
  "J": 17
}