{
  "mu": [
    0.0,
    -0.7024621963500977,
    -0.5778707265853882,
    -0.48889660835266113,
    -0.42303362488746643,
    -0.30864325165748596,
    -0.38093820214271545,
    -0.2876143753528595,
    -0.0003185176174156368,
    -0.00029954101773910224,
    -0.0003180871135555208,
    0.15315639972686768,
    0.362216055393219,
    0.4055144190788269,
    0.32099097967147827,
    0.4940548241138458,
    0.6062501072883606
  ],
  "sigma2": [
    0.004941870458424091,
    0.00042155562550760806,
    0.00042249925900250673,
    0.00041247301851399243,
    0.00040363770676776767,
    0.0004152627370785922,
    0.0004009371914435178,
    0.0004015762242488563,
    0.0004015769809484482,
    0.00040157526382245123,
    0.0004015769809484482,
    0.0004016120219603181,
    0.00039765413384884596,
    0.00041392355342395604,
    0.0004808665544260293,
    0.00040960166370496154,
    0.000414428737713024
  ],
  "pi": [
    0.9990000128746033,
    7.94290826888755e-06,
    2.869317540898919e-05,
    6.184918311191723e-05,
    4.68909929622896e-05,
    0.00043752582860179245,
    0.00016516514006070793,
    2.152651319420329e-07,
    1.0510341041936044e-07,
    1.1317946047029181e-07,
    1.0547755380230228e-07,
    6.882314806944123e-08,
    1.7493121049483307e-05,
    3.543948332662694e-05,
    0.00017319514881819487,
    2.2417167201638222e-05,
    2.7800979296443984e-06
  ],
  "J": 17
}