{
  "mu": [
    0.0,
    -0.7368797659873962,
    -0.6141666769981384,
    -0.5175753235816956,
    -0.45738449692726135,
    -0.3246045708656311,
    -0.4104049801826477,
    -0.25897833704948425,
    -0.000528817530721426,
    -0.0005296161398291588,
    -0.0005288557149469852,
    0.2689414322376251,
    0.34702491760253906,
    0.4295867681503296,
    0.2736667990684509,
    0.5201595425605774,
    0.636755645275116
  ],
  "sigma2": [
    0.00382503611035645,
    0.0004154912894591689,
    0.00040940739563666284,
    0.0004094233736395836,
    0.00040158446063287556,
    0.00036420076503418386,
    0.00039790733717381954,
    0.0003751926124095917,
    0.0004015992162749171,
    0.0004015992162749171,
    0.0004015992162749171,
    0.00040159959462471306,
    0.000431401509558782,
    0.00040317027014680207,
    0.00040710033499635756,
    0.00039034217479638755,
    0.0003959550231229514
  ],
  "pi": [
    0.9990000128746033,
    5.583903202932561e-06,
    1.963507202162873e-05,
    4.538819848676212e-05,
    1.144912948802812e-05,
    0.00035401686909608543,
    0.0001397696032654494,
    8.155850082403049e-05,
    2.104753882292698e-08,
    2.1352704493438068e-08,
    2.106119190159461e-08,
    6.584206602155973e-08,
    0.0001273992093047127,
    2.5879404347506352e-05,
    0.00017107998428400606,
    1.6158561265910976e-05,
    1.9523315586411627e-06
  ],
  "J": 17
}