{
  "mu": [
    0.0,
    -0.7804002165794373,
    -0.661518394947052,
    -0.5521948933601379,
    -0.515235960483551,
    -0.3492182195186615,
    -0.44434016942977905,
    -0.2532379925251007,
    -0.0005222518229857087,
    -0.000522446003742516,
    -0.0005222614854574203,
    0.21061840653419495,
    0.3718756437301636,
    0.4675205945968628,
    0.2639075815677643,
    0.5601261258125305,
    0.6585859656333923
  ],
  "sigma2": [
    0.002459442475810647,
    0.00040023139445111156,
    0.00044014162267558277,
    0.0004346434725448489,
    0.0004009740659967065,
    0.0003645115939434618,
    0.0004093222669325769,
    0.000510027923155576,
    0.00040160323260352015,
    0.00040160323260352015,
    0.00040160323260352015,
    0.00040037359576672316,
    0.0003563737845979631,
    0.0003900465089827776,
    0.000840960827190429,
    0.0003913750406354666,
    0.0004001586639788002
  ],
  "pi": [
    0.9990000128746033,
    3.92823221773142e-06,
    1.4313616702565923e-05,
    3.4342701837886125e-05,
    6.575153861376748e-07,
    0.0002546188479755074,
    0.00010759082942968234,
    0.00018615295994095504,
    3.870503029190786e-09,
    3.8867415952381634e-09,
    3.871252651777013e-09,
    5.449115860756137e-07,
    9.035796392709017e-05,
    1.8731667296378873e-05,
    0.00027638106257654727,
    1.0925296010100283e-05,
    1.4428203485294944e-06
  ],
  "J": 17
}