{
  "mu": [
    0.0,
    -0.7983072996139526,
    -0.6808480620384216,
    -0.5969668030738831,
    -0.5559129118919373,
    -0.3600674867630005,
    -0.45610302686691284,
    -0.25108256936073303,
    -0.0006388144684024155,
    -0.0006389766349457204,
    -0.0006388222682289779,
    0.19922052323818207,
    0.3809552788734436,
    0.4839927554130554,
    0.2820543050765991,
    0.5700898170471191,
    0.6641619205474854
  ],
  "sigma2": [
    0.00180335296317935,
    0.0004092295712325722,
    0.0004124545375816524,
    0.000405177881475538,
    0.0004052045114804059,
    0.0003361944400239736,
    0.00038118535303510725,
    0.0007152622565627098,
    0.00040160302887670696,
    0.00040160302887670696,
    0.00040160302887670696,
    0.00037997725303284824,
    0.0003604393277782947,
    0.0003822342841885984,
    0.00040090392576530576,
    0.0003915898851118982,
    0.00039886459126137197
  ],
  "pi": [
    0.9990000128746033,
    3.5876321362593444e-06,
    1.1248233931837603e-05,
    6.152509740786627e-06,
    2.3508164304075763e-05,
    0.00020472088363021612,
    8.697788143763319e-05,
    0.00019097646872978657,
    5.768153510388174e-09,
    5.779738909694743e-09,
    5.768725497290461e-09,
    0.0001931890146806836,
    7.565021223854274e-05,
    1.5132437511056196e-05,
    0.00017905692220665514,
    8.543019248463679e-06,
    1.239350581272447e-06
  ],
  "J": 17
}