{
  "mu": [
    0.0,
    -0.741527259349823,
    -0.6162785887718201,
    -0.5162220001220703,
    -0.4670957028865814,
    -0.3238450884819031,
    -0.411452978849411,
    -0.25233712792396545,
    -0.00025914801517501473,
    -0.00025852039107121527,
    -0.00025911902775987983,
    0.2654053866863251,
    0.3479134738445282,
    0.4328617751598358,
    0.26964932680130005,
    0.5219466686248779,
    0.6410039067268372
  ],
  "sigma2": [
    0.00351269100792706,
    0.0004011469427496195,
    0.00039861531695351005,
    0.00038129568565636873,
    0.0003999450127594173,
    0.0002281673368997872,
    0.0003158158215228468,
    0.0003507515648379922,
    0.00040160075877793133,
    0.00040160075877793133,
    0.00040160075877793133,
    0.0004016072489321232,
    0.0003607594990171492,
    0.0003775914665311575,
    0.00040820715366862714,
    0.0003793532378040254,
    0.00039527364424429834
  ],
  "pi": [
    0.9990000128746033,
    4.8732326831668615e-06,
    1.8615997760207392e-05,
    4.413252463564277e-05,
    3.98722613681457e-06,
    0.0003319363167975098,
    0.00013664804282598197,
    0.00010466672392794862,
    1.1981748038181195e-08,
    1.2103128277374253e-08,
    1.1987178361039241e-08,
    5.4457871101476485e-08,
    0.00012097602302674204,
    2.342753032280598e-05,
    0.00019358249846845865,
    1.525160223536659e-05,
    1.8117223135050153e-06
  ],
  "J": 17
}