{
  "mu": [
    0.0,
    -0.7800760865211487,
    -0.6626923084259033,
    -0.551427960395813,
    -0.5513492822647095,
    -0.3488653898239136,
    -0.4439437985420227,
    -0.24948960542678833,
    -0.00039925784221850336,
    -0.00039911404019221663,
    -0.00039925097371451557,
    0.2056666612625122,
    0.3726283013820648,
    0.469906747341156,
    0.27730390429496765,
    0.560695469379425,
    0.6596536636352539
  ],
  "sigma2": [
    0.0020888110157102346,
    0.00039832727634347975,
    0.00041072824387811124,
    0.0003850869252346456,
    0.0003966716176364571,
    0.00018008961342275143,
    0.0002793067542370409,
    0.0004997520591132343,
    0.0004016020684503019,
    0.0004016020684503019,
    0.0004016020684503019,
    0.0003802645660471171,
    0.00027140695601701736,
    0.000364031846402213,
    0.0003929711238015443,
    0.00037388564669527113,
    0.0003993666323367506
  ],
  "pi": [
    0.9990000128746033,
    3.528449724399252e-06,
    1.2986451110919006e-05,
    2.4219712940976024e-05,
    7.423064289469039e-06,
    0.00022594313486479223,
    9.60415491135791e-05,
    0.00018255299073643982,
    8.04457211955878e-09,
    8.067588375126888e-09,
    8.045645927268197e-09,
    0.00014618718705605716,
    8.194248948711902e-05,
    1.6693200450390577e-05,
    0.0001914354070322588,
    9.69849952525692e-06,
    1.3237277016742155e-06
  ],
  "J": 17
}