{
  "mu": [
    0.0,
    -0.7703226208686829,
    -0.6462152600288391,
    -0.5421238541603088,
    -0.5014795064926147,
    -0.34025582671165466,
    -0.4323185980319977,
    -0.25321000814437866,
    -0.0005618810537271202,
    -0.000562068831641227,
    -0.0005618898430839181,
    0.22824214398860931,
    0.36405882239341736,
    0.4575551152229309,
    0.2685033082962036,
    0.5468395352363586,
    0.6562920808792114
  ],
  "sigma2": [
    0.002907714806497097,
    0.00039709158590994775,
    0.00042325156391598284,
    0.00039822186226956546,
    0.0004011146374978125,
    0.0003270949819125235,
    0.0003794187505263835,
    0.00040515101864002645,
    0.0004016028542537242,
    0.0004016028542537242,
    0.0004016028542537242,
    0.0004015224112663418,
    0.00037189119029790163,
    0.00038850269629620016,
    0.0005809087888337672,
    0.0003869000356644392,
    0.0003985362418461591
  ],
  "pi": [
    0.9990000128746033,
    4.257601631252328e-06,
    1.5403829820570536e-05,
    3.631571598816663e-05,
    2.626126843097154e-06,
    0.000282315188087523,
    0.00011809198622358963,
    0.00016226572915911674,
    5.1380322219074515e-09,
    5.165919692018406e-09,
    5.139355607752805e-09,
    6.239385186290747e-08,
    0.0001004397272481583,
    2.0010658772662282e-05,
    0.0002443719713483006,
    1.229365989274811e-05,
    1.53006874370476e-06
  ],
  "J": 17
}