{
  "mu": [
    0.0,
    -0.7326674461364746,
    -0.645757794380188,
    -0.5908014178276062,
    -0.5067843198776245,
    -0.3925175070762634,
    -0.2691011130809784,
    -0.14948172867298126,
    -0.04654962569475174,
    -0.002765284851193428,
    0.037373512983322144,
    0.1378667652606964,
    0.25209441781044006,
    0.36210787296295166,
    0.4678643047809601,
    0.5667152404785156,
    0.657019853591919
  ],
  "sigma2": [
    0.017142711207270622,
    0.015501534566283226,
    0.015425660647451878,
    0.015398513525724411,
    0.015443206764757633,
    0.015514512546360493,
    0.015589538961648941,
    0.01563304103910923,
    0.015440967865288258,
    0.015390262007713318,
    0.015405673533678055,
    0.015577754005789757,
    0.015550085343420506,
    0.015490422025322914,
    0.0154708968475461,
    0.015478534623980522,
    0.015501586720347404
  ],
  "pi": [
    0.9990000128746033,
    3.276979623478837e-05,
    4.184524732409045e-05,
    4.383675695862621e-05,
    3.752291013370268e-05,
    2.8069111067452468e-05,
    3.4255899663548917e-05,
    8.598599379183725e-05,
    0.00016236220835708082,
    0.000175348439370282,
    0.00016362080350518227,
    8.122050348902121e-05,
    2.885388494178187e-05,
    2.050556940957904e-05,
    2.092464637826197e-05,
    2.1464242308866233e-05,
    2.1414047296275385e-05
  ],
  "J": 17
}