{
  "mu": [
    0.0,
    -0.797583281993866,
    -0.6794396042823792,
    -0.5783054232597351,
    -0.5476653575897217,
    -0.3601536750793457,
    -0.4560859203338623,
    -0.2512825131416321,
    -0.000560472602955997,
    -0.0005606192862614989,
    -0.0005604798207059503,
    0.19944927096366882,
    0.3806236684322357,
    0.48364177346229553,
    0.28163453936576843,
    0.569754421710968,
    0.663651168346405
  ],
  "sigma2": [
    0.001818044693209231,
    0.00041087219142355025,
    0.00042100524296984076,
    0.00041538075311109424,
    0.0003972425183746964,
    0.0003502200997900218,
    0.00038634552038274705,
    0.0007137720240280032,
    0.00040160302887670696,
    0.00040160302887670696,
    0.00040160302887670696,
    0.0003752158663701266,
    0.00036925036692991853,
    0.0003839054552372545,
    0.000406556180678308,
    0.00039391100290231407,
    0.00039913266664370894
  ],
  "pi": [
    0.9990000128746033,
    3.6204855859978124e-06,
    1.1653828551061451e-05,
    1.5091447494341992e-05,
    1.4350871424539946e-05,
    0.0002058378595393151,
    8.712257113074884e-05,
    0.00019148903083987534,
    6.2124896338389135e-09,
    6.22565110575124e-09,
    6.213118464160061e-09,
    0.00018980031018145382,
    7.60284747229889e-05,
    1.5217943655443378e-05,
    0.00017991977802012116,
    8.586496733187232e-06,
    1.262335899809841e-06
  ],
  "J": 17
}