{
  "mu": [
    0.0,
    -0.6834996342658997,
    -0.5587213039398193,
    -0.47306764125823975,
    -0.41331222653388977,
    -0.3035733103752136,
    -0.3710920214653015,
    -0.27209603786468506,
    -2.5940975319826975e-05,
    -4.26362021244131e-05,
    -2.450581087032333e-05,
    0.1345418244600296,
    0.3602919280529022,
    0.39304542541503906,
    0.32229477167129517,
    0.4796883463859558,
    0.5978159308433533
  ],
  "sigma2": [
    0.005154094658792019,
    0.0004316817794460803,
    0.00040118253673426807,
    0.00039274050504900515,
    0.0003937750298064202,
    0.0003166865208186209,
    0.0003695568593684584,
    0.00040154674206860363,
    0.0004015113227069378,
    0.0004015029116999358,
    0.00040151094435714185,
    0.0004016200837213546,
    0.00040147380786947906,
    0.0004128112632315606,
    0.00043290870962664485,
    0.0004244502924848348,
    0.0004192747292108834
  ],
  "pi": [
    0.9990000128746033,
    8.663022526889108e-06,
    3.2120489777298644e-05,
    6.507133366540074e-05,
    5.0257123803021386e-05,
    0.00041760189924389124,
    0.00018078376888297498,
    2.684193702862103e-07,
    3.2867612276277214e-07,
    3.612997261370765e-07,
    3.302855304809782e-07,
    1.8979034166477504e-07,
    1.280368451261893e-06,
    4.404048377182335e-05,
    0.00016999212675727904,
    2.5671133698779158e-05,
    3.039810735572246e-06
  ],
  "J": 17
}