{
  "mu": [
    0.0,
    -0.7806432247161865,
    -0.662087082862854,
    -0.5551990866661072,
    -0.5251922011375427,
    -0.3492473363876343,
    -0.4443373680114746,
    -0.25280579924583435,
    -0.0006382397841662169,
    -0.0006384574808180332,
    -0.0006382502615451813,
    0.2169039100408554,
    0.3721514344215393,
    0.46805933117866516,
    0.2759632468223572,
    0.5593996047973633,
    0.6573651432991028
  ],
  "sigma2": [
    0.0024177751038223505,
    0.00040066655492410064,
    0.0004367087094578892,
    0.00041556262294761837,
    0.00039957923581823707,
    0.0003345150616951287,
    0.0003899616713169962,
    0.0005116106476634741,
    0.0004016020684503019,
    0.0004016020684503019,
    0.0004016020684503019,
    0.0003595678135752678,
    0.0003467041824478656,
    0.0003854390815831721,
    0.0005001239478588104,
    0.00038636746467091143,
    0.0004012391727883369
  ],
  "pi": [
    0.9990000128746033,
    4.576973879011348e-06,
    1.466863523091888e-05,
    3.1166928238235414e-05,
    4.1508897083986085e-06,
    0.0002475567744113505,
    0.00010514648602111265,
    0.0001835776783991605,
    1.0669420902331694e-08,
    1.071214228431927e-08,
    1.0671406869278144e-08,
    7.728557102382183e-05,
    8.940470434026793e-05,
    1.8988292140420526e-05,
    0.00020999426487833261,
    1.139956930273911e-05,
    2.0511477032414405e-06
  ],
  "J": 17
}