{
  "mu": [
    0.0,
    -0.7533068656921387,
    -0.6316095590591431,
    -0.5279889106750488,
    -0.4898744225502014,
    -0.3328905999660492,
    -0.4228352904319763,
    -0.25397610664367676,
    -0.0005289415712468326,
    -0.0005296011222526431,
    -0.0005289709661155939,
    0.2435416579246521,
    0.3560769557952881,
    0.44524085521698,
    0.27044641971588135,
    0.5358303189277649,
    0.6521008610725403
  ],
  "sigma2": [
    0.0033012432977557182,
    0.000412116787629202,
    0.00041423001675866544,
    0.0003993500431533903,
    0.00040153716690838337,
    0.00035461425432004035,
    0.000399434647988528,
    0.0003848749038297683,
    0.0004016022721771151,
    0.0004016022721771151,
    0.0004016022721771151,
    0.00040157814510166645,
    0.0003761317639146,
    0.0003883839526679367,
    0.0004467310500331223,
    0.000393420341424644,
    0.0003966352960560471
  ],
  "pi": [
    0.9990000128746033,
    4.725987309939228e-06,
    1.7394882888766006e-05,
    4.151161920162849e-05,
    1.2420694019965595e-06,
    0.00031385725014843047,
    0.00012764750863425434,
    0.00013034265430178493,
    7.440500660038651e-09,
    7.498027088104209e-09,
    7.443069716117634e-09,
    4.500751416003368e-08,
    0.00011294153955532238,
    2.1573890990111977e-05,
    0.00021289082360453904,
    1.4109555195318535e-05,
    1.6949372820818098e-06
  ],
  "J": 17
}