{
  "mu": [
    0.0,
    -0.7382979393005371,
    -0.6147991418838501,
    -0.5166772603988647,
    -0.4562634825706482,
    -0.32376670837402344,
    -0.4099750816822052,
    -0.2589605152606964,
    -0.0005300074117258191,
    -0.0005315032904036343,
    -0.0005300781922414899,
    0.267961323261261,
    0.3470151126384735,
    0.42924365401268005,
    0.2732667028903961,
    0.51988285779953,
    0.6382210850715637
  ],
  "sigma2": [
    0.0038121917750686407,
    0.0004112926544621587,
    0.0004123467660974711,
    0.0004048624832648784,
    0.0004012406861875206,
    0.00037080273614265025,
    0.00039617353468202055,
    0.00037821606383658946,
    0.00040159901254810393,
    0.00040159901254810393,
    0.00040159901254810393,
    0.0004015970916952938,
    0.00043114612344652414,
    0.0003999598848167807,
    0.0004064993991050869,
    0.0003944073978345841,
    0.00039631352410651743
  ],
  "pi": [
    0.9990000128746033,
    5.352966581995133e-06,
    1.9762843294302e-05,
    4.598615851136856e-05,
    1.0327667041565292e-05,
    0.00035630131606012583,
    0.0001402366760885343,
    7.842751074349508e-05,
    2.2470480587344355e-08,
    2.2818550604597476e-08,
    2.2485872719357758e-08,
    6.553926823471556e-08,
    0.000127371444250457,
    2.5606801500543952e-05,
    0.0001722768065519631,
    1.6265990780084394e-05,
    1.9505796444718726e-06
  ],
  "J": 17
}