{
  "mu": [
    0.0,
    -0.742150068283081,
    -0.6168214082717896,
    -0.5154398679733276,
    -0.4649270176887512,
    -0.3236590027809143,
    -0.41155532002449036,
    -0.24877949059009552,
    -0.00019109756976831704,
    -0.0001906163088278845,
    -0.00019107542175333947,
    0.2641315162181854,
    0.3481508493423462,
    0.4339391589164734,
    0.2673649787902832,
    0.5227252244949341,
    0.6421858072280884
  ],
  "sigma2": [
    0.0033177563454955816,
    0.00039655211730860174,
    0.000387618929380551,
    0.00036407230072654784,
    0.00039961334550753236,
    0.00017671148816589266,
    0.0002766206453088671,
    0.0003359870461281389,
    0.0004016011080238968,
    0.0004016011080238968,
    0.0004016011080238968,
    0.00040160975186154246,
    0.00032093210029415786,
    0.00036602080217562616,
    0.00040387987974099815,
    0.0003734361089300364,
    0.00039515248499810696
  ],
  "pi": [
    0.9990000128746033,
    4.674649517255602e-06,
    1.8038619600702077e-05,
    4.331980744609609e-05,
    2.635257033034577e-06,
    0.00032030255533754826,
    0.00013210764154791832,
    0.00011947133316425607,
    1.0347664947119029e-08,
    1.0444577647206188e-08,
    1.0351997481450326e-08,
    5.1001858736299255e-08,
    0.00011661674943752587,
    2.2510996132041328e-05,
    0.00020377659529913217,
    1.4719504179083742e-05,
    1.7441378759031068e-06
  ],
  "J": 17
}