{
  "mu": [
    0.0,
    -0.7421234250068665,
    -0.6171156764030457,
    -0.5150830745697021,
    -0.46409183740615845,
    -0.3236325681209564,
    -0.4117867648601532,
    -0.2467709630727768,
    -0.00016344893083442003,
    -0.00016303409938700497,
    -0.00016342992603313178,
    0.2636864185333252,
    0.3483645021915436,
    0.4347008466720581,
    0.2660384476184845,
    0.5233142971992493,
    0.642922580242157
  ],
  "sigma2": [
    0.003195656929165125,
    0.000394716887967661,
    0.0003830887726508081,
    0.000354501826222986,
    0.0003999765031039715,
    0.0001537800271762535,
    0.0002583892201073468,
    0.00032450989237986505,
    0.00040160131175071,
    0.00040160131175071,
    0.00040160131175071,
    0.00040160954813472927,
    0.00029948670999147,
    0.00035958236549049616,
    0.000399230484617874,
    0.0003703454276546836,
    0.00039507070323452353
  ],
  "pi": [
    0.9990000128746033,
    4.5674228204006795e-06,
    1.7718424714985304e-05,
    4.2687475797720253e-05,
    1.975504574147635e-06,
    0.0003137632447760552,
    0.0001295229885727167,
    0.00012823338329326361,
    9.553133395456825e-09,
    9.639387954507583e-09,
    9.55699785976094e-09,
    4.8890662185385736e-08,
    0.00011411251034587622,
    2.1961657694191672e-05,
    0.0002092684298986569,
    1.4409886716748588e-05,
    1.7014988316077506e-06
  ],
  "J": 17
}