{
  "mu": [
    0.0,
    -0.7755215167999268,
    -0.0032191246282309294,
    -0.41355326771736145,
    -0.020223869010806084,
    -0.3980787992477417,
    -0.31504133343696594,
    -0.34846943616867065,
    -0.04939069226384163,
    0.5499624609947205,
    0.006509468425065279,
    0.22405092418193817,
    -0.003186038928106427,
    0.027253150939941406,
    0.33764758706092834,
    0.5459074378013611,
    0.6915023922920227
  ],
  "sigma2": [
    9.99999993922529e-09,
    9.99999993922529e-09,
    1.0734265742939897e-06,
    9.99999993922529e-09,
    9.99999993922529e-09,
    9.99999993922529e-09,
    9.99999993922529e-09,
    9.99999993922529e-09,
    9.99999993922529e-09,
    9.99999993922529e-09,
    0.025942446663975716,
    9.99999993922529e-09,
    9.99999993922529e-09,
    9.99999993922529e-09,
    9.99999993922529e-09,
    9.99999993922529e-09,
    9.99999993922529e-09
  ],
  "pi": [
    0.9990000128746033,
    1.5302878964007505e-08,
    2.034225872193929e-06,
    9.403074727742933e-07,
    8.813886961434036e-05,
    1.0276371540385298e-06,
    1.2280382861717953e-06,
    2.446774260533857e-06,
    8.430314665019978e-06,
    2.4914979235290957e-07,
    0.00042273587314412,
    1.980113211175194e-06,
    0.0004471732536330819,
    2.234649218735285e-05,
    1.1462627753644483e-06,
    7.886210084961931e-08,
    2.8514691052805574e-08
  ],
  "J": 17
}