{
  "mu": [
    0.0,
    -0.7832927703857422,
    -0.008042216300964355,
    -0.4191974401473999,
    -0.018921716138720512,
    -0.4043106138706207,
    -0.3194190561771393,
    -0.35096147656440735,
    -0.048661354929208755,
    0.5559616684913635,
    0.003615432186052203,
    0.22823815047740936,
    -0.002801913768053055,
    0.028320183977484703,
    0.34303686022758484,
    0.5523266792297363,
    0.6999813914299011
  ],
  "sigma2": [
    9.99999993922529e-09,
    9.99999993922529e-09,
    9.99999993922529e-09,
    9.99999993922529e-09,
    9.99999993922529e-09,
    9.99999993922529e-09,
    9.99999993922529e-09,
    9.99999993922529e-09,
    9.99999993922529e-09,
    9.99999993922529e-09,
    0.01153615489602089,
    9.99999993922529e-09,
    9.99999993922529e-09,
    9.99999993922529e-09,
    9.99999993922529e-09,
    9.99999993922529e-09,
    9.99999993922529e-09
  ],
  "pi": [
    0.9990000128746033,
    4.363662142736757e-08,
    0.0001241424906766042,
    1.3406098560153623e-06,
    4.949121648678556e-05,
    1.2974503533769166e-06,
    2.0305849375290563e-06,
    2.468817456247052e-06,
    6.815935194026679e-06,
    2.0450815441108716e-07,
    0.0006791111081838608,
    1.5351834008470178e-06,
    0.00011597741104196757,
    1.4049482160771731e-05,
    1.3507583389582578e-06,
    1.1870547922399055e-07,
    2.2184748260656306e-08
  ],
  "J": 17
}