{
  "mu": [
    0.0,
    -0.6524872183799744,
    -0.5711150169372559,
    -0.4792584478855133,
    -0.43357986211776733,
    -0.35088256001472473,
    -0.29279375076293945,
    -0.17242275178432465,
    -0.009693537838757038,
    0.0037661741953343153,
    0.005775984842330217,
    0.15520907938480377,
    0.35214585065841675,
    0.30168625712394714,
    0.35350120067596436,
    0.4451112449169159,
    0.5443756580352783
  ],
  "sigma2": [
    0.004815072286874056,
    0.0044336277060210705,
    0.0087910620495677,
    0.005589277017861605,
    0.003916732035577297,
    0.0012559680035337806,
    0.00040866504423320293,
    0.16114233434200287,
    0.004769640974700451,
    0.0044154031202197075,
    0.0042219460010528564,
    0.12346602231264114,
    0.0037654524203389883,
    0.0006890342338010669,
    0.0015611014096066356,
    0.0031121415086090565,
    0.009462176822125912
  ],
  "pi": [
    0.9990000128746033,
    2.5508284124953207e-06,
    1.4690085663460195e-05,
    5.340667485143058e-05,
    9.367921302327886e-05,
    0.00022727748728357255,
    0.0003231890732422471,
    7.175368637035717e-07,
    1.2549643315651338e-06,
    1.5363655165856471e-06,
    1.3542289707402233e-06,
    7.252538125612773e-07,
    1.2478134294724441e-06,
    0.0001608128222869709,
    7.360943709500134e-05,
    4.142367833992466e-05,
    2.5245713004551362e-06
  ],
  "J": 17
}