{
  "mu": [
    0.0,
    -0.7287541627883911,
    -0.29054883122444153,
    -0.39395588636398315,
    -0.09397658705711365,
    -0.3767717182636261,
    -0.3027034401893616,
    -0.42139142751693726,
    -0.20954595506191254,
    0.5178156495094299,
    0.35117778182029724,
    0.160600483417511,
    0.2022327333688736,
    0.08740484714508057,
    0.31118157505989075,
    0.5182782411575317,
    0.6607049107551575
  ],
  "sigma2": [
    0.00019642803817987442,
    9.99999993922529e-09,
    0.015634451061487198,
    9.99999993922529e-09,
    0.0006197553593665361,
    9.99999993922529e-09,
    9.99999993922529e-09,
    0.14221344888210297,
    0.005148876924067736,
    1.0322008847651887e-06,
    0.024044213816523552,
    0.32886412739753723,
    0.007258072029799223,
    0.0005203792825341225,
    4.182869872693118e-08,
    9.99999993922529e-09,
    1.5457084145964473e-07
  ],
  "pi": [
    0.9990000128746033,
    5.471858344208158e-08,
    0.00026455713668838143,
    1.8350003756495425e-06,
    0.00018473294039722532,
    1.804727730814193e-06,
    3.521551207086304e-06,
    1.0663176652769835e-07,
    2.8202367108320914e-09,
    6.197640800564841e-07,
    2.1633963509515297e-09,
    4.086666560709773e-09,
    0.0003112438425887376,
    0.0002029213501373306,
    2.4503653548890725e-05,
    3.7208619687589817e-06,
    3.6877304410154466e-07
  ],
  "J": 17
}