{
  "mu": [
    0.0,
    -0.7823582291603088,
    -0.008025150746107101,
    -0.4178224802017212,
    -0.018959753215312958,
    -0.40283361077308655,
    -0.31846755743026733,
    -0.35016313195228577,
    -0.04864896088838577,
    0.5543131828308105,
    0.0019201809773221612,
    0.22724708914756775,
    -0.0027948995120823383,
    0.028115803375840187,
    0.3413391411304474,
    0.5511667728424072,
    0.6983996033668518
  ],
  "sigma2": [
    9.99999993922529e-09,
    9.99999993922529e-09,
    9.99999993922529e-09,
    9.99999993922529e-09,
    9.99999993922529e-09,
    9.99999993922529e-09,
    9.99999993922529e-09,
    9.99999993922529e-09,
    9.99999993922529e-09,
    9.99999993922529e-09,
    0.01224401406943798,
    9.99999993922529e-09,
    9.99999993922529e-09,
    9.99999993922529e-09,
    9.99999993922529e-09,
    9.99999993922529e-09,
    9.99999993922529e-09
  ],
  "pi": [
    0.9990000128746033,
    1.3327308145960615e-08,
    0.00011809072020696476,
    9.939404890246806e-07,
    4.50743391411379e-05,
    1.0558536587268463e-06,
    1.5505745523114456e-06,
    2.0787711036973633e-06,
    5.52285700905486e-06,
    1.4965551997647708e-07,
    0.0006990334368310869,
    9.129277032116079e-07,
    0.00011226253263885155,
    1.2113097000110429e-05,
    1.0186789722865797e-06,
    1.0733214850233708e-07,
    2.2016875433905625e-08
  ],
  "J": 17
}