{
  "mu": [
    0.0,
    -0.7361380457878113,
    -0.12497913837432861,
    -0.3957396149635315,
    -0.02207266166806221,
    -0.37825748324394226,
    -0.3031367063522339,
    -0.41282719373703003,
    -0.07232905179262161,
    0.5247286558151245,
    0.4177305996417999,
    0.30967873334884644,
    0.060124654322862625,
    0.021983930841088295,
    0.3179067075252533,
    0.5235769152641296,
    0.6666032671928406
  ],
  "sigma2": [
    8.827770443531335e-07,
    9.99999993922529e-09,
    0.04288548231124878,
    9.99999993922529e-09,
    9.287102147936821e-05,
    9.99999993922529e-09,
    9.99999993922529e-09,
    0.011239764280617237,
    0.001856068498454988,
    2.575628059275914e-06,
    0.0008212410612031817,
    0.036132026463747025,
    0.014084605500102043,
    8.479364623781294e-05,
    1.9610213897180984e-08,
    9.99999993922529e-09,
    2.741131197581126e-07
  ],
  "pi": [
    0.9990000128746033,
    1.1598547899893674e-08,
    0.00019866542425006628,
    6.750296392965538e-07,
    0.00016581967065576464,
    7.920321536403208e-07,
    1.084787641048024e-06,
    1.1115663255623076e-05,
    4.021745159121792e-09,
    1.4251880884330603e-06,
    2.616183564896346e-06,
    1.7124615681041178e-07,
    0.0004461724602151662,
    0.0001665884192334488,
    3.879327323375037e-06,
    8.267986117971304e-07,
    1.521643611113177e-07
  ],
  "J": 17
}