{
  "mu": [
    0.0,
    -0.7224801778793335,
    -0.4998287260532379,
    -0.38752323389053345,
    -0.26583364605903625,
    -0.3719489276409149,
    -0.2997013330459595,
    -0.20036523044109344,
    -0.14996542036533356,
    0.4768081605434418,
    0.10900895297527313,
    0.1376243680715561,
    0.36206433176994324,
    0.1804780662059784,
    0.29199594259262085,
    0.5032786726951599,
    0.6356992125511169
  ],
  "sigma2": [
    0.0009774513309821486,
    9.99999993922529e-09,
    0.00748155452311039,
    9.99999993922529e-09,
    0.006915240082889795,
    9.99999993922529e-09,
    9.99999993922529e-09,
    0.11412538588047028,
    0.014622937887907028,
    0.003245213534682989,
    0.013124559074640274,
    0.12724865972995758,
    0.0017983774887397885,
    0.0009627448744140565,
    0.00037056568544358015,
    1.0724038190801366e-07,
    0.0001153698394773528
  ],
  "pi": [
    0.9990000128746033,
    3.547951621385437e-07,
    4.8013534978963435e-05,
    6.700257927150233e-06,
    0.00040985248051583767,
    5.219067134021316e-06,
    1.6957101252046414e-05,
    6.571317712200653e-09,
    6.130869145692941e-09,
    2.043267386397929e-07,
    5.378617107254513e-09,
    5.569701588825637e-09,
    4.273096419638023e-05,
    0.0003297018993180245,
    0.0001286176120629534,
    1.0760970326373354e-05,
    8.633560355519876e-07
  ],
  "J": 17
}