{
  "mu": [
    0.0,
    -0.7033082842826843,
    -0.5635061860084534,
    -0.4839385151863098,
    -0.4217720925807953,
    -0.3554271459579468,
    -0.2906612753868103,
    -0.17313049733638763,
    -0.00970478542149067,
    0.03333140164613724,
    0.005825192201882601,
    0.15625666081905365,
    0.35907867550849915,
    0.2816157937049866,
    0.33288925886154175,
    0.4372975528240204,
    0.5652650594711304
  ],
  "sigma2": [
    0.004073534160852432,
    0.0008349270210601389,
    0.004827276803553104,
    0.005061828996986151,
    0.003317240858450532,
    0.0004727124178316444,
    9.215128375217319e-05,
    0.16209805011749268,
    0.004804249387234449,
    0.004418267868459225,
    0.004200591705739498,
    0.13976037502288818,
    0.002795768901705742,
    0.0005839566001668572,
    0.00110900541767478,
    0.0027043859008699656,
    0.00507580628618598
  ],
  "pi": [
    0.9990000128746033,
    3.204939275747165e-06,
    1.1136460670968518e-05,
    5.251600668998435e-05,
    9.447973570786417e-05,
    0.000159974952111952,
    0.00034378375858068466,
    2.5676840209598595e-07,
    4.324255087340134e-07,
    5.282230404191068e-07,
    4.6550655952160014e-07,
    2.660021607425733e-07,
    8.087636729214864e-07,
    0.00018344934505876154,
    0.00010204211139352992,
    4.360024831839837e-05,
    3.0547307687811553e-06
  ],
  "J": 17
}