{
  "mu": [
    0.0,
    -0.7603762149810791,
    -0.1225593090057373,
    -0.404117614030838,
    -0.02263224683701992,
    -0.3878922760486603,
    -0.3077898323535919,
    -0.3452969491481781,
    -0.04963188245892525,
    0.5335538387298584,
    0.3002369999885559,
    0.21700739860534668,
    -0.0003822142898570746,
    0.02500230446457863,
    0.3265117406845093,
    0.5358192324638367,
    0.6836431622505188
  ],
  "sigma2": [
    9.99999993922529e-09,
    9.99999993922529e-09,
    0.05391063168644905,
    9.99999993922529e-09,
    9.99999993922529e-09,
    9.99999993922529e-09,
    9.99999993922529e-09,
    9.99999993922529e-09,
    9.99999993922529e-09,
    8.046987431953312e-07,
    0.010547277517616749,
    9.99999993922529e-09,
    0.0020566515158861876,
    9.99999993922529e-09,
    9.99999993922529e-09,
    9.99999993922529e-09,
    9.99999993922529e-09
  ],
  "pi": [
    0.9990000128746033,
    3.219088995365382e-08,
    0.00010981207742588595,
    2.989993106439215e-07,
    2.6250892915413715e-05,
    3.656953424524545e-07,
    5.913361746934243e-07,
    2.847879613909754e-06,
    8.143098966684192e-06,
    8.157719832979637e-09,
    3.48045869031921e-05,
    3.1565148219669936e-06,
    0.0007860125042498112,
    2.5946916139218956e-05,
    1.2987065929337405e-06,
    3.9415684227606107e-07,
    3.635446077510096e-08
  ],
  "J": 17
}