{
  "mu": [
    0.0,
    -0.7136188745498657,
    -0.5449835062026978,
    -0.3944995403289795,
    -0.2952631115913391,
    -0.36376282572746277,
    -0.292868435382843,
    -0.17383776605129242,
    -0.010574082843959332,
    0.27232855558395386,
    0.00632268562912941,
    0.15653452277183533,
    0.36005479097366333,
    0.27161216735839844,
    0.3413901925086975,
    0.45923763513565063,
    0.5758098363876343
  ],
  "sigma2": [
    0.0032168591860681772,
    0.000268918345682323,
    0.0029298076406121254,
    0.004945583175867796,
    0.0014913617633283138,
    1.0956475762213813e-06,
    7.187882289372283e-08,
    0.15188783407211304,
    0.0050350818783044815,
    0.004244381561875343,
    0.004282528068870306,
    0.14502860605716705,
    0.0025843344628810883,
    0.0008869314915500581,
    0.0012715428601950407,
    0.0017661647871136665,
    0.004451986402273178
  ],
  "pi": [
    0.9990000128746033,
    2.8598160497494973e-06,
    2.9456574338837527e-05,
    0.0001702343433862552,
    0.0003729478921741247,
    2.2397331122192554e-05,
    3.4980446798726916e-05,
    7.252190670214986e-08,
    1.1220667062161738e-07,
    1.8531926571085933e-07,
    1.203805481964082e-07,
    7.564501203205509e-08,
    4.1648513615655247e-07,
    0.0002562490990385413,
    7.854055729694664e-05,
    2.910537841671612e-05,
    2.246012400064501e-06
  ],
  "J": 17
}