{
  "mu": [
    0.0,
    -0.7720091938972473,
    -0.0033090761862695217,
    -0.4120330810546875,
    -0.020433947443962097,
    -0.39635521173477173,
    -0.31341487169265747,
    -0.3477576971054077,
    -0.04950295016169548,
    0.5478576421737671,
    0.0050143953412771225,
    0.22297702729701996,
    -0.003307274542748928,
    0.027069736272096634,
    0.3358001410961151,
    0.5431919097900391,
    0.6878848671913147
  ],
  "sigma2": [
    9.99999993922529e-09,
    9.99999993922529e-09,
    1.1011837841579108e-06,
    9.99999993922529e-09,
    9.99999993922529e-09,
    9.99999993922529e-09,
    9.99999993922529e-09,
    9.99999993922529e-09,
    9.99999993922529e-09,
    9.99999993922529e-09,
    0.026784397661685944,
    9.99999993922529e-09,
    9.99999993922529e-09,
    9.99999993922529e-09,
    9.99999993922529e-09,
    9.99999993922529e-09,
    9.99999993922529e-09
  ],
  "pi": [
    0.9990000128746033,
    5.672412317636599e-09,
    1.4397992345038801e-05,
    6.794235218876565e-07,
    8.58274579513818e-05,
    7.803224661984132e-07,
    9.557988960295916e-07,
    2.064793534373166e-06,
    6.354967354127439e-06,
    1.93651402469186e-07,
    0.0004308020870666951,
    1.4155643839330878e-06,
    0.00043609956628642976,
    1.957309177669231e-05,
    7.793466920702485e-07,
    5.6943612491977547e-08,
    1.339603805661227e-08
  ],
  "J": 17
}