{
  "mu": [
    0.0,
    -0.7946330308914185,
    -0.007658785209059715,
    -0.4227062463760376,
    -0.017629578709602356,
    -0.40862998366355896,
    -0.32232943177223206,
    -0.35275378823280334,
    -0.0480780303478241,
    0.5616768002510071,
    0.001992027973756194,
    0.23228038847446442,
    -0.002572947647422552,
    0.02938361093401909,
    0.3486265540122986,
    0.5553817749023438,
    0.7046340703964233
  ],
  "sigma2": [
    9.99999993922529e-09,
    9.99999993922529e-09,
    9.99999993922529e-09,
    9.99999993922529e-09,
    9.99999993922529e-09,
    9.99999993922529e-09,
    9.99999993922529e-09,
    9.99999993922529e-09,
    9.99999993922529e-09,
    9.99999993922529e-09,
    0.009720073081552982,
    9.99999993922529e-09,
    9.99999993922529e-09,
    9.99999993922529e-09,
    9.99999993922529e-09,
    9.99999993922529e-09,
    9.99999993922529e-09
  ],
  "pi": [
    0.9990000128746033,
    3.140678828117416e-08,
    8.336694008903578e-05,
    1.265559717467113e-06,
    5.067743404651992e-05,
    1.1171802043463686e-06,
    1.7243902448171866e-06,
    2.2151471057441086e-06,
    8.616855666332413e-06,
    1.9919811222735007e-07,
    0.0007431347039528191,
    1.7830988099376555e-06,
    8.838426583679393e-05,
    1.6052894352469593e-05,
    1.3673441117134644e-06,
    6.242085248686635e-08,
    1.2349620215346135e-09
  ],
  "J": 17
}