{
  "mu": [
    0.0,
    -0.7934836745262146,
    -0.007585236802697182,
    -0.4216255843639374,
    -0.0175683181732893,
    -0.4076845347881317,
    -0.32148459553718567,
    -0.35225290060043335,
    -0.04798995330929756,
    0.56059730052948,
    0.0006916488637216389,
    0.23147375881671906,
    -0.0025350297801196575,
    0.029157325625419617,
    0.34757140278816223,
    0.5543833374977112,
    0.704312264919281
  ],
  "sigma2": [
    9.99999993922529e-09,
    9.99999993922529e-09,
    9.99999993922529e-09,
    9.99999993922529e-09,
    9.99999993922529e-09,
    9.99999993922529e-09,
    9.99999993922529e-09,
    9.99999993922529e-09,
    9.99999993922529e-09,
    9.99999993922529e-09,
    0.010169916786253452,
    9.99999993922529e-09,
    9.99999993922529e-09,
    9.99999993922529e-09,
    9.99999993922529e-09,
    9.99999993922529e-09,
    9.99999993922529e-09
  ],
  "pi": [
    0.9990000128746033,
    1.8536907120392243e-08,
    7.906832615844905e-05,
    9.707139270176413e-07,
    4.7042885853443295e-05,
    9.379912171425531e-07,
    1.2968755527253961e-06,
    1.8695162680160138e-06,
    7.472910510841757e-06,
    1.8957041447720258e-07,
    0.0007585403509438038,
    1.2651885299419519e-06,
    8.573810919187963e-05,
    1.4452983123192098e-05,
    1.072563918569358e-06,
    6.217106118810989e-08,
    1.454758424834779e-09
  ],
  "J": 17
}