{
  "mu": [
    0.0,
    -0.7471579313278198,
    -0.18649563193321228,
    -0.4004640281200409,
    -0.021672334522008896,
    -0.3836055397987366,
    -0.30540230870246887,
    -0.33565813302993774,
    -0.04797134920954704,
    0.5312744975090027,
    0.3274058699607849,
    0.21124772727489471,
    0.03381475806236267,
    0.023968398571014404,
    0.3230496942996979,
    0.5313271880149841,
    0.6780816316604614
  ],
  "sigma2": [
    9.99999993922529e-09,
    9.99999993922529e-09,
    0.04237205907702446,
    9.99999993922529e-09,
    9.99999993922529e-09,
    9.99999993922529e-09,
    9.99999993922529e-09,
    0.0007447160896845162,
    2.9628297852468677e-05,
    8.682649195179692e-07,
    0.004446256440132856,
    0.0003816706012003124,
    0.00956358015537262,
    9.99999993922529e-09,
    9.99999993922529e-09,
    9.99999993922529e-09,
    9.99999993922529e-09
  ],
  "pi": [
    0.9990000128746033,
    1.4326688813071087e-07,
    0.00012856759713031352,
    1.6216237099797581e-06,
    0.00016481908096466213,
    1.8987038856721483e-06,
    2.8528031634778017e-06,
    1.528727079858072e-05,
    3.525915963109583e-05,
    4.9419622172308664e-08,
    3.203485903213732e-05,
    1.5740020899102092e-05,
    0.000428676197770983,
    0.00016375361883547157,
    6.892992587381741e-06,
    2.2583649297303054e-06,
    1.4508130163903843e-07
  ],
  "J": 17
}