{
  "mu": [
    0.0,
    -0.7232364416122437,
    -0.3020308315753937,
    -0.3913564085960388,
    -0.11796293407678604,
    -0.37514612078666687,
    -0.30177485942840576,
    -0.232094869017601,
    -0.23656782507896423,
    0.5139971375465393,
    0.2942696511745453,
    0.20466311275959015,
    0.28460419178009033,
    0.15077823400497437,
    0.3061281740665436,
    0.5137238502502441,
    0.6526190638542175
  ],
  "sigma2": [
    0.0004636756202671677,
    9.99999993922529e-09,
    0.013171485625207424,
    9.99999993922529e-09,
    0.00046391671639867127,
    9.99999993922529e-09,
    9.99999993922529e-09,
    0.2082023173570633,
    0.0073240683414042,
    5.937515652476577e-06,
    0.016400974243879318,
    0.16476918756961823,
    0.0062998151406645775,
    0.0017828074051067233,
    3.65878941011033e-06,
    9.99999993922529e-09,
    7.119214728845691e-07
  ],
  "pi": [
    0.9990000128746033,
    8.897741565760953e-08,
    0.00034221805981360376,
    7.940157047414687e-07,
    0.0001285550242755562,
    9.272976626562013e-07,
    1.73271905623551e-06,
    2.9736597628726713e-09,
    2.664125364759684e-09,
    2.8189713248139014e-06,
    2.087355843727323e-09,
    2.981835667270616e-09,
    0.0001400919136358425,
    0.00034772788058035076,
    3.275315248174593e-05,
    1.6787519143690588e-06,
    6.025783250152017e-07
  ],
  "J": 17
}