{
  "mu": [
    0.0,
    -0.717516303062439,
    -0.4452159106731415,
    -0.38183578848838806,
    -0.2921881675720215,
    -0.36800792813301086,
    -0.2958391308784485,
    -0.18244323134422302,
    -0.018522221595048904,
    0.3340929448604584,
    0.010463897138834,
    0.15390436351299286,
    0.3708480894565582,
    0.20056968927383423,
    0.277144193649292,
    0.45037639141082764,
    0.6316891312599182
  ],
  "sigma2": [
    0.0021213560830801725,
    2.7359298826468148e-08,
    0.01006509829312563,
    1.1067826655164481e-08,
    0.0030428259633481503,
    9.99999993922529e-09,
    9.99999993922529e-09,
    0.1629299521446228,
    0.006696621421724558,
    0.003557554678991437,
    0.005017166491597891,
    0.16496190428733826,
    0.00017531173944007605,
    0.00023009463620837778,
    0.0017268522642552853,
    0.0027597297448664904,
    0.0011401096126064658
  ],
  "pi": [
    0.9990000128746033,
    2.065669093553879e-07,
    0.00011306072701700032,
    2.9728760182479164e-06,
    0.00042816376662813127,
    2.7455305371404393e-06,
    7.128124252631096e-06,
    1.2402206372996716e-08,
    1.3122573250257119e-08,
    6.989716894167941e-08,
    1.3831610523595828e-08,
    1.1070460992357312e-08,
    7.226431080198381e-06,
    0.00012609275290742517,
    0.0002820900990627706,
    2.9434797397698276e-05,
    7.579857310702209e-07
  ],
  "J": 17
}