{
  "mu": [
    0.0,
    -0.7922817468643188,
    -0.007630412466824055,
    -0.4210817217826843,
    -0.017662515863776207,
    -0.4069804549217224,
    -0.3208642303943634,
    -0.35200992226600647,
    -0.04802461341023445,
    0.5598387718200684,
    -0.0003341861010994762,
    0.2308313250541687,
    -0.00256135780364275,
    0.028905583545565605,
    0.34666934609413147,
    0.5537378191947937,
    0.7040680050849915
  ],
  "sigma2": [
    9.99999993922529e-09,
    9.99999993922529e-09,
    9.99999993922529e-09,
    9.99999993922529e-09,
    9.99999993922529e-09,
    9.99999993922529e-09,
    9.99999993922529e-09,
    9.99999993922529e-09,
    9.99999993922529e-09,
    9.99999993922529e-09,
    0.010465806350111961,
    9.99999993922529e-09,
    9.99999993922529e-09,
    9.99999993922529e-09,
    9.99999993922529e-09,
    9.99999993922529e-09,
    9.99999993922529e-09
  ],
  "pi": [
    0.9990000128746033,
    1.0659028326642783e-08,
    7.436473242705688e-05,
    7.319572432606947e-07,
    4.2885218135779724e-05,
    7.413601679218118e-07,
    7.673198751945165e-07,
    1.657451093706186e-06,
    6.184427547850646e-06,
    1.6525639523479185e-07,
    0.0007741032750345767,
    9.448276614421047e-07,
    8.354277088074014e-05,
    1.2985528883291408e-05,
    8.514871296938509e-07,
    6.197392110607325e-08,
    1.8340091667568004e-09
  ],
  "J": 17
}