{
  "mu": [
    0.0,
    -0.7652445435523987,
    0.00989031232893467,
    -0.40680941939353943,
    -0.021486198529601097,
    -0.3912259638309479,
    -0.30953851342201233,
    -0.3459618091583252,
    -0.04931579902768135,
    0.5390598773956299,
    0.15792666375637054,
    0.21922260522842407,
    -0.0022830970119684935,
    0.02610538713634014,
    0.33033043146133423,
    0.5390597581863403,
    0.6855034232139587
  ],
  "sigma2": [
    9.99999993922529e-09,
    9.99999993922529e-09,
    0.023140257224440575,
    9.99999993922529e-09,
    9.99999993922529e-09,
    9.99999993922529e-09,
    9.99999993922529e-09,
    9.99999993922529e-09,
    9.99999993922529e-09,
    9.99999993922529e-09,
    0.20566323399543762,
    9.99999993922529e-09,
    9.99999993922529e-09,
    9.99999993922529e-09,
    9.99999993922529e-09,
    9.99999993922529e-09,
    9.99999993922529e-09
  ],
  "pi": [
    0.9990000128746033,
    4.8976701805258926e-08,
    0.00037908254307694733,
    9.347607488052745e-07,
    6.939943705219775e-05,
    1.063948730006814e-06,
    1.3904359548178036e-06,
    3.109530325673404e-06,
    9.266481356462464e-06,
    1.162924689879219e-08,
    2.6379251721664332e-05,
    3.1840249903325457e-06,
    0.00046735373325645924,
    3.6440360418055207e-05,
    1.9518583940225653e-06,
    3.814267586221831e-07,
    1.5972332345626228e-09
  ],
  "J": 17
}