{
  "mu": [
    0.0,
    -0.7927859425544739,
    -0.007591081317514181,
    -0.4213806390762329,
    -0.017581870779395103,
    -0.40730324387550354,
    -0.32106316089630127,
    -0.3521367013454437,
    -0.04798920825123787,
    0.5602194666862488,
    0.00014096837549004704,
    0.23113314807415009,
    -0.0025471944827586412,
    0.02902541309595108,
    0.3471055030822754,
    0.5540632009506226,
    0.7041692137718201
  ],
  "sigma2": [
    9.99999993922529e-09,
    9.99999993922529e-09,
    9.99999993922529e-09,
    9.99999993922529e-09,
    9.99999993922529e-09,
    9.99999993922529e-09,
    9.99999993922529e-09,
    9.99999993922529e-09,
    9.99999993922529e-09,
    9.99999993922529e-09,
    0.010340103879570961,
    9.99999993922529e-09,
    9.99999993922529e-09,
    9.99999993922529e-09,
    9.99999993922529e-09,
    9.99999993922529e-09,
    9.99999993922529e-09
  ],
  "pi": [
    0.9990000128746033,
    1.0659980453908702e-08,
    7.674323569517583e-05,
    8.758573244449508e-07,
    4.4955846533412114e-05,
    8.400916726714058e-07,
    1.004406726679008e-06,
    1.754803065523447e-06,
    6.860670509922784e-06,
    1.6489360632476746e-07,
    0.0007662790012545884,
    1.0848033298316295e-06,
    8.469996100757271e-05,
    1.3724305972573347e-05,
    9.379241419082973e-07,
    6.204598435033404e-08,
    1.6146910475356435e-09
  ],
  "J": 17
}