{
  "mu": [
    0.0,
    -0.7579421997070312,
    -0.15761010348796844,
    -0.4037784934043884,
    -0.02241612784564495,
    -0.3875747323036194,
    -0.30747756361961365,
    -0.345218300819397,
    -0.04937947168946266,
    0.5353913307189941,
    0.3438318073749542,
    0.2166563719511032,
    0.04114967957139015,
    0.02486509457230568,
    0.3260555863380432,
    0.5354254841804504,
    0.681951642036438
  ],
  "sigma2": [
    9.99999993922529e-09,
    9.99999993922529e-09,
    0.045616619288921356,
    9.99999993922529e-09,
    9.99999993922529e-09,
    9.99999993922529e-09,
    9.99999993922529e-09,
    1.4671524439791028e-08,
    9.99999993922529e-09,
    6.984346896388161e-07,
    0.00321820005774498,
    2.9119322064730113e-08,
    0.009235319681465626,
    9.99999993922529e-09,
    9.99999993922529e-09,
    9.99999993922529e-09,
    9.99999993922529e-09
  ],
  "pi": [
    0.9990000128746033,
    1.4443975260292063e-07,
    0.00014572389773093164,
    1.7982412146011484e-06,
    0.00016834758571349084,
    2.4005869363463717e-06,
    3.7488091493287357e-06,
    1.6879825125215575e-05,
    5.346882244339213e-05,
    1.410800187784389e-08,
    2.7600857720244676e-05,
    2.1122674297657795e-05,
    0.00037951648118905723,
    0.00016887848323676735,
    7.937292139104102e-06,
    2.2721310415363405e-06,
    1.4580804474917386e-07
  ],
  "J": 17
}