{
  "mu": [
    0.0,
    -0.7284287214279175,
    -0.2969646453857422,
    -0.39281460642814636,
    -0.1066553145647049,
    -0.3761444687843323,
    -0.3018799424171448,
    -0.332259863615036,
    -0.22596408426761627,
    0.5178347229957581,
    0.3182176351547241,
    0.1745433211326599,
    0.2805320918560028,
    0.1403476595878601,
    0.3095264434814453,
    0.5167950987815857,
    0.6562883257865906
  ],
  "sigma2": [
    0.00031351236975751817,
    9.99999993922529e-09,
    0.014662330970168114,
    9.99999993922529e-09,
    0.0005054947105236351,
    9.99999993922529e-09,
    9.99999993922529e-09,
    0.1705097109079361,
    0.005698417779058218,
    1.242884309249348e-06,
    0.017327334731817245,
    0.3328944444656372,
    0.007598396856337786,
    0.0022406945936381817,
    2.806028192026133e-07,
    9.99999993922529e-09,
    3.582364911380864e-07
  ],
  "pi": [
    0.9990000128746033,
    1.4074794307816774e-07,
    0.0003014583489857614,
    2.0125585251662415e-06,
    0.0001580897078383714,
    2.4741041215747828e-06,
    3.992266556451796e-06,
    1.650874104086597e-08,
    3.793184433220631e-09,
    2.5721424208313692e-06,
    2.80557954646099e-09,
    4.654745922039183e-09,
    0.00010620200919220224,
    0.0003749710158444941,
    4.451065979083069e-05,
    3.0517899176629726e-06,
    4.968965185980778e-07
  ],
  "J": 17
}