{
  "mu": [
    0.0,
    -0.7846576571464539,
    -0.008091498166322708,
    -0.41979435086250305,
    -0.018935250118374825,
    -0.4048447906970978,
    -0.31992748379707336,
    -0.3513534665107727,
    -0.048740748316049576,
    0.5567917823791504,
    0.004126007203012705,
    0.22860780358314514,
    -0.0028384302277117968,
    0.02837996371090412,
    0.3436686396598816,
    0.5524495840072632,
    0.7008167505264282
  ],
  "sigma2": [
    9.99999993922529e-09,
    9.99999993922529e-09,
    9.99999993922529e-09,
    9.99999993922529e-09,
    9.99999993922529e-09,
    9.99999993922529e-09,
    9.99999993922529e-09,
    9.99999993922529e-09,
    9.99999993922529e-09,
    9.99999993922529e-09,
    0.011262613348662853,
    9.99999993922529e-09,
    9.99999993922529e-09,
    9.99999993922529e-09,
    9.99999993922529e-09,
    9.99999993922529e-09,
    9.99999993922529e-09
  ],
  "pi": [
    0.9990000128746033,
    5.455434859413799e-08,
    0.0001258346892427653,
    1.4118677427177317e-06,
    5.077680907561444e-05,
    1.3440810562315164e-06,
    2.1149771782802418e-06,
    2.549557393649593e-06,
    7.132342034310568e-06,
    2.051861969221136e-07,
    0.0006729943561367691,
    1.7515851595817367e-06,
    0.00011758245818782598,
    1.4634147191827651e-05,
    1.4613457324230694e-06,
    1.2986291153538332e-07,
    2.2279111888678926e-08
  ],
  "J": 17
}