{
  "mu": [
    0.0,
    -0.7809005379676819,
    -0.009282516315579414,
    -0.41546866297721863,
    -0.020070470869541168,
    -0.40024060010910034,
    -0.3169194757938385,
    -0.34957876801490784,
    -0.049458228051662445,
    0.5533394813537598,
    -0.002326639136299491,
    0.22567519545555115,
    -0.003070342354476452,
    0.027387993410229683,
    0.3392322063446045,
    0.5488129258155823,
    0.695741593837738
  ],
  "sigma2": [
    9.99999993922529e-09,
    9.99999993922529e-09,
    1.0547950068939826e-06,
    9.99999993922529e-09,
    9.99999993922529e-09,
    9.99999993922529e-09,
    9.99999993922529e-09,
    9.99999993922529e-09,
    9.99999993922529e-09,
    9.99999993922529e-09,
    0.010486382991075516,
    9.99999993922529e-09,
    9.99999993922529e-09,
    9.99999993922529e-09,
    9.99999993922529e-09,
    9.99999993922529e-09,
    9.99999993922529e-09
  ],
  "pi": [
    0.9990000128746033,
    4.073652082325907e-09,
    4.5568219775304897e-07,
    1.520728432069518e-07,
    1.2720638551400043e-05,
    1.8128844203602057e-07,
    2.144540047765986e-07,
    8.240879196819151e-07,
    8.339511055055482e-07,
    3.1670722933085926e-08,
    0.0008849030709825456,
    2.3526516201854974e-07,
    9.684636461315677e-05,
    2.3704651539446786e-06,
    1.8770164444958937e-07,
    2.8230003223939093e-08,
    1.10383284734894e-08
  ],
  "J": 17
}