{
  "mu": [
    0.0,
    -0.9515259861946106,
    -0.7525463104248047,
    -0.6958523988723755,
    -0.5837328433990479,
    -0.08598712831735611,
    -0.42736101150512695,
    -0.21636496484279633,
    -0.15091055631637573,
    -0.15088745951652527,
    -0.15090905129909515,
    0.17706511914730072,
    0.3022781014442444,
    0.43174365162849426,
    0.08027076721191406,
    0.5936774611473083,
    0.7344257235527039
  ],
  "sigma2": [
    6.354900688165799e-05,
    0.0011919208336621523,
    0.0011588199995458126,
    0.0011692476691678166,
    0.0010875967564061284,
    0.000994982779957354,
    0.0011346893152222037,
    0.004601658321917057,
    0.0011720828479155898,
    0.0011720760958269238,
    0.0011720822658389807,
    0.0019062776118516922,
    0.0014198700664564967,
    0.0012529854429885745,
    0.0007325336919166148,
    0.0011610074434429407,
    0.001160567393526435
  ],
  "pi": [
    0.9990000128746033,
    9.496865800429077e-07,
    8.251089639088605e-06,
    1.6410253920184914e-06,
    2.1242007278488018e-05,
    0.00020187812333460897,
    8.952707139542326e-05,
    0.00016469239199068397,
    4.382079143994133e-09,
    4.891626215197675e-09,
    4.418562848940155e-09,
    0.00018659359193407,
    7.587758591398597e-05,
    3.4301421692362055e-05,
    0.00021001849381718785,
    4.7332309804914985e-06,
    2.8063846002623904e-07
  ],
  "J": 17
}