{
  "top1_error_pre[%]": 13.729999999999997,
  "top1_error_post[%]": 10.69,
  "Delta[%]": -3.0399999999999983,
  "|W|": 2745264,
  "|W_nonzero|/|W|[%]": 8.253341026582508,
  "CR": 69.74949920006986,
  "acc_pretrain": 0.8627,
  "acc_retrain": 0.9111,
  "acc_quantized": 0.8931
}