{
  "mu": [
    0.0,
    -0.04910266026854515,
    -0.04926552623510361,
    -0.04931600019335747,
    -0.04927331209182739,
    -0.04901105910539627,
    -0.04708445444703102,
    -0.036514006555080414,
    -0.04071309044957161,
    -0.04563106596469879,
    -0.046440254896879196,
    -0.04592824727296829,
    -0.04139869287610054,
    -0.03715351223945618,
    -0.04606826603412628,
    -0.048873789608478546,
    -0.04921135678887367
  ],
  "sigma2": [
    0.00971378106623888,
    0.07308924198150635,
    0.07290993630886078,
    0.07271606475114822,
    0.07243107259273529,
    0.07174325734376907,
    0.06789228320121765,
    0.050816696137189865,
    0.05695250257849693,
    0.06504625082015991,
    0.0664411187171936,
    0.06556037068367004,
    0.05801907554268837,
    0.051710717380046844,
    0.06602901965379715,
    0.07148025184869766,
    0.07232770323753357
  ],
  "pi": [
    0.9912704825401306,
    0.00029304297640919685,
    0.0002989844942931086,
    0.00030472976504825056,
    0.00031277103698812425,
    0.000333809235598892,
    0.00046039553126320243,
    0.0011249653762206435,
    0.0008678120211698115,
    0.000566706177778542,
    0.0005241454346105456,
    0.0005506949382834136,
    0.0008266075747087598,
    0.0010848877718672156,
    0.0005221703322604299,
    0.00034202475217171013,
    0.0003157430328428745
  ],
  "J": 17
}