{
  "top1_error_pre[%]": 2.0499999999999963,
  "top1_error_post[%]": 14.059999999999995,
  "Delta[%]": 12.009999999999998,
  "|W|": 266200,
  "|W_nonzero|/|W|[%]": 8.20060105184072,
  "CR": 32.86787487797632,
  "acc_pretrain": 0.9795,
  "acc_retrain": 0.9829,
  "acc_quantized": 0.8594
}