{
  "mu": [
    0.0,
    -0.6026175618171692,
    -0.3457956612110138,
    -0.3457365930080414,
    -0.3456656038761139,
    -0.3458099067211151,
    -0.34605953097343445,
    -0.3457546830177307,
    -0.3456626236438751,
    -0.3457571864128113,
    0.3102703094482422,
    0.31033021211624146,
    0.3105131685733795,
    0.3103196918964386,
    0.3103044331073761,
    0.31034237146377563,
    0.31036806106567383
  ],
  "sigma2": [
    0.0031421128660440445,
    0.00943783950060606,
    0.009424986317753792,
    0.009410373866558075,
    0.009393221698701382,
    0.009427372366189957,
    0.009484468959271908,
    0.009415781125426292,
    0.009393933229148388,
    0.009416365996003151,
    0.009414061903953552,
    0.009425187483429909,
    0.009459158405661583,
    0.009423327632248402,
    0.009420438669621944,
    0.009427502751350403,
    0.009432359598577023
  ],
  "pi": [
    0.997920572757721,
    4.087340857950039e-05,
    0.00011367355909897014,
    0.00015460354916285723,
    0.0002138472773367539,
    0.00016376000712625682,
    0.00014558160910382867,
    0.00017708330415189266,
    0.0001723434979794547,
    0.0001405692019034177,
    0.00010358113649999723,
    0.00011555672972463071,
    0.00012444454478099942,
    0.00012009310012217611,
    0.00010203663259744644,
    0.00010197641677223146,
    8.938607788877562e-05
  ],
  "J": 17
}