{
  "mu": [
    0.0,
    -0.7117986083030701,
    -0.8411855697631836,
    -0.4414081275463104,
    -0.543533980846405,
    -0.11660576611757278,
    -0.3307204842567444,
    -0.20351174473762512,
    -0.20084844529628754,
    0.2059512734413147,
    0.20660194754600525,
    0.20585356652736664,
    0.3470974862575531,
    0.211687833070755,
    0.11222484707832336,
    0.5296894907951355,
    0.7060886025428772
  ],
  "sigma2": [
    6.156486051622778e-05,
    0.0026428247801959515,
    0.0026474196929484606,
    0.0026310132816433907,
    0.002630196511745453,
    0.0015691554872319102,
    0.002480449853464961,
    0.002582310698926449,
    0.0026451675221323967,
    0.0026451938319951296,
    0.0026452229358255863,
    0.0026451952289789915,
    0.0027031805366277695,
    0.002650840673595667,
    0.0014109524199739099,
    0.002603309927508235,
    0.0026294442359358072
  ],
  "pi": [
    0.9990000128746033,
    3.407311169212335e-06,
    5.851102287124377e-07,
    1.5888552297838032e-05,
    2.342888001294341e-05,
    0.00019971744040958583,
    0.00015993342094589025,
    5.491577394423075e-05,
    4.6199872372199025e-08,
    1.9128179928884492e-07,
    3.71578892099933e-08,
    1.913397369435188e-07,
    7.888389518484473e-05,
    0.00018085302144754678,
    0.0002710519474931061,
    1.0561265298747458e-05,
    3.0736947564946604e-07
  ],
  "J": 17
}