{
  "top1_error_pre[%]": 2.0499999999999963,
  "top1_error_post[%]": 2.210000000000001,
  "Delta[%]": 0.16000000000000458,
  "|W|": 266200,
  "|W_nonzero|/|W|[%]": 5.69534184823441,
  "CR": 63.875703926994056,
  "acc_pretrain": 0.9795,
  "acc_retrain": 0.9815,
  "acc_quantized": 0.9779
}