{
  "mu": [
    0.0,
    -0.8806953430175781,
    -0.790502667427063,
    -0.689979612827301,
    -0.591482937335968,
    -0.4887795150279999,
    -0.3839806318283081,
    -0.2759634852409363,
    -0.1560988426208496,
    -0.050533413887023926,
    -0.004901197273284197,
    0.02472516894340515,
    0.12494407594203949,
    0.24472999572753906,
    0.3540206253528595,
    0.4584384858608246,
    0.5616410374641418
  ],
  "sigma2": [
    0.01647222600877285,
    0.01544304471462965,
    0.015434298664331436,
    0.015409054234623909,
    0.015371245332062244,
    0.015342269092798233,
    0.015350076369941235,
    0.01542558055371046,
    0.015548276714980602,
    0.015151876024901867,
    0.015050970017910004,
    0.015059398487210274,
    0.015478741377592087,
    0.015445644035935402,
    0.015354982577264309,
    0.015340901911258698,
    0.015369419939815998
  ],
  "pi": [
    0.9990000128746033,
    1.6557873095734976e-05,
    1.6591493476880714e-05,
    1.6554502508370206e-05,
    1.6251495253527537e-05,
    1.5411755157401785e-05,
    1.3859256796422414e-05,
    1.793526826077141e-05,
    7.652829663129523e-05,
    0.00020738685270771384,
    0.00022069016995374113,
    0.0002185032208217308,
    0.00010022224159911275,
    1.973567486857064e-05,
    1.3324008250492625e-05,
    1.4817649571341462e-05,
    1.5630303096259013e-05
  ],
  "J": 17
}