{
  "mu": [
    0.0,
    -1.0177795886993408,
    -0.822681725025177,
    -0.672467827796936,
    -0.5645363330841064,
    -0.4880848526954651,
    -0.3995497524738312,
    -0.3083847761154175,
    -0.21825934946537018,
    -0.16047616302967072,
    -0.10325299203395844,
    -0.052266813814640045,
    0.1618420034646988,
    0.403588205575943,
    0.06772863864898682,
    0.31590908765792847,
    0.5489780306816101
  ],
  "sigma2": [
    9.805454283196013e-06,
    0.0004008016549050808,
    0.0004028777766507119,
    0.0004010400443803519,
    0.0003803021099884063,
    0.000358983117621392,
    0.00022616275236941874,
    8.04569135652855e-05,
    0.00013564596883952618,
    9.746342402650043e-05,
    9.345679427497089e-05,
    3.799801561399363e-05,
    0.0012774785282090306,
    0.0003632938314694911,
    6.224911339813843e-05,
    0.00020958967797923833,
    0.0004311847733333707
  ],
  "pi": [
    0.9990000128746033,
    2.1373066871888113e-08,
    5.2726239374578654e-08,
    4.908686719318212e-07,
    1.4320564787340118e-06,
    3.819713128905278e-06,
    1.8871043721446767e-05,
    7.594586350023746e-05,
    5.1642884500324726e-05,
    7.66071752877906e-05,
    9.245537512470037e-05,
    0.0001809990790206939,
    0.0001947561977431178,
    4.083102794538718e-06,
    0.0002707633248064667,
    2.7630210752249695e-05,
    4.2903593566734344e-07
  ],
  "J": 17
}