{
  "mu": [
    0.0,
    -1.0171219110488892,
    -0.8205076456069946,
    -0.6716485023498535,
    -0.5649616718292236,
    -0.487000435590744,
    -0.39932528138160706,
    -0.308481901884079,
    -0.21825264394283295,
    -0.16088935732841492,
    -0.10346154123544693,
    -0.05256521329283714,
    0.1612187623977661,
    0.4036329388618469,
    0.06733361631631851,
    0.3157269060611725,
    0.546221137046814
  ],
  "sigma2": [
    9.799648978514597e-06,
    0.0004008016549050808,
    0.00040349451592192054,
    0.00040288965101353824,
    0.0003866134793497622,
    0.00036855819053016603,
    0.0002588089555501938,
    0.00010576931526884437,
    0.00018975106650032103,
    0.00015735432680230588,
    0.00015924469335004687,
    7.095174078131095e-05,
    0.0014164031017571688,
    0.0003807875036727637,
    0.0001483726518927142,
    0.0002511605271138251,
    0.00043223710963502526
  ],
  "pi": [
    0.9990000128746033,
    2.1399698013624402e-08,
    5.274227632412476e-08,
    4.855897373090556e-07,
    1.436862589798693e-06,
    3.818884124484612e-06,
    1.8865202946471982e-05,
    7.595564966322854e-05,
    5.153538586455397e-05,
    7.672690117033198e-05,
    9.253266762243584e-05,
    0.00018091931997332722,
    0.00019549687567632645,
    4.0710838220547885e-06,
    0.00027012391365133226,
    2.7528603823157027e-05,
    4.2897059415736294e-07
  ],
  "J": 17
}