{
  "mu": [
    0.0,
    -0.9430211782455444,
    -0.7312412261962891,
    -0.5825623273849487,
    -0.5106003284454346,
    -0.4198218584060669,
    -0.35302942991256714,
    -0.26953402161598206,
    -0.14933638274669647,
    -0.001067322213202715,
    -0.0010435464791953564,
    -0.001060781069099903,
    0.2057655304670334,
    0.3629738390445709,
    0.13781674206256866,
    0.27785390615463257,
    0.4918900728225708
  ],
  "sigma2": [
    0.00040380749851465225,
    0.0004008016549050808,
    0.0004039228369947523,
    0.00040191528387367725,
    0.0003931071551050991,
    0.00039602676406502724,
    0.00035099449451081455,
    0.0001821325276978314,
    0.001427453476935625,
    0.0004016062885057181,
    0.0004016062885057181,
    0.0004016062885057181,
    0.0004014108271803707,
    0.0003793344076257199,
    0.0014362488873302937,
    0.00029163932777009904,
    0.0004306954797357321
  ],
  "pi": [
    0.9990000128746033,
    5.728188057219086e-08,
    1.2297702767227747e-07,
    5.06756407503417e-07,
    3.2996047139022266e-06,
    8.278679160866886e-06,
    3.9494676457252353e-05,
    0.00015124882338568568,
    0.00032625478343106806,
    3.3287852474472857e-09,
    3.5509970519598255e-09,
    3.4876317389631595e-09,
    4.688990173917773e-08,
    8.073689059528988e-06,
    0.000405502796638757,
    5.612710810964927e-05,
    9.7574320534477e-07
  ],
  "J": 17
}