{
  "mu": [
    0.0,
    -1.0840263366699219,
    -0.8749635219573975,
    -0.7336248755455017,
    -0.5932372212409973,
    -0.5222905874252319,
    -0.4243391156196594,
    -0.3288733661174774,
    -0.235016331076622,
    -0.1720883548259735,
    -0.11033247411251068,
    -0.052648335695266724,
    0.17191480100154877,
    0.4231511354446411,
    0.06876984983682632,
    0.32981643080711365,
    0.5784239768981934
  ],
  "sigma2": [
    9.909397704177536e-06,
    0.0004008016549050808,
    0.0004007913521490991,
    0.00040267917211167514,
    0.0003764224238693714,
    0.00035748330992646515,
    0.00019960544886998832,
    7.286263280548155e-05,
    0.00010504854435566813,
    7.414767605951056e-05,
    5.60708976991009e-05,
    2.556009712861851e-05,
    0.0002599617000669241,
    0.00034436865826137364,
    2.0182942535029724e-05,
    0.00018654220912139863,
    0.0004208464815746993
  ],
  "pi": [
    0.9990000128746033,
    1.789882020375444e-08,
    4.5794845249247373e-08,
    4.3630149093587534e-07,
    1.3852143183612498e-06,
    3.2573707358096726e-06,
    1.7252394172828645e-05,
    6.663014937657863e-05,
    4.562562389764935e-05,
    7.092579471645877e-05,
    9.725846030050889e-05,
    0.0002103988517774269,
    0.00017336063319817185,
    3.6720971365866717e-06,
    0.0002844305126927793,
    2.4922426746343262e-05,
    3.8052442619118665e-07
  ],
  "J": 17
}