{
  "mu": [
    0.0,
    -0.9669891595840454,
    -0.7401595115661621,
    -0.5895553827285767,
    -0.5265862941741943,
    -0.4370817244052887,
    -0.3671289086341858,
    -0.280565470457077,
    -0.13243480026721954,
    -0.07844148576259613,
    -0.07842270284891129,
    -0.07841624319553375,
    0.15839999914169312,
    0.37408164143562317,
    0.08545726537704468,
    0.28816184401512146,
    0.4983927011489868
  ],
  "sigma2": [
    0.00019158485520165414,
    0.0004008016549050808,
    0.0004036705940961838,
    0.0004035863094031811,
    0.00040011992678046227,
    0.00039247056702151895,
    0.0003609711420722306,
    0.00024938740534707904,
    0.0023342540953308344,
    0.00040130133857019246,
    0.0004012906283605844,
    0.000401290220906958,
    0.0012152808485552669,
    0.00039670566911809146,
    0.0003498047008179128,
    0.00036073042429052293,
    0.00044123895349912345
  ],
  "pi": [
    0.9990000128746033,
    5.2134339512122096e-08,
    9.662566213819446e-08,
    4.6211857807065826e-07,
    2.5037265913852025e-06,
    6.01914416620275e-06,
    2.9150332920835353e-05,
    0.00011359037307556719,
    0.00035069737350568175,
    1.723344666970661e-08,
    1.8181934180461212e-08,
    1.822370343518287e-08,
    0.00022369193902704865,
    6.053046945453389e-06,
    0.00022504598018713295,
    4.185433135717176e-05,
    7.292801456060261e-07
  ],
  "J": 17
}