{
  "mu": [
    0.0,
    -1.0689588785171509,
    -0.8792145252227783,
    -0.7513958811759949,
    -0.603589653968811,
    -0.5348057150840759,
    -0.4343318045139313,
    -0.3379162847995758,
    -0.2444005012512207,
    -0.17865146696567535,
    -0.11437081545591354,
    -0.05381244048476219,
    0.17510069906711578,
    0.4306029677391052,
    0.06807209551334381,
    0.33425840735435486,
    0.5908264517784119
  ],
  "sigma2": [
    1.0826335710589774e-05,
    0.0004008016549050808,
    0.0004000527842435986,
    0.00040354894008487463,
    0.0004043678054586053,
    0.00039368998841382563,
    0.0003044339537154883,
    0.00019490481645334512,
    0.0002857463259715587,
    0.00024208320246543735,
    0.00025217022630386055,
    0.00013987244165036827,
    0.00028470996767282486,
    0.0003847725165542215,
    0.00021382253908086568,
    0.0003001500735990703,
    0.00041750152013264596
  ],
  "pi": [
    0.9990000128746033,
    1.693340578867719e-08,
    4.368538952803647e-08,
    4.1944574036278937e-07,
    1.3609120514956885e-06,
    3.070615775868646e-06,
    1.6621062968624756e-05,
    6.365706940414384e-05,
    4.4071606680518016e-05,
    6.804509757785127e-05,
    0.00010216568625764921,
    0.00021314002515282482,
    0.00016695557860657573,
    3.5818686683342094e-06,
    0.0002924973960034549,
    2.3987251552171074e-05,
    3.65758239695424e-07
  ],
  "J": 17
}