{
  "mu": [
    0.0,
    -1.0549966096878052,
    -0.8526363372802734,
    -0.6974903345108032,
    -0.5778048038482666,
    -0.5075092315673828,
    -0.4142455756664276,
    -0.32005423307418823,
    -0.22800514101982117,
    -0.16819483041763306,
    -0.10589580982923508,
    -0.05503237992525101,
    0.16573064029216766,
    0.41480547189712524,
    0.06806924194097519,
    0.32282623648643494,
    0.5569428205490112
  ],
  "sigma2": [
    4.3088613892905414e-05,
    0.0004008016549050808,
    0.00040023078327067196,
    0.00040409641223959625,
    0.0003975669387727976,
    0.00039287496474571526,
    0.0003476214478723705,
    0.00028191489400342107,
    0.0003323382115922868,
    0.00032381832716055214,
    0.000375915173208341,
    0.0001679907290963456,
    0.0009496556012891233,
    0.00040495689609088004,
    0.00024024304002523422,
    0.00033283839002251625,
    0.0004297348205000162
  ],
  "pi": [
    0.9990000128746033,
    2.022495060316487e-08,
    5.03703745380335e-08,
    4.764504524246149e-07,
    1.3985334135213634e-06,
    3.5382204259803984e-06,
    1.8233165974379517e-05,
    7.226723391795531e-05,
    4.8785164835862815e-05,
    7.410343823721632e-05,
    0.00010529980499995872,
    0.00018163271306548268,
    0.00018648276454769075,
    3.869789452437544e-06,
    0.0002766957913991064,
    2.6736284780781716e-05,
    4.10109890935928e-07
  ],
  "J": 17
}