{
  "mu": [
    0.0,
    -1.036668062210083,
    -0.7980759143829346,
    -0.6479222774505615,
    -0.5480208992958069,
    -0.4716689884662628,
    -0.3876935541629791,
    -0.2986696660518646,
    -0.2104150354862213,
    -0.1544373482465744,
    -0.09922873973846436,
    -0.051932912319898605,
    0.15707916021347046,
    0.3957500457763672,
    0.06624182313680649,
    0.30825069546699524,
    0.5380679368972778
  ],
  "sigma2": [
    9.778065759746823e-06,
    0.0004008016549050808,
    0.00040185399120673537,
    0.0003969662357121706,
    0.0003799995465669781,
    0.0003478869330137968,
    0.00021412843489088118,
    7.534370524808764e-05,
    0.00013203964044805616,
    8.341140346601605e-05,
    7.628186722286046e-05,
    4.4411051931092516e-05,
    0.0013380112359300256,
    0.0003512012481223792,
    7.229127368191257e-05,
    0.00019776068802457303,
    0.0004358247679192573
  ],
  "pi": [
    0.9990000128746033,
    2.3831088213910334e-08,
    5.767665456346549e-08,
    5.278391768115398e-07,
    1.6820445125631522e-06,
    4.100805654161377e-06,
    2.038788989011664e-05,
    8.212337706936523e-05,
    5.474973295349628e-05,
    8.283322677016258e-05,
    9.008099004859105e-05,
    0.00015032301598694175,
    0.00021150079555809498,
    4.364007509138901e-06,
    0.0002669390814844519,
    2.9841941795893945e-05,
    4.637898598502943e-07
  ],
  "J": 17
}