{
  "mu": [
    0.0,
    -1.077711820602417,
    -0.8720194697380066,
    -0.7242124676704407,
    -0.5894720554351807,
    -0.5194411277770996,
    -0.42352724075317383,
    -0.32862603664398193,
    -0.23514172434806824,
    -0.17357183992862701,
    -0.10969463735818863,
    -0.054543089121580124,
    0.1689673364162445,
    0.42207202315330505,
    0.0672762393951416,
    0.32783210277557373,
    0.572210431098938
  ],
  "sigma2": [
    6.160444172564894e-05,
    0.00040080182952806354,
    0.00040339023689739406,
    0.0004188153543509543,
    0.0003977043670602143,
    0.0003924529592040926,
    0.0003462444001343101,
    0.0002738773182500154,
    0.00033084495225921273,
    0.00029715042910538614,
    0.00034676818177103996,
    0.00017323788779322058,
    0.0005903018754906952,
    0.00038818418397568166,
    0.00020635523833334446,
    0.000336638797307387,
    0.00042450937326066196
  ],
  "pi": [
    0.9990000128746033,
    1.8657894784723794e-08,
    4.7338076569758414e-08,
    4.441397720711393e-07,
    1.4122239235803136e-06,
    3.2604655189061305e-06,
    1.7426922568120062e-05,
    6.835376552771777e-05,
    4.629798058886081e-05,
    7.020200428087264e-05,
    0.00010590410965960473,
    0.0001980201486730948,
    0.00017794470477383584,
    3.7366044125519693e-06,
    0.00028120269416831434,
    2.5340714273625053e-05,
    3.875725838042854e-07
  ],
  "J": 17
}