{
  "mu": [
    0.0,
    -0.9428187012672424,
    -0.7311033606529236,
    -0.582766056060791,
    -0.5107049942016602,
    -0.42028751969337463,
    -0.35327690839767456,
    -0.2695189416408539,
    -0.1554955393075943,
    -0.0012675049947574735,
    -0.001290155341848731,
    -0.001278012990951538,
    0.20846131443977356,
    0.36307209730148315,
    0.14565913379192352,
    0.27753332257270813,
    0.49110153317451477
  ],
  "sigma2": [
    0.0005096591194160283,
    0.0004008016549050808,
    0.0004040260682813823,
    0.00040272006299346685,
    0.0003957862500101328,
    0.0004031146818306297,
    0.0003712565521709621,
    0.0002263897767988965,
    0.0012075883569195867,
    0.00040160497883334756,
    0.00040160477510653436,
    0.00040160477510653436,
    0.00040146862738765776,
    0.0003855313698295504,
    0.0012439729180186987,
    0.00031566465622745454,
    0.00043112903949804604
  ],
  "pi": [
    0.9990000128746033,
    6.302620647602453e-08,
    1.3521082564693643e-07,
    5.521625325854984e-07,
    3.606327254601638e-06,
    9.076548849407118e-06,
    4.312588134780526e-05,
    0.00016751702059991658,
    0.00032277096761390567,
    3.884044641466744e-09,
    4.162221678427613e-09,
    4.082748361611266e-09,
    3.81218541178896e-08,
    8.784165402175859e-06,
    0.0003813902731053531,
    6.185600068420172e-05,
    1.072259692591615e-06
  ],
  "J": 17
}