{
  "mu": [
    0.0,
    -1.0833908319473267,
    -0.8741523623466492,
    -0.7271049618721008,
    -0.5926997065544128,
    -0.521949291229248,
    -0.4249260723590851,
    -0.3298560082912445,
    -0.23614054918289185,
    -0.17354810237884521,
    -0.11132156848907471,
    -0.053836844861507416,
    0.17166027426719666,
    0.42438140511512756,
    0.06781715899705887,
    0.33025923371315,
    0.5715295672416687
  ],
  "sigma2": [
    1.1751853890018538e-05,
    0.0004008016549050808,
    0.0004016940074507147,
    0.0004145147104281932,
    0.00039101429865695536,
    0.00038958736695349216,
    0.0003119941975455731,
    0.00019707632600329816,
    0.000278034305665642,
    0.00025086154346354306,
    0.00026548720779828727,
    0.00016565273108426481,
    0.0005202013999223709,
    0.00038173081702552736,
    0.00022902386263012886,
    0.00030535279074683785,
    0.0004252940707374364
  ],
  "pi": [
    0.9990000128746033,
    1.7998017298737068e-08,
    4.636805073232608e-08,
    4.3563201757024217e-07,
    1.4207141703082016e-06,
    3.1637355277780443e-06,
    1.7280241081607528e-05,
    6.661082443315536e-05,
    4.55226945632603e-05,
    7.014061702648178e-05,
    9.912766836350784e-05,
    0.00020947540178894997,
    0.0001723135937936604,
    3.635293751358404e-06,
    0.0002855209750123322,
    2.4907878469093703e-05,
    3.804064192536316e-07
  ],
  "J": 17
}