{
  "mu": [
    0.0,
    -1.068936824798584,
    -0.8788887858390808,
    -0.7508918046951294,
    -0.6039550304412842,
    -0.5348371267318726,
    -0.43453362584114075,
    -0.338099867105484,
    -0.24455882608890533,
    -0.17897601425647736,
    -0.11435919255018234,
    -0.05403844639658928,
    0.1749546229839325,
    0.43058010935783386,
    0.0679406076669693,
    0.33402466773986816,
    0.5898745656013489
  ],
  "sigma2": [
    1.7468746591475792e-05,
    0.0004008016549050808,
    0.0004000562184955925,
    0.00040452461689710617,
    0.00040841178270056844,
    0.0003997633175458759,
    0.0003266763233114034,
    0.00023199438874144107,
    0.00031727360328659415,
    0.000270859309239313,
    0.00030217200401239097,
    0.00016361325106117874,
    0.0003116997831966728,
    0.00039059907430782914,
    0.00024274946190416813,
    0.0003218172350898385,
    0.00041865839739330113
  ],
  "pi": [
    0.9990000128746033,
    1.7051778655741145e-08,
    4.376196471866933e-08,
    4.1948891293941415e-07,
    1.3610533642349765e-06,
    3.0640674140158808e-06,
    1.6605012206127867e-05,
    6.368828326230869e-05,
    4.405684012454003e-05,
    6.759736425010487e-05,
    0.00010352351819165051,
    0.00021215726155787706,
    0.00016694708028808236,
    3.576236395019805e-06,
    0.0002925859880633652,
    2.3991331545403227e-05,
    3.65789475154088e-07
  ],
  "J": 17
}