{
  "mu": [
    0.0,
    -1.0835657119750977,
    -0.8744938373565674,
    -0.7279340624809265,
    -0.5927557349205017,
    -0.5219784379005432,
    -0.4247798025608063,
    -0.3296442925930023,
    -0.23594829440116882,
    -0.17326012253761292,
    -0.11125871539115906,
    -0.05366502329707146,
    0.17172294855117798,
    0.4242151975631714,
    0.06791958212852478,
    0.3303263187408447,
    0.572286069393158
  ],
  "sigma2": [
    1.0118931641045492e-05,
    0.0004008016549050808,
    0.00040155439637601376,
    0.0004128841101191938,
    0.0003890918742399663,
    0.0003853011003229767,
    0.00029071434983052313,
    0.0001648549659876153,
    0.00024912162916734815,
    0.00022282084682956338,
    0.000225242372835055,
    0.0001336386485490948,
    0.0004966504639014602,
    0.00037550117122009397,
    0.0001954546751221642,
    0.0002831540768966079,
    0.0004247280303388834
  ],
  "pi": [
    0.9990000128746033,
    1.793580928222127e-08,
    4.6149963850439235e-08,
    4.358990111086314e-07,
    1.4149240996630397e-06,
    3.1782060432306025e-06,
    1.7292442862526514e-05,
    6.661310908384621e-05,
    4.5526205212809145e-05,
    7.048236147966236e-05,
    9.840470011113212e-05,
    0.00020981268608011305,
    0.00017257500439882278,
    3.636245537563809e-06,
    0.0002852750476449728,
    2.4908609702833928e-05,
    3.804750008384872e-07
  ],
  "J": 17
}