{
  "mu": [
    0.0,
    -0.9308301210403442,
    -0.7072678208351135,
    -0.587866485118866,
    -0.492374986410141,
    -0.39871272444725037,
    -0.33991971611976624,
    -0.2595796287059784,
    -0.17432577908039093,
    -0.001116256695240736,
    -0.0017448441358283162,
    -0.0012591707054525614,
    0.20763400197029114,
    0.35198214650154114,
    0.1713169664144516,
    0.26278144121170044,
    0.4836617112159729
  ],
  "sigma2": [
    0.0011267801746726036,
    0.0004008014511782676,
    0.0004075394826941192,
    0.0004035301099065691,
    0.00039884308353066444,
    0.0004001027555204928,
    0.00038057565689086914,
    0.0003301078104414046,
    0.0005150995566509664,
    0.00040160014759749174,
    0.00040159959462471306,
    0.00040159979835152626,
    0.00040157506009563804,
    0.00039182917680591345,
    0.0004972623428329825,
    0.0003683464601635933,
    0.00043293554335832596
  ],
  "pi": [
    0.9990000128746033,
    9.903406805733539e-08,
    2.0993104499211768e-07,
    6.530983114316768e-07,
    5.875093393115094e-06,
    1.555135168018751e-05,
    6.233629392227158e-05,
    0.00026584783336147666,
    0.00027682119980454445,
    1.960800588562961e-08,
    2.218005867860029e-08,
    2.143447730418302e-08,
    2.7911926991919245e-08,
    1.37153047035099e-05,
    0.00025802652817219496,
    9.912448877003044e-05,
    1.6487255152242142e-06
  ],
  "J": 17
}