{
  "mu": [
    0.0,
    -1.0836701393127441,
    -0.874708890914917,
    -0.7288050651550293,
    -0.5928025841712952,
    -0.5219837427139282,
    -0.42467230558395386,
    -0.32943397760391235,
    -0.23573201894760132,
    -0.17295144498348236,
    -0.11115899682044983,
    -0.05347263813018799,
    0.1717657595872879,
    0.42402419447898865,
    0.06801817566156387,
    0.3303605020046234,
    0.5730122327804565
  ],
  "sigma2": [
    9.9239996416145e-06,
    0.0004008016549050808,
    0.00040143492515198886,
    0.00041125970892608166,
    0.00038700911682099104,
    0.0003810844791587442,
    0.00026959110982716084,
    0.0001355983695248142,
    0.0002200065937358886,
    0.00019265100127086043,
    0.00018456191173754632,
    0.00010149380977964029,
    0.000469750608317554,
    0.0003697701613418758,
    0.00015828687173780054,
    0.00026123487623408437,
    0.0004241906863171607
  ],
  "pi": [
    0.9990000128746033,
    1.7910915417473916e-08,
    4.5999321685030736e-08,
    4.3605706423477386e-07,
    1.408537286806677e-06,
    3.19356627187517e-06,
    1.72881264006719e-05,
    6.66152554913424e-05,
    4.558235013973899e-05,
    7.074209861457348e-05,
    9.77900781435892e-05,
    0.000210114085348323,
    0.00017283082706853747,
    3.639758915596758e-06,
    0.0002850098244380206,
    2.490513179509435e-05,
    3.8049628869885055e-07
  ],
  "J": 17
}