{
  "mu": [
    0.0,
    -0.9252648949623108,
    -0.7170882821083069,
    -0.5868264436721802,
    -0.507784903049469,
    -0.4153543710708618,
    -0.3505595028400421,
    -0.2673301100730896,
    -0.16268983483314514,
    -0.0011182494927197695,
    -0.001151583157479763,
    -0.0011311516864225268,
    0.21201159060001373,
    0.3572916090488434,
    0.15525077283382416,
    0.2732883393764496,
    0.48485067486763
  ],
  "sigma2": [
    0.0006921682506799698,
    0.000400804536184296,
    0.00040474068373441696,
    0.0004048356495331973,
    0.0004033196601085365,
    0.00040515835280530155,
    0.000380540092010051,
    0.00031700593535788357,
    0.0009246229892596602,
    0.00040160419302992523,
    0.00040160398930311203,
    0.00040160419302992523,
    0.00040152223664335907,
    0.0003987143572885543,
    0.0009423220180906355,
    0.00035858055343851447,
    0.00043569138506427407
  ],
  "pi": [
    0.9990000128746033,
    7.181244399134812e-08,
    1.8538203505613637e-07,
    4.997197038392187e-07,
    4.232915671309456e-06,
    1.0837778972927481e-05,
    4.8004203563323244e-05,
    0.00019787477503996342,
    0.0003139875771012157,
    5.962901727940562e-09,
    6.489721204872012e-09,
    6.338366276281704e-09,
    2.7132701418963734e-08,
    1.0283975825586822e-05,
    0.0003408244519960135,
    7.191412441898137e-05,
    1.2374021025607362e-06
  ],
  "J": 17
}