{
  "mu": [
    0.0,
    -1.002213716506958,
    -0.7475001811981201,
    -0.6071276068687439,
    -0.5390347838401794,
    -0.45107677578926086,
    -0.37746942043304443,
    -0.2886956036090851,
    -0.12542684376239777,
    -0.06895618140697479,
    -0.06892802566289902,
    -0.0689283087849617,
    0.14986655116081238,
    0.3841480016708374,
    0.07411859184503555,
    0.29557156562805176,
    0.5035280585289001
  ],
  "sigma2": [
    0.00012754577619489282,
    0.0004008048854302615,
    0.0004035049059893936,
    0.00040367021574638784,
    0.00040911269024945796,
    0.0004063278902322054,
    0.0003989020478911698,
    0.00036107891355641186,
    0.0027833806816488504,
    0.0003973304119426757,
    0.0003955574065912515,
    0.0003954092098865658,
    0.0016928788973018527,
    0.00043790729250758886,
    0.0003024963953066617,
    0.0005044032586738467,
    0.00043998780893161893
  ],
  "pi": [
    0.9990000128746033,
    3.6322109764341803e-08,
    7.859182460379088e-08,
    4.6146598720042675e-07,
    2.003066356337513e-06,
    4.987298780179117e-06,
    2.5234634449589066e-05,
    0.00010036525054601952,
    0.0003616553731262684,
    2.8884454650324187e-07,
    4.14361551293041e-07,
    4.2490151486163086e-07,
    0.00024788849987089634,
    4.9208961172553245e-06,
    0.00021372409537434578,
    3.6912279028911144e-05,
    6.04127990300185e-07
  ],
  "J": 17
}