{
  "mu": [
    0.0,
    -0.9059841632843018,
    -0.6943665742874146,
    -0.5731890797615051,
    -0.47598788142204285,
    -0.38067033886909485,
    -0.32141897082328796,
    -0.24937967956066132,
    -0.1900232434272766,
    -0.0009831165662035346,
    -0.000818988832179457,
    -0.0009322196710854769,
    0.15948720276355743,
    0.3450213670730591,
    0.18913127481937408,
    0.25421518087387085,
    0.46902865171432495
  ],
  "sigma2": [
    0.0017981280107051134,
    0.0004008029936812818,
    0.00040398232522420585,
    0.0004015737504232675,
    0.0003963823546655476,
    0.0003774705110117793,
    0.0003420499851927161,
    0.0002066798333544284,
    0.00034696399234235287,
    0.00040157928015105426,
    0.00040157526382245123,
    0.0004015764279756695,
    0.00040157028706744313,
    0.0003830991918221116,
    0.0003501137252897024,
    0.00033707829425111413,
    0.0004324185138102621
  ],
  "pi": [
    0.9990000128746033,
    1.5810505260560603e-07,
    3.1427092039848503e-07,
    9.059952503776003e-07,
    8.650329618831165e-06,
    2.8466327421483584e-05,
    8.970168710220605e-05,
    0.0003648366255220026,
    0.0001865332742454484,
    9.231629150008303e-08,
    1.077472688848502e-07,
    1.0326507293711984e-07,
    4.108290596605002e-08,
    2.010051866818685e-05,
    0.000158499795361422,
    0.00013924125232733786,
    2.2474239358416526e-06
  ],
  "J": 17
}