{
  "mu": [
    0.0,
    -1.0531580448150635,
    -0.8507076501846313,
    -0.6962653994560242,
    -0.5761598944664001,
    -0.5079824328422546,
    -0.41408056020736694,
    -0.31989362835884094,
    -0.22818899154663086,
    -0.16791008412837982,
    -0.10420545190572739,
    -0.05662749335169792,
    0.1614406704902649,
    0.4136337637901306,
    0.06787583231925964,
    0.3219907581806183,
    0.5542532205581665
  ],
  "sigma2": [
    7.673416985198855e-05,
    0.00040080337203107774,
    0.0004001178313046694,
    0.00040735665243119,
    0.0003978521563112736,
    0.000394885748391971,
    0.00036784258554689586,
    0.00032259311410598457,
    0.00034514180151745677,
    0.0003687042626552284,
    0.00041665826574899256,
    0.00015328293375205249,
    0.0012624557130038738,
    0.0004088948480784893,
    0.00020383388618938625,
    0.00034093635622411966,
    0.00042917352402582765
  ],
  "pi": [
    0.9990000128746033,
    2.0230567443491054e-08,
    5.062045005388427e-08,
    4.935523065796588e-07,
    1.391367277392419e-06,
    3.6067128803551896e-06,
    1.865748163254466e-05,
    7.441810157615691e-05,
    4.964362597092986e-05,
    7.745439506834373e-05,
    0.0001117565407184884,
    0.00016515233437530696,
    0.00020099645189475268,
    3.9834631024859846e-06,
    0.00026468050782568753,
    2.7273157684248872e-05,
    4.2144526446463715e-07
  ],
  "J": 17
}