{
  "mu": [
    0.0,
    -1.0121793746948242,
    -0.7538079023361206,
    -0.6102463006973267,
    -0.5414535999298096,
    -0.4537642002105713,
    -0.3792578876018524,
    -0.28951650857925415,
    -0.19975998997688293,
    -0.14947153627872467,
    -0.09488232433795929,
    -0.050579220056533813,
    0.14386972784996033,
    0.3864535987377167,
    0.05993712693452835,
    0.299388587474823,
    0.5084239840507507
  ],
  "sigma2": [
    3.67036227544304e-05,
    0.0004008016549050808,
    0.00040318083483725786,
    0.0004056292527820915,
    0.0004027886316180229,
    0.00040935506694950163,
    0.0003708135336637497,
    0.0003228540881536901,
    0.0004727520572487265,
    0.0004403592902235687,
    0.00041562601109035313,
    0.00024902354925870895,
    0.002092887880280614,
    0.00042856266372837126,
    0.00042608717922121286,
    0.00044128610170446336,
    0.0004418822063598782
  ],
  "pi": [
    0.9990000128746033,
    4.069446291055101e-08,
    7.215442821006945e-08,
    5.025332825425721e-07,
    1.5955213257257128e-06,
    4.168955456407275e-06,
    2.0714065612992272e-05,
    8.505499135935679e-05,
    6.077046782593243e-05,
    7.816380093572661e-05,
    9.671440784586594e-05,
    0.00013480753113981336,
    0.00023686433269176632,
    4.158674528298434e-06,
    0.00024637242313474417,
    2.9510898457374424e-05,
    4.886286433247733e-07
  ],
  "J": 17
}