{
  "mu": [
    0.0,
    -1.0368658304214478,
    -0.7920296788215637,
    -0.6386966109275818,
    -0.5481425523757935,
    -0.46733373403549194,
    -0.3871401250362396,
    -0.2976077198982239,
    -0.2084415853023529,
    -0.15437382459640503,
    -0.09776202589273453,
    -0.052224162966012955,
    0.15241889655590057,
    0.3946159780025482,
    0.06484025716781616,
    0.3072066903114319,
    0.5274734497070312
  ],
  "sigma2": [
    9.769481039256789e-06,
    0.0004008016549050808,
    0.00040239663212560117,
    0.00040124947554431856,
    0.00039312196895480156,
    0.0003690836892928928,
    0.0002847772848326713,
    0.0001551775203552097,
    0.00032957649091258645,
    0.0002819154178723693,
    0.00026786993839778006,
    0.00015562390035483986,
    0.0019328416092321277,
    0.0003920838935300708,
    0.00034053210401907563,
    0.0003351546765770763,
    0.0004414774011820555
  ],
  "pi": [
    0.9990000128746033,
    2.385366926205279e-08,
    5.7670714426194536e-08,
    5.144612487129052e-07,
    1.671854306550813e-06,
    4.0515137698093895e-06,
    2.037785634456668e-05,
    8.21300782263279e-05,
    5.522724677575752e-05,
    8.261072798632085e-05,
    9.382273856317624e-05,
    0.0001463944063289091,
    0.00022218047524802387,
    4.30175077781314e-06,
    0.00025716566597111523,
    2.9006010663579218e-05,
    4.6372417727980064e-07
  ],
  "J": 17
}