{
  "mu": [
    0.0,
    -1.0837558507919312,
    -0.8748716115951538,
    -0.7297322154045105,
    -0.5928351879119873,
    -0.5219773054122925,
    -0.4245762228965759,
    -0.32922008633613586,
    -0.2355295568704605,
    -0.17269141972064972,
    -0.11102589219808578,
    -0.05327596887946129,
    0.1717940717935562,
    0.42373353242874146,
    0.06812111288309097,
    0.3303285241127014,
    0.5738027691841125
  ],
  "sigma2": [
    9.895666153170168e-06,
    0.0004008016549050808,
    0.0004013189463876188,
    0.0004096778284292668,
    0.00038488185964524746,
    0.000377061078324914,
    0.0002502390998415649,
    0.00011092290515080094,
    0.00018977296713273972,
    0.00016061968926806003,
    0.00014635709521826357,
    7.121761882444844e-05,
    0.00043877848656848073,
    0.0003647096164058894,
    0.00011886237189173698,
    0.00024025083985179663,
    0.0004235873348079622
  ],
  "pi": [
    0.9990000128746033,
    1.7903579063727193e-08,
    4.5911860979686026e-08,
    4.3614915057332837e-07,
    1.4027467614141642e-06,
    3.2094746984512312e-06,
    1.7282620319747366e-05,
    6.661229417659342e-05,
    4.5634984417119995e-05,
    7.087005360517651e-05,
    9.744698763825e-05,
    0.00021027478214818984,
    0.00017306637892033905,
    3.650864073279081e-06,
    0.0002847724827006459,
    2.4895925889723003e-05,
    3.8050021089475194e-07
  ],
  "J": 17
}