{
  "mu": [
    0.0,
    -0.9283734560012817,
    -0.7071551084518433,
    -0.5916349291801453,
    -0.4947189688682556,
    -0.40064340829849243,
    -0.34125953912734985,
    -0.26037946343421936,
    -0.15207695960998535,
    -0.0007506380206905305,
    -0.000526197487488389,
    -0.0006909399526193738,
    0.1931084543466568,
    0.35110342502593994,
    0.14239639043807983,
    0.2661665678024292,
    0.48743516206741333
  ],
  "sigma2": [
    0.0005248071392998099,
    0.00040080241160467267,
    0.00040508725214749575,
    0.0004012251738458872,
    0.0003847706539090723,
    0.00037658491055481136,
    0.00030550919473171234,
    0.0001328974321950227,
    0.0010335869155824184,
    0.00040160436765290797,
    0.00040160436765290797,
    0.00040160436765290797,
    0.00040151303983293474,
    0.00036783417453989387,
    0.0010873794090002775,
    0.00024818541714921594,
    0.00043253996409475803
  ],
  "pi": [
    0.9990000128746033,
    6.62641994608748e-08,
    1.4039434859114408e-07,
    4.400814930249908e-07,
    3.94660764868604e-06,
    1.0046837815025356e-05,
    4.3698564695660025e-05,
    0.00017559583648107946,
    0.0003159632906317711,
    6.342720570984284e-09,
    6.944028907440725e-09,
    6.770902949426727e-09,
    2.3116120573263288e-08,
    9.671592124504969e-06,
    0.000373914313968271,
    6.535723514389247e-05,
    1.1158914503539563e-06
  ],
  "J": 17
}