{
  "mu": [
    0.0,
    -1.0833122730255127,
    -0.8737183213233948,
    -0.7262858748435974,
    -0.5925217270851135,
    -0.5218310356140137,
    -0.42518624663352966,
    -0.33006107807159424,
    -0.23631872236728668,
    -0.17384642362594604,
    -0.11111749708652496,
    -0.0539296492934227,
    0.17147277295589447,
    0.4244646430015564,
    0.06772633641958237,
    0.3301074206829071,
    0.5706747770309448
  ],
  "sigma2": [
    2.1347708752728067e-05,
    0.0004008016549050808,
    0.00040184229146689177,
    0.0004162011609878391,
    0.0003928313381038606,
    0.00039354266482405365,
    0.00033164070919156075,
    0.0002317071775905788,
    0.000305418623611331,
    0.00027665100060403347,
    0.00031176162883639336,
    0.0001861281634774059,
    0.0005439132801257074,
    0.00038846785901114345,
    0.00025097953039221466,
    0.0003278201329521835,
    0.0004258998669683933
  ],
  "pi": [
    0.9990000128746033,
    1.8169819426816503e-08,
    4.679267462393e-08,
    4.3563937879298464e-07,
    1.4305202284958796e-06,
    3.147746383547201e-06,
    1.725383299344685e-05,
    6.669563299510628e-05,
    4.555544364848174e-05,
    6.976145232329145e-05,
    0.00010103156819241121,
    0.0002080036501865834,
    0.0001723810564726591,
    3.6388830721989507e-06,
    0.00028529472183436155,
    2.4924316676333547e-05,
    3.806634936154296e-07
  ],
  "J": 17
}