{
  "mu": [
    0.0,
    -0.9068687558174133,
    -0.6945704221725464,
    -0.5712748765945435,
    -0.47521665692329407,
    -0.38081836700439453,
    -0.32155850529670715,
    -0.24896305799484253,
    -0.16918668150901794,
    -0.0005595276015810668,
    -0.00033644511131569743,
    -0.0004722084559034556,
    0.18038992583751678,
    0.3428129553794861,
    0.16470953822135925,
    0.2542955279350281,
    0.4734453856945038
  ],
  "sigma2": [
    0.001040792791172862,
    0.00040080241160467267,
    0.00040346142486669123,
    0.00040014070691540837,
    0.00038261141162365675,
    0.0003515214193612337,
    0.00026934774359688163,
    0.0001024104785756208,
    0.0004679520206991583,
    0.00040159578202292323,
    0.00040159482159651816,
    0.0004015949962195009,
    0.0004016017192043364,
    0.0003637205809354782,
    0.0004955774056725204,
    0.0002446291036903858,
    0.0004279162094462663
  ],
  "pi": [
    0.9990000128746033,
    1.0566951402779523e-07,
    2.176386857399848e-07,
    6.598738764296286e-07,
    5.997177595418179e-06,
    1.9534709281288087e-05,
    6.317226507235318e-05,
    0.00025614912738092244,
    0.0002664650382939726,
    3.263943781917078e-08,
    3.7407346553663956e-08,
    3.6023525495920694e-08,
    3.0239331039183526e-08,
    1.4476272554020397e-05,
    0.0002726942766457796,
    9.882407175609842e-05,
    1.5675890381317004e-06
  ],
  "J": 17
}