{
  "mu": [
    0.0,
    -1.0838381052017212,
    -0.8748125433921814,
    -0.7306578159332275,
    -0.5928460359573364,
    -0.5218573808670044,
    -0.4244705140590668,
    -0.32901689410209656,
    -0.23536832630634308,
    -0.17249460518360138,
    -0.11088551580905914,
    -0.05309630185365677,
    0.17180459201335907,
    0.42346861958503723,
    0.06822849810123444,
    0.3302405774593353,
    0.5747154951095581
  ],
  "sigma2": [
    9.890363799058832e-06,
    0.0004008016549050808,
    0.00040118940523825586,
    0.0004080390208400786,
    0.00038266467163339257,
    0.0003731678589247167,
    0.00023279004381038249,
    9.316846990259364e-05,
    0.00015900279686320573,
    0.0001290344662265852,
    0.00011113308573840186,
    4.650741902878508e-05,
    0.00040336811798624694,
    0.0003595439775381237,
    7.932521111797541e-05,
    0.00022148611606098711,
    0.0004229652986396104
  ],
  "pi": [
    0.9990000128746033,
    1.7899486337569215e-08,
    4.5851617613834605e-08,
    4.3622054590741755e-07,
    1.3980979929328896e-06,
    3.227663228244637e-06,
    1.7269647287321277e-05,
    6.662810483248904e-05,
    4.561731475405395e-05,
    7.093245221767575e-05,
    9.728557779453695e-05,
    0.00021037536498624831,
    0.00017327250679954886,
    3.661815526356804e-06,
    0.00028456159634515643,
    2.4889443011488765e-05,
    3.80512432229807e-07
  ],
  "J": 17
}