{
  "mu": [
    0.0,
    -1.0556422472000122,
    -0.855339527130127,
    -0.6990454792976379,
    -0.576077938079834,
    -0.5089304447174072,
    -0.41337090730667114,
    -0.319293349981308,
    -0.22732150554656982,
    -0.16729126870632172,
    -0.10757280886173248,
    -0.05327477678656578,
    0.1677364706993103,
    0.41485705971717834,
    0.06852565705776215,
    0.3239913880825043,
    0.5627042055130005
  ],
  "sigma2": [
    9.841625796980225e-06,
    0.0004008016549050808,
    0.00040018672007136047,
    0.00039916919195093215,
    0.00038828750257380307,
    0.0003687088319566101,
    0.00022665072174277157,
    9.111208782996982e-05,
    0.00014589636703021824,
    0.00011778553016483784,
    0.00011394997272873297,
    4.720111974165775e-05,
    0.0006974500138312578,
    0.00037028378574177623,
    7.594904309371486e-05,
    0.00021220633061602712,
    0.00042593461694195867
  ],
  "pi": [
    0.9990000128746033,
    1.9621635871658327e-08,
    4.923267837853018e-08,
    4.670210955737275e-07,
    1.3930433624409488e-06,
    3.5258892694400856e-06,
    1.8078324501402676e-05,
    7.126230775611475e-05,
    4.826447548111901e-05,
    7.279203418875113e-05,
    9.614773443900049e-05,
    0.00019432340923231095,
    0.0001829094107961282,
    3.923891199519858e-06,
    0.00028015414136461914,
    2.628480979183223e-05,
    4.046393371481827e-07
  ],
  "J": 17
}