{
  "mu": [
    0.0,
    -0.886671245098114,
    -0.68348228931427,
    -0.5776792764663696,
    -0.46886351704597473,
    -0.378412663936615,
    -0.3201318383216858,
    -0.2432308942079544,
    -0.19419100880622864,
    -0.000556615530513227,
    -0.0017221207963302732,
    -0.0006738593801856041,
    0.09898388385772705,
    0.34898868203163147,
    0.2425023317337036,
    0.31869328022003174,
    0.46416276693344116
  ],
  "sigma2": [
    0.002352660521864891,
    0.00040081024053506553,
    0.0004018110630568117,
    0.0004026405804324895,
    0.0004139290831517428,
    0.0004043248191010207,
    0.00039314822060987353,
    0.000568711431697011,
    0.00040072252159006894,
    0.0004015507875010371,
    0.00040154176531359553,
    0.00040154423913918436,
    0.00040162046207115054,
    0.0004080594517290592,
    0.0005799365462735295,
    0.00040154485031962395,
    0.0004296684346627444
  ],
  "pi": [
    0.9990000128746033,
    1.766516675161256e-07,
    3.884426860167878e-07,
    1.228819655807456e-06,
    1.1459738743724301e-05,
    3.789556649280712e-05,
    0.00010574526822892949,
    0.0005807244451716542,
    5.350922265279223e-07,
    2.098176707931998e-07,
    2.498582887255907e-07,
    2.3825006678634963e-07,
    6.372051331027251e-08,
    2.072620191029273e-05,
    0.00023001183581072837,
    7.671098501305096e-06,
    2.6752534267870942e-06
  ],
  "J": 17
}