{
  "mu": [
    0.0,
    -1.0556628704071045,
    -0.8559609651565552,
    -0.6997309923171997,
    -0.5762479901313782,
    -0.5092592835426331,
    -0.41330116987228394,
    -0.3191746473312378,
    -0.22723901271820068,
    -0.1671391725540161,
    -0.10738950967788696,
    -0.053030531853437424,
    0.167863667011261,
    0.4148397743701935,
    0.06866496056318283,
    0.3241270184516907,
    0.5642929673194885
  ],
  "sigma2": [
    9.842705367191229e-06,
    0.0004008016549050808,
    0.00040017906576395035,
    0.00039803163963370025,
    0.00038616114761680365,
    0.0003628817794378847,
    0.000213561492273584,
    8.023286500247195e-05,
    0.0001242471917066723,
    9.440688154427335e-05,
    8.449521556030959e-05,
    3.4644868719624355e-05,
    0.0006454240647144616,
    0.0003635168541222811,
    4.202428681310266e-05,
    0.0001978855871129781,
    0.00042493551154620945
  ],
  "pi": [
    0.9990000128746033,
    1.962106388475604e-08,
    4.923551699675954e-08,
    4.656308476569393e-07,
    1.3870150041839224e-06,
    3.5372559068491682e-06,
    1.808088563848287e-05,
    7.125591218937188e-05,
    4.8261448682751507e-05,
    7.280079444171861e-05,
    9.615008457330987e-05,
    0.00019431521650403738,
    0.0001830392866395414,
    3.93373647966655e-06,
    0.00028002072940580547,
    2.6278492441633716e-05,
    4.0465613437845604e-07
  ],
  "J": 17
}