{
  "mu": [
    0.0,
    -1.037036418914795,
    -0.7881304621696472,
    -0.6349611282348633,
    -0.5484927892684937,
    -0.46542277932167053,
    -0.387956440448761,
    -0.29785019159317017,
    -0.20855861902236938,
    -0.15433895587921143,
    -0.09649324417114258,
    -0.051263123750686646,
    0.15015314519405365,
    0.3959108293056488,
    0.06338547170162201,
    0.30688029527664185,
    0.5227642059326172
  ],
  "sigma2": [
    9.873881026578601e-06,
    0.0004008016549050808,
    0.00040239779627881944,
    0.00040405074832960963,
    0.0004033908189740032,
    0.0003907829523086548,
    0.0003483882755972445,
    0.0002939538680948317,
    0.0004362766048870981,
    0.00040929982787929475,
    0.00039112934609875083,
    0.00024542523897252977,
    0.002156749600544572,
    0.00041293154936283827,
    0.00045547576155513525,
    0.00046075443970039487,
    0.00044432064169086516
  ],
  "pi": [
    0.9990000128746033,
    2.411502642019059e-08,
    5.769153332835231e-08,
    5.071206032880582e-07,
    1.6608461237410665e-06,
    4.03754029321135e-06,
    2.0090496036573313e-05,
    8.25970055302605e-05,
    5.531692295335233e-05,
    8.298120519611984e-05,
    9.979528113035485e-05,
    0.00013978854985907674,
    0.00022655708016827703,
    4.075731794728199e-06,
    0.0002532642683945596,
    2.8782693334505893e-05,
    4.6356123561963614e-07
  ],
  "J": 17
}