{
  "mu": [
    0.0,
    -0.968120276927948,
    -0.7421921491622925,
    -0.5946516394615173,
    -0.5285561680793762,
    -0.4377322793006897,
    -0.3671457767486572,
    -0.28064462542533875,
    -0.12050289660692215,
    -0.06447405368089676,
    -0.06444564461708069,
    -0.06443972885608673,
    0.14906442165374756,
    0.3745439946651459,
    0.0716438740491867,
    0.2891002297401428,
    0.5000080466270447
  ],
  "sigma2": [
    0.00011345442180754617,
    0.0004008016549050808,
    0.0004035070014651865,
    0.0004027738468721509,
    0.0004006759263575077,
    0.00039010102045722306,
    0.0003420986176934093,
    0.0002117755066137761,
    0.0027904491871595383,
    0.0004011071869172156,
    0.0004010802076663822,
    0.0004010784614365548,
    0.0015323953703045845,
    0.0003898278228007257,
    0.00036751313018612564,
    0.0003324380377307534,
    0.000440989708295092
  ],
  "pi": [
    0.9990000128746033,
    4.203786829748424e-08,
    8.297620723851651e-08,
    3.440718785441277e-07,
    2.225777507192106e-06,
    5.24755068909144e-06,
    2.5301445930381306e-05,
    9.78174211923033e-05,
    0.00035693554673343897,
    2.42101290126584e-08,
    2.603120741184739e-08,
    2.613812810636773e-08,
    0.00023433603928424418,
    5.2456593948591035e-06,
    0.00023583468282595277,
    3.587358878576197e-05,
    6.369499487846042e-07
  ],
  "J": 17
}