{
  "mu": [
    0.0,
    -1.0742402076721191,
    -0.8828202486038208,
    -0.7492054104804993,
    -0.6052063703536987,
    -0.5348858833312988,
    -0.434251070022583,
    -0.33790549635887146,
    -0.24434491991996765,
    -0.1791045367717743,
    -0.11322762072086334,
    -0.056604623794555664,
    0.1736869513988495,
    0.42963874340057373,
    0.06885121762752533,
    0.332556813955307,
    0.5866717100143433
  ],
  "sigma2": [
    7.147187716327608e-05,
    0.00040079973405227065,
    0.00040007452480494976,
    0.0004059546918142587,
    0.0004117003991268575,
    0.0004048522387165576,
    0.00036446278681978583,
    0.0003018491552211344,
    0.00035348095116205513,
    0.00033436197554692626,
    0.00038040385697968304,
    0.00015434333181474358,
    0.0003726944560185075,
    0.0004024054214823991,
    0.00021612606360577047,
    0.00036173703847453,
    0.0004204260476399213
  ],
  "pi": [
    0.9990000128746033,
    1.7527900908476113e-08,
    4.5162284578736944e-08,
    4.3496669377418584e-07,
    1.373407485516509e-06,
    3.153811576339649e-06,
    1.7158747141365893e-05,
    6.60817458992824e-05,
    4.481438372749835e-05,
    7.037913746898994e-05,
    0.00011089326289948076,
    0.00019468681421130896,
    0.00017337588360533118,
    3.6743722375831567e-06,
    0.00028872184338979423,
    2.480964940332342e-05,
    3.79351206447609e-07
  ],
  "J": 17
}