{
  "mu": [
    0.0,
    -1.0555208921432495,
    -0.8537083864212036,
    -0.6976998448371887,
    -0.5768709182739258,
    -0.5080532431602478,
    -0.4138496220111847,
    -0.3198070228099823,
    -0.22766602039337158,
    -0.1678614467382431,
    -0.10761653631925583,
    -0.05426238849759102,
    0.16716665029525757,
    0.4150295555591583,
    0.06798481941223145,
    0.32334476709365845,
    0.5583545565605164
  ],
  "sigma2": [
    1.1213525795028545e-05,
    0.0004008016549050808,
    0.00040022010216489434,
    0.00040286447620019317,
    0.0003944690979551524,
    0.00038566961302421987,
    0.00030514434911310673,
    0.0002042791311396286,
    0.00027109935763292015,
    0.00025418659788556397,
    0.00027609855169430375,
    0.00016031514678616077,
    0.0008504982106387615,
    0.0003938662994187325,
    0.00022956356406211853,
    0.00028951303102076054,
    0.0004291432269383222
  ],
  "pi": [
    0.9990000128746033,
    1.9709226251052314e-08,
    4.922710772348182e-08,
    4.7070483333300217e-07,
    1.389085241498833e-06,
    3.4993374811165268e-06,
    1.8066890334011987e-05,
    7.132746395654976e-05,
    4.8271907871821895e-05,
    7.287564949365333e-05,
    9.726103598950431e-05,
    0.00019313069060444832,
    0.00018191956041846424,
    3.8593502722505946e-06,
    0.0002810984442476183,
    2.6356490707257763e-05,
    4.0457928207615623e-07
  ],
  "J": 17
}