{
  "mu": [
    0.0,
    -1.0143868923187256,
    -0.7551796436309814,
    -0.6186506152153015,
    -0.5452571511268616,
    -0.4559051990509033,
    -0.3803108036518097,
    -0.2908368408679962,
    -0.20080871880054474,
    -0.14964260160923004,
    -0.09376736730337143,
    -0.048876963555812836,
    0.14424248039722443,
    0.3872296214103699,
    0.05831307917833328,
    0.3007673919200897,
    0.5138382315635681
  ],
  "sigma2": [
    1.686912582954392e-05,
    0.00040080241160467267,
    0.00040286488365381956,
    0.00040306412847712636,
    0.00039751309668645263,
    0.0003961065085604787,
    0.0003377591783646494,
    0.0002622635802254081,
    0.00045289358240552247,
    0.0004127791617065668,
    0.0003963838389609009,
    0.0002519959525670856,
    0.0021086318884044886,
    0.0004207742167636752,
    0.0004481411015149206,
    0.0004054898163303733,
    0.0004399259341880679
  ],
  "pi": [
    0.9990000128746033,
    2.727304782013107e-08,
    5.829357263564816e-08,
    4.641730981802539e-07,
    1.5563020951958606e-06,
    4.102860202692682e-06,
    2.0215953554725274e-05,
    8.217154390877113e-05,
    5.9414531278889626e-05,
    7.733386155450717e-05,
    9.560659964336082e-05,
    0.00013906796812079847,
    0.00023167695326264948,
    4.146239916735794e-06,
    0.00025527295656502247,
    2.842048525053542e-05,
    4.640058648419654e-07
  ],
  "J": 17
}