{
  "mu": [
    0.0,
    -0.9431434273719788,
    -0.7307721972465515,
    -0.5824167728424072,
    -0.5104824900627136,
    -0.42008188366889954,
    -0.35336175560951233,
    -0.2692713737487793,
    -0.15927931666374207,
    -0.0013891137205064297,
    -0.0014654789119958878,
    -0.0014181865844875574,
    0.21131108701229095,
    0.3622877299785614,
    0.15095196664333344,
    0.2769576907157898,
    0.48999685049057007
  ],
  "sigma2": [
    0.0005965791060589254,
    0.0004008016549050808,
    0.00040399504359811544,
    0.000403131969505921,
    0.0003983730566687882,
    0.0004087003180757165,
    0.00038578861858695745,
    0.0002744459779933095,
    0.001074355561286211,
    0.00040160436765290797,
    0.00040160436765290797,
    0.00040160436765290797,
    0.00040149810956791043,
    0.000391924666473642,
    0.001110476441681385,
    0.00033573145628906786,
    0.0004312030505388975
  ],
  "pi": [
    0.9990000128746033,
    6.735290014603379e-08,
    1.4444286478010326e-07,
    5.90895638197253e-07,
    3.835364623228088e-06,
    9.6812527772272e-06,
    4.5613618567585945e-05,
    0.000180632749106735,
    0.00031966264941729605,
    4.49300996407942e-09,
    4.838142775298593e-09,
    4.739354242389027e-09,
    3.315426511107944e-08,
    9.376471098221373e-06,
    0.0003630784631241113,
    6.61248923279345e-05,
    1.144676730291394e-06
  ],
  "J": 17
}