{
  "mu": [
    0.0,
    -1.0357246398925781,
    -0.7857494950294495,
    -0.6334384679794312,
    -0.5492996573448181,
    -0.4645744860172272,
    -0.3887149691581726,
    -0.2978436350822449,
    -0.20829826593399048,
    -0.15388178825378418,
    -0.0957125648856163,
    -0.05088433995842934,
    0.1483401507139206,
    0.39573752880096436,
    0.062364693731069565,
    0.3058411777019501,
    0.520567774772644
  ],
  "sigma2": [
    2.094600858981721e-05,
    0.0004008016549050808,
    0.00040231450111605227,
    0.00040623507811687887,
    0.0004105183179490268,
    0.00040416597039438784,
    0.0003850366047117859,
    0.0003862339071929455,
    0.0004653461801353842,
    0.0004503693780861795,
    0.0004234306397847831,
    0.00027300475630909204,
    0.002237094799056649,
    0.0004219872644171119,
    0.00048218475421890616,
    0.0005241126636974514,
    0.0004456720780581236
  ],
  "pi": [
    0.9990000128746033,
    2.5188471752812802e-08,
    5.859662977059088e-08,
    4.975687488695257e-07,
    1.6607689303782536e-06,
    4.040339717903407e-06,
    1.986036659218371e-05,
    8.371680451091379e-05,
    5.591431545326486e-05,
    8.366366819245741e-05,
    0.00010235100489808246,
    0.00013555772602558136,
    0.00023027944553177804,
    3.994138751295395e-06,
    0.0002490110055077821,
    2.8903570637339726e-05,
    4.655568091038731e-07
  ],
  "J": 17
}