{
  "mu": [
    0.0,
    -1.0841001272201538,
    -0.8744903206825256,
    -0.7359843850135803,
    -0.593912661075592,
    -0.5231790542602539,
    -0.4245431423187256,
    -0.329214870929718,
    -0.23505499958992004,
    -0.17201054096221924,
    -0.11001970618963242,
    -0.052308958023786545,
    0.17193424701690674,
    0.42344459891319275,
    0.06927859038114548,
    0.32956069707870483,
    0.5821214914321899
  ],
  "sigma2": [
    9.962185686163139e-06,
    0.0004008016549050808,
    0.0004004972870461643,
    0.00039902591379359365,
    0.00037376428372226655,
    0.0003472390817478299,
    0.00019080081256106496,
    7.094693137332797e-05,
    9.726712596602738e-05,
    6.815681263105944e-05,
    5.1744322263402864e-05,
    2.5222423573723063e-05,
    0.00015097444702405483,
    0.00033710544812493026,
    1.9022712876903825e-05,
    0.0001779041049303487,
    0.0004191430052742362
  ],
  "pi": [
    0.9990000128746033,
    1.789900139215206e-08,
    4.5791910707748684e-08,
    4.363067773738294e-07,
    1.3878950539947255e-06,
    3.25183418681263e-06,
    1.7255842976737767e-05,
    6.663010572083294e-05,
    4.5625489292433485e-05,
    7.092588202795014e-05,
    9.725832205731422e-05,
    0.0002103989099850878,
    0.0001733163371682167,
    3.67251436728111e-06,
    0.0002844307164195925,
    2.4965656848507933e-05,
    3.805204755735758e-07
  ],
  "J": 17
}