{
  "mu": [
    0.0,
    -1.0162265300750732,
    -0.8176230192184448,
    -0.6712887287139893,
    -0.5652499198913574,
    -0.4859447181224823,
    -0.39930030703544617,
    -0.3089854121208191,
    -0.21864692866802216,
    -0.16195596754550934,
    -0.10312041640281677,
    -0.05247790738940239,
    0.15943627059459686,
    0.40420958399772644,
    0.06622564792633057,
    0.3151318430900574,
    0.5422530174255371
  ],
  "sigma2": [
    1.732587770675309e-05,
    0.0004008016549050808,
    0.00040418002754449844,
    0.00040449894731864333,
    0.00039893496432341635,
    0.00038805740769021213,
    0.00034329594927839935,
    0.00022429619275499135,
    0.0003097286680713296,
    0.00029138190438970923,
    0.0003184111847076565,
    0.00017985548765864223,
    0.0016364797484129667,
    0.00041095391497947276,
    0.00028649697196669877,
    0.00035319235757924616,
    0.000432901899330318
  ],
  "pi": [
    0.9990000128746033,
    2.1902735625189962e-08,
    5.3078863970768e-08,
    4.7584191520400054e-07,
    1.439324364582717e-06,
    3.818075128947385e-06,
    1.883497679955326e-05,
    7.594163616886362e-05,
    5.133593003847636e-05,
    7.629573519807309e-05,
    9.675796172814444e-05,
    0.00017742633644957095,
    0.0001977176289074123,
    3.976092557422817e-06,
    0.00026802188949659467,
    2.7455176677904092e-05,
    4.284168539925304e-07
  ],
  "J": 17
}