{
  "mu": [
    0.0,
    -1.0160223245620728,
    -0.8163825869560242,
    -0.6723489761352539,
    -0.5652869939804077,
    -0.4856666922569275,
    -0.39927905797958374,
    -0.3090616762638092,
    -0.2186722755432129,
    -0.1620626449584961,
    -0.10186111927032471,
    -0.05279986932873726,
    0.157975971698761,
    0.40428465604782104,
    0.06618369370698929,
    0.3148050606250763,
    0.5411824584007263
  ],
  "sigma2": [
    4.051167707075365e-05,
    0.0004008016549050808,
    0.0004042324726469815,
    0.00040345254819840193,
    0.00040283819544129074,
    0.0003939296293538064,
    0.0003660017973743379,
    0.0002630069793667644,
    0.0003324149001855403,
    0.0003207564586773515,
    0.0003677477070596069,
    0.00016876068548299372,
    0.001704628230072558,
    0.00041676536784507334,
    0.0002761519863270223,
    0.000379709032131359,
    0.0004327502101659775
  ],
  "pi": [
    0.9990000128746033,
    2.2234090124584327e-08,
    5.4258538995100025e-08,
    4.68987650492636e-07,
    1.4716257510372088e-06,
    3.848826054309029e-06,
    1.9008317394764163e-05,
    7.682264549657702e-05,
    5.184136898606084e-05,
    7.712635124335065e-05,
    0.00010300771100446582,
    0.00016805635823402554,
    0.0002030601754086092,
    3.977994765591575e-06,
    0.00026306018116883934,
    2.7739544748328626e-05,
    4.334947334427852e-07
  ],
  "J": 17
}