{
  "mu": [
    0.0,
    -1.0852044820785522,
    -0.8756664991378784,
    -0.7378272414207458,
    -0.5946635007858276,
    -0.5236417651176453,
    -0.42452824115753174,
    -0.3296791911125183,
    -0.23531293869018555,
    -0.1722101867198944,
    -0.11003677546977997,
    -0.05213988199830055,
    0.1720282882452011,
    0.42395418882369995,
    0.06956745684146881,
    0.3296293318271637,
    0.5854476094245911
  ],
  "sigma2": [
    1.0064516573038418e-05,
    0.00040080203325487673,
    0.00040040776366367936,
    0.0003976097796112299,
    0.00037296951632015407,
    0.00034372080699540675,
    0.00019048336253035814,
    7.221209671115503e-05,
    9.777361992746592e-05,
    6.905321060912684e-05,
    5.309840344125405e-05,
    2.636849421833176e-05,
    0.00010647512681316584,
    0.00033479242119938135,
    2.0223114916007034e-05,
    0.0001768030197126791,
    0.0004182425618637353
  ],
  "pi": [
    0.9990000128746033,
    1.7898511117664384e-08,
    4.5790482516849806e-08,
    4.363245693639328e-07,
    1.3953819006928825e-06,
    3.2415721307188505e-06,
    1.7256756109418347e-05,
    6.663026579190046e-05,
    4.562564572552219e-05,
    7.092606392689049e-05,
    9.725859126774594e-05,
    0.00021039882267359644,
    0.00017329605179838836,
    3.6725521113112336e-06,
    0.0002844313276000321,
    2.4986424250528216e-05,
    3.805332653428195e-07
  ],
  "J": 17
}