{
  "mu": [
    0.0,
    -0.9647055864334106,
    -0.7248438596725464,
    -0.5804429054260254,
    -0.5158365368843079,
    -0.4273560643196106,
    -0.36042821407318115,
    -0.2751644551753998,
    -0.14206814765930176,
    -0.003514025127515197,
    -0.0032317359000444412,
    -0.0035378127358853817,
    0.21147069334983826,
    0.3652172386646271,
    0.13027048110961914,
    0.28013327717781067,
    0.4892789125442505
  ],
  "sigma2": [
    0.0003034420660696924,
    0.00040081384941004217,
    0.0004026590031571686,
    0.0004022274224553257,
    0.00040030715172179043,
    0.00039772523450665176,
    0.0003718674124684185,
    0.0002555094542913139,
    0.0018658989574760199,
    0.00040161030483432114,
    0.00040161030483432114,
    0.00040161050856113434,
    0.000400241871830076,
    0.0003967461525462568,
    0.0016262209974229336,
    0.00035696939448826015,
    0.0004327002679929137
  ],
  "pi": [
    0.9990000128746033,
    5.078772602473691e-08,
    1.082336495983327e-07,
    5.554366566684621e-07,
    2.9747059215878835e-06,
    7.196567821665667e-06,
    3.4280943509656936e-05,
    0.00013289012713357806,
    0.0003468362265266478,
    2.9256572720015583e-09,
    3.0943387852033766e-09,
    3.046394692063359e-09,
    2.6080402903971844e-07,
    7.173353878897615e-06,
    0.00041739572770893574,
    4.941230145050213e-05,
    8.558570243621944e-07
  ],
  "J": 17
}