{
  "mu": [
    0.0,
    -1.0180100202560425,
    -0.8259339332580566,
    -0.674810528755188,
    -0.5645350217819214,
    -0.4900630712509155,
    -0.4002198576927185,
    -0.3088129162788391,
    -0.2186882495880127,
    -0.16038760542869568,
    -0.10316503793001175,
    -0.05199574679136276,
    0.1630096733570099,
    0.4038636088371277,
    0.06809288263320923,
    0.316336452960968,
    0.5527216196060181
  ],
  "sigma2": [
    9.807044079934712e-06,
    0.0004008016549050808,
    0.00040211735176853836,
    0.0003980940964538604,
    0.00037556365714408457,
    0.00034968359977938235,
    0.0002045988803729415,
    7.292826194316149e-05,
    0.00010737664706539363,
    7.425452349707484e-05,
    6.443708116421476e-05,
    3.27935631503351e-05,
    0.0010584898991510272,
    0.000348895788192749,
    2.4776058126008138e-05,
    0.000181125637027435,
    0.0004295647668186575
  ],
  "pi": [
    0.9990000128746033,
    2.1366634683772645e-08,
    5.2724253407632204e-08,
    4.917336013932072e-07,
    1.4227827023205464e-06,
    3.826729880529456e-06,
    1.8869359337259084e-05,
    7.594818453071639e-05,
    5.1612114475574344e-05,
    7.66306693549268e-05,
    9.245169349014759e-05,
    0.00018101038585882634,
    0.0001930155704030767,
    4.093354618817102e-06,
    0.0002724016085267067,
    2.7722733648261055e-05,
    4.290627089176269e-07
  ],
  "J": 17
}