{
  "mu": [
    0.0,
    -1.0838358402252197,
    -0.8749548196792603,
    -0.731604814529419,
    -0.5929140448570251,
    -0.5218464136123657,
    -0.42438748478889465,
    -0.3288871645927429,
    -0.23521549999713898,
    -0.17233023047447205,
    -0.11071357876062393,
    -0.05294061079621315,
    0.17183957993984222,
    0.4232648015022278,
    0.06836651265621185,
    0.33013349771499634,
    0.5757643580436707
  ],
  "sigma2": [
    9.89324053080054e-06,
    0.0004008016549050808,
    0.00040106757660396397,
    0.0004063102533109486,
    0.0003804370353464037,
    0.000368381617590785,
    0.00021826305601280183,
    8.189042273443192e-05,
    0.00013399840099737048,
    0.00010202960402239114,
    8.293460996355861e-05,
    3.195740646333434e-05,
    0.00036134658148512244,
    0.00035414466401562095,
    4.533525134320371e-05,
    0.00020605062309186906,
    0.00042233106796629727
  ],
  "pi": [
    0.9990000128746033,
    1.7899491666639733e-08,
    4.5817760252475637e-08,
    4.362646279787441e-07,
    1.3927117379353149e-06,
    3.244210120101343e-06,
    1.725841502775438e-05,
    6.66300838929601e-05,
    4.5626653445651755e-05,
    7.092000305419788e-05,
    9.726340067572892e-05,
    0.00021039857529103756,
    0.0001733631652314216,
    3.667816372399102e-06,
    0.0002844637492671609,
    2.4890714485081844e-05,
    3.805180313065648e-07
  ],
  "J": 17
}