{
  "mu": [
    0.0,
    -0.9058647751808167,
    -0.6942697763442993,
    -0.5739759802818298,
    -0.47635015845298767,
    -0.3810109794139862,
    -0.32184165716171265,
    -0.24970243871212006,
    -0.19496074318885803,
    -0.001106243347749114,
    -0.0010021966882050037,
    -0.0010926283430308104,
    0.1266118586063385,
    0.34571540355682373,
    0.19529671967029572,
    0.2549414336681366,
    0.46802690625190735
  ],
  "sigma2": [
    0.0019819929730147123,
    0.0004008029936812818,
    0.0004041060456074774,
    0.00040188810089603066,
    0.00040029551018960774,
    0.0003852540685329586,
    0.0003630541614256799,
    0.00026303683989681304,
    0.00034707572194747627,
    0.0004015687736682594,
    0.00040156301110982895,
    0.00040156475733965635,
    0.00040164077654480934,
    0.0003902286116499454,
    0.00035595803637988865,
    0.00036425760481506586,
    0.00043412295053713024
  ],
  "pi": [
    0.9990000128746033,
    1.867823016254988e-07,
    3.471780587460671e-07,
    9.6707742613944e-07,
    9.363448043586686e-06,
    3.093659324804321e-05,
    9.579809557180852e-05,
    0.00039515146636404097,
    0.00016246139421127737,
    1.3409078292170307e-07,
    1.573656902564835e-07,
    1.5060633984376182e-07,
    5.1050044191924826e-08,
    2.154642788809724e-05,
    0.00013322618906386197,
    0.00014709244715049863,
    2.4298160496982746e-06
  ],
  "J": 17
}