{
  "top1_error_pre[%]": 2.0499999999999963,
  "top1_error_post[%]": 1.8100000000000005,
  "Delta[%]": -0.23999999999999577,
  "|W|": 266200,
  "|W_nonzero|/|W|[%]": 7.82870022539444,
  "CR": 49.70474967907574,
  "acc_pretrain": 0.9795,
  "acc_retrain": 0.9843,
  "acc_quantized": 0.9819
}