{
  "top1_error_pre[%]": 2.0499999999999963,
  "top1_error_post[%]": 3.9699999999999958,
  "Delta[%]": 1.9199999999999995,
  "|W|": 266200,
  "|W_nonzero|/|W|[%]": 8.617956423741548,
  "CR": 31.771915363412916,
  "acc_pretrain": 0.9795,
  "acc_retrain": 0.9823,
  "acc_quantized": 0.9603
}