{
  "mu": [
    0.0,
    -0.8534650802612305,
    -0.7491558194160461,
    -0.643771231174469,
    -0.5375423431396484,
    -0.4270758032798767,
    -0.31163087487220764,
    -0.1791227012872696,
    -0.05400533229112625,
    -0.0016611736500635743,
    0.033730458468198776,
    0.15448127686977386,
    0.2885984778404236,
    0.40401002764701843,
    0.5177759528160095,
    0.6286642551422119
  ],
  "sigma2": [
    0.016023559495806694,
    0.015272482298314571,
    0.015036722645163536,
    0.014521647244691849,
    0.013791538774967194,
    0.013462631031870842,
    0.014253715053200722,
    0.017370741814374924,
    0.012958169914782047,
    0.012051895260810852,
    0.012164637446403503,
    0.016672102734446526,
    0.014282453805208206,
    0.013475000858306885,
    0.013785582035779953,
    0.014492960646748543
  ],
  "pi": [
    0.9900000095367432,
    0.00015905719192232937,
    0.0001587729639140889,
    0.00015723006799817085,
    0.00015109172090888023,
    0.00013224041322246194,
    0.00012675522884819657,
    0.000521933485288173,
    0.00226257904432714,
    0.0026209859643131495,
    0.00253044324927032,
    0.0006257195491343737,
    0.00012054212857037783,
    0.00012928401702083647,
    0.0001479829370509833,
    0.00015538149455096573
  ],
  "J": 16
}