{
  "mu": [
    0.0,
    -0.843634307384491,
    -0.6196461319923401,
    -0.4868435859680176,
    -0.39905494451522827,
    -0.3091921806335449,
    -0.12992051243782043,
    -0.21619001030921936,
    -0.0011223996989428997,
    -0.03699451684951782,
    -0.0011150616919621825,
    0.17596295475959778,
    0.11542238295078278,
    0.25697246193885803,
    0.3638140559196472,
    0.4928385317325592
  ],
  "sigma2": [
    0.00033328530844300985,
    0.0004110863956157118,
    0.00040893093682825565,
    0.0004034500743728131,
    0.00038570017204619944,
    0.0003035077534150332,
    0.001327661331743002,
    0.0003588971740100533,
    0.0004036392201669514,
    0.00040844979230314493,
    0.00040301898843608797,
    0.00034245048300363123,
    0.0011090260231867433,
    0.0004613458295352757,
    0.0004482537042349577,
    0.0004329221264924854
  ],
  "pi": [
    0.9900000095367432,
    1.402769271408033e-06,
    3.1234073958330555e-06,
    1.7275169739150442e-05,
    6.233852036530152e-05,
    0.00034489764948375523,
    0.0034417202696204185,
    0.0009721596143208444,
    5.761072770837927e-06,
    9.559052159602288e-06,
    8.676205652591307e-06,
    0.0010084095411002636,
    0.003627356141805649,
    0.0004391182155814022,
    5.1896804507123306e-05,
    6.305035185505403e-06
  ],
  "J": 16
}