{
  "mu": [
    0.0,
    -0.8770468831062317,
    -0.637304961681366,
    -0.5033454298973083,
    -0.40798452496528625,
    -0.314663290977478,
    -0.13296793401241302,
    -0.22354130446910858,
    -0.10767307132482529,
    -0.0543072409927845,
    -0.15893259644508362,
    0.15527616441249847,
    0.06772461533546448,
    0.2600870132446289,
    0.3685837984085083,
    0.4972175061702728
  ],
  "sigma2": [
    9.380928531754762e-06,
    0.0004034194862470031,
    0.0003942346083931625,
    0.000374002440366894,
    0.00030778144719079137,
    0.00014715385623276234,
    3.2407118851551786e-05,
    6.277720240177587e-05,
    0.0002763390657491982,
    4.349499067757279e-05,
    0.0002896027872338891,
    4.039116538478993e-05,
    3.997530075139366e-05,
    0.00018940665177069604,
    0.00037320307455956936,
    0.0004139950033277273
  ],
  "pi": [
    0.9900000095367432,
    5.368999040911149e-07,
    2.3331490410782862e-06,
    1.2940682609041687e-05,
    4.78437686979305e-05,
    0.00026845739921554923,
    0.002053909469395876,
    0.0008271459373645484,
    0.00011786329559981823,
    0.0013811768731102347,
    8.1240403233096e-05,
    0.0022428976371884346,
    0.002582612680271268,
    0.00033298032940365374,
    4.287936462787911e-05,
    5.181226697459351e-06
  ],
  "J": 16
}