{
  "mu": [
    0.0,
    -0.8517943024635315,
    -0.6165370941162109,
    -0.5190978050231934,
    -0.420750230550766,
    -0.32897382974624634,
    -0.07222595065832138,
    -0.19630829989910126,
    0.06809310615062714,
    -0.1736745834350586,
    -0.02845904417335987,
    0.15768781304359436,
    0.0677134171128273,
    0.26415589451789856,
    0.36507320404052734,
    0.5066783428192139
  ],
  "sigma2": [
    6.8592621573770884e-06,
    0.0004010486591141671,
    0.0003909704682882875,
    0.0003647464909590781,
    0.00025423942133784294,
    0.00010112984455190599,
    1.3420564755506348e-05,
    1.5725643606856465e-05,
    0.0020070772152394056,
    0.0014776771422475576,
    5.660867100232281e-05,
    1.4396214282896835e-05,
    1.3260782907309476e-05,
    8.773125591687858e-05,
    0.00032779353205114603,
    0.0004232673381920904
  ],
  "pi": [
    0.9900000095367432,
    4.347264166426612e-07,
    3.2614402698527556e-06,
    1.1641118362604175e-05,
    5.8195091696688905e-05,
    0.0002504116855561733,
    0.0021580192260444164,
    0.0018343707779422402,
    0.0003835447132587433,
    0.00018261298828292638,
    0.00047779176384210587,
    0.0020207250490784645,
    0.002213097410276532,
    0.00033760099904611707,
    6.298212974797934e-05,
    5.310399956215406e-06
  ],
  "J": 16
}