{
  "mu": [
    0.0,
    -0.8163687586784363,
    -0.6672285795211792,
    -0.550096869468689,
    -0.4450008273124695,
    -0.36086714267730713,
    -0.32801178097724915,
    -0.20780178904533386,
    -0.01976940780878067,
    -0.0009433104423806071,
    -0.0009188845288008451,
    0.10459215939044952,
    0.2706274092197418,
    0.3539283573627472,
    0.41419193148612976,
    0.5198599100112915
  ],
  "sigma2": [
    0.006412034388631582,
    0.0038773096166551113,
    0.0038565972354263067,
    0.0037171675357967615,
    0.003354773623868823,
    0.002833601785823703,
    0.0028578080236911774,
    0.004856318701058626,
    0.003610835876315832,
    0.0023539476096630096,
    0.001954731298610568,
    0.005175051279366016,
    0.0034258312080055475,
    0.0029465218540281057,
    0.0032327095977962017,
    0.003587274579331279
  ],
  "pi": [
    0.9900000095367432,
    6.190564454300329e-05,
    6.316137296380475e-05,
    7.816193101461977e-05,
    0.0001677435211604461,
    0.000499445479363203,
    0.0004186066216789186,
    0.00021179666509851813,
    0.0010188815649598837,
    0.0029463577084243298,
    0.003925863187760115,
    0.00023120683908928186,
    8.820767106954008e-05,
    0.00012562698975671083,
    9.49559616856277e-05,
    6.807845056755468e-05
  ],
  "J": 16
}