{
  "mu": [
    0.0,
    -0.8750290870666504,
    -0.6340397000312805,
    -0.4998418986797333,
    -0.4052351713180542,
    -0.3131076693534851,
    -0.13203391432762146,
    -0.2218513935804367,
    -0.10540658980607986,
    -0.054655976593494415,
    -0.13760121166706085,
    0.154976025223732,
    0.06768971681594849,
    0.2600414752960205,
    0.36677122116088867,
    0.49723491072654724
  ],
  "sigma2": [
    6.813364052504767e-06,
    0.000403358309995383,
    0.00039352953899651766,
    0.0003780607949011028,
    0.00030775650520808995,
    0.00013354310067370534,
    3.351813575136475e-05,
    3.7344962038332596e-05,
    0.00035053418832831085,
    3.484297849354334e-05,
    0.0005158910644240677,
    3.931990067940205e-05,
    4.869944314123131e-05,
    0.00017723941709846258,
    0.00036951847141608596,
    0.00041591509943827987
  ],
  "pi": [
    0.9900000095367432,
    6.989875487306563e-07,
    2.5753026875463547e-06,
    1.2702767890004907e-05,
    4.720965807791799e-05,
    0.0002667692315299064,
    0.0019927748944610357,
    0.0008266562945209444,
    7.751810335321352e-05,
    0.001370248501189053,
    0.00020585198944900185,
    0.0022401444148272276,
    0.002578022191300988,
    0.0003313564811833203,
    4.223184078000486e-05,
    5.239697657088982e-06
  ],
  "J": 16
}