{
  "mu": [
    0.0,
    -0.8223901987075806,
    -0.5795461535453796,
    -0.4896310567855835,
    -0.4071956276893616,
    -0.3141513764858246,
    -0.16122572124004364,
    -0.22345209121704102,
    -0.0013396573485806584,
    -0.0013017690507695079,
    -0.0011422965908423066,
    0.1420089155435562,
    0.15664806962013245,
    0.2554450035095215,
    0.35399067401885986,
    0.5003384351730347
  ],
  "sigma2": [
    0.0008792348671704531,
    0.0004159513919148594,
    0.00040697690565139055,
    0.0004042943473905325,
    0.0003731532779056579,
    0.0002717029710765928,
    0.0010854145511984825,
    0.00043639540672302246,
    0.00041025906102731824,
    0.00042229602695442736,
    0.0004051347787026316,
    0.0004065147368237376,
    0.0008506433805450797,
    0.0003301320248283446,
    0.0005465826252475381,
    0.0004508348065428436
  ],
  "pi": [
    0.9900000095367432,
    1.942230483109597e-06,
    5.8105015341425315e-06,
    2.318808765267022e-05,
    0.00010912207653746009,
    0.0004881911154370755,
    0.003260101657360792,
    0.001197004341520369,
    7.508177077397704e-06,
    1.4942241250537336e-05,
    1.600400537427049e-05,
    7.826800356269814e-06,
    0.0041063944809138775,
    0.0006363725988194346,
    0.00011723789793904871,
    8.353707926289644e-06
  ],
  "J": 16
}