{
  "mu": [
    0.0,
    -0.8359466195106506,
    -0.6033830642700195,
    -0.4844101071357727,
    -0.403872549533844,
    -0.30846938490867615,
    -0.17785845696926117,
    -0.2357446551322937,
    -0.0009813957149162889,
    -0.001140311942435801,
    -0.0009891901863738894,
    0.198883518576622,
    0.17335915565490723,
    0.257083535194397,
    0.3658340275287628,
    0.48773303627967834
  ],
  "sigma2": [
    0.0017391237197443843,
    0.000534165243152529,
    0.0005375933833420277,
    0.0005111522041261196,
    0.0005229483358561993,
    0.0006977763259783387,
    0.0007028168765828013,
    0.0005098190158605576,
    0.0006551926489919424,
    0.0005769457784481347,
    0.00048093192162923515,
    0.0005608097417280078,
    0.000634238007478416,
    0.0008298366446979344,
    0.0005585048347711563,
    0.0005785932880826294
  ],
  "pi": [
    0.9900000095367432,
    7.17974307917757e-06,
    8.972958312369883e-06,
    2.4097489585983567e-05,
    0.00010246053716400638,
    0.0006458168500103056,
    0.0034323795698583126,
    0.0009985442738980055,
    5.3395709983306006e-05,
    9.435616811970249e-05,
    9.153933206107467e-05,
    7.486062531825155e-05,
    0.003505472093820572,
    0.0008645462803542614,
    8.476999209960923e-05,
    1.160763804364251e-05
  ],
  "J": 16
}