{
  "mu": [
    0.0,
    -0.8724683523178101,
    -0.6289102435112,
    -0.497201144695282,
    -0.40635204315185547,
    -0.3161596953868866,
    -0.10903754085302353,
    -0.22120241820812225,
    -0.037326738238334656,
    -0.04487112537026405,
    -0.045269642025232315,
    0.15222500264644623,
    0.06720519810914993,
    0.26194894313812256,
    0.36524781584739685,
    0.49649402499198914
  ],
  "sigma2": [
    1.873015207820572e-05,
    0.0004084377142135054,
    0.00040336677921004593,
    0.00041243547457270324,
    0.0003995588340330869,
    0.00028967513935640454,
    0.002832620870321989,
    0.00020664080511778593,
    0.0003978199092671275,
    0.0003761167172342539,
    0.00039249807014130056,
    0.0008391622104682028,
    0.0005483159329742193,
    0.00035850051790475845,
    0.0004689554334618151,
    0.0004254732048138976
  ],
  "pi": [
    0.9900000095367432,
    8.781508995525655e-07,
    2.5253034436900634e-06,
    1.2665340364037547e-05,
    4.68481557618361e-05,
    0.0002581731241662055,
    0.0038331537507474422,
    0.0006604506052099168,
    3.43242209055461e-06,
    1.2994693861401174e-05,
    5.9093044910696335e-06,
    0.00236986530944705,
    0.0024389803875237703,
    0.0003080927417613566,
    4.111346061108634e-05,
    4.917472779197851e-06
  ],
  "J": 16
}