{
  "mu": [
    0.0,
    -0.8508251905441284,
    -0.6157848834991455,
    -0.518247663974762,
    -0.42025843262672424,
    -0.32865533232688904,
    -0.07245393097400665,
    -0.19636091589927673,
    0.06706028431653976,
    -0.17390750348567963,
    -0.028620552271604538,
    0.15711766481399536,
    0.06732040643692017,
    0.26352396607398987,
    0.3642476201057434,
    0.5072495937347412
  ],
  "sigma2": [
    6.853011200291803e-06,
    0.00040139417978934944,
    0.0003921427996829152,
    0.00036878074752166867,
    0.0002640846942085773,
    0.0001096247578971088,
    1.364877971354872e-05,
    1.5807936506462283e-05,
    0.00211095972917974,
    0.0015518197324126959,
    6.098505764384754e-05,
    1.4955938240746036e-05,
    1.3940813005319797e-05,
    0.00010247720638290048,
    0.00035403220681473613,
    0.00042474042857065797
  ],
  "pi": [
    0.9900000095367432,
    4.3656422121785e-07,
    3.2629104680381715e-06,
    1.166735546576092e-05,
    5.814859105157666e-05,
    0.0002504094736650586,
    0.002157759852707386,
    0.0018313676118850708,
    0.0003942437469959259,
    0.00018562372133601457,
    0.00047575312783010304,
    0.002018920611590147,
    0.002206691773608327,
    0.0003374186053406447,
    6.30289941909723e-05,
    5.266155767458258e-06
  ],
  "J": 16
}