{
  "mu": [
    0.0,
    -0.8376704454421997,
    -0.5969023108482361,
    -0.4999277889728546,
    -0.4109339118003845,
    -0.32038944959640503,
    -0.07070331275463104,
    -0.18998028337955475,
    0.05330730229616165,
    -0.07295544445514679,
    -0.06615161895751953,
    0.1522018313407898,
    0.06838482618331909,
    0.2589587867259979,
    0.35841822624206543,
    0.5120592713356018
  ],
  "sigma2": [
    6.815352662670193e-06,
    0.00040489668026566505,
    0.00039099378045648336,
    0.00037134168087504804,
    0.00027907988987863064,
    0.00011588049528654665,
    0.00032315042335540056,
    0.0003322925476823002,
    0.00039805404958315194,
    0.00040105724474415183,
    0.0003998910542577505,
    0.0004371974791865796,
    0.0004386228392831981,
    0.0001071071601472795,
    0.00043150605051778257,
    0.00040643991087563336
  ],
  "pi": [
    0.9900000095367432,
    7.407814450743899e-07,
    3.456939566603978e-06,
    1.2656162653001957e-05,
    6.0952526837354526e-05,
    0.0002643982879817486,
    0.002415140625089407,
    0.002080627018585801,
    3.2104742331284797e-06,
    1.2663695997616742e-05,
    9.596454219717998e-06,
    0.002223125658929348,
    0.0024895037058740854,
    0.00035176496021449566,
    6.714931078022346e-05,
    5.0139915401814505e-06
  ],
  "J": 16
}