{
  "mu": [
    0.0,
    -0.8227884769439697,
    -0.5824049115180969,
    -0.4913308322429657,
    -0.4078229069709778,
    -0.3155389130115509,
    -0.10644754022359848,
    -0.19213071465492249,
    -0.0012686889385804534,
    -0.001575672416947782,
    -0.0010387583170086145,
    0.14509963989257812,
    0.1394520103931427,
    0.25695982575416565,
    0.3538162112236023,
    0.5021118521690369
  ],
  "sigma2": [
    0.00044712889939546585,
    0.0004145475395489484,
    0.0004003113426733762,
    0.0003945163043681532,
    0.00034470067475922406,
    0.000200760638108477,
    0.0005447804578579962,
    0.0009598708129487932,
    0.0004015436861664057,
    0.00040541868656873703,
    0.0004010132688563317,
    0.0004060983774252236,
    0.0014461246319115162,
    0.0002312043507117778,
    0.0005201552412472665,
    0.000435520225437358
  ],
  "pi": [
    0.9900000095367432,
    1.1105355497420533e-06,
    4.344939952716231e-06,
    1.8187613022746518e-05,
    8.68848801474087e-05,
    0.0003800526901613921,
    0.001731022377498448,
    0.0027752576861530542,
    3.6076080505154096e-06,
    7.055281002976699e-06,
    7.43249347578967e-06,
    4.725774942926364e-06,
    0.004408605396747589,
    0.00047084849211387336,
    9.424386371392757e-05,
    6.620015483349562e-06
  ],
  "J": 16
}