{
  "mu": [
    0.0,
    -0.8369141221046448,
    -0.5957457423210144,
    -0.49953794479370117,
    -0.4113488793373108,
    -0.32055190205574036,
    -0.07178440690040588,
    -0.19007398188114166,
    0.03979337960481644,
    -0.055933378636837006,
    -0.054996997117996216,
    0.14979739487171173,
    0.06692319363355637,
    0.25862446427345276,
    0.3580080270767212,
    0.5107169151306152
  ],
  "sigma2": [
    6.816919267293997e-06,
    0.00040575285675004125,
    0.0003930110251531005,
    0.00037570748827420175,
    0.00029725415515713394,
    0.0001247112377313897,
    0.0004955209442414343,
    0.0005467974115163088,
    0.00039660921902395785,
    0.00039556194678880274,
    0.0003966349468100816,
    0.0007175835780799389,
    0.0005618917057290673,
    0.00013025962107349187,
    0.0004597911611199379,
    0.0004103776009287685
  ],
  "pi": [
    0.9900000095367432,
    1.1373128927516518e-06,
    4.108107532374561e-06,
    1.2593402971106116e-05,
    6.0851594753330573e-05,
    0.0002634163829497993,
    0.0024122963659465313,
    0.0020832507871091366,
    3.2960151656880043e-06,
    1.296655955229653e-05,
    9.850224159890786e-06,
    0.0023240994196385145,
    0.002391691552475095,
    0.0003481461317278445,
    6.68841166771017e-05,
    5.411452548287343e-06
  ],
  "J": 16
}