{
  "mu": [
    0.0,
    -0.8951230645179749,
    -0.6501865983009338,
    -0.5122696161270142,
    -0.41580623388290405,
    -0.3195609152317047,
    -0.13724017143249512,
    -0.2298468053340912,
    -0.10228902846574783,
    -0.05159473791718483,
    -0.1757129728794098,
    0.15801389515399933,
    0.06826981157064438,
    0.26251181960105896,
    0.37282678484916687,
    0.5013886094093323
  ],
  "sigma2": [
    6.800627488701139e-06,
    0.0004039338091388345,
    0.00039240860496647656,
    0.00036925269523635507,
    0.00030237610917538404,
    0.00011156400432810187,
    1.501909991930006e-05,
    3.712285615620203e-05,
    0.000237148575251922,
    1.979360604309477e-05,
    0.00026954177883453667,
    1.4466018001257908e-05,
    1.2506097846198827e-05,
    0.0001363975607091561,
    0.0003531187539920211,
    0.00039999690488912165
  ],
  "pi": [
    0.9900000095367432,
    4.675970330936252e-07,
    2.220450596723822e-06,
    1.2269101716810837e-05,
    4.61865020042751e-05,
    0.00025907641975209117,
    0.0020553921349346638,
    0.0007937144837342203,
    9.05678971321322e-05,
    0.0015685633989050984,
    6.157853204058483e-05,
    0.002173219807446003,
    0.002567903371527791,
    0.00032276540878228843,
    4.1145223804051057e-05,
    4.929480382998008e-06
  ],
  "J": 16
}