{
  "mu": [
    0.0,
    -0.8496236801147461,
    -0.615333616733551,
    -0.5171974897384644,
    -0.4193439781665802,
    -0.32816189527511597,
    -0.07318202406167984,
    -0.19668488204479218,
    0.058674536645412445,
    -0.17955884337425232,
    -0.02848169207572937,
    0.15629942715168,
    0.06683728843927383,
    0.2622731328010559,
    0.36353811621665955,
    0.509178638458252
  ],
  "sigma2": [
    7.820870450814255e-06,
    0.00040207497659139335,
    0.0003956679720431566,
    0.0003816467651631683,
    0.00030956623959355056,
    0.00018941386952064931,
    9.098574810195714e-05,
    6.944224878679961e-05,
    0.0009513942641206086,
    0.0013984596589580178,
    0.0001018112016026862,
    0.00010033902071882039,
    9.172341378871351e-05,
    0.0002467248705215752,
    0.0004184578137937933,
    0.000428629107773304
  ],
  "pi": [
    0.9900000095367432,
    5.703852252736397e-07,
    3.2097348139359383e-06,
    1.1657378308882471e-05,
    5.814228643430397e-05,
    0.0002506195742171258,
    0.002168085193261504,
    0.0017825620016083121,
    0.0005326269310899079,
    0.00023106494336389005,
    0.0004715507384389639,
    0.0020478053484112024,
    0.00202912837266922,
    0.00034535478334873915,
    6.253023457247764e-05,
    5.091366801934782e-06
  ],
  "J": 16
}