{
  "mu": [
    0.0,
    -0.85273677110672,
    -0.6178662776947021,
    -0.5202875733375549,
    -0.4212159812450409,
    -0.3294176757335663,
    -0.07205568253993988,
    -0.1963358223438263,
    0.06937208026647568,
    -0.17335455119609833,
    -0.028203675523400307,
    0.1582624912261963,
    0.06810947507619858,
    0.2649202048778534,
    0.3661767840385437,
    0.5061964392662048
  ],
  "sigma2": [
    6.854233561170986e-06,
    0.0004006930976174772,
    0.0003899715666193515,
    0.0003619418712332845,
    0.00024758378276601434,
    9.710659651318565e-05,
    1.3400664101936854e-05,
    1.5664514648960903e-05,
    0.0019076889147982001,
    0.0013925859238952398,
    5.498995233210735e-05,
    1.43398701766273e-05,
    1.317808073508786e-05,
    8.210029773181304e-05,
    0.00030698615591973066,
    0.0004212094354443252
  ],
  "pi": [
    0.9900000095367432,
    4.340593307006202e-07,
    3.2579873732174747e-06,
    1.1615752555371728e-05,
    5.825497646583244e-05,
    0.0002503812138456851,
    0.002158185699954629,
    0.0018384138820692897,
    0.0003719131927937269,
    0.0001784862979548052,
    0.0004790468083228916,
    0.002021818421781063,
    0.002221970586106181,
    0.00033795766648836434,
    6.291771569522098e-05,
    5.3444823606696445e-06
  ],
  "J": 16
}