{
  "mu": [
    0.0,
    -0.8936852216720581,
    -0.6499654650688171,
    -0.5115050077438354,
    -0.4156973958015442,
    -0.31948840618133545,
    -0.1372484266757965,
    -0.2296382039785385,
    -0.10263148695230484,
    -0.051821015775203705,
    -0.17549192905426025,
    0.15753892064094543,
    0.06777309626340866,
    0.26211002469062805,
    0.37167081236839294,
    0.5003539323806763
  ],
  "sigma2": [
    6.8234821810619906e-06,
    0.00040469516534358263,
    0.0003932108520530164,
    0.0003733549383468926,
    0.0003119644243270159,
    0.0001219936748384498,
    1.5230250028253067e-05,
    3.785453372984193e-05,
    0.0002544941380620003,
    2.131001565430779e-05,
    0.000281068729236722,
    1.5026392247818876e-05,
    1.3975462934467942e-05,
    0.0001555409689899534,
    0.00036467122845351696,
    0.00040228746365755796
  ],
  "pi": [
    0.9900000095367432,
    4.666513859774568e-07,
    2.2202646050573094e-06,
    1.2275107110326644e-05,
    4.61669078504201e-05,
    0.0002590896328911185,
    0.002054442884400487,
    0.0007936804322525859,
    9.125614451477304e-05,
    0.001568342442624271,
    6.21001745457761e-05,
    0.002173219108954072,
    0.002567901276051998,
    0.0003227770503144711,
    4.113244358450174e-05,
    4.929914211970754e-06
  ],
  "J": 16
}