{
  "mu": [
    0.0,
    -0.8898916244506836,
    -0.7799926996231079,
    -0.6700937747955322,
    -0.5601949095726013,
    -0.45029598474502563,
    -0.34039705991744995,
    -0.23049816489219666,
    -0.12059934437274933,
    -0.010700434446334839,
    0.09919847548007965,
    0.20909738540649414,
    0.3189963102340698,
    0.4288952052593231,
    0.5387941002845764,
    0.6486930251121521
  ],
  "sigma2": [
    0.0625,
    0.0625,
    0.0625,
    0.0625,
    0.0625,
    0.0625,
    0.0625,
    0.0625,
    0.0625,
    0.0625,
    0.0625,
    0.0625,
    0.0625,
    0.0625,
    0.0625,
    0.0625
  ],
  "pi": [
    0.9900000095367432,
    0.0006666666595265269,
    0.0006666666595265269,
    0.0006666666595265269,
    0.0006666666595265269,
    0.0006666666595265269,
    0.0006666666595265269,
    0.0006666666595265269,
    0.0006666666595265269,
    0.0006666666595265269,
    0.0006666666595265269,
    0.0006666666595265269,
    0.0006666666595265269,
    0.0006666666595265269,
    0.0006666666595265269,
    0.0006666666595265269
  ],
  "J": 16
}