{
  "mu": [
    0.0,
    -0.8734472393989563,
    -0.632951557636261,
    -0.4991794228553772,
    -0.4049731194972992,
    -0.3133249282836914,
    -0.13264776766300201,
    -0.22145476937294006,
    -0.09287066757678986,
    -0.05594583973288536,
    -0.10335901379585266,
    0.15483948588371277,
    0.06777268648147583,
    0.26084110140800476,
    0.3658026456832886,
    0.4973450005054474
  ],
  "sigma2": [
    6.785254754504422e-06,
    0.00040405825711786747,
    0.00039461112464778125,
    0.00038586260052397847,
    0.00032151321647688746,
    0.0001588541199453175,
    0.0002851052850019187,
    3.856527109746821e-05,
    0.00039998505963012576,
    0.00012234016321599483,
    0.0003986666561104357,
    0.00014267157530412078,
    0.00014054622442927212,
    0.0001657157699810341,
    0.0003943647025153041,
    0.00041782238986343145
  ],
  "pi": [
    0.9900000095367432,
    6.739896321050765e-07,
    2.2917975002201274e-06,
    1.2757939657603856e-05,
    4.726735642179847e-05,
    0.0002670803223736584,
    0.0021967492066323757,
    0.0008267821394838393,
    2.3755635993438773e-05,
    0.001363526564091444,
    6.0185098845977336e-05,
    0.002246889052912593,
    0.002578193787485361,
    0.00032644032035022974,
    4.248637196724303e-05,
    4.9209720600629225e-06
  ],
  "J": 16
}