{
  "mu": [
    0.0,
    -0.8291669487953186,
    -0.6853380799293518,
    -0.5634214878082275,
    -0.45185044407844543,
    -0.3583563268184662,
    -0.3220645487308502,
    -0.19084392488002777,
    -0.005506439134478569,
    -0.0011078410316258669,
    -0.001061993301846087,
    0.14520949125289917,
    0.30677691102027893,
    0.3628128170967102,
    0.4487568736076355,
    0.5680281519889832
  ],
  "sigma2": [
    0.005750534124672413,
    0.0038899134378880262,
    0.0038418127223849297,
    0.003735062899067998,
    0.0034274880308657885,
    0.002850254997611046,
    0.0027824717108160257,
    0.005165990442037582,
    0.002775099128484726,
    0.002193369437009096,
    0.0018936764681711793,
    0.0049428013153374195,
    0.0031324774026870728,
    0.002964248415082693,
    0.0034087705425918102,
    0.003662469331175089
  ],
  "pi": [
    0.9900000095367432,
    5.9821712056873366e-05,
    6.0694379499182105e-05,
    6.94055124768056e-05,
    0.0001266293547814712,
    0.0004058078629896045,
    0.0003791469207499176,
    0.00019822824106086046,
    0.001544838072732091,
    0.003095058025792241,
    0.0035518307704478502,
    0.0001566838618600741,
    9.654775203671306e-05,
    0.0001192393247038126,
    7.49246173654683e-05,
    6.114300049375743e-05
  ],
  "J": 16
}