{
  "mu": [
    0.0,
    -0.8345782160758972,
    -0.5935496687889099,
    -0.4987436830997467,
    -0.4125779867172241,
    -0.32077574729919434,
    -0.07375883311033249,
    -0.1894374042749405,
    -0.0011230536038056016,
    -0.0511920303106308,
    -0.04346712678670883,
    0.17119817435741425,
    0.10707442462444305,
    0.2594626247882843,
    0.3583611845970154,
    0.5078902840614319
  ],
  "sigma2": [
    3.3542248274898157e-05,
    0.00040808378253132105,
    0.00040095762233249843,
    0.0003856804978568107,
    0.00034209893783554435,
    0.00018550880486145616,
    0.0007232343778014183,
    0.0009868026245385408,
    0.00040695458301343024,
    0.00039891537744551897,
    0.00040201074443757534,
    0.00039264181395992637,
    0.0030357232317328453,
    0.00019637728109955788,
    0.0004894803860224783,
    0.0004217949172016233
  ],
  "pi": [
    0.9900000095367432,
    6.59827549043257e-07,
    3.578853693397832e-06,
    1.2615676496352535e-05,
    6.072932592360303e-05,
    0.0002629321825224906,
    0.002331263618543744,
    0.0021199064794927835,
    1.5869886738073546e-06,
    4.358884325483814e-06,
    3.34454171024845e-06,
    5.827852874062955e-06,
    0.00482611358165741,
    0.0002974860544782132,
    6.440167635446414e-05,
    5.194402092456585e-06
  ],
  "J": 16
}