{
  "mu": [
    0.0,
    -0.8150739073753357,
    -0.5887293219566345,
    -0.5005511045455933,
    -0.4173508882522583,
    -0.31187859177589417,
    -0.221482515335083,
    -0.23168133199214935,
    -0.0044653452932834625,
    -0.0010775728151202202,
    -0.0009632587898522615,
    0.11808404326438904,
    0.20810911059379578,
    0.25254037976264954,
    0.3596692383289337,
    0.4896736741065979
  ],
  "sigma2": [
    0.003460315056145191,
    0.001152859884314239,
    0.001137011800892651,
    0.0010759904980659485,
    0.0009767645969986916,
    0.00110985292121768,
    0.000822895672172308,
    0.0010946805123239756,
    0.0013389002997428179,
    0.0008560678688809276,
    0.0006067900685593486,
    0.0017230876255780458,
    0.00073513004463166,
    0.0011808262206614017,
    0.000959292403422296,
    0.0011191567173227668
  ],
  "pi": [
    0.9900000095367432,
    2.3411419533658773e-05,
    2.5610655939090066e-05,
    4.3415486288722605e-05,
    0.0001943156821653247,
    0.0011961252894252539,
    0.003097465494647622,
    0.0007615911890752614,
    0.00019209229503758252,
    0.00048290446284227073,
    0.0006342580891214311,
    6.277040665736422e-05,
    0.001555197755806148,
    0.0015005794120952487,
    0.0001979783846763894,
    3.228376226616092e-05
  ],
  "J": 16
}