{
  "mu": [
    0.0,
    -0.0828477293252945,
    -0.45603010058403015,
    -0.29465392231941223,
    -0.18426384031772614,
    0.1395842432975769,
    0.14133398234844208,
    0.2972206771373749,
    0.14105528593063354,
    0.3805082142353058,
    0.21843492984771729,
    0.21833418309688568,
    0.13981503248214722,
    0.14083701372146606,
    0.2183200716972351,
    0.0744364783167839,
    0.4659704566001892
  ],
  "sigma2": [
    2.5667601221357472e-05,
    0.0007840897305868566,
    0.0011366837425157428,
    0.0013545270776376128,
    0.0011698739835992455,
    0.0010209536412730813,
    0.0010206036968156695,
    0.001015836256556213,
    0.000986610190011561,
    0.0010183698032051325,
    0.0010135772172361612,
    0.0010200227843597531,
    0.0010209525935351849,
    0.00102092488668859,
    0.0010201871627941728,
    0.000620373641140759,
    0.0010183805134147406
  ],
  "pi": [
    0.9990000128746033,
    0.00024219899205490947,
    5.401577709562844e-06,
    7.485404057661071e-05,
    0.00015912095841486007,
    1.9469878154154685e-08,
    1.4762867976969574e-06,
    1.3367955943976995e-05,
    0.00013847352238371968,
    2.768984359136084e-06,
    3.5155324439983815e-05,
    4.6534969442291185e-06,
    2.4690610445077255e-08,
    1.4103616763350146e-07,
    3.855015620501945e-06,
    0.0003171752905473113,
    1.313441202910326e-06
  ],
  "J": 17
}