{
  "top1_error_pre[%]": 0.9299999999999975,
  "top1_error_post[%]": 1.9900000000000029,
  "Delta[%]": 1.0600000000000054,
  "|W|": 430500,
  "|W_nonzero|/|W|[%]": 8.02485481997677,
  "CR": 26.9809218089909,
  "acc_pretrain": 0.9907,
  "acc_retrain": 0.9938,
  "acc_quantized": 0.9801
}