{
  "mu": [
    0.0,
    -0.6888165473937988,
    -0.5662579536437988,
    -0.47587206959724426,
    -0.38877272605895996,
    -0.3070119023323059,
    -0.35090675950050354,
    -0.17496857047080994,
    -0.0023307865485548973,
    4.3514355638762936e-05,
    0.0018141233595088124,
    0.12698745727539062,
    0.3226432800292969,
    0.37609899044036865,
    0.3137243390083313,
    0.4646901786327362,
    0.5767380595207214
  ],
  "sigma2": [
    0.005245134700089693,
    0.0005430406890809536,
    0.0005605132901109755,
    0.0005651511601172388,
    0.0005908696330152452,
    0.0005548960180021822,
    0.0005247287917882204,
    0.0005333276349119842,
    0.000541140791028738,
    0.0005441952380351722,
    0.0005420090164989233,
    0.0005342194926925004,
    0.0005295471055433154,
    0.0005345002864487469,
    0.0005303696379996836,
    0.00055583321955055,
    0.0005568051710724831
  ],
  "pi": [
    0.9990000128746033,
    6.694156127196038e-06,
    2.972368929476943e-05,
    6.879723514430225e-05,
    0.0001703872112557292,
    0.000437921320553869,
    2.6332867491873913e-05,
    7.794010912220983e-07,
    1.5233533758873818e-06,
    1.7190983498949208e-06,
    1.543028702144511e-06,
    7.381708542197885e-07,
    1.523577111584018e-06,
    5.698659151676111e-05,
    0.00015950480883475393,
    3.149846088490449e-05,
    4.327012902649585e-06
  ],
  "J": 17
}