{
  "mu": [
    0.0,
    -0.7164986729621887,
    -0.5883352160453796,
    -0.5079552531242371,
    -0.4311036467552185,
    -0.30406221747398376,
    -0.3722359836101532,
    -0.25142955780029297,
    -0.00023119636171031743,
    -0.00039148778887465596,
    -0.00023401148791890591,
    0.1786075383424759,
    0.31001001596450806,
    0.38566145300865173,
    0.2653014063835144,
    0.48170265555381775,
    0.599898099899292
  ],
  "sigma2": [
    0.00396850798279047,
    0.0003970633551944047,
    0.0003920609306078404,
    0.00039104430470615625,
    0.0003922609903384,
    0.00041942167445085943,
    0.0003860631841234863,
    0.00040142095531336963,
    0.00040158964111469686,
    0.00040158830233849585,
    0.00040158943738788366,
    0.00040161682409234345,
    0.00039223296334967017,
    0.0003958831075578928,
    0.00038345722714439034,
    0.00039122707676142454,
    0.0004083354433532804
  ],
  "pi": [
    0.9990000128746033,
    4.449198513611918e-06,
    2.054792821581941e-05,
    4.024114241474308e-05,
    7.470864511560649e-05,
    0.0004067925037816167,
    0.00012208890984766185,
    1.7124274620528013e-07,
    5.525838275843853e-08,
    6.080921366447001e-08,
    5.5755393191248004e-08,
    3.275134474733932e-08,
    0.0001550775923533365,
    4.836954394704662e-05,
    0.00010068283881992102,
    2.36543855862692e-05,
    3.0115063509583706e-06
  ],
  "J": 17
}