{
  "mu": [
    0.0,
    -0.7125160098075867,
    -0.57928866147995,
    -0.49456021189689636,
    -0.4216443598270416,
    -0.3025866150856018,
    -0.36304011940956116,
    -0.27401745319366455,
    -0.00031023952760733664,
    -0.000271203723968938,
    -0.00030606595100834966,
    0.14063619077205658,
    0.33926114439964294,
    0.3808119297027588,
    0.3069613575935364,
    0.4757528007030487,
    0.5862172245979309
  ],
  "sigma2": [
    0.0046648187562823296,
    0.00040121350320987403,
    0.0004152381734456867,
    0.00041191207128576934,
    0.0003855912946164608,
    0.000383878214051947,
    0.00038551902980543673,
    0.0004015760205220431,
    0.0004015610902570188,
    0.0004015565209556371,
    0.0004015605372842401,
    0.00040161548531614244,
    0.00040119249024428427,
    0.0004080137296114117,
    0.0004553782637231052,
    0.0004199221730232239,
    0.0004156355280429125
  ],
  "pi": [
    0.9990000128746033,
    5.245593001745874e-06,
    2.570993274275679e-05,
    4.760408046422526e-05,
    8.870792953530326e-05,
    0.0004087185370735824,
    0.00014384783571586013,
    1.5232222949634888e-07,
    1.5137888453864434e-07,
    1.692077518100632e-07,
    1.5300220468361658e-07,
    7.7273213605622e-08,
    2.5233771339117084e-06,
    5.48450079804752e-05,
    0.000190812730579637,
    2.757351830950938e-05,
    3.708317990458454e-06
  ],
  "J": 17
}