{
  "mu": [
    0.0,
    -0.8178684711456299,
    -0.7161513566970825,
    -0.6168850660324097,
    -0.5254947543144226,
    -0.368630975484848,
    -0.44737479090690613,
    -0.19176609814167023,
    -0.00013738115376327187,
    -0.00013735775428358465,
    -0.0001373791164951399,
    0.15662240982055664,
    0.36660638451576233,
    0.45883306860923767,
    0.266086220741272,
    0.5580201745033264,
    0.6719616055488586
  ],
  "sigma2": [
    0.0005749727715738118,
    0.00040217602509073913,
    0.00041460900683887303,
    0.0004044834931846708,
    0.00040636080666445196,
    0.0003287496219854802,
    0.00039412500336766243,
    0.003807067172601819,
    0.00040160532807931304,
    0.00040160532807931304,
    0.00040160532807931304,
    0.0010321271838620305,
    0.00036243180511519313,
    0.000392120738979429,
    0.0003525618521962315,
    0.0004031902353744954,
    0.0003994475700892508
  ],
  "pi": [
    0.9990000128746033,
    1.5971105540302233e-06,
    5.018072442908306e-06,
    1.2691190022451337e-05,
    2.524095179978758e-05,
    0.00011903897393494844,
    3.2900101359700784e-05,
    0.00028494279831647873,
    7.95598253944263e-10,
    7.968313786577141e-10,
    7.957060010888029e-10,
    0.0003110735851805657,
    5.753766163252294e-05,
    1.4762472346774302e-05,
    0.00012700544903054833,
    7.25550671631936e-06,
    9.337620099358901e-07
  ],
  "J": 17
}