{
  "mu": [
    0.0,
    -0.7118199467658997,
    -0.578703761100769,
    -0.49405014514923096,
    -0.4217582941055298,
    -0.3042242228984833,
    -0.3630589246749878,
    -0.2609768807888031,
    -0.00040528300451114774,
    -0.0003668113786261529,
    -0.0003913529508281499,
    0.1358877718448639,
    0.34603697061538696,
    0.38013720512390137,
    0.3105630576610565,
    0.47482290863990784,
    0.5844391584396362
  ],
  "sigma2": [
    0.004905323032289743,
    0.0004064827226102352,
    0.00043189365533180535,
    0.000423878722358495,
    0.00040630079456605017,
    0.0004221613344270736,
    0.00040751343476586044,
    0.00040153489680960774,
    0.00040153239388018847,
    0.00040152453584596515,
    0.00040153160807676613,
    0.00040161929791793227,
    0.0004013000288978219,
    0.00041961632086895406,
    0.00044478278141468763,
    0.00043367856414988637,
    0.00042101426515728235
  ],
  "pi": [
    0.9990000128746033,
    5.476943442772608e-06,
    2.7235726520302705e-05,
    4.912516305921599e-05,
    9.37130389502272e-05,
    0.0004048383852932602,
    0.00015035999240353703,
    1.842910535287956e-07,
    2.630011692872358e-07,
    2.949968802568037e-07,
    2.659554922956886e-07,
    1.3075795379791089e-07,
    1.5423313470819267e-06,
    5.699356916011311e-05,
    0.00017673775437287986,
    2.8971991923754103e-05,
    3.866132828989066e-06
  ],
  "J": 17
}