{
  "mu": [
    0.0,
    -0.7644861936569214,
    -0.6442505121231079,
    -0.5581415891647339,
    -0.4758344292640686,
    -0.3350551724433899,
    -0.4088652729988098,
    -0.23458008468151093,
    -0.0004991842433810234,
    -0.0004989553126506507,
    -0.0004991639871150255,
    0.19075679779052734,
    0.33522889018058777,
    0.4196714162826538,
    0.2464810162782669,
    0.5236603617668152,
    0.6352531909942627
  ],
  "sigma2": [
    0.0018648573895916343,
    0.00039738384657539427,
    0.0004068948037456721,
    0.0003826447937171906,
    0.0003596305614337325,
    0.0002482171403244138,
    0.0003497274883557111,
    0.0003961057518608868,
    0.000401602650526911,
    0.000401602650526911,
    0.000401602650526911,
    0.00035727626527659595,
    0.0003090382379014045,
    0.0003553829446900636,
    0.00037733896169811487,
    0.00037326200981624424,
    0.00039416580693796277
  ],
  "pi": [
    0.9990000128746033,
    2.3680308913753834e-06,
    1.0817641850735527e-05,
    2.1971374735585414e-05,
    4.126422936678864e-05,
    0.00021854358783457428,
    6.146161467768252e-05,
    0.00019337963021826,
    7.295516191163642e-09,
    7.354580056073701e-09,
    7.3006178880064e-09,
    9.782370761968195e-05,
    0.00010074119927594438,
    2.664076782821212e-05,
    0.0002106937754433602,
    1.2606123164005112e-05,
    1.6664762370055541e-06
  ],
  "J": 17
}