{
  "mu": [
    0.0,
    -0.7533751130104065,
    -0.6603602170944214,
    -0.5731767416000366,
    -0.48962733149528503,
    -0.34435003995895386,
    -0.41988813877105713,
    -0.23593178391456604,
    -0.0004190890467725694,
    -0.0004190040926914662,
    -0.0004190818581264466,
    0.1717458814382553,
    0.34522154927253723,
    0.4324624836444855,
    0.2523997128009796,
    0.5392372012138367,
    0.6472611427307129
  ],
  "sigma2": [
    0.0011683809570968151,
    0.0003937714791391045,
    0.0003798128163907677,
    0.00035936280619353056,
    0.0003095712745562196,
    0.00015235836326610297,
    0.0002955772797577083,
    0.00042301308712922037,
    0.00040160398930311203,
    0.00040160398930311203,
    0.00040160398930311203,
    0.00038654138916172087,
    0.00023190127103589475,
    0.0003339681134093553,
    0.0002455083595123142,
    0.00036119669675827026,
    0.0003964256029576063
  ],
  "pi": [
    0.9990000128746033,
    2.853607156794169e-06,
    7.781129170325585e-06,
    1.8710377844399773e-05,
    3.4708013117779046e-05,
    0.00018042634474113584,
    4.829841782338917e-05,
    0.0001786449138307944,
    2.3757387168643618e-09,
    2.3828796713587508e-09,
    2.3763551126876337e-09,
    0.00022926086967345327,
    8.312278805533424e-05,
    2.1782487237942405e-05,
    0.00018273681052960455,
    1.0303247108822688e-05,
    1.3639112239616225e-06
  ],
  "J": 17
}