{
  "mu": [
    0.0,
    -0.7262135744094849,
    -0.5948691368103027,
    -0.5149958729743958,
    -0.435084730386734,
    -0.3070324957370758,
    -0.3750775456428528,
    -0.2551689147949219,
    -0.0005725298542529345,
    -0.0005622769240289927,
    -0.000574133824557066,
    0.25354331731796265,
    0.31480059027671814,
    0.3898952901363373,
    0.267583429813385,
    0.48857736587524414,
    0.6011667847633362
  ],
  "sigma2": [
    0.004013784695416689,
    0.00040179170900955796,
    0.0003911101375706494,
    0.00039680255576968193,
    0.0003925804339814931,
    0.0004108283028472215,
    0.00038831544225104153,
    0.0004014056466985494,
    0.0004015961312688887,
    0.00040159537456929684,
    0.0004015961312688887,
    0.0004015911545138806,
    0.000382344180252403,
    0.00038034727913327515,
    0.00038396278978325427,
    0.0003880505682900548,
    0.0004124315164517611
  ],
  "pi": [
    0.9990000128746033,
    4.414180693856906e-06,
    1.994876038224902e-05,
    3.99058117181994e-05,
    7.573393668280914e-05,
    0.00040238784276880324,
    0.00011821460793726146,
    2.5072489506783313e-07,
    3.11707211153589e-08,
    3.386507074765177e-08,
    3.1411598655495254e-08,
    2.4488519656529206e-08,
    0.00015057150449138135,
    4.794295091414824e-05,
    0.0001141849861596711,
    2.3263259208761156e-05,
    3.06052220366837e-06
  ],
  "J": 17
}