{
  "mu": [
    0.0,
    -0.6905966997146606,
    -0.5728431344032288,
    -0.4880792796611786,
    -0.4000225365161896,
    -0.3178800940513611,
    -0.34256741404533386,
    -0.16207225620746613,
    -0.008261444047093391,
    0.00037912698462605476,
    0.006571334786713123,
    0.12389658391475677,
    0.3228634297847748,
    0.34154027700424194,
    0.3354155421257019,
    0.45698317885398865,
    0.5838106870651245
  ],
  "sigma2": [
    0.005794445052742958,
    0.0011752662248909473,
    0.0011809095740318298,
    0.00118371716234833,
    0.0011818672064691782,
    0.0009630713611841202,
    0.0011579113779589534,
    0.0011846799170598388,
    0.0012048125499859452,
    0.0012139094760641456,
    0.0012067409697920084,
    0.001185733824968338,
    0.00116543413605541,
    0.0011469002347439528,
    0.0011001400416716933,
    0.0011684439377859235,
    0.001185150002129376
  ],
  "pi": [
    0.9990000128746033,
    7.337507213378558e-06,
    2.6238561986247078e-05,
    6.770246545784175e-05,
    0.0001711125805741176,
    0.0004703888844233006,
    1.1459842426120304e-05,
    1.719017404866463e-06,
    3.4208592296636198e-06,
    3.868988187605282e-06,
    3.468516069915495e-06,
    1.6449677104901639e-06,
    2.010821845033206e-06,
    3.717638901434839e-05,
    0.0001452187862014398,
    4.327824717620388e-05,
    3.953588930016849e-06
  ],
  "J": 17
}