{
  "mu": [
    0.0,
    -0.7522895336151123,
    -0.6603495478630066,
    -0.5722108483314514,
    -0.4885388910770416,
    -0.3441106975078583,
    -0.41981300711631775,
    -0.2371601015329361,
    -0.0007902763318270445,
    -0.000790302874520421,
    -0.0007902797078713775,
    0.178010493516922,
    0.34377148747444153,
    0.42980584502220154,
    0.2510963976383209,
    0.536233127117157,
    0.6450362205505371
  ],
  "sigma2": [
    0.0014298050664365292,
    0.00040923894266597927,
    0.00039850908797234297,
    0.0003894632973242551,
    0.0003516919387038797,
    0.00025022024055942893,
    0.0003507554065436125,
    0.00047903205268085003,
    0.0004016038146801293,
    0.0004016038146801293,
    0.0004016038146801293,
    0.0003523936029523611,
    0.0002914577489718795,
    0.0003586304956115782,
    0.0003245160623919219,
    0.00037290938780643046,
    0.0003991604608017951
  ],
  "pi": [
    0.9990000128746033,
    2.906467670982238e-06,
    8.372965567104984e-06,
    1.966514901141636e-05,
    3.6646837543230504e-05,
    0.00019187173165846616,
    5.144119859323837e-05,
    0.00018606231606099755,
    3.08359204836961e-09,
    3.094811074078052e-09,
    3.0845628273823422e-09,
    0.00018499164434615523,
    8.82298918440938e-05,
    2.3229447833728045e-05,
    0.000194115360500291,
    1.1009298759745434e-05,
    1.448561079087085e-06
  ],
  "J": 17
}