{
  "mu": [
    0.0,
    -0.725852906703949,
    -0.5945320129394531,
    -0.5152478814125061,
    -0.43518319725990295,
    -0.30635976791381836,
    -0.3747364580631256,
    -0.2510296702384949,
    -0.0004730949876829982,
    -0.00044793900451622903,
    -0.00047173042548820376,
    0.2623315751552582,
    0.3133535385131836,
    0.3907619118690491,
    0.26249557733535767,
    0.4897753894329071,
    0.6020631790161133
  ],
  "sigma2": [
    0.0038624294102191925,
    0.00039888243190944195,
    0.0003841497527901083,
    0.0003836121177300811,
    0.00037148373667150736,
    0.00034728460013866425,
    0.0003628182748798281,
    0.0004009069816675037,
    0.0004015976737719029,
    0.000401597295422107,
    0.0004015976737719029,
    0.000401598634198308,
    0.0003703747352119535,
    0.0003685332485474646,
    0.0003788040776271373,
    0.000381382618797943,
    0.0004101359809283167
  ],
  "pi": [
    0.9990000128746033,
    4.304392859921791e-06,
    1.9598728613345884e-05,
    3.8590460462728515e-05,
    7.38411836209707e-05,
    0.00039239443140104413,
    0.00011677361908368766,
    6.740938829352672e-07,
    2.3857507969182734e-08,
    2.5684766313816e-08,
    2.402104115617476e-08,
    2.4525599329194847e-08,
    0.00015711768355686218,
    4.6578650653827935e-05,
    0.0001243430597241968,
    2.267942727485206e-05,
    3.006196038768394e-06
  ],
  "J": 17
}