{
  "mu": [
    0.0,
    -0.7525321841239929,
    -0.6601284146308899,
    -0.5727257132530212,
    -0.4891073405742645,
    -0.34421488642692566,
    -0.41986745595932007,
    -0.23617033660411835,
    -0.0004999364027753472,
    -0.0004998475778847933,
    -0.0004999289521947503,
    0.17349623143672943,
    0.34472915530204773,
    0.4316719174385071,
    0.2519676387310028,
    0.5383753180503845,
    0.6465597152709961
  ],
  "sigma2": [
    0.001248129177838564,
    0.00039783792453818023,
    0.0003832477377727628,
    0.0003666080883704126,
    0.00031945566297508776,
    0.00017511540499981493,
    0.00030869420152157545,
    0.0004440029733814299,
    0.00040160398930311203,
    0.00040160398930311203,
    0.00040160398930311203,
    0.00037471309769898653,
    0.00024636913440190256,
    0.00033992293174378574,
    0.0002703478094190359,
    0.00036412524059414864,
    0.00039713873411528766
  ],
  "pi": [
    0.9990000128746033,
    2.886391939682653e-06,
    7.93168419477297e-06,
    1.8989574527950026e-05,
    3.524531712173484e-05,
    0.00018363917479291558,
    4.910421193926595e-05,
    0.00018084407201968133,
    2.5329682795671715e-09,
    2.5409234716278206e-09,
    2.5336517328611308e-09,
    0.00021671362628694624,
    8.453386544715613e-05,
    2.2158499632496387e-05,
    0.00018606771482154727,
    1.0490883141756058e-05,
    1.387483621329011e-06
  ],
  "J": 17
}