{
  "mu": [
    0.0,
    -0.7255797386169434,
    -0.5947539806365967,
    -0.5145542025566101,
    -0.43494242429733276,
    -0.3071548044681549,
    -0.37562766671180725,
    -0.25789472460746765,
    -0.0004972720053046942,
    -0.0006525618373416364,
    -0.0005066062440164387,
    0.2010183036327362,
    0.31488338112831116,
    0.3881542384624481,
    0.27070266008377075,
    0.48622655868530273,
    0.597704291343689
  ],
  "sigma2": [
    0.004100190941244364,
    0.0004031404387205839,
    0.00039505655877292156,
    0.00040693109622225165,
    0.000403134326916188,
    0.0004608981835190207,
    0.00040266208816319704,
    0.00040148719563148916,
    0.00040159307536669075,
    0.0004015921149402857,
    0.00040159287163987756,
    0.00040161682409234345,
    0.0003905862395185977,
    0.0003886511258315295,
    0.00038722195313312113,
    0.0003947786462958902,
    0.0004153185582254082
  ],
  "pi": [
    0.9990000128746033,
    4.482054464460816e-06,
    2.016464168264065e-05,
    4.061155050294474e-05,
    7.596133946208283e-05,
    0.0004109802539460361,
    0.00011894643830601126,
    1.8768221821119369e-07,
    4.4704322021971166e-08,
    4.8991125822794857e-08,
    4.508778062017882e-08,
    2.7982453687513953e-08,
    0.00014448360889218748,
    4.913313387078233e-05,
    0.00010818596638273448,
    2.3530299586127512e-05,
    3.166433771184529e-06
  ],
  "J": 17
}