{
  "mu": [
    0.0,
    -0.6805802583694458,
    -0.567123532295227,
    -0.48093053698539734,
    -0.4130280017852783,
    -0.3688497841358185,
    -0.3351554870605469,
    -0.1462404429912567,
    -0.016246173530817032,
    0.0019916840828955173,
    0.01197722926735878,
    0.12051727622747421,
    0.2874496281147003,
    0.40958333015441895,
    0.41349607706069946,
    0.45463505387306213,
    0.5609079599380493
  ],
  "sigma2": [
    0.007641442585736513,
    0.003947633784264326,
    0.003987881354987621,
    0.004001878667622805,
    0.0037413248792290688,
    0.0035201525315642357,
    0.003922677598893642,
    0.004013704136013985,
    0.00399496965110302,
    0.004001420922577381,
    0.003989945165812969,
    0.0039990670047700405,
    0.0039507183246314526,
    0.0038817808963358402,
    0.0038075773045420647,
    0.0038747109938412905,
    0.003956600558012724
  ],
  "pi": [
    0.9990000128746033,
    1.0273284715367481e-05,
    3.3025025913957506e-05,
    9.824970038607717e-05,
    0.00030336822965182364,
    0.0003206489491276443,
    1.5312787581933662e-05,
    8.104102562356275e-06,
    1.710860669845715e-05,
    1.9434306523180567e-05,
    1.738276296237018e-05,
    7.803061635058839e-06,
    4.261546109773917e-06,
    2.6466117560630664e-05,
    6.845532334409654e-05,
    4.2761828808579594e-05,
    7.3443943620077334e-06
  ],
  "J": 17
}