{
  "mu": [
    0.0,
    -0.7706668972969055,
    -0.6784185171127319,
    -0.5876072645187378,
    -0.5026739835739136,
    -0.3541289269924164,
    -0.43121665716171265,
    -0.23653365671634674,
    -0.000795709784142673,
    -0.0007958082715049386,
    -0.0007957184570841491,
    0.17439867556095123,
    0.3521215319633484,
    0.439292311668396,
    0.25631654262542725,
    0.5435638427734375,
    0.6563941836357117
  ],
  "sigma2": [
    0.0011815212201327085,
    0.000399073091102764,
    0.0004098917997907847,
    0.00039311600266955793,
    0.00039512154762633145,
    0.00030545529443770647,
    0.0003817182732746005,
    0.0009024107130244374,
    0.00040160436765290797,
    0.00040160436765290797,
    0.00040160436765290797,
    0.0004104179097339511,
    0.0003381867427378893,
    0.00039161083986982703,
    0.00032912578899413347,
    0.00039591669337823987,
    0.0003988689568359405
  ],
  "pi": [
    0.9990000128746033,
    2.5792514861677773e-06,
    7.391398412437411e-06,
    1.822454942157492e-05,
    3.349650069139898e-05,
    0.00017408283019904047,
    4.6333250793395564e-05,
    0.0001933745515998453,
    1.9043113752559293e-09,
    1.9091885850031076e-09,
    1.904732593871472e-09,
    0.00023171935754362494,
    8.06708267191425e-05,
    2.1383657440310344e-05,
    0.0001793562259990722,
    1.0060725799121428e-05,
    1.3212389831096516e-06
  ],
  "J": 17
}