{
  "mu": [
    0.0,
    -0.76457679271698,
    -0.6677736639976501,
    -0.5803204774856567,
    -0.49691104888916016,
    -0.3493901789188385,
    -0.42481744289398193,
    -0.23090270161628723,
    -0.00032086498686112463,
    -0.00032081353128887713,
    -0.00032086047576740384,
    0.16930556297302246,
    0.3478546440601349,
    0.4347638189792633,
    0.25291919708251953,
    0.5413172245025635,
    0.6609441637992859
  ],
  "sigma2": [
    0.0010864112991839647,
    0.00039077718975022435,
    0.00039254711009562016,
    0.0003808434121310711,
    0.00035732347168959677,
    0.0002563060261309147,
    0.0003462368040345609,
    0.0009067179635167122,
    0.00040160436765290797,
    0.00040160436765290797,
    0.00040160436765290797,
    0.0004274864913895726,
    0.0003083649498876184,
    0.0003754293720703572,
    0.00032065215054899454,
    0.00039172754622995853,
    0.0003987468662671745
  ],
  "pi": [
    0.9990000128746033,
    2.7224825771554606e-06,
    7.302452104340773e-06,
    1.7819833374232985e-05,
    3.373149229446426e-05,
    0.0001725157635519281,
    4.473176159081049e-05,
    0.000193884116015397,
    2.0779187259734044e-09,
    2.083659467189136e-09,
    2.078420102691325e-09,
    0.000238676555454731,
    7.991136953933164e-05,
    2.062436760752462e-05,
    0.00017693464178591967,
    9.83757126959972e-06,
    1.3014517890042043e-06
  ],
  "J": 17
}