{
  "mu": [
    0.0,
    -0.8149579763412476,
    -0.717901349067688,
    -0.6204869151115417,
    -0.5317930579185486,
    -0.3716525733470917,
    -0.45174434781074524,
    -0.19554618000984192,
    -0.0007285148021765053,
    -0.0007285484462045133,
    -0.0007285176543518901,
    0.15953268110752106,
    0.3715081512928009,
    0.4633885324001312,
    0.2698014974594116,
    0.5616316199302673,
    0.6691821813583374
  ],
  "sigma2": [
    0.0005952523788437247,
    0.00041060487274080515,
    0.0004239443806000054,
    0.0004200815747026354,
    0.00043176248436793685,
    0.00035224409657530487,
    0.00041664854506962,
    0.0038056387566030025,
    0.00040160532807931304,
    0.00040160532807931304,
    0.00040160532807931304,
    0.0010432617273181677,
    0.0003842686419375241,
    0.00041873427107930183,
    0.00033155246637761593,
    0.0004126579442527145,
    0.0004027759423479438
  ],
  "pi": [
    0.9990000128746033,
    1.6555817410335294e-06,
    4.917837941320613e-06,
    1.2366071132419165e-05,
    2.491975828888826e-05,
    0.00011895640636794269,
    3.333151835249737e-05,
    0.00027988955844193697,
    7.566425819227618e-10,
    7.577524718804796e-10,
    7.567363957683426e-10,
    0.0003168969415128231,
    5.800765939056873e-05,
    1.479811362514738e-05,
    0.0001260858989553526,
    7.183237812569132e-06,
    9.891748504742282e-07
  ],
  "J": 17
}