{
  "mu": [
    0.0,
    -0.7435739040374756,
    -0.6094265580177307,
    -0.5318006873130798,
    -0.4519501030445099,
    -0.3161068558692932,
    -0.3904035985469818,
    -0.22818145155906677,
    -0.0002256907318951562,
    -0.0002242352784378454,
    -0.00022558573982678354,
    0.23907728493213654,
    0.31998032331466675,
    0.4049755334854126,
    0.2379428595304489,
    0.5082937479019165,
    0.6182973980903625
  ],
  "sigma2": [
    0.0023532093036919832,
    0.00039285607635974884,
    0.00037316465750336647,
    0.00034006914938800037,
    0.0003058811998926103,
    0.0001228979672305286,
    0.0002624019398353994,
    0.00027855634107254446,
    0.0004016028542537242,
    0.0004016028542537242,
    0.0004016028542537242,
    0.0004016017192043364,
    0.00023292483820114285,
    0.0003323717974126339,
    0.00039661829941906035,
    0.00035856736940331757,
    0.00039650616236031055
  ],
  "pi": [
    0.9990000128746033,
    2.770024138953886e-06,
    1.4184126484906301e-05,
    2.3064618289936334e-05,
    4.790217280969955e-05,
    0.0002557289262767881,
    7.491233554901555e-05,
    0.00018016558897215873,
    4.946639986513901e-09,
    5.035681649445678e-09,
    4.954769927678626e-09,
    4.04355127159306e-08,
    0.00011655745038297027,
    3.048725011467468e-05,
    0.00023762235650792718,
    1.4597580047848169e-05,
    1.9522935872373637e-06
  ],
  "J": 17
}