{
  "mu": [
    0.0,
    -0.8166844844818115,
    -0.7179551720619202,
    -0.6219291687011719,
    -0.5327364802360535,
    -0.37151429057121277,
    -0.4519927501678467,
    -0.18576540052890778,
    -0.0007793293916620314,
    -0.0007793467957526445,
    -0.0007793307886458933,
    0.1537540853023529,
    0.37309473752975464,
    0.4654996991157532,
    0.27175915241241455,
    0.5642289519309998,
    0.6741732954978943
  ],
  "sigma2": [
    0.00047866420936770737,
    0.0004100759979337454,
    0.00041376586887054145,
    0.0004049150156788528,
    0.0004023808869533241,
    0.00028799736173823476,
    0.00038513209437951446,
    0.004157440271228552,
    0.00040160573553293943,
    0.00040160573553293943,
    0.00040160573553293943,
    0.001304742763750255,
    0.0003471116069704294,
    0.0004000258632004261,
    0.0002907562302425504,
    0.00040243248804472387,
    0.00039905577432364225
  ],
  "pi": [
    0.9990000128746033,
    1.5706049225627794e-06,
    4.567235009744763e-06,
    1.1460358109616209e-05,
    2.319722989341244e-05,
    0.00011062803241657093,
    3.134140570182353e-05,
    0.00028910100809298456,
    6.661444729161303e-10,
    6.6707456225501e-10,
    6.662231877285762e-10,
    0.00033721240470185876,
    5.405769115895964e-05,
    1.3709123777516652e-05,
    0.00011557684047147632,
    6.697473963868106e-06,
    8.785937097854912e-07
  ],
  "J": 17
}