{
  "mu": [
    0.0,
    -0.7575200796127319,
    -0.6611084938049316,
    -0.5710505247116089,
    -0.4873032569885254,
    -0.34365859627723694,
    -0.41901472210884094,
    -0.2374051809310913,
    -0.000778731016907841,
    -0.000779181660618633,
    -0.0007787711219862103,
    0.18101496994495392,
    0.3418496251106262,
    0.4273683428764343,
    0.24982760846614838,
    0.5338544249534607,
    0.6416906714439392
  ],
  "sigma2": [
    0.0015330384485423565,
    0.00040972259012050927,
    0.00041947790305130184,
    0.00040350545896217227,
    0.0003742248809430748,
    0.0003175142337568104,
    0.00037637431523762643,
    0.0004979487857781351,
    0.0004016038146801293,
    0.0004016038146801293,
    0.0004016038146801293,
    0.000349344132700935,
    0.0003322653064969927,
    0.00036970386281609535,
    0.00034813451929949224,
    0.0003800049889832735,
    0.0004008348914794624
  ],
  "pi": [
    0.9990000128746033,
    2.517903794796439e-06,
    9.215082172886468e-06,
    1.9952958609792404e-05,
    3.80175442842301e-05,
    0.00019846262875944376,
    5.277529271552339e-05,
    0.0001905936369439587,
    3.774768497777359e-09,
    3.790984859364244e-09,
    3.776169155145226e-09,
    0.00016208084707614034,
    9.111128747463226e-05,
    2.3906182832433842e-05,
    0.00019839794549625367,
    1.1462969268904999e-05,
    1.4944201893740683e-06
  ],
  "J": 17
}