{
  "mu": [
    0.0,
    -0.7263090014457703,
    -0.5949217677116394,
    -0.514826238155365,
    -0.43515729904174805,
    -0.3073728084564209,
    -0.37543898820877075,
    -0.25699275732040405,
    -0.0005855478812009096,
    -0.000635550357401371,
    -0.0005914438515901566,
    0.23448534309864044,
    0.3153911828994751,
    0.3894082307815552,
    0.26970380544662476,
    0.4880485236644745,
    0.6012162566184998
  ],
  "sigma2": [
    0.004070774652063847,
    0.00040331677882932127,
    0.0003937823639716953,
    0.00040156475733965635,
    0.0004012900753878057,
    0.00043812557123601437,
    0.0003981037880294025,
    0.00040146001265384257,
    0.00040159482159651816,
    0.0004015940357930958,
    0.00040159482159651816,
    0.0004015949962195009,
    0.00038641938590444624,
    0.0003850351495202631,
    0.0003859803546220064,
    0.0003920542076230049,
    0.0004135323397349566
  ],
  "pi": [
    0.9990000128746033,
    4.459649971977342e-06,
    2.0098534150747582e-05,
    4.038183033117093e-05,
    7.627204468008131e-05,
    0.00040671558235771954,
    0.00011845874541904777,
    2.087327430899677e-07,
    3.696116479545708e-08,
    4.033296363559202e-08,
    3.726256636582548e-08,
    2.540223675850939e-08,
    0.00014710206596646458,
    4.8505800805287436e-05,
    0.00011108093167422339,
    2.3520373360952362e-05,
    3.055862862311187e-06
  ],
  "J": 17
}