{
  "mu": [
    0.0,
    -0.7519665956497192,
    -0.6602176427841187,
    -0.5724655985832214,
    -0.4887121617794037,
    -0.3441159725189209,
    -0.4198146164417267,
    -0.23683249950408936,
    -0.0006943614571355283,
    -0.000694317277520895,
    -0.0006943581392988563,
    0.17664644122123718,
    0.3440563976764679,
    0.4303992688655853,
    0.2513408958911896,
    0.53690105676651,
    0.6454949975013733
  ],
  "sigma2": [
    0.0013776697451248765,
    0.0004057615587953478,
    0.000393120659282431,
    0.00038256210973486304,
    0.00034165976103395224,
    0.00022529886336997151,
    0.0003363384457770735,
    0.0004709772765636444,
    0.0004016038146801293,
    0.0004016038146801293,
    0.0004016038146801293,
    0.0003583002253435552,
    0.0002771225990727544,
    0.0003524171479512006,
    0.00030969057115726173,
    0.000370005436707288,
    0.0003985419461969286
  ],
  "pi": [
    0.9990000128746033,
    2.915758386734524e-06,
    8.213583896576893e-06,
    1.943490315170493e-05,
    3.625058161560446e-05,
    0.00018934653780888766,
    5.068864629720338e-05,
    0.0001845655933720991,
    2.8848996524999393e-09,
    2.894876338643826e-09,
    2.8857607414778386e-09,
    0.0001945471012732014,
    8.712033013580367e-05,
    2.2874888600199483e-05,
    0.00019175645138602704,
    1.0847147677850444e-05,
    1.4298829000836122e-06
  ],
  "J": 17
}