{
  "mu": [
    0.0,
    -0.7550318241119385,
    -0.6607646346092224,
    -0.5740771293640137,
    -0.49028730392456055,
    -0.34470856189727783,
    -0.42013320326805115,
    -0.23587584495544434,
    -0.00034673503250814974,
    -0.00034665773273445666,
    -0.0003467285423539579,
    0.16982664167881012,
    0.3458653688430786,
    0.433508038520813,
    0.25297310948371887,
    0.5403777360916138,
    0.6481606960296631
  ],
  "sigma2": [
    0.0010784082114696503,
    0.00039029339677654207,
    0.0003768804017454386,
    0.0003529287059791386,
    0.0002997438714373857,
    0.00013458587636705488,
    0.0002833498874679208,
    0.0003974547144025564,
    0.00040160419302992523,
    0.00040160398930311203,
    0.00040160419302992523,
    0.0004009528493043035,
    0.0002204682386945933,
    0.0003285515704192221,
    0.0002192694810219109,
    0.0003589548578020185,
    0.0003955460852012038
  ],
  "pi": [
    0.9990000128746033,
    2.8146739623480244e-06,
    7.631503649463411e-06,
    1.8465019820723683e-05,
    3.4086529922205955e-05,
    0.00017708998348098248,
    4.7467940021306276e-05,
    0.00017622335872147232,
    2.230256201940506e-09,
    2.2366930529926776e-09,
    2.2308133118542628e-09,
    0.00024242162180598825,
    8.164463361026719e-05,
    2.1410010958788916e-05,
    0.00017928359739016742,
    1.0114787073689513e-05,
    1.3396413578448119e-06
  ],
  "J": 17
}