{
  "mu": [
    0.0,
    -0.7728900909423828,
    -0.6793202757835388,
    -0.5885201096534729,
    -0.5029085278511047,
    -0.35399237275123596,
    -0.43094438314437866,
    -0.23040622472763062,
    -0.0006051966338418424,
    -0.0006051706150174141,
    -0.0006051947129890323,
    0.17180711030960083,
    0.35316982865333557,
    0.4417406916618347,
    0.25790897011756897,
    0.5447021722793579,
    0.6575088500976562
  ],
  "sigma2": [
    0.0010588482255116105,
    0.0003954667190555483,
    0.0004018204635940492,
    0.0003718686930369586,
    0.0003659127978608012,
    0.00023807925754226744,
    0.00035388520336709917,
    0.001225088257342577,
    0.00040160436765290797,
    0.00040160436765290797,
    0.00040160436765290797,
    0.0004622589913196862,
    0.00029659608844667673,
    0.0003719177911989391,
    0.00028893351554870605,
    0.0003881353186443448,
    0.0003987466625403613
  ],
  "pi": [
    0.9990000128746033,
    2.479747081451933e-06,
    7.135442956496263e-06,
    1.7323027350357734e-05,
    3.2436466426588595e-05,
    0.00016516612959094346,
    4.487969272304326e-05,
    0.00020101263362448663,
    1.635250601594862e-09,
    1.6390445667369136e-09,
    1.6355812260115954e-09,
    0.0002502707066014409,
    7.73285937611945e-05,
    2.033784221566748e-05,
    0.00017072221089620143,
    9.637095899961423e-06,
    1.2655552836804418e-06
  ],
  "J": 17
}