{
  "mu": [
    0.0,
    -0.3132525682449341,
    -0.31257984042167664,
    -0.3115134835243225,
    -0.310519814491272,
    -0.3117283880710602,
    -0.31183958053588867,
    -0.3112357556819916,
    -0.3109915256500244,
    -0.3118990957736969,
    0.26245489716529846,
    0.2627049386501312,
    0.2621344029903412,
    0.2623651325702667,
    0.26248899102211,
    0.2621925473213196,
    0.26215389370918274
  ],
  "sigma2": [
    0.0024116230197250843,
    0.017681507393717766,
    0.01747889630496502,
    0.01715388149023056,
    0.01684768684208393,
    0.01721937768161297,
    0.017252014949917793,
    0.01706850342452526,
    0.016993360593914986,
    0.017271652817726135,
    0.01654624007642269,
    0.016761930659413338,
    0.016261333599686623,
    0.016468433663249016,
    0.01657146029174328,
    0.016320861876010895,
    0.01629035174846649
  ],
  "pi": [
    0.9946863055229187,
    0.0002520280540920794,
    0.0002880377578549087,
    0.00034703384153544903,
    0.00040404871106147766,
    0.00033504090970382094,
    0.0003290887689217925,
    0.0003628091362770647,
    0.0003767610469367355,
    0.0003254727052990347,
    0.0003155980957672,
    0.0002865061105694622,
    0.0003550877736415714,
    0.0003262735845055431,
    0.000312155025312677,
    0.0003467542410362512,
    0.00035102470428682864
  ],
  "J": 17
}