{
  "mu": [
    0.0,
    -0.5465195775032043,
    -0.28502157330513,
    -0.28495630621910095,
    -0.2847801148891449,
    -0.28500816226005554,
    -0.28577688336372375,
    -0.2854471504688263,
    -0.28474628925323486,
    -0.2849145531654358,
    0.24802342057228088,
    0.24853190779685974,
    0.24875180423259735,
    0.24812260270118713,
    0.2480373978614807,
    0.24811862409114838,
    0.2481585443019867
  ],
  "sigma2": [
    0.0021645829547196627,
    0.009426374919712543,
    0.00922079011797905,
    0.009195894002914429,
    0.0091352928429842,
    0.009216521866619587,
    0.009477312676608562,
    0.009366009384393692,
    0.009125126525759697,
    0.009181535802781582,
    0.009186496958136559,
    0.00929307471960783,
    0.009338476695120335,
    0.009207455441355705,
    0.009189524687826633,
    0.0092063182964921,
    0.009215602651238441
  ],
  "pi": [
    0.9886366128921509,
    0.000304292218061164,
    0.0007065199315547943,
    0.0007578495424240828,
    0.0008707194938324392,
    0.0007645796285942197,
    0.0005713121499866247,
    0.0006501345196738839,
    0.0008636305574327707,
    0.0007959190406836569,
    0.0007394163403660059,
    0.0007592719048261642,
    0.000749741680920124,
    0.0007377385627478361,
    0.0007411123951897025,
    0.0007273157825693488,
    0.000623835891019553
  ],
  "J": 17
}