{
  "top1_error_pre[%]": 2.0499999999999963,
  "top1_error_post[%]": 4.0100000000000025,
  "Delta[%]": 1.9600000000000062,
  "|W|": 266200,
  "|W_nonzero|/|W|[%]": 8.705484598046581,
  "CR": 31.229698716115646,
  "acc_pretrain": 0.9795,
  "acc_retrain": 0.9834,
  "acc_quantized": 0.9599
}