{
  "mu": [
    0.0,
    -0.8691967725753784,
    -0.6980780363082886,
    -0.5721266865730286,
    -0.5719763040542603,
    -0.36829984188079834,
    -0.4566965699195862,
    -0.2648650109767914,
    -0.1385270059108734,
    -0.07455562800168991,
    -0.18905405700206757,
    0.11482838541269302,
    0.2447110414505005,
    0.35195136070251465,
    0.4741148352622986,
    0.5785160064697266,
    0.6920523047447205
  ],
  "sigma2": [
    1.5659195923944935e-05,
    0.0003958232409786433,
    0.0003519365272950381,
    0.00038614807999692857,
    0.00039583496982231736,
    9.766067523742095e-05,
    0.00020445922564249486,
    0.00014055815699975938,
    0.00010040305642178282,
    7.351762906182557e-05,
    0.00014634871331509203,
    0.0007668709731660783,
    8.411203452851623e-05,
    0.00014229872613213956,
    0.00025991335860453546,
    0.0003402597503736615,
    0.0003912951797246933
  ],
  "pi": [
    0.9990000128746033,
    1.982834646696574e-06,
    4.538395387498895e-06,
    1.1873262337758206e-05,
    4.154410817136522e-06,
    8.236317080445588e-05,
    2.7380152459954843e-05,
    5.385013355407864e-05,
    8.916691149352118e-05,
    0.0001409216783940792,
    5.2055369451409206e-05,
    0.0003351808409206569,
    0.00011982002615695819,
    5.5382966820616275e-05,
    1.542240715934895e-05,
    5.100020189274801e-06,
    8.07506864930474e-07
  ],
  "J": 17
}