{
  "mu": [
    0.0,
    -0.8040419816970825,
    -0.6546684503555298,
    -0.5655550360679626,
    -0.5086764693260193,
    -0.3533387780189514,
    -0.4299163222312927,
    -0.24710005521774292,
    -0.12384773790836334,
    -0.07023255527019501,
    -0.17747385799884796,
    0.10772528499364853,
    0.23055396974086761,
    0.3371949791908264,
    0.44894906878471375,
    0.5563642382621765,
    0.6521333456039429
  ],
  "sigma2": [
    1.602693555469159e-05,
    0.0004994742921553552,
    0.00041098977089859545,
    0.00038921472150832415,
    0.00038903378299437463,
    0.000315973098622635,
    0.0003313109918963164,
    0.00046841573202982545,
    0.0003804508305620402,
    0.00031777992262504995,
    0.00039083813317120075,
    0.001395972678437829,
    0.000550079217646271,
    0.0004667310568038374,
    0.000371732865460217,
    0.00038410944398492575,
    0.000393760041333735
  ],
  "pi": [
    0.9990000128746033,
    2.045628207270056e-06,
    4.677867764257826e-06,
    8.153599992510863e-06,
    8.600779437983874e-06,
    8.50945507409051e-05,
    2.8022408514516428e-05,
    5.707439049729146e-05,
    9.32836119318381e-05,
    0.00012268978753127158,
    5.3202307753963396e-05,
    0.00033537743729539216,
    0.0001231695932801813,
    5.654992492054589e-05,
    1.5952871763147414e-05,
    5.27129668626003e-06,
    8.339860642081476e-07
  ],
  "J": 17
}