{
  "mu": [
    0.0,
    -0.8801801204681396,
    -0.7103255391120911,
    -0.5826138854026794,
    -0.5825836658477783,
    -0.37581074237823486,
    -0.46659597754478455,
    -0.2714402973651886,
    -0.14442582428455353,
    -0.07507260888814926,
    -0.19472797214984894,
    0.11504273861646652,
    0.24665752053260803,
    0.3540467619895935,
    0.4769863188266754,
    0.5811238884925842,
    0.6980752348899841
  ],
  "sigma2": [
    1.6852611224749126e-05,
    0.00040098399040289223,
    0.00037827828782610595,
    0.00039742892840877175,
    0.00039915720117278397,
    0.00017438146460335702,
    0.00026935827918350697,
    0.0002344263921258971,
    0.00019906841043848544,
    0.0002314902812941,
    0.00025787102640606463,
    0.000918567820917815,
    0.00014945467410143465,
    0.00021208939142525196,
    0.00029504275880753994,
    0.00035328074591234326,
    0.000394767354009673
  ],
  "pi": [
    0.9990000128746033,
    1.9487220015435014e-06,
    4.4543603507918306e-06,
    9.969869097403716e-06,
    5.7662346080178395e-06,
    8.072255877777934e-05,
    2.7060897991759703e-05,
    5.332074942998588e-05,
    8.842715760692954e-05,
    0.00015038263518363237,
    5.040419637225568e-05,
    0.0003343058633618057,
    0.0001177405720227398,
    5.453273843158968e-05,
    1.515750409453176e-05,
    5.012450401409296e-06,
    7.935758503663237e-07
  ],
  "J": 17
}