{
  "mu": [
    0.0,
    -0.9162177443504333,
    -0.7393412590026855,
    -0.6035386919975281,
    -0.6031026840209961,
    -0.38832101225852966,
    -0.4831700623035431,
    -0.28257566690444946,
    -0.15408232808113098,
    -0.07795942574739456,
    -0.20401932299137115,
    0.1193079724907875,
    0.2563118040561676,
    0.3654542565345764,
    0.48945558071136475,
    0.5962226986885071,
    0.7155861258506775
  ],
  "sigma2": [
    1.570012500451412e-05,
    0.00038146210135892034,
    0.00035909301368519664,
    0.00029123187414370477,
    0.00040145620005205274,
    0.0001280353171750903,
    0.00023518328089267015,
    0.00018121478206012398,
    0.00016182789113372564,
    0.00013408494123723358,
    0.000212895727599971,
    0.0003885493497364223,
    0.00010704068699851632,
    0.00016608519945293665,
    0.0002777425106614828,
    0.00034781129215843976,
    0.00039369790465570986
  ],
  "pi": [
    0.9990000128746033,
    1.9114652332063997e-06,
    4.374905074655544e-06,
    1.5446326870005578e-05,
    5.56791635020204e-09,
    7.897571776993573e-05,
    2.6636851544026285e-05,
    5.255754149402492e-05,
    8.890018216334283e-05,
    0.00016047843382693827,
    4.763544711750001e-05,
    0.0003333436616230756,
    0.00011567354522412643,
    5.34961000084877e-05,
    1.4869164260744583e-05,
    4.916871148452628e-06,
    7.782772399878013e-07
  ],
  "J": 17
}