{
  "mu": [
    0.0,
    -0.3341969847679138,
    -0.33136725425720215,
    -0.3273230195045471,
    -0.3193444013595581,
    -0.3288234770298004,
    -0.3294890224933624,
    -0.32521989941596985,
    -0.32257455587387085,
    -0.3296542465686798,
    0.2732243537902832,
    0.27485960721969604,
    0.2718384265899658,
    0.27214401960372925,
    0.2741703689098358,
    0.2733858525753021,
    0.27422425150871277
  ],
  "sigma2": [
    0.0025598981883376837,
    0.015993529930710793,
    0.015606950037181377,
    0.014995773322880268,
    0.013575688004493713,
    0.015230156481266022,
    0.015333493240177631,
    0.014649451710283756,
    0.014184591360390186,
    0.015356534160673618,
    0.013850747607648373,
    0.014676586724817753,
    0.013163154944777489,
    0.013323722407221794,
    0.014323114417493343,
    0.013930309563875198,
    0.01435235608369112
  ],
  "pi": [
    0.9958685636520386,
    0.00012209145643282682,
    0.00017431427841074765,
    0.0002576250408310443,
    0.00047620604163967073,
    0.00022608898871112615,
    0.0002128981432178989,
    0.00031251244945451617,
    0.0003854687383864075,
    0.00020794392912648618,
    0.0002582365705166012,
    0.00017458373622503132,
    0.0003406271862331778,
    0.0003221302176825702,
    0.00020729958487208933,
    0.0002488356549292803,
    0.00020458994549699128
  ],
  "J": 17
}