{
  "top1_error_pre[%]": 2.0499999999999963,
  "top1_error_post[%]": 1.9199999999999995,
  "Delta[%]": -0.12999999999999678,
  "|W|": 266200,
  "|W_nonzero|/|W|[%]": 7.685199098422239,
  "CR": 59.778665113439395,
  "acc_pretrain": 0.9795,
  "acc_retrain": 0.9829,
  "acc_quantized": 0.9808
}