{
  "mu": [
    0.0,
    -0.4344916343688965,
    -0.24514661729335785,
    -0.24536913633346558,
    -0.24551185965538025,
    -0.24570073187351227,
    -0.14228655397891998,
    -0.24570335447788239,
    -0.24566303193569183,
    -0.14260265231132507,
    0.2154904454946518,
    0.14520059525966644,
    0.21591703593730927,
    0.14589278399944305,
    0.14652524888515472,
    0.2157183587551117,
    0.3289780616760254
  ],
  "sigma2": [
    0.0005158327985554934,
    0.0020237411372363567,
    0.0017338352045044303,
    0.0017047770088538527,
    0.0016855434514582157,
    0.0016594937769696116,
    0.0016259495168924332,
    0.0016591297462582588,
    0.0016649388708174229,
    0.0016407067887485027,
    0.0018018968403339386,
    0.0017470938619226217,
    0.0017366152023896575,
    0.001758347381837666,
    0.0017682359321042895,
    0.0017577932449057698,
    0.0019212333718314767
  ],
  "pi": [
    0.9891233444213867,
    0.00026029511354863644,
    0.00046104544890113175,
    0.000613733718637377,
    0.0007141050882637501,
    0.0008496379014104605,
    0.0007482413202524185,
    0.000853775127325207,
    0.000824489863589406,
    0.000692853587679565,
    0.0002495652297511697,
    0.0008970851777121425,
    0.0011352953733876348,
    0.0008008876466192305,
    0.0007080250652506948,
    0.0008521085837855935,
    0.000215519976336509
  ],
  "J": 17
}