phase,epoch,train_ce,complexity,total_loss,tau,test_acc,CR_est,elapsed
retrain,1,0.001571554238123099,-537183.0625,,0.0007302680313658672,0.9925,,27s
retrain,2,0.0003328364655698048,-547806.5625,,0.0007302680313658672,0.9933,,54s
retrain,3,3.770600254449998e-05,-562323.125,,0.0007302680313658672,0.9933,,1m22s
retrain,4,1.8971639564506405e-05,-580343.1875,,0.0007302680313658672,0.9935,,1m49s
retrain,5,1.7242178482562546e-05,-602039.875,,0.0007302680313658672,0.9932,,2m16s
