{
  "top1_error_pre[%]": 90.2,
  "top1_error_post[%]": 0.7800000000000029,
  "Delta[%]": -89.42,
  "|W|": 430500,
  "|W_nonzero|/|W|[%]": 4.096631823461092,
  "CR": 53.07750101138531,
  "acc_pretrain": 0.098,
  "acc_retrain": 0.9912,
  "acc_quantized": 0.9922
}