{
  "mu": [
    0.0,
    -0.2344193160533905,
    -0.23216867446899414,
    -0.2316485196352005,
    -0.23083685338497162,
    -0.22608131170272827,
    -0.21109020709991455,
    -0.22314397990703583,
    -0.22227787971496582,
    -0.20774108171463013,
    -0.22401177883148193,
    0.18204297125339508,
    0.1726720631122589,
    0.17398037016391754,
    0.18435703217983246,
    0.18448302149772644,
    0.18435783684253693
  ],
  "sigma2": [
    0.000711440690793097,
    0.01952005922794342,
    0.019410524517297745,
    0.019358623772859573,
    0.019185248762369156,
    0.016938963904976845,
    0.009182454086840153,
    0.014924089424312115,
    0.014307728968560696,
    0.008204449899494648,
    0.01552580576390028,
    0.011425184085965157,
    0.007489100098609924,
    0.007886971347033978,
    0.01730625331401825,
    0.017200183123350143,
    0.01756344735622406
  ],
  "pi": [
    0.9964266419410706,
    7.378886948572472e-05,
    7.531250594183803e-05,
    7.629457104485482e-05,
    7.98725668573752e-05,
    0.00013180100359022617,
    0.0004953205352649093,
    0.00018909781647380441,
    0.00020930843311361969,
    0.0005977295222692192,
    0.00017050033784471452,
    0.0002597439452074468,
    0.0004835321451537311,
    0.00045243589556775987,
    9.395884990226477e-05,
    9.618225158192217e-05,
    8.845808042678982e-05
  ],
  "J": 17
}