{
  "top1_error_pre[%]": 2.0499999999999963,
  "top1_error_post[%]": 1.7900000000000027,
  "Delta[%]": -0.25999999999999357,
  "|W|": 266200,
  "|W_nonzero|/|W|[%]": 9.129977460555972,
  "CR": 44.194950867981696,
  "acc_pretrain": 0.9795,
  "acc_retrain": 0.9735,
  "acc_quantized": 0.9821
}