{
  "top1_error_pre[%]": 92.33,
  "top1_error_post[%]": 0.7299999999999973,
  "Delta[%]": -91.60000000000001,
  "|W|": 430500,
  "|W_nonzero|/|W|[%]": 3.81718931475029,
  "CR": 55.14966392172719,
  "acc_pretrain": 0.0767,
  "acc_retrain": 0.9915,
  "acc_quantized": 0.9927
}