{
  "mu": [
    0.0,
    -0.7192431092262268,
    -0.7093512415885925,
    -0.7079304456710815,
    -0.5363760590553284,
    -0.27012011408805847,
    -0.5376638174057007,
    -0.34595566987991333,
    -0.15109731256961823,
    0.2246086746454239,
    0.22309426963329315,
    0.2899076044559479,
    0.2739613354206085,
    0.300307035446167,
    0.17055881023406982,
    0.5062427520751953,
    0.6902913451194763
  ],
  "sigma2": [
    0.0007597053190693259,
    0.0024967831559479237,
    0.0024956287816166878,
    0.0024964511394500732,
    0.0022460883483290672,
    0.008063651621341705,
    0.002496692817658186,
    0.002495341934263706,
    0.0024964248295873404,
    0.002497136825695634,
    0.002497136825695634,
    0.002497198758646846,
    0.0024972143582999706,
    0.0027301842346787453,
    0.0015493154060095549,
    0.002294889185577631,
    0.002483298536390066
  ],
  "pi": [
    0.9990000128746033,
    2.4458988718834007e-06,
    1.042589133248839e-06,
    4.120982453059696e-07,
    3.0897845135768875e-05,
    0.0004350713861640543,
    4.5448310004303494e-08,
    6.421566922654165e-08,
    1.2064829135738364e-09,
    1.149670580957718e-09,
    1.0670085925923445e-09,
    6.152765852363018e-09,
    4.303374012692984e-08,
    0.00017204880714416504,
    0.0003439804713707417,
    1.3632140507979784e-05,
    3.064043312406284e-07
  ],
  "J": 17
}