{
  "mu": [
    0.0,
    -0.9067233800888062,
    -0.7720207571983337,
    -0.6550085544586182,
    -0.5603049993515015,
    -0.36756494641304016,
    -0.4645110070705414,
    -0.115200936794281,
    -0.0560610331594944,
    -0.05607401579618454,
    -0.056061893701553345,
    0.13015848398208618,
    0.39799681305885315,
    0.30834463238716125,
    0.4938492178916931,
    0.5830463171005249,
    0.6740965247154236
  ],
  "sigma2": [
    1.4780103811062872e-05,
    0.0002867612929549068,
    0.00031269778264686465,
    0.00030068124760873616,
    0.00023852400772739202,
    0.00025722087593749166,
    0.00022799700673203915,
    0.008048225194215775,
    0.00028831776580773294,
    0.00028831392410211265,
    0.00028831750387325883,
    0.004334190860390663,
    0.00023161726130638272,
    0.0002756717731244862,
    0.00024560553720220923,
    0.00027870835037902,
    0.0002873255289159715
  ],
  "pi": [
    0.9990000128746033,
    1.1184564527866314e-06,
    3.581305236366461e-06,
    8.407753739447799e-06,
    1.8145245121559128e-05,
    3.750773976207711e-05,
    4.807120785699226e-05,
    0.00040580288623459637,
    2.436675305972358e-09,
    3.0644446979977147e-09,
    2.4875868032125936e-09,
    0.0003875164838973433,
    3.0336019335663877e-05,
    4.543934846878983e-05,
    9.646438229538035e-06,
    3.876680239045527e-06,
    5.425366111921903e-07
  ],
  "J": 17
}