{
  "top1_error_pre[%]": 2.0499999999999963,
  "top1_error_post[%]": 2.5699999999999945,
  "Delta[%]": 0.5199999999999982,
  "|W|": 266200,
  "|W_nonzero|/|W|[%]": 9.759203606311043,
  "CR": 47.839785242136124,
  "acc_pretrain": 0.9795,
  "acc_retrain": 0.9835,
  "acc_quantized": 0.9743
}