{
  "mu": [
    0.0,
    -0.46408581733703613,
    -0.08809947967529297,
    -0.2954294979572296,
    -0.18592989444732666,
    0.13887949287891388,
    0.13941842317581177,
    0.20829614996910095,
    0.37247440218925476,
    0.1387961506843567,
    0.22552692890167236,
    0.2082652598619461,
    0.13896673917770386,
    0.20733119547367096,
    0.2877843976020813,
    0.06961767375469208,
    0.4421100914478302
  ],
  "sigma2": [
    7.453814305335982e-06,
    0.001676800544373691,
    0.0007884778897278011,
    0.000830883567687124,
    0.0006500235758721828,
    0.0007867491221986711,
    0.0007865548832342029,
    0.0007820625323802233,
    0.0007861885242164135,
    0.0007557060453109443,
    0.0007865664665587246,
    0.0007862908532842994,
    0.0007867480162531137,
    0.0007867442909628153,
    0.0007804818451404572,
    0.0005102767609059811,
    0.0007869589026086032
  ],
  "pi": [
    0.9990000128746033,
    1.073770908988081e-05,
    0.00024536819546483457,
    6.153218419058248e-05,
    0.0001469739800086245,
    1.4171398277085245e-08,
    9.883686971079442e-07,
    4.2388532165205106e-05,
    4.259460638422752e-06,
    0.00014721746265422553,
    3.306173312012106e-06,
    4.488163995119976e-06,
    1.7652054040695475e-08,
    8.285672237207109e-08,
    1.5073965187184513e-05,
    0.00031596055487170815,
    1.5905935697446694e-06
  ],
  "J": 17
}