{
  "top1_error_pre[%]": 10.88,
  "top1_error_post[%]": 12.580000000000002,
  "Delta[%]": 1.7000000000000015,
  "|W|": 2745264,
  "|W_nonzero|/|W|[%]": 5.911344045599986,
  "CR": 93.2821322006902,
  "acc_pretrain": 0.8912,
  "acc_retrain": 0.9172,
  "acc_quantized": 0.8742
}