{
  "top1_error_pre[%]": 2.0499999999999963,
  "top1_error_post[%]": 2.0100000000000007,
  "Delta[%]": -0.039999999999995595,
  "|W|": 266200,
  "|W_nonzero|/|W|[%]": 10.494365138993238,
  "CR": 40.913129721863335,
  "acc_pretrain": 0.9795,
  "acc_retrain": 0.9622,
  "acc_quantized": 0.9799
}