{
  "mu": [
    0.0,
    -0.9884027242660522,
    -0.8122679591178894,
    -0.6949100494384766,
    -0.5873414874076843,
    -0.38359370827674866,
    -0.48192843794822693,
    -0.2676973342895508,
    -0.0008207791834138334,
    -0.000820618646685034,
    -0.0008207723731175065,
    0.31287550926208496,
    0.2640332281589508,
    0.44946277141571045,
    0.36016789078712463,
    0.5830113887786865,
    0.7121068239212036
  ],
  "sigma2": [
    0.002811310812830925,
    0.0005494371871463954,
    0.0005600788863375783,
    0.000528927834238857,
    0.0005714749568141997,
    0.0006069790688343346,
    0.0005758958286605775,
    0.0007368602673523128,
    0.0005415119812823832,
    0.0005415122141130269,
    0.0005415119812823832,
    0.0005412559257820249,
    0.0007677988614886999,
    0.0006231698207557201,
    0.0006483414326794446,
    0.0005427240976132452,
    0.0005374395987018943
  ],
  "pi": [
    0.9990000128746033,
    1.6634051007713424e-06,
    9.728945769893471e-06,
    2.122455225617159e-05,
    5.17116641276516e-05,
    0.0001971312885871157,
    0.00010975898476317525,
    0.0001996295031858608,
    1.791158776853763e-09,
    1.8146329994195298e-09,
    1.7932471063630828e-09,
    2.552634441599366e-07,
    0.00023071045870892704,
    5.373809108277783e-05,
    0.0001107950956793502,
    1.2496329873101786e-05,
    1.1510154536154005e-06
  ],
  "J": 17
}