{
  "mu": [
    0.0,
    -0.6466248631477356,
    -0.1057422086596489,
    -0.3509484827518463,
    -0.21130234003067017,
    0.15608279407024384,
    0.15526790916919708,
    0.24654485285282135,
    0.3193551301956177,
    0.4080985188484192,
    0.16164284944534302,
    0.15522243082523346,
    0.1562894582748413,
    0.15724781155586243,
    0.15495693683624268,
    0.08267872780561447,
    0.5390341281890869
  ],
  "sigma2": [
    2.1000172637286596e-05,
    0.00111835275311023,
    0.0010085338726639748,
    0.0016266800230368972,
    0.0010010194964706898,
    0.000913838972337544,
    0.0009137976448982954,
    0.0009195415768772364,
    0.0009137845481745899,
    0.0009143241331912577,
    0.0009179894113913178,
    0.0009137928136624396,
    0.0009138394379988313,
    0.0009138394379988313,
    0.0009137435699813068,
    0.0006761625409126282,
    0.0009176750900223851
  ],
  "pi": [
    0.9990000128746033,
    1.8434039930070867e-06,
    0.00023761131160426885,
    5.4891475883778185e-05,
    0.00017537591338623315,
    1.226734358539261e-08,
    2.356498271183227e-06,
    4.513368185143918e-05,
    1.3303359082783572e-05,
    3.966338681493653e-06,
    0.0001359772722935304,
    2.5760571134014754e-06,
    1.5258455832167783e-08,
    7.063564311238224e-08,
    5.022866389481351e-06,
    0.00032125692814588547,
    5.867615300303441e-07
  ],
  "J": 17
}