{
  "mu": [
    0.0,
    -0.8573958873748779,
    -0.7247346043586731,
    -0.6111370921134949,
    -0.5201550722122192,
    -0.35794132947921753,
    -0.4427317976951599,
    -0.24988390505313873,
    -0.1799963116645813,
    -0.06361514329910278,
    -0.11450781673192978,
    0.2583208978176117,
    0.3655252158641815,
    0.4741151034832001,
    0.11553143709897995,
    0.5812059640884399,
    0.6843280792236328
  ],
  "sigma2": [
    1.5819776308489963e-05,
    0.0004125019477214664,
    0.000388315791497007,
    0.0003609766426961869,
    0.0003016574773937464,
    0.00014926394214853644,
    0.0002397390635451302,
    0.0004716674447990954,
    0.0004378457088023424,
    0.0002725645899772644,
    0.00040529013494960964,
    0.0003490340895950794,
    0.00025208439910784364,
    0.00030157752917148173,
    0.0018898200942203403,
    0.00036380611709319055,
    0.0003930455131921917
  ],
  "pi": [
    0.9990000128746033,
    1.2072008530594758e-06,
    3.2479661058459897e-06,
    8.130805326800328e-06,
    1.2735173186229076e-05,
    7.693096267757937e-05,
    2.7507614504429512e-05,
    4.8267742386087775e-05,
    6.701729580527171e-05,
    0.00011140522838104516,
    0.00011066874139942229,
    9.787183080334216e-05,
    4.2998359276680276e-05,
    1.2886401236755773e-05,
    0.0003740069514606148,
    4.3102895688207354e-06,
    8.075148230091145e-07
  ],
  "J": 17
}