{
  "mu": [
    0.0,
    -0.7075902223587036,
    -0.5863081216812134,
    -0.5122723579406738,
    -0.4377600848674774,
    -0.29248619079589844,
    -0.3667784631252289,
    -0.2382354438304901,
    -0.00044082003296352923,
    -0.000699940137565136,
    -0.0004522805393207818,
    0.18161019682884216,
    0.2905151844024658,
    0.36643025279045105,
    0.24576722085475922,
    0.47395244240760803,
    0.5832604169845581
  ],
  "sigma2": [
    0.0033579247538000345,
    0.0004054888559039682,
    0.00039470914634875953,
    0.00038547697477042675,
    0.0003662640228867531,
    0.00034462608164176345,
    0.0003358469111844897,
    0.0004013847792521119,
    0.00040158542105928063,
    0.00040158332558348775,
    0.00040158501360565424,
    0.00040162313962355256,
    0.0003698045329656452,
    0.00037011344102211297,
    0.0003702852118294686,
    0.00038186737219803035,
    0.0004026968090329319
  ],
  "pi": [
    0.9990000128746033,
    4.983187409379752e-06,
    1.563833575346507e-05,
    3.255985939176753e-05,
    6.137228047009557e-05,
    0.0003614118613768369,
    0.0001429523399565369,
    1.8222171149773203e-07,
    6.939546892681392e-08,
    7.849143202065534e-08,
    7.054887873891857e-08,
    3.581460816803883e-08,
    0.0001669633638812229,
    6.481949094450101e-05,
    0.00012246999540366232,
    2.259260327264201e-05,
    3.8002415294613456e-06
  ],
  "J": 17
}