{
  "mu": [
    0.0,
    -0.8795439600944519,
    -0.7443141937255859,
    -0.6284645795822144,
    -0.5361307263374329,
    -0.36646008491516113,
    -0.45329493284225464,
    -0.25871986150741577,
    -0.18739739060401917,
    -0.06667672842741013,
    -0.12267708033323288,
    0.2623351812362671,
    0.37080392241477966,
    0.48251262307167053,
    0.11770907044410706,
    0.5894571542739868,
    0.6954113245010376
  ],
  "sigma2": [
    4.409293251228519e-05,
    0.0004055300378240645,
    0.0004255275707691908,
    0.0003660620131995529,
    0.00034961409983225167,
    0.0002580176224000752,
    0.0003219704085495323,
    0.00039155909325927496,
    0.00037034452543593943,
    0.00032148900208994746,
    0.0003591031127143651,
    0.00033180962782353163,
    0.0002924966684076935,
    0.0003513324190862477,
    0.001790870912373066,
    0.00038734826375730336,
    0.00039518941775895655
  ],
  "pi": [
    0.9990000128746033,
    1.1887644859598367e-06,
    3.181570036758785e-06,
    7.88749002822442e-06,
    1.2488967513490934e-05,
    7.557690696557984e-05,
    2.7119913283968344e-05,
    4.7149987949524075e-05,
    6.446205225074664e-05,
    0.00013035384472459555,
    0.00010475100862095132,
    9.718705405248329e-05,
    4.2317184124840423e-05,
    1.2705378139798995e-05,
    0.0003686192794702947,
    4.214476120978361e-06,
    7.961503456499486e-07
  ],
  "J": 17
}