{
  "mu": [
    0.0,
    -0.7237204909324646,
    -0.6140559911727905,
    -0.5365067720413208,
    -0.46522432565689087,
    -0.3073749542236328,
    -0.38695403933525085,
    -0.20833313465118408,
    -0.00036196026485413313,
    -0.0003348248719703406,
    -0.0003599772462621331,
    0.2301042526960373,
    0.30206024646759033,
    0.38858845829963684,
    0.20918802917003632,
    0.503645658493042,
    0.606943666934967
  ],
  "sigma2": [
    0.001494377152994275,
    0.0003939461603295058,
    0.00039497463149018586,
    0.0003773556964006275,
    0.0003372924402356148,
    0.00015713748871348798,
    0.0002652037946972996,
    0.0003083769988734275,
    0.0004016038146801293,
    0.0004016038146801293,
    0.0004016038146801293,
    0.0004014948499388993,
    0.00021839422697667032,
    0.00030454021180048585,
    0.0006338419625535607,
    0.0003724104317370802,
    0.0003959484165534377
  ],
  "pi": [
    0.9990000128746033,
    2.9547850317612756e-06,
    7.874708899180405e-06,
    1.8866354366764426e-05,
    3.4454267733963206e-05,
    0.00020490559109020978,
    8.240366878453642e-05,
    0.0001845212245825678,
    2.611408200792198e-09,
    2.760533357459849e-09,
    2.630369033695956e-09,
    6.711853473007068e-08,
    0.00011793845624197274,
    3.699463923112489e-05,
    0.00029420797363854945,
    1.2793306268576998e-05,
    2.0099366793147055e-06
  ],
  "J": 17
}