{
  "mu": [
    0.0,
    -0.8259178400039673,
    -0.7036994695663452,
    -0.5974014401435852,
    -0.506649374961853,
    -0.35224753618240356,
    -0.43333765864372253,
    -0.12413356453180313,
    -0.063221275806427,
    -0.0632220134139061,
    -0.06322136521339417,
    0.25274285674095154,
    0.3586599826812744,
    0.46242958307266235,
    0.11274412274360657,
    0.5725615620613098,
    0.6711243987083435
  ],
  "sigma2": [
    1.781800892786123e-05,
    0.00042782785021699965,
    0.0004152955661993474,
    0.00038877048064023256,
    0.00034375046379864216,
    0.00023525954748038203,
    0.0002865046262741089,
    0.005029317922890186,
    0.00040151915163733065,
    0.0004015183949377388,
    0.00040151915163733065,
    0.0004782163887284696,
    0.0003670262813102454,
    0.0003479129518382251,
    0.0020323062781244516,
    0.00037950213300064206,
    0.00039464575820602477
  ],
  "pi": [
    0.9990000128746033,
    1.2354441878414946e-06,
    3.2622804155835183e-06,
    8.401607374253217e-06,
    1.308133050770266e-05,
    7.583046681247652e-05,
    2.7087686248705722e-05,
    0.0003418532432988286,
    3.145091298506486e-09,
    3.2317557518979356e-09,
    3.1561728786044796e-09,
    9.657714690547436e-05,
    4.332164826337248e-05,
    1.307127058680635e-05,
    0.00037118210457265377,
    4.267674285074463e-06,
    8.185938895621803e-07
  ],
  "J": 17
}