{
  "mu": [
    0.0,
    -0.6954501867294312,
    -0.5764673352241516,
    -0.49982306361198425,
    -0.42374518513679504,
    -0.29012882709503174,
    -0.3544442653656006,
    -0.24827629327774048,
    -0.0004045487439725548,
    -0.00033352107857353985,
    -0.00030427234014496207,
    0.13710086047649384,
    0.32414013147354126,
    0.3579072952270508,
    0.28635409474372864,
    0.46147653460502625,
    0.5718365907669067
  ],
  "sigma2": [
    0.004208844155073166,
    0.0004104928520973772,
    0.00040250676102004945,
    0.0003925130295101553,
    0.0003863429301418364,
    0.0004069765273015946,
    0.0003895210684277117,
    0.0004015207232441753,
    0.00040153408190235496,
    0.0004015233716927469,
    0.0004015327722299844,
    0.00040162523509934545,
    0.0004011806158814579,
    0.0004465414967853576,
    0.0004484084784053266,
    0.000426097511081025,
    0.000425269128754735
  ],
  "pi": [
    0.9990000128746033,
    6.066372407076415e-06,
    1.825186518544797e-05,
    4.2154715629294515e-05,
    7.66297453083098e-05,
    0.00037478579906746745,
    0.00016979519568849355,
    2.083192924828836e-07,
    3.14283795432857e-07,
    3.571706201910274e-07,
    3.198306046670041e-07,
    1.4333298281599127e-07,
    2.1102923710714094e-06,
    8.152973896358162e-05,
    0.00019440444884821773,
    2.832050813594833e-05,
    4.608468771039043e-06
  ],
  "J": 17
}