{
  "mu": [
    0.0,
    -0.9193881750106812,
    -0.7723386883735657,
    -0.6473077535629272,
    -0.5516397953033447,
    -0.3749694526195526,
    -0.46665671467781067,
    -0.2679463326931,
    -0.19338279962539673,
    -0.0680997371673584,
    -0.12751677632331848,
    0.2725839912891388,
    0.3820267915725708,
    0.5003032088279724,
    0.12231208384037018,
    0.6081874966621399,
    0.7094472646713257
  ],
  "sigma2": [
    1.5762459952384233e-05,
    0.00039060748531483114,
    0.0003618845366872847,
    0.000315987563226372,
    0.0002713839348871261,
    9.716922068037093e-05,
    0.00019113901362288743,
    0.00014076742809265852,
    0.00011299314792267978,
    5.8035395340994e-05,
    7.683588773943484e-05,
    8.197965507861227e-05,
    0.00015119186718948185,
    0.0002677259035408497,
    0.0010379425948485732,
    0.00034700220567174256,
    0.0003912643878720701
  ],
  "pi": [
    0.9990000128746033,
    1.184329789793992e-06,
    3.0676956157549284e-06,
    7.661247764190193e-06,
    1.2071159289916977e-05,
    7.334948895731941e-05,
    2.6678666472434998e-05,
    4.6752640628255904e-05,
    6.29679489065893e-05,
    0.00014326372183859348,
    0.00010178369120694697,
    9.535065328236669e-05,
    4.119439472560771e-05,
    1.2392653843562584e-05,
    0.0003674325707834214,
    4.032567630929407e-06,
    8.166192060343747e-07
  ],
  "J": 17
}