{
  "mu": [
    0.0,
    -0.8009347915649414,
    -0.6932578086853027,
    -0.5924020409584045,
    -0.5062801241874695,
    -0.351461261510849,
    -0.4337233603000641,
    -0.11996445804834366,
    -0.06128709018230438,
    -0.061287157237529755,
    -0.06128710135817528,
    0.2485419511795044,
    0.3531305193901062,
    0.45291802287101746,
    0.10959511995315552,
    0.5630623698234558,
    0.6568719744682312
  ],
  "sigma2": [
    1.9277991668786854e-05,
    0.00043756686500273645,
    0.0004339466104283929,
    0.0004157489165663719,
    0.00040404783794656396,
    0.0003908424114342779,
    0.0003944901400245726,
    0.005610184278339148,
    0.00040153198642656207,
    0.00040153181180357933,
    0.00040153198642656207,
    0.0005724906222894788,
    0.0004684232990257442,
    0.00040521458140574396,
    0.0021648553665727377,
    0.00040211889427155256,
    0.0004016698803752661
  ],
  "pi": [
    0.9990000128746033,
    1.3331275567907142e-06,
    3.0793830774200615e-06,
    8.134442396112718e-06,
    1.2536454960354604e-05,
    7.553675095550716e-05,
    2.6962348783854395e-05,
    0.00034786853939294815,
    1.5800366570672963e-09,
    1.6049708229104453e-09,
    1.583255526682592e-09,
    9.535488788969815e-05,
    4.33045242971275e-05,
    1.2972090189578012e-05,
    0.00036781359813176095,
    4.288983291189652e-06,
    8.100476520667144e-07
  ],
  "J": 17
}