{
  "mu": [
    0.0,
    -0.7457849383354187,
    -0.6517717838287354,
    -0.5701729655265808,
    -0.49075621366500854,
    -0.33403414487838745,
    -0.4143451750278473,
    -0.15389429032802582,
    -0.006601426284760237,
    -0.006616291590034962,
    -0.006603533867746592,
    0.23495368659496307,
    0.33261048793792725,
    0.4254227876663208,
    0.1250530183315277,
    0.5394449234008789,
    0.6431340575218201
  ],
  "sigma2": [
    0.00027922180015593767,
    0.00040547511889599264,
    0.00039212952833622694,
    0.0003879077557940036,
    0.00036817914224229753,
    0.00019565122784115374,
    0.0003032273962162435,
    0.0033820029348134995,
    0.0004016122256871313,
    0.0004016122256871313,
    0.0004016122256871313,
    0.00029337723390199244,
    0.0002708735119085759,
    0.00033323856769129634,
    0.0011760778725147247,
    0.00037007936043664813,
    0.0003954527492169291
  ],
  "pi": [
    0.9990000128746033,
    2.1518533230846515e-06,
    3.726304385054391e-06,
    1.0345043847337365e-05,
    1.752444040903356e-05,
    0.00010322035086574033,
    4.0860246372176334e-05,
    0.00028036333969794214,
    7.422473746743208e-10,
    7.474164065435218e-10,
    7.429244441858884e-10,
    0.00012930324010085315,
    6.172134453663602e-05,
    1.8171698684454896e-05,
    0.00032512040343135595,
    6.46677426630049e-06,
    1.022785909299273e-06
  ],
  "J": 17
}