{
  "mu": [
    0.0,
    -0.7194750905036926,
    -0.5967848300933838,
    -0.5231842398643494,
    -0.4528782069683075,
    -0.300131618976593,
    -0.37704089283943176,
    -0.21702346205711365,
    -0.0006306659779511392,
    -0.0007331992383114994,
    -0.000640836195088923,
    0.2260606288909912,
    0.29346615076065063,
    0.37637975811958313,
    0.22673295438289642,
    0.4871246814727783,
    0.5938907265663147
  ],
  "sigma2": [
    0.002491134451702237,
    0.000396058865590021,
    0.00039584250771440566,
    0.00039451103657484055,
    0.0003664787218440324,
    0.00025850479141809046,
    0.00032997620292007923,
    0.0003182129585184157,
    0.00040159939089789987,
    0.0004015988379251212,
    0.0004015992162749171,
    0.00040158964111469686,
    0.0003272057219874114,
    0.00034460716415196657,
    0.00037121050991117954,
    0.00037497960147447884,
    0.00039609437226317823
  ],
  "pi": [
    0.9990000128746033,
    3.6976900901208865e-06,
    1.1551283023436554e-05,
    2.373705865466036e-05,
    4.486404941417277e-05,
    0.00026837477344088256,
    0.00010688225302146748,
    0.0001319547591265291,
    1.962310847147819e-08,
    2.167440982248081e-08,
    1.9881364110574395e-08,
    7.010824987219166e-08,
    0.0001515180483693257,
    4.83343428641092e-05,
    0.00018956951680593193,
    1.657104803598486e-05,
    2.813932951539755e-06
  ],
  "J": 17
}