{
  "mu": [
    0.0,
    -0.9152022004127502,
    -0.7696486115455627,
    -0.6453995704650879,
    -0.5503968000411987,
    -0.37466976046562195,
    -0.465894877910614,
    -0.2674531638622284,
    -0.19325010478496552,
    -0.0681193619966507,
    -0.12745793163776398,
    0.2715613842010498,
    0.38065338134765625,
    0.4984349310398102,
    0.12173528224229813,
    0.6064278483390808,
    0.7077627182006836
  ],
  "sigma2": [
    1.5741894458187744e-05,
    0.0003932335239369422,
    0.00036617356818169355,
    0.000324170890962705,
    0.0002778018533717841,
    0.00010176139767281711,
    0.00020119687542319298,
    0.00015802247799001634,
    0.00012874635285697877,
    7.833213749108836e-05,
    9.018406854011118e-05,
    9.06682907952927e-05,
    0.00016078918997664005,
    0.00027383057749830186,
    0.0012158391764387488,
    0.0003517464501783252,
    0.0003933561674784869
  ],
  "pi": [
    0.9990000128746033,
    1.1843361562569044e-06,
    3.0677167615067447e-06,
    7.6610976975644e-06,
    1.2071413038938772e-05,
    7.335012924158946e-05,
    2.6678788344725035e-05,
    4.675312447943725e-05,
    6.296751234913245e-05,
    0.0001432534190826118,
    0.00010179699893342331,
    9.533919364912435e-05,
    4.1194634832208976e-05,
    1.2392711141728796e-05,
    0.0003674398176372051,
    4.035942765767686e-06,
    8.132420248330163e-07
  ],
  "J": 17
}