{
  "mu": [
    0.0,
    -0.6939448118209839,
    -0.5748963356018066,
    -0.497625470161438,
    -0.4216562807559967,
    -0.291469007730484,
    -0.35420796275138855,
    -0.2255040556192398,
    -0.0005442640976980329,
    -0.00034246454015374184,
    -0.0002363760577281937,
    0.1343601942062378,
    0.3265029191970825,
    0.35878482460975647,
    0.28903287649154663,
    0.46057841181755066,
    0.5737131834030151
  ],
  "sigma2": [
    0.004376914352178574,
    0.00041599126416258514,
    0.00041374340071342885,
    0.0004060842329636216,
    0.00040878335130400956,
    0.0004339180886745453,
    0.0004153579648118466,
    0.00040223641553893685,
    0.00040220152004621923,
    0.00040222989628091455,
    0.0004022143839392811,
    0.0004022335633635521,
    0.00040180012001655996,
    0.0004510760772973299,
    0.0004516348126344383,
    0.00044222851283848286,
    0.0004374072887003422
  ],
  "pi": [
    0.9990000128746033,
    6.263012437557336e-06,
    1.9394210539758205e-05,
    4.3995754822390154e-05,
    8.021750545594841e-05,
    0.00037364839226938784,
    0.00017153909720946103,
    2.5092299438256305e-07,
    4.58345454035225e-07,
    5.212670544096909e-07,
    4.6655094365632976e-07,
    2.0783875243068906e-07,
    1.4589822967536747e-06,
    8.146814798237756e-05,
    0.00018595423898659647,
    2.939246769528836e-05,
    4.763231117976829e-06
  ],
  "J": 17
}