{
  "mu": [
    0.0,
    -0.8935837149620056,
    -0.7496805191040039,
    -0.6326834559440613,
    -0.5387365818023682,
    -0.36663299798965454,
    -0.454933226108551,
    -0.2592841386795044,
    -0.18702398240566254,
    -0.06655025482177734,
    -0.12210893630981445,
    0.2661236822605133,
    0.37458688020706177,
    0.4887569844722748,
    0.11959978193044662,
    0.594996988773346,
    0.7024352550506592
  ],
  "sigma2": [
    1.5751415048725903e-05,
    0.0004000991175416857,
    0.0003716919163707644,
    0.0003189962881151587,
    0.0002752919099293649,
    9.857665281742811e-05,
    0.0001971118472283706,
    0.0001667855103733018,
    0.00013391523680184036,
    7.579926023026928e-05,
    9.613172733224928e-05,
    0.00010777718125609681,
    0.00016073844744823873,
    0.0002741668722592294,
    0.001403296715579927,
    0.0003474257537163794,
    0.0003906844067387283
  ],
  "pi": [
    0.9990000128746033,
    1.2120292467443505e-06,
    3.139378122796188e-06,
    7.839798854547553e-06,
    1.249326396646211e-05,
    7.519700739067048e-05,
    2.701730227272492e-05,
    4.756159978569485e-05,
    6.387027679011226e-05,
    0.00013160330126993358,
    0.00010391026444267482,
    9.724983829073608e-05,
    4.215293665765785e-05,
    1.2679896826739423e-05,
    0.000369109446182847,
    4.174645710008917e-06,
    7.890739652793854e-07
  ],
  "J": 17
}