{
  "mu": [
    0.0,
    -0.8086596131324768,
    -0.6960588097572327,
    -0.5933565497398376,
    -0.5063799023628235,
    -0.35162246227264404,
    -0.4334592819213867,
    -0.12138404697179794,
    -0.06197962909936905,
    -0.06197964400053024,
    -0.06197963282465935,
    0.24931181967258453,
    0.35425010323524475,
    0.45469966530799866,
    0.11018197238445282,
    0.5652885437011719,
    0.6603734493255615
  ],
  "sigma2": [
    1.74993765540421e-05,
    0.0004310640797484666,
    0.00043732489575631917,
    0.00040462377364747226,
    0.00038887912523932755,
    0.0003647172707132995,
    0.0003680383670143783,
    0.0054219854064285755,
    0.0004015287559013814,
    0.0004015285521745682,
    0.0004015287559013814,
    0.0005679146852344275,
    0.00045319212949834764,
    0.0003934666747227311,
    0.0021296313498169184,
    0.00039596069836989045,
    0.00040135817835107446
  ],
  "pi": [
    0.9990000128746033,
    1.250063633051468e-06,
    3.2211551115324255e-06,
    8.164255632436834e-06,
    1.2779250027961098e-05,
    7.580607780255377e-05,
    2.7012732971343212e-05,
    0.00034562317887321115,
    1.8036820925715347e-09,
    1.8354401332132397e-09,
    1.8077631613877543e-09,
    9.59828685154207e-05,
    4.331240779720247e-05,
    1.3008287169213872e-05,
    0.00036872204509563744,
    4.296612587495474e-06,
    8.156900435096759e-07
  ],
  "J": 17
}