{
  "mu": [
    0.0,
    -0.7238009572029114,
    -0.6145210862159729,
    -0.5363441109657288,
    -0.46500295400619507,
    -0.30743706226348877,
    -0.38705718517303467,
    -0.20775741338729858,
    -0.00023563038848806173,
    -0.00021657081379089504,
    -0.0002341010986128822,
    0.22838985919952393,
    0.3026081621646881,
    0.38936859369277954,
    0.20594796538352966,
    0.5043984651565552,
    0.6074994802474976
  ],
  "sigma2": [
    0.0013731267536059022,
    0.00039182373438961804,
    0.00039202129119075835,
    0.00036647680099122226,
    0.0003247829736210406,
    0.00013548888091463596,
    0.00024599023163318634,
    0.00028485796065069735,
    0.00040160398930311203,
    0.0004016038146801293,
    0.00040160398930311203,
    0.00040143990190699697,
    0.00020093667262699455,
    0.0002955271047540009,
    0.000708109000697732,
    0.0003666879783850163,
    0.0003949479141738266
  ],
  "pi": [
    0.9990000128746033,
    2.883519073293428e-06,
    7.693865882174578e-06,
    1.8515893316362053e-05,
    3.356652450747788e-05,
    0.0001998349471250549,
    8.023939153645188e-05,
    0.00018301188538316637,
    2.3002475479927398e-09,
    2.4227708728119524e-09,
    2.3158446271764888e-09,
    7.927064871182665e-08,
    0.00011488790187286213,
    3.6062865547137335e-05,
    0.00030878346296958625,
    1.2473202332330402e-05,
    1.9603285181801766e-06
  ],
  "J": 17
}