{
  "mu": [
    0.0,
    -0.7616572976112366,
    -0.6724992394447327,
    -0.5824900269508362,
    -0.49971288442611694,
    -0.3411652743816376,
    -0.4236646294593811,
    -0.13621264696121216,
    -0.07319392263889313,
    -0.0731937438249588,
    -0.07319390028715134,
    0.23897626996040344,
    0.33953532576560974,
    0.43295833468437195,
    0.11416474729776382,
    0.5480687618255615,
    0.647763192653656
  ],
  "sigma2": [
    0.00014498094969894737,
    0.0004178652015980333,
    0.0004143024852965027,
    0.00041787835652939975,
    0.0003897949354723096,
    0.0002696070878300816,
    0.00038830749690532684,
    0.0042430381290614605,
    0.0004014873702544719,
    0.0004014873702544719,
    0.0004014873702544719,
    0.00038282692548818886,
    0.0003441362059675157,
    0.00036716420436277986,
    0.001589253544807434,
    0.0003862029407173395,
    0.00039676090818829834
  ],
  "pi": [
    0.9990000128746033,
    1.5514074220845941e-06,
    3.1976048830983927e-06,
    8.926308510126546e-06,
    1.445551333745243e-05,
    8.665425411891192e-05,
    3.3908039767993614e-05,
    0.00031272717751562595,
    8.018976038748349e-10,
    8.085438429894509e-10,
    8.02739930083618e-10,
    0.00010974666656693444,
    5.1608149078674614e-05,
    1.5184085896180477e-05,
    0.00035575104993768036,
    5.463267370942049e-06,
    8.241306659328984e-07
  ],
  "J": 17
}