{
  "mu": [
    0.0,
    -0.8453271389007568,
    -0.718483567237854,
    -0.6067141890525818,
    -0.518075704574585,
    -0.35858654975891113,
    -0.44205498695373535,
    -0.12669585645198822,
    -0.06234471872448921,
    -0.06234448030591011,
    -0.06234469637274742,
    0.25497424602508545,
    0.3629387617111206,
    0.46929675340652466,
    0.11444665491580963,
    0.5768141150474548,
    0.6767826080322266
  ],
  "sigma2": [
    1.6097921616164967e-05,
    0.0004199297691229731,
    0.00041529283043928444,
    0.0004064251552335918,
    0.0003566592058632523,
    0.00029550513136200607,
    0.000320147693855688,
    0.005203693639487028,
    0.00040144528611563146,
    0.0004014343721792102,
    0.0004014441219624132,
    0.000575803336687386,
    0.0003840235585812479,
    0.00036529111093841493,
    0.0020308182574808598,
    0.0003891902160830796,
    0.0003966200165450573
  ],
  "pi": [
    0.9990000128746033,
    1.2046676829413627e-06,
    3.2604618809273234e-06,
    8.109893315122463e-06,
    1.2727804460155312e-05,
    7.554022886324674e-05,
    2.716089875320904e-05,
    0.0003466172202024609,
    1.8813240743043025e-08,
    2.0805838829573986e-08,
    1.9054693822795343e-08,
    9.934980334946886e-05,
    4.2610441596480086e-05,
    1.2912740203319117e-05,
    0.00036533604725264013,
    4.302660727262264e-06,
    8.085681884040241e-07
  ],
  "J": 17
}