{
  "mu": [
    0.0,
    -0.8881256580352783,
    -0.7471985816955566,
    -0.6305228471755981,
    -0.5372296571731567,
    -0.36612841486930847,
    -0.4538094401359558,
    -0.25867748260498047,
    -0.18679149448871613,
    -0.06648816913366318,
    -0.1220783144235611,
    0.2650609016418457,
    0.37322643399238586,
    0.4863473176956177,
    0.11891321837902069,
    0.5923576951026917,
    0.6998277306556702
  ],
  "sigma2": [
    1.5726798665127717e-05,
    0.0004042235959786922,
    0.0003821495338343084,
    0.00032540952088311315,
    0.00028355210088193417,
    0.00010698711412260309,
    0.00020979305554646999,
    0.00021833446226082742,
    0.0001876327150966972,
    0.000131301159854047,
    0.00015865941531956196,
    0.00015466839249711484,
    0.0001789089583326131,
    0.000283880828646943,
    0.0015825843438506126,
    0.00035370283876545727,
    0.00039137524436227977
  ],
  "pi": [
    0.9990000128746033,
    1.2086208016626188e-06,
    3.142697551083984e-06,
    7.839947102183942e-06,
    1.2493456779338885e-05,
    7.519652717746794e-05,
    2.7016782041755505e-05,
    4.754290421260521e-05,
    6.392742943717167e-05,
    0.00013154337648302317,
    0.00010391632531536743,
    9.690154547570273e-05,
    4.2152838432230055e-05,
    1.2672009688685648e-05,
    0.0003694739716593176,
    4.182540578767657e-06,
    7.890809001764865e-07
  ],
  "J": 17
}