{
  "mu": [
    0.0,
    -0.747372567653656,
    -0.6538625955581665,
    -0.5705564022064209,
    -0.49068212509155273,
    -0.3342408239841461,
    -0.4145326018333435,
    -0.14296820759773254,
    -0.0814669132232666,
    -0.08146890997886658,
    -0.08146718144416809,
    0.2357809990644455,
    0.33355334401130676,
    0.4268741309642792,
    0.1167600154876709,
    0.5406911373138428,
    0.6447906494140625
  ],
  "sigma2": [
    0.00019490944396238774,
    0.00040888958028517663,
    0.0003898048016708344,
    0.0003776114899665117,
    0.0003544446954037994,
    0.0001753468532115221,
    0.00028651065076701343,
    0.0037503342609852552,
    0.00040150730637833476,
    0.00040150730637833476,
    0.00040150710265152156,
    0.0002715079172048718,
    0.00025696688680909574,
    0.00032263281173072755,
    0.001433945493772626,
    0.0003670506121125072,
    0.00039509122143499553
  ],
  "pi": [
    0.9990000128746033,
    1.9917265490221325e-06,
    3.3578432976355543e-06,
    9.515213605482131e-06,
    1.5837917089811526e-05,
    9.38876619329676e-05,
    3.729374293470755e-05,
    0.00029163016006350517,
    6.918223216523245e-10,
    6.966449084266912e-10,
    6.924540385533362e-10,
    0.0001168830567621626,
    5.620677620754577e-05,
    1.6472788047394715e-05,
    0.0003501157625578344,
    5.876434897800209e-06,
    9.289192348660436e-07
  ],
  "J": 17
}