{
  "mu": [
    0.0,
    -0.8905608654022217,
    -0.7481613755226135,
    -0.6313678622245789,
    -0.5378332734107971,
    -0.36631518602371216,
    -0.4542818069458008,
    -0.25888144969940186,
    -0.18683820962905884,
    -0.0665472224354744,
    -0.12206273525953293,
    0.2655179500579834,
    0.37379202246665955,
    0.4874045252799988,
    0.11920981109142303,
    0.5934536457061768,
    0.7009459733963013
  ],
  "sigma2": [
    1.5760264432174154e-05,
    0.000402135745389387,
    0.00037630111910402775,
    0.00032161749550141394,
    0.00027859487454406917,
    0.00010122199455508962,
    0.0002019600651692599,
    0.0001898437476484105,
    0.0001570758904563263,
    9.758777741808444e-05,
    0.00012198518379591405,
    0.00012833887012675405,
    0.0001679591805441305,
    0.0002783003728836775,
    0.0015007590409368277,
    0.00034996785689145327,
    0.0003909311490133405
  ],
  "pi": [
    0.9990000128746033,
    1.2114319360989612e-06,
    3.1399047202285146e-06,
    7.839770660211798e-06,
    1.2493168469518423e-05,
    7.519526843680069e-05,
    2.7016672902391292e-05,
    4.757971692015417e-05,
    6.390042835846543e-05,
    0.00013157096691429615,
    0.00010388554073870182,
    9.708075958769768e-05,
    4.21521435782779e-05,
    1.2675997822952922e-05,
    0.0003692910249810666,
    4.17818137066206e-06,
    7.89059868111508e-07
  ],
  "J": 17
}