{
  "mu": [
    0.0,
    -0.7548394799232483,
    -0.6666393280029297,
    -0.5805779695510864,
    -0.49797606468200684,
    -0.33919191360473633,
    -0.4220980703830719,
    -0.14999137818813324,
    -0.08598026633262634,
    -0.08598042279481888,
    -0.08598028123378754,
    0.23653337359428406,
    0.3365166485309601,
    0.4294812083244324,
    0.12177016586065292,
    0.545062780380249,
    0.6497104167938232
  ],
  "sigma2": [
    0.0002375480835326016,
    0.00041794750723056495,
    0.0004053628072142601,
    0.000411756569519639,
    0.00040798980626277626,
    0.0002995883987750858,
    0.00039992728852666914,
    0.0037075465079396963,
    0.0004015029116999358,
    0.0004015025042463094,
    0.0004015029116999358,
    0.0003965435898862779,
    0.00034514180151745677,
    0.00038063788088038564,
    0.0012580923503264785,
    0.0003955655265599489,
    0.0003971196128986776
  ],
  "pi": [
    0.9990000128746033,
    1.8664534309209557e-06,
    3.4010372473858297e-06,
    9.804603905649856e-06,
    1.6185862477868795e-05,
    9.738335211295635e-05,
    3.8023939850972965e-05,
    0.00029337796149775386,
    7.423638925807552e-10,
    7.478189179010997e-10,
    7.430644433092937e-10,
    0.0001241338613908738,
    5.7952252973336726e-05,
    1.7130078049376607e-05,
    0.00033367759897373617,
    6.155446953926003e-06,
    9.053086955645995e-07
  ],
  "J": 17
}