{
  "mu": [
    0.0,
    -0.7441797256469727,
    -0.6508713364601135,
    -0.5704807043075562,
    -0.49134737253189087,
    -0.334107905626297,
    -0.4146355092525482,
    -0.16220103204250336,
    -0.001707920921035111,
    -0.0017097021918743849,
    -0.0017081849509850144,
    0.23400165140628815,
    0.33178576827049255,
    0.4241109788417816,
    0.1315603405237198,
    0.5387759208679199,
    0.6420848965644836
  ],
  "sigma2": [
    0.0003586268867366016,
    0.0004059297498315573,
    0.0003968436212744564,
    0.0003981218033004552,
    0.00038413508445955813,
    0.00022221180552151054,
    0.00032331596594303846,
    0.0031248689629137516,
    0.00040160704520531,
    0.00040160704520531,
    0.00040160704520531,
    0.0003212450537830591,
    0.0002906514273490757,
    0.00034642292303033173,
    0.0009626282844692469,
    0.00037482797051779926,
    0.00039622854092158377
  ],
  "pi": [
    0.9990000128746033,
    2.3036009224597365e-06,
    4.019191692350432e-06,
    1.0882462447625585e-05,
    1.896840512927156e-05,
    0.00011090937914559618,
    4.3885011109523475e-05,
    0.0002725092926993966,
    8.382323724021035e-10,
    8.44467551441852e-10,
    8.390513839273694e-10,
    0.00014026825374457985,
    6.629776180488989e-05,
    1.960859663086012e-05,
    0.0003022896416950971,
    6.9557099777739495e-06,
    1.1002244946212159e-06
  ],
  "J": 17
}