{
  "mu": [
    0.0,
    -0.9129560589790344,
    -0.7682269811630249,
    -0.6444060802459717,
    -0.5499879121780396,
    -0.3747921586036682,
    -0.465674489736557,
    -0.26730525493621826,
    -0.19341908395290375,
    -0.06817928701639175,
    -0.12762774527072906,
    0.2709270715713501,
    0.37984374165534973,
    0.49734634160995483,
    0.1212669312953949,
    0.6055203080177307,
    0.7068959474563599
  ],
  "sigma2": [
    1.575371243234258e-05,
    0.00039638535236008465,
    0.0003726237628143281,
    0.00033610727405175567,
    0.00029101947438903153,
    0.0001223607105202973,
    0.00022542524675372988,
    0.0001952636957867071,
    0.00016414618585258722,
    0.00013744912575930357,
    0.0001288992934860289,
    0.00011531780910445377,
    0.00018167871166951954,
    0.0002847772848326713,
    0.0013419471215456724,
    0.00035880153882317245,
    0.00039469203329645097
  ],
  "pi": [
    0.9990000128746033,
    1.1843242191389436e-06,
    3.0676114874950144e-06,
    7.659915354452096e-06,
    1.2074712685716804e-05,
    7.33490742277354e-05,
    2.6676058041630313e-05,
    4.679201447288506e-05,
    6.292941543506458e-05,
    0.00014331284910440445,
    0.00010172327165491879,
    9.528057125862688e-05,
    4.1194209188688546e-05,
    1.2392594726406969e-05,
    0.000367514236131683,
    4.04451157010044e-06,
    8.046904440561775e-07
  ],
  "J": 17
}