{
  "mu": [
    0.0,
    -0.775541365146637,
    -0.6764801144599915,
    -0.5855616927146912,
    -0.5031741857528687,
    -0.3455083668231964,
    -0.42916226387023926,
    -0.1298566609621048,
    -0.06645841151475906,
    -0.06645866483449936,
    -0.06645844876766205,
    0.24044546484947205,
    0.3425739109516144,
    0.43648260831832886,
    0.11024368554353714,
    0.5516908764839172,
    0.6463380455970764
  ],
  "sigma2": [
    0.00010237083188258111,
    0.00042424691491760314,
    0.00042352816672064364,
    0.0004192665219306946,
    0.00039570400258526206,
    0.00033259057090617716,
    0.00039607303915545344,
    0.004729881417006254,
    0.0004014848964288831,
    0.0004014848964288831,
    0.0004014850710518658,
    0.00046642113011330366,
    0.00038989176391623914,
    0.0003925302589777857,
    0.0017334837466478348,
    0.0004002710629720241,
    0.0004013512807432562
  ],
  "pi": [
    0.9990000128746033,
    1.4723617596246186e-06,
    3.181772626703605e-06,
    8.351745236723218e-06,
    1.3035220035817474e-05,
    8.189095387933776e-05,
    3.0900246201781556e-05,
    0.0003271446912549436,
    9.117708810180147e-10,
    9.204998985268276e-10,
    9.12889763782232e-10,
    0.00010516223846934736,
    4.7879337216727436e-05,
    1.430745396646671e-05,
    0.00036082862061448395,
    5.05499474456883e-06,
    7.876994345679122e-07
  ],
  "J": 17
}