{
  "mu": [
    0.0,
    -0.7387982606887817,
    -0.6424225568771362,
    -0.5585440397262573,
    -0.4825485646724701,
    -0.3242148458957672,
    -0.4039488136768341,
    -0.19234034419059753,
    -0.00040537610766477883,
    -0.00040382015868090093,
    -0.00040522325434722006,
    0.22592684626579285,
    0.3213798403739929,
    0.4116825461387634,
    0.14581018686294556,
    0.52818363904953,
    0.6352118849754333
  ],
  "sigma2": [
    0.0006933835684321821,
    0.0003978711029049009,
    0.0003919644805137068,
    0.00037375534884631634,
    0.00035579310497269034,
    0.00018420739797875285,
    0.0002984873135574162,
    0.001579686184413731,
    0.00040160477510653436,
    0.00040160477510653436,
    0.00040160477510653436,
    0.0003249614092055708,
    0.00022656515648122877,
    0.000323851389111951,
    0.00046357506653293967,
    0.00036848741001449525,
    0.00039656649460084736
  ],
  "pi": [
    0.9990000128746033,
    2.5917961465893313e-06,
    5.333587068889756e-06,
    1.376313048240263e-05,
    2.4475504687870853e-05,
    0.0001453630393370986,
    5.834380135638639e-05,
    0.00021010753698647022,
    1.6913562772558066e-09,
    1.7116346118228876e-09,
    1.694010265396173e-09,
    0.0001847166131483391,
    8.540447743143886e-05,
    2.6281861210009083e-05,
    0.00023314969439525157,
    9.095877430809196e-06,
    1.368133666801441e-06
  ],
  "J": 17
}