{
  "mu": [
    0.0,
    -0.7180587649345398,
    -0.6362178325653076,
    -0.5905987620353699,
    -0.5077818632125854,
    -0.3922489285469055,
    -0.27013835310935974,
    -0.14738279581069946,
    -0.042251795530319214,
    -0.001564955455251038,
    0.03357306867837906,
    0.13608112931251526,
    0.25513043999671936,
    0.3642037808895111,
    0.4689227342605591,
    0.5661833882331848,
    0.6481670141220093
  ],
  "sigma2": [
    0.01680389605462551,
    0.015365470200777054,
    0.015296745114028454,
    0.015274849720299244,
    0.015316466800868511,
    0.015372168272733688,
    0.015433127991855145,
    0.015504919923841953,
    0.015256163664162159,
    0.015199018642306328,
    0.015215066261589527,
    0.015448766760528088,
    0.015406269580125809,
    0.015354374423623085,
    0.015338926576077938,
    0.015347580425441265,
    0.015370100736618042
  ],
  "pi": [
    0.9990000128746033,
    2.9698667276534252e-05,
    3.872950401273556e-05,
    3.993593782070093e-05,
    3.149132680846378e-05,
    1.867536047939211e-05,
    2.1892990844207816e-05,
    7.810487295500934e-05,
    0.000187503028428182,
    0.00020250071247573942,
    0.00019117712508887053,
    7.564025872852653e-05,
    1.873788278317079e-05,
    1.3768917597190011e-05,
    1.6405379938078113e-05,
    1.7732441847329028e-05,
    1.8005555830313824e-05
  ],
  "J": 17
}