{
  "mu": [
    0.0,
    -0.767033040523529,
    -0.6741431951522827,
    -0.583011269569397,
    -0.4997468888759613,
    -0.3415409028530121,
    -0.42357292771339417,
    -0.12595993280410767,
    -0.06432019919157028,
    -0.06432007998228073,
    -0.06432019174098969,
    0.24024182558059692,
    0.34056535363197327,
    0.4343721270561218,
    0.10813673585653305,
    0.5495826005935669,
    0.6500731706619263
  ],
  "sigma2": [
    9.332827175967395e-05,
    0.00041445856913924217,
    0.00041189027251675725,
    0.0004073498712386936,
    0.00038259095163084567,
    0.0002448475861456245,
    0.0003665386757347733,
    0.004817947279661894,
    0.0004014850710518658,
    0.0004014850710518658,
    0.0004014850710518658,
    0.0003593419096432626,
    0.00032995009678415954,
    0.0003600871714297682,
    0.001854240894317627,
    0.0003844992315862328,
    0.0003957085427828133
  ],
  "pi": [
    0.9990000128746033,
    1.4318853800432407e-06,
    3.042097659999854e-06,
    8.260502909251954e-06,
    1.3474286788550671e-05,
    8.003781113075092e-05,
    3.1270712497644126e-05,
    0.0003253858885727823,
    8.322600941745861e-10,
    8.396648376596261e-10,
    8.331956791174377e-10,
    0.00010068280971609056,
    4.781746611115523e-05,
    1.4138752703729551e-05,
    0.00036862888373434544,
    5.071141458756756e-06,
    7.552538932031894e-07
  ],
  "J": 17
}