{
  "mu": [
    0.0,
    -0.6786521077156067,
    -0.5619177222251892,
    -0.4897037148475647,
    -0.397491455078125,
    -0.3093124032020569,
    -0.33846357464790344,
    -0.16115090250968933,
    -0.007989481091499329,
    0.00024247246619779617,
    0.006076055113226175,
    0.12484853714704514,
    0.3159900903701782,
    0.32471606135368347,
    0.3237590491771698,
    0.4452085494995117,
    0.5755283832550049
  ],
  "sigma2": [
    0.005197578109800816,
    0.0011617506388574839,
    0.001172587159089744,
    0.0011763134971261024,
    0.0011761082569137216,
    0.000973042449913919,
    0.0011531721102073789,
    0.0011784564703702927,
    0.0011997721157968044,
    0.0012091925600543618,
    0.0012018787674605846,
    0.0011797647457569838,
    0.001159220701083541,
    0.0011354481102898717,
    0.0011067321756854653,
    0.0011641450691968203,
    0.0011784147936850786
  ],
  "pi": [
    0.9990000128746033,
    7.882401405368e-06,
    2.2368092686519958e-05,
    5.890231113880873e-05,
    0.00015852412616368383,
    0.0004725277831312269,
    1.0343258509237785e-05,
    1.494715547778469e-06,
    3.2242653560388135e-06,
    3.679902420117287e-06,
    3.2881059723877115e-06,
    1.441841618543549e-06,
    1.788380586731364e-06,
    5.1697974413400516e-05,
    0.00015269560390152037,
    4.578473817673512e-05,
    4.356551926321117e-06
  ],
  "J": 17
}