{
  "mu": [
    0.0,
    -0.724225640296936,
    -0.6135993599891663,
    -0.5365929007530212,
    -0.4653293490409851,
    -0.30747008323669434,
    -0.38664671778678894,
    -0.20969414710998535,
    -0.0006476890994235873,
    -0.0006559729226864874,
    -0.0006495577981695533,
    0.23317143321037292,
    0.30092281103134155,
    0.38687294721603394,
    0.2133515328168869,
    0.5020785927772522,
    0.6055548191070557
  ],
  "sigma2": [
    0.001684463582932949,
    0.00039775975164957345,
    0.0004002077039331198,
    0.0003941763425245881,
    0.00036371414898894727,
    0.00021932866366114467,
    0.0003114576102234423,
    0.00033956021070480347,
    0.0004016036109533161,
    0.0004016036109533161,
    0.0004016036109533161,
    0.00040154982707463205,
    0.00026234990218654275,
    0.0003208304988220334,
    0.0005434186314232647,
    0.0003809987101703882,
    0.0003979845787398517
  ],
  "pi": [
    0.9990000128746033,
    3.0496353247144725e-06,
    8.141026228258852e-06,
    1.946201518876478e-05,
    3.609887062339112e-05,
    0.00021339952945709229,
    8.597616397310048e-05,
    0.0001845269580371678,
    3.4723635078393045e-09,
    3.700046935506407e-09,
    3.5012237553644354e-09,
    5.916778533787692e-08,
    0.000123167090350762,
    3.847877815132961e-05,
    0.00027220131596550345,
    1.3333677088667173e-05,
    2.095204081342672e-06
  ],
  "J": 17
}