{
  "mu": [
    0.0,
    -0.7192416787147522,
    -0.5981730222702026,
    -0.524844229221344,
    -0.45325636863708496,
    -0.2992632985115051,
    -0.37708431482315063,
    -0.2081403285264969,
    -0.0002836707863025367,
    -0.00023122274433262646,
    -0.00027917284751310945,
    0.22359295189380646,
    0.2950613498687744,
    0.37917789816856384,
    0.2172817885875702,
    0.4911523759365082,
    0.596652090549469
  ],
  "sigma2": [
    0.0019494839943945408,
    0.0003890538355335593,
    0.0003815397503785789,
    0.0003600477066356689,
    0.00031504122307524085,
    0.00012713529577013105,
    0.000234900857321918,
    0.0002809269935823977,
    0.0004016022721771151,
    0.0004016020684503019,
    0.0004016022721771151,
    0.00040158312185667455,
    0.00022548070410266519,
    0.00029292376711964607,
    0.0004227455356158316,
    0.00035576170193962753,
    0.00039281410863623023
  ],
  "pi": [
    0.9990000128746033,
    3.2046168598753866e-06,
    9.840982784226071e-06,
    2.0731127733597532e-05,
    3.950529935536906e-05,
    0.00023239060828927904,
    9.346289880340919e-05,
    0.000169896797160618,
    7.29341964600394e-09,
    7.914735533631756e-09,
    7.371796062471958e-09,
    5.988070483908814e-08,
    0.00013261358253657818,
    4.182037082500756e-05,
    0.00023963244166225195,
    1.4379947060660925e-05,
    2.438886895106407e-06
  ],
  "J": 17
}