{
  "mu": [
    0.0,
    -0.8195702433586121,
    -0.7015427350997925,
    -0.5955049991607666,
    -0.5060622692108154,
    -0.3516640365123749,
    -0.43287017941474915,
    -0.12296724319458008,
    -0.06255514174699783,
    -0.06255519390106201,
    -0.06255514174699783,
    0.2516040802001953,
    0.3569577932357788,
    0.45945510268211365,
    0.11188236624002457,
    0.5691695809364319,
    0.6654776334762573
  ],
  "sigma2": [
    1.5971243556123227e-05,
    0.0004259660781826824,
    0.00042212390690110624,
    0.0003870812652166933,
    0.0003552643465809524,
    0.0002715206064749509,
    0.00031058050808496773,
    0.005156678147614002,
    0.00040152412839233875,
    0.0004015235754195601,
    0.00040152398287318647,
    0.0005101879360154271,
    0.0003935295098926872,
    0.0003583868674468249,
    0.0020646420307457447,
    0.0003833073133137077,
    0.00039748105336911976
  ],
  "pi": [
    0.9990000128746033,
    1.2172831702628173e-06,
    3.2447264857182745e-06,
    8.361579602933489e-06,
    1.3019440302741714e-05,
    7.5729658419732e-05,
    2.706736631807871e-05,
    0.00034314801450818777,
    2.521670205979376e-09,
    2.5799784530988745e-09,
    2.5291408967120788e-09,
    9.621810750104487e-05,
    4.33024724770803e-05,
    1.3027542991039809e-05,
    0.0003705588751472533,
    4.276106665201951e-06,
    8.21307708065433e-07
  ],
  "J": 17
}