{
  "mu": [
    0.0,
    -0.48442530632019043,
    -0.2675696015357971,
    -0.2675792872905731,
    -0.2676156759262085,
    0.0016587364953011274,
    0.0015396251110360026,
    0.0017305797664448619,
    0.0015981086762621999,
    0.0016150882001966238,
    0.0016061131609603763,
    0.0017449228325858712,
    0.001739180414006114,
    0.001572147710248828,
    0.0014239170122891665,
    0.24837487936019897,
    0.3160882294178009
  ],
  "sigma2": [
    0.0038577907253056765,
    0.005034147761762142,
    0.003972731996327639,
    0.0039731222204864025,
    0.003974569961428642,
    0.00424922164529562,
    0.004176971036940813,
    0.004197381902486086,
    0.004217903129756451,
    0.004225361626595259,
    0.00421955855563283,
    0.004199302289634943,
    0.004207792691886425,
    0.004246979020535946,
    0.004248559009283781,
    0.0035919679794460535,
    0.005570216104388237
  ],
  "pi": [
    0.9878623485565186,
    0.0009929996449500322,
    0.0015800903784111142,
    0.0015778809320181608,
    0.0015538685256615281,
    0.00018150699906982481,
    0.0005950547056272626,
    0.0005416783969849348,
    0.0005126001196913421,
    0.0005040086689405143,
    0.0005120538407936692,
    0.0005438241641968489,
    0.00043066314538009465,
    0.00019127556879539043,
    0.00019503626390360296,
    0.001120755448937416,
    0.0011043709237128496
  ],
  "J": 17
}