{
  "mu": [
    0.0,
    -0.0985163003206253,
    -0.834987998008728,
    -0.5278477668762207,
    -0.21991083025932312,
    -0.10052169114351273,
    0.24395574629306793,
    -0.21989716589450836,
    -0.21940021216869354,
    -0.3504621088504791,
    -0.21989740431308746,
    0.3442048728466034,
    0.15533839166164398,
    0.23222695291042328,
    0.15521281957626343,
    0.06996425241231918,
    0.4782163202762604
  ],
  "sigma2": [
    5.912010237807408e-06,
    0.0011738239554688334,
    0.001585897640325129,
    0.0015990891261026263,
    0.0015730789164081216,
    0.0015731982421129942,
    0.001577518181875348,
    0.0015728336293250322,
    0.0012450916692614555,
    0.0015259742503985763,
    0.001572822337038815,
    0.0015753142070025206,
    0.0015732379397377372,
    0.0015732379397377372,
    0.001518730423413217,
    0.0006905380869284272,
    0.0016086619580164552
  ],
  "pi": [
    0.9990000128746033,
    0.0002833549806382507,
    1.789480137404098e-07,
    5.612813765765168e-06,
    6.407137220776349e-08,
    6.734697688415281e-09,
    4.166304643149488e-05,
    1.7402109619979456e-07,
    0.0001411249249940738,
    3.639847273007035e-05,
    1.786127938885329e-07,
    1.072749091690639e-05,
    8.651490190914046e-09,
    8.931444739346261e-08,
    0.0001553316251374781,
    0.00032341969199478626,
    1.6666615465510404e-06
  ],
  "J": 17
}