{
  "mu": [
    0.0,
    -0.5462997555732727,
    -0.1450657695531845,
    -0.40865907073020935,
    -0.2952052652835846,
    -0.19477565586566925,
    0.1789868324995041,
    0.2784838080406189,
    0.39395326375961304,
    0.17816297709941864,
    0.27848565578460693,
    0.17898793518543243,
    0.17827235162258148,
    0.17876550555229187,
    0.17896634340286255,
    0.5286339521408081,
    0.08737703412771225
  ],
  "sigma2": [
    2.3577849788125604e-05,
    0.0018845748854801059,
    0.0023160469718277454,
    0.0018263920210301876,
    0.0018122663022950292,
    0.0017944371793419123,
    0.0017935330979526043,
    0.0017915030475705862,
    0.0017907359870150685,
    0.001723543624393642,
    0.0017910264432430267,
    0.0017935089999809861,
    0.0017944448627531528,
    0.0017943832790479064,
    0.0017937988741323352,
    0.001799784367904067,
    0.001087299664504826
  ],
  "pi": [
    0.9990000128746033,
    7.971506420290098e-06,
    0.0003436660044826567,
    1.942099152074661e-05,
    0.00010497610492166132,
    1.6161754601284883e-08,
    2.0090346879442222e-06,
    1.8527092834119685e-05,
    1.4414040379051585e-05,
    0.00016178967780433595,
    2.167021193599794e-05,
    2.0589470750564942e-06,
    1.700197849174856e-08,
    1.533874609549457e-07,
    1.4394687468666234e-06,
    2.690161409191205e-06,
    0.0002991802175529301
  ],
  "J": 17
}