{
  "top1_error_pre[%]": 90.68,
  "top1_error_post[%]": 0.880000000000003,
  "Delta[%]": -89.8,
  "|W|": 430500,
  "|W_nonzero|/|W|[%]": 3.159581881533101,
  "CR": 60.24981631153564,
  "acc_pretrain": 0.0932,
  "acc_retrain": 0.9907,
  "acc_quantized": 0.9912
}