{
  "top1_error_pre[%]": 2.0499999999999963,
  "top1_error_post[%]": 6.999999999999995,
  "Delta[%]": 4.949999999999999,
  "|W|": 266200,
  "|W_nonzero|/|W|[%]": 6.173929376408715,
  "CR": 41.68004070928093,
  "acc_pretrain": 0.9795,
  "acc_retrain": 0.9834,
  "acc_quantized": 0.93
}