{
  "top1_error_pre[%]": 2.0499999999999963,
  "top1_error_post[%]": 6.589999999999996,
  "Delta[%]": 4.539999999999999,
  "|W|": 266200,
  "|W_nonzero|/|W|[%]": 4.203606311044328,
  "CR": 77.41677496750975,
  "acc_pretrain": 0.9795,
  "acc_retrain": 0.982,
  "acc_quantized": 0.9341
}