{
  "top1_error_pre[%]": 2.0499999999999963,
  "top1_error_post[%]": 90.25999999999999,
  "Delta[%]": 88.21,
  "|W|": 266200,
  "|W_nonzero|/|W|[%]": 37.47032306536439,
  "CR": 37.51789261348872,
  "acc_pretrain": 0.9795,
  "acc_retrain": 0.9823,
  "acc_quantized": 0.0974
}