{
  "mu": [
    0.0,
    -0.5784006118774414,
    -0.24764174222946167,
    -0.4201366603374481,
    -0.1061783879995346,
    0.12590807676315308,
    0.12587732076644897,
    0.18864698708057404,
    0.3526660203933716,
    0.1891210824251175,
    0.12531085312366486,
    0.12587766349315643,
    0.12592995166778564,
    0.2663104236125946,
    0.4702112376689911,
    0.05771618336439133,
    0.6066593527793884
  ],
  "sigma2": [
    1.1544506378413644e-05,
    0.00043854338582605124,
    0.000910769565962255,
    0.0005522289429791272,
    0.0011516312370076776,
    0.0004221335693728179,
    0.000421989883761853,
    0.00042187096551060677,
    0.00043500197352841496,
    0.00041007029358297586,
    0.0004028039984405041,
    0.0004219779802951962,
    0.000422133132815361,
    0.0004172030312474817,
    0.0004292207886464894,
    0.0002810652367770672,
    0.0004240709822624922
  ],
  "pi": [
    0.9990000128746033,
    2.1831108369951835e-06,
    0.00018099510634783655,
    2.4899854906834662e-05,
    0.0002474772627465427,
    2.9603727469407204e-08,
    1.172901647805702e-06,
    1.9298579445603536e-06,
    1.3691687854588963e-05,
    8.52747616590932e-05,
    0.0001599933166289702,
    1.2704350638159667e-06,
    3.4420338579366216e-08,
    3.89173801522702e-05,
    2.9523548619181383e-06,
    0.0002388106076978147,
    3.674192896596651e-07
  ],
  "J": 17
}