{
  "top1_error_pre[%]": 88.71,
  "top1_error_post[%]": 0.8299999999999974,
  "Delta[%]": -87.88,
  "|W|": 430500,
  "|W_nonzero|/|W|[%]": 3.6527293844367015,
  "CR": 55.3902568473873,
  "acc_pretrain": 0.1129,
  "acc_retrain": 0.991,
  "acc_quantized": 0.9917
}