{
  "mu": [
    0.0,
    -0.8714473247528076,
    -0.7143126130104065,
    -0.59078449010849,
    -0.47877249121665955,
    -0.35191676020622253,
    -0.4787077307701111,
    -0.14388565719127655,
    0.17827610671520233,
    0.18028172850608826,
    0.17839692533016205,
    0.20322920382022858,
    0.32948318123817444,
    0.10433433204889297,
    0.46143507957458496,
    0.5832663178443909,
    0.738559901714325
  ],
  "sigma2": [
    2.2454200006905012e-05,
    0.0009061694727279246,
    0.0008477073279209435,
    0.0008003750117495656,
    0.0008617587154731154,
    0.0006688237772323191,
    0.000742327596526593,
    0.0028892692644149065,
    0.0008619855507276952,
    0.0008619851432740688,
    0.0008619864238426089,
    0.0008177218842320144,
    0.0007782208849675953,
    0.0006920164451003075,
    0.0007731115911155939,
    0.000822319823782891,
    0.0008577472763136029
  ],
  "pi": [
    0.9990000128746033,
    1.3973285604151897e-06,
    3.8105454223114066e-06,
    1.285405505768722e-05,
    3.8867057128300075e-08,
    0.00011780658678617328,
    2.7291796868667006e-05,
    0.00029541412368416786,
    4.331356162623479e-09,
    6.54289111778894e-09,
    4.45918457714356e-09,
    0.00018272640591021627,
    8.099852129817009e-05,
    0.00025173978065140545,
    1.958304892468732e-05,
    5.832380338688381e-06,
    4.912457143291249e-07
  ],
  "J": 17
}