{
  "mu": [
    0.0,
    -0.7320727705955505,
    -0.6120195984840393,
    -0.5392780900001526,
    -0.43685734272003174,
    -0.31792697310447693,
    -0.436646968126297,
    -0.15208393335342407,
    0.12060943245887756,
    0.12861792743206024,
    0.12123094499111176,
    0.18158966302871704,
    0.28832465410232544,
    0.11259302496910095,
    0.3880140483379364,
    0.5143767595291138,
    0.6623269319534302
  ],
  "sigma2": [
    0.00037595839239656925,
    0.0008547402685508132,
    0.0008536925888620317,
    0.0008416612399742007,
    0.0008616153500042856,
    0.0004805848584510386,
    0.0007658430258743465,
    0.0016093163285404444,
    0.0008619658183306456,
    0.0008619781583547592,
    0.0008619666914455593,
    0.000840839697048068,
    0.0007524859393015504,
    0.000608640315476805,
    0.0007750601507723331,
    0.0008205767953768373,
    0.0008579620043747127
  ],
  "pi": [
    0.9990000128746033,
    2.0828299511777004e-06,
    4.406319021654781e-06,
    1.2876749678980559e-05,
    1.3338460291834053e-07,
    0.000158677386934869,
    4.0189563151216134e-05,
    0.00023967101878952235,
    3.7037741762446785e-09,
    5.0173611931825235e-09,
    3.787877123073713e-09,
    0.00019884805078618228,
    0.00010851984552573413,
    0.00020041542302351445,
    2.5595081751816906e-05,
    7.967673809616826e-06,
    6.042300810804591e-07
  ],
  "J": 17
}