{
  "mu": [
    0.0,
    -0.9314113855361938,
    -0.7608877420425415,
    -0.6257481575012207,
    -0.49977222084999084,
    -0.36470600962638855,
    -0.49977049231529236,
    -0.14866717159748077,
    0.21335867047309875,
    0.21336087584495544,
    0.21335884928703308,
    0.21362541615962982,
    0.3398590087890625,
    0.10930579155683517,
    0.48192790150642395,
    0.607733964920044,
    0.7667357325553894
  ],
  "sigma2": [
    2.233132181572728e-05,
    0.0008590919314883649,
    0.0008119915146380663,
    0.0007305564940907061,
    0.0008618088322691619,
    0.00028780652792192996,
    0.0006113244453445077,
    0.002324789995327592,
    0.0008619214640930295,
    0.0008619181462563574,
    0.0008619218715466559,
    0.00033924964372999966,
    0.0004330152296461165,
    0.00034334257361479104,
    0.0006642540101893246,
    0.0007898961775936186,
    0.000854276935569942
  ],
  "pi": [
    0.9990000128746033,
    1.3047974789515138e-06,
    3.6098801956541138e-06,
    1.2754500858136453e-05,
    5.005609260422261e-09,
    0.00011681501200655475,
    2.7476515242597088e-05,
    0.00029935722704976797,
    2.3682102945343786e-09,
    3.0667710593235142e-09,
    2.41472131179421e-09,
    0.00017764460062608123,
    8.01965725258924e-05,
    0.00025538133922964334,
    1.9285937014501542e-05,
    5.677859917341266e-06,
    4.830417310586199e-07
  ],
  "J": 17
}