{
  "mu": [
    0.0,
    -0.8416903018951416,
    -0.6873643398284912,
    -0.572906494140625,
    -0.46610012650489807,
    -0.34538301825523376,
    -0.46625134348869324,
    -0.14003680646419525,
    0.15490588545799255,
    0.15505538880825043,
    0.1549157053232193,
    0.19724339246749878,
    0.32266178727149963,
    0.10063004493713379,
    0.4500748813152313,
    0.5698593854904175,
    0.7212629914283752
  ],
  "sigma2": [
    2.2502090359921567e-05,
    0.0009187859832309186,
    0.0008568846387788653,
    0.000829001422971487,
    0.0008617788553237915,
    0.0008672322146594524,
    0.000797216547653079,
    0.002920090686529875,
    0.0008619810687378049,
    0.0008619801956228912,
    0.0008619801956228912,
    0.0009808302856981754,
    0.0009321326506324112,
    0.0007557161152362823,
    0.0008163621532730758,
    0.000836204388178885,
    0.0008590951911173761
  ],
  "pi": [
    0.9990000128746033,
    1.4849947547190823e-06,
    4.054108558193548e-06,
    1.2939094631292392e-05,
    7.459558304390157e-08,
    0.00011846364213852212,
    2.6655094188754447e-05,
    0.00029392074793577194,
    4.434391076557631e-09,
    6.656023288087454e-09,
    4.5638368639799864e-09,
    0.0001863898942247033,
    8.145450556185097e-05,
    0.00024879781994968653,
    1.942397102538962e-05,
    5.832332135469187e-06,
    4.93675145207817e-07
  ],
  "J": 17
}