{
  "mu": [
    0.0,
    -0.724418580532074,
    -0.6127164363861084,
    -0.5291826128959656,
    -0.4247402548789978,
    -0.30928829312324524,
    -0.42520877718925476,
    -0.16825146973133087,
    0.0006359150283969939,
    0.0021342001855373383,
    0.0007180016837082803,
    0.2110258787870407,
    0.2770112156867981,
    0.1627127230167389,
    0.37244513630867004,
    0.5036842823028564,
    0.648330569267273
  ],
  "sigma2": [
    0.0007425116491504014,
    0.0008538876427337527,
    0.0008505768491886556,
    0.0008179928991012275,
    0.0008615779224783182,
    0.00043717166408896446,
    0.0007009918917901814,
    0.0009096402209252119,
    0.0008619876462034881,
    0.0008619880536571145,
    0.0008619876462034881,
    0.0008618191350251436,
    0.0007693157531321049,
    0.0009877766715362668,
    0.0007625197758898139,
    0.0008066604495979846,
    0.0008550683851353824
  ],
  "pi": [
    0.9990000128746033,
    2.2271142370300367e-06,
    5.251004040474072e-06,
    1.7529666365589947e-05,
    1.011151837815305e-07,
    0.00020185159519314766,
    5.08836965309456e-05,
    0.0002055522782029584,
    2.314235691969202e-09,
    2.4850606017423615e-09,
    2.336757454202143e-09,
    1.3983381563775765e-07,
    0.00014143236330710351,
    0.00033111279481090605,
    3.280876626376994e-05,
    1.0332273632229771e-05,
    7.704496169935737e-07
  ],
  "J": 17
}