{
  "mu": [
    0.0,
    -0.7882814407348633,
    -0.6429737210273743,
    -0.5458625555038452,
    -0.45463651418685913,
    -0.3375423550605774,
    -0.454273521900177,
    -0.13101395964622498,
    0.1416010856628418,
    0.141653373837471,
    0.14160501956939697,
    0.18780015408992767,
    0.31208476424217224,
    0.09197086840867996,
    0.4301697909832001,
    0.5461655855178833,
    0.6977768540382385
  ],
  "sigma2": [
    3.112578997388482e-05,
    0.0009195656748488545,
    0.0008809336577542126,
    0.0008664497290737927,
    0.0008619674481451511,
    0.0008790147840045393,
    0.0008562111761420965,
    0.003129170509055257,
    0.0008619724540039897,
    0.0008619707077741623,
    0.0008619719883427024,
    0.0011228680377826095,
    0.000983049743808806,
    0.0008402677485719323,
    0.0008682467741891742,
    0.0008677075384184718,
    0.0008582676528021693
  ],
  "pi": [
    0.9990000128746033,
    1.6425163948952104e-06,
    4.79846357848146e-06,
    1.1396536137908697e-05,
    8.281845964575041e-08,
    0.00011699910101015121,
    2.5790288418647833e-05,
    0.00029791571432724595,
    3.8306589011938286e-09,
    5.415790482743432e-09,
    3.928312786172228e-09,
    0.00018871993233915418,
    8.041875116759911e-05,
    0.00024747359566390514,
    1.8416056263959035e-05,
    5.889998192287749e-06,
    4.430372655406245e-07
  ],
  "J": 17
}