{
  "mu": [
    0.0,
    -0.7185353636741638,
    -0.5940402746200562,
    -0.508144199848175,
    -0.41189002990722656,
    -0.2988021671772003,
    -0.4111132323741913,
    -0.18383236229419708,
    -0.0005065294099040329,
    -0.00039484177250415087,
    -0.00044534963672049344,
    0.1925378292798996,
    0.2691277861595154,
    0.1847071349620819,
    0.3545060157775879,
    0.48863542079925537,
    0.6298413872718811
  ],
  "sigma2": [
    0.0014482970582321286,
    0.0008510612533427775,
    0.0008408152498304844,
    0.0008107024477794766,
    0.0008596123079769313,
    0.0004378822341095656,
    0.0006996911251917481,
    0.0006523695192299783,
    0.0008619818254373968,
    0.0008619818254373968,
    0.0008619818254373968,
    0.0008618877618573606,
    0.0007501998916268349,
    0.0006859001005068421,
    0.0007790893432684243,
    0.000811636564321816,
    0.0008549782796762884
  ],
  "pi": [
    0.9990000128746033,
    2.432919245620724e-06,
    9.12921859708149e-06,
    2.282487548654899e-05,
    8.781488531894865e-07,
    0.0002756451431196183,
    6.874276732560247e-05,
    0.00014671424287371337,
    1.3410597965446414e-08,
    1.4845028317722608e-08,
    1.3598759451838305e-08,
    1.269791169988821e-07,
    0.0001791766262613237,
    0.00023268436780199409,
    4.6297587687149644e-05,
    1.424066249455791e-05,
    1.0646421060300781e-06
  ],
  "J": 17
}