{
  "mu": [
    0.0,
    -0.7117569446563721,
    -0.5832346081733704,
    -0.49520865082740784,
    -0.3994642496109009,
    -0.2922971844673157,
    -0.39948418736457825,
    -0.23401004076004028,
    -0.0008636722341179848,
    -0.0005666752113029361,
    -3.2839281630003825e-05,
    0.21463611721992493,
    0.3021737039089203,
    0.26015251874923706,
    0.34356170892715454,
    0.4721522927284241,
    0.6198237538337708
  ],
  "sigma2": [
    0.0027836330700665712,
    0.000856071594171226,
    0.0008439588127657771,
    0.0008295898442156613,
    0.000825480034109205,
    0.0007719934801571071,
    0.0008130050264298916,
    0.00086181954247877,
    0.0008619670988991857,
    0.0008619654108770192,
    0.0008619666914455593,
    0.0008619279833510518,
    0.0008619193686172366,
    0.0009225707035511732,
    0.0008618240244686604,
    0.000848616473376751,
    0.0008591922814957798
  ],
  "pi": [
    0.9990000128746033,
    3.605398887884803e-06,
    1.5709654689999297e-05,
    3.6136207199888304e-05,
    4.5912885980214924e-05,
    0.000440857867943123,
    6.344900612020865e-05,
    1.0618145296348303e-07,
    5.2217036028423536e-08,
    5.9207586389220523e-08,
    5.314257123245625e-08,
    3.5973737766425984e-08,
    3.65682893743724e-07,
    0.00029193778755143285,
    7.721931615378708e-05,
    2.279428008478135e-05,
    1.7051686427294044e-06
  ],
  "J": 17
}