{
  "mu": [
    0.0,
    -0.7619180679321289,
    -0.621427059173584,
    -0.5365427136421204,
    -0.4499119818210602,
    -0.3301680386066437,
    -0.44914284348487854,
    -0.12415333092212677,
    0.135048508644104,
    0.13485661149024963,
    0.13503466546535492,
    0.1813630908727646,
    0.30214181542396545,
    0.08672924339771271,
    0.4116230607032776,
    0.5324035882949829,
    0.6842806339263916
  ],
  "sigma2": [
    7.416556763928384e-05,
    0.0008716632728464901,
    0.0008605223265476525,
    0.000854883692227304,
    0.0008618392748758197,
    0.0006199386552907526,
    0.0008201671880669892,
    0.003133875783532858,
    0.0008619703585281968,
    0.0008619687287136912,
    0.0008619703585281968,
    0.0010585912968963385,
    0.0008097072131931782,
    0.0008506632293574512,
    0.0008209830266423523,
    0.000837362720631063,
    0.0008568033808842301
  ],
  "pi": [
    0.9990000128746033,
    1.6402326536990586e-06,
    4.869310942012817e-06,
    9.432584192836657e-06,
    8.813238849825211e-08,
    0.00011702001211233437,
    2.7726042389986105e-05,
    0.00029701614403165877,
    3.4824840788871825e-09,
    4.764919570021675e-09,
    3.563909167780821e-09,
    0.00018733556498773396,
    8.054035424720496e-05,
    0.00024928984930738807,
    1.8851944332709536e-05,
    5.734495061915368e-06,
    4.435831044702354e-07
  ],
  "J": 17
}