{
  "mu": [
    0.0,
    -0.7649706602096558,
    -0.6226218938827515,
    -0.5349009037017822,
    -0.4497593343257904,
    -0.3317001461982727,
    -0.44895681738853455,
    -0.1241210475564003,
    0.1338997483253479,
    0.13390672206878662,
    0.13389958441257477,
    0.18202778697013855,
    0.3036840558052063,
    0.08670306950807571,
    0.41532453894615173,
    0.5343132019042969,
    0.6868897676467896
  ],
  "sigma2": [
    5.6307046179426834e-05,
    0.0008825309341773391,
    0.0008628631476312876,
    0.0008579841232858598,
    0.0008618232677690685,
    0.0006581282359547913,
    0.0008154553361237049,
    0.003230656962841749,
    0.000861969543620944,
    0.0008619687287136912,
    0.000861969543620944,
    0.0010824844939634204,
    0.0008549130870960653,
    0.0008565795724280179,
    0.0008268312667496502,
    0.0008439495577476919,
    0.0008568124030716717
  ],
  "pi": [
    0.9990000128746033,
    1.6465297676404589e-06,
    5.05979596709949e-06,
    9.743533155415207e-06,
    8.501927339921167e-08,
    0.00011589370114961639,
    2.663252962520346e-05,
    0.0003003565070684999,
    3.5416520827169506e-09,
    4.876306025636268e-09,
    3.6258749336326446e-09,
    0.00018721817468758672,
    8.019383676582947e-05,
    0.0002485400764271617,
    1.8487768102204427e-05,
    5.692279046343174e-06,
    4.382266070024343e-07
  ],
  "J": 17
}