{
  "mu": [
    0.0,
    -0.8826477527618408,
    -0.7191746234893799,
    -0.5932314991950989,
    -0.4798269271850586,
    -0.351172536611557,
    -0.4794730246067047,
    -0.14350849390029907,
    0.2030758112668991,
    0.20307233929634094,
    0.2030755877494812,
    0.20544666051864624,
    0.3312702775001526,
    0.1057550236582756,
    0.46504878997802734,
    0.5864869952201843,
    0.741891622543335
  ],
  "sigma2": [
    2.2447542505688034e-05,
    0.0008906881557777524,
    0.0008343957015313208,
    0.0007679365226067603,
    0.000861721346154809,
    0.00045085264719091356,
    0.000669063301756978,
    0.002579829655587673,
    0.0008619620930403471,
    0.0008619592408649623,
    0.0008619617437943816,
    0.0006120381294749677,
    0.0006097144796513021,
    0.0005512623465619981,
    0.0007104467367753386,
    0.0007999426452443004,
    0.0008557422552257776
  ],
  "pi": [
    0.9990000128746033,
    1.383452058689727e-06,
    3.820132405962795e-06,
    1.2958308616362046e-05,
    2.264826015618837e-08,
    0.00011813662422355264,
    2.748427687038202e-05,
    0.00029469685978256166,
    4.135732645238477e-09,
    6.2080083296223165e-09,
    4.2562446900262785e-09,
    0.00018044296302832663,
    8.110721682896838e-05,
    0.0002540110726840794,
    1.9608085494837724e-05,
    5.822770617669448e-06,
    4.911070732305234e-07
  ],
  "J": 17
}