{
  "mu": [
    0.0,
    -0.9642124772071838,
    -0.7952969670295715,
    -0.6518337726593018,
    -0.5191493034362793,
    -0.3790467083454132,
    -0.5192396640777588,
    -0.1532439887523651,
    0.22162970900535583,
    0.22162972390651703,
    0.22162970900535583,
    0.22201789915561676,
    0.34961891174316406,
    0.11238975822925568,
    0.49753549695014954,
    0.6277596950531006,
    0.7895714640617371
  ],
  "sigma2": [
    2.3029519070405513e-05,
    0.0008554916712455451,
    0.0008205513586290181,
    0.0007468312978744507,
    0.0008618503925390542,
    0.0003420478606130928,
    0.000626083929091692,
    0.002035771729424596,
    0.0008618836291134357,
    0.0008618828724138439,
    0.0008618832216598094,
    0.0002813583705574274,
    0.0004223471914883703,
    0.00025282689603045583,
    0.0006718136137351394,
    0.0008006349671632051,
    0.000853840378113091
  ],
  "pi": [
    0.9990000128746033,
    1.2817414472010569e-06,
    3.4912675346276956e-06,
    1.2496987437771168e-05,
    1.66555613745345e-09,
    0.00011480000102892518,
    2.7093252356280573e-05,
    0.0003071859828196466,
    6.99623747824063e-10,
    7.695972192856004e-10,
    7.049584249685381e-10,
    0.00017446193669456989,
    7.869785622460768e-05,
    0.0002554304082877934,
    1.9001650798600167e-05,
    5.5806121963541955e-06,
    4.744782700072392e-07
  ],
  "J": 17
}