{
  "mu": [
    0.0,
    -0.9522539973258972,
    -0.7814003229141235,
    -0.6401628255844116,
    -0.5112155079841614,
    -0.37267035245895386,
    -0.511587381362915,
    -0.15098537504673004,
    0.21716491878032684,
    0.21716484427452087,
    0.21716493368148804,
    0.21748550236225128,
    0.3453107178211212,
    0.11051448434591293,
    0.49108242988586426,
    0.6199948787689209,
    0.7836054563522339
  ],
  "sigma2": [
    3.09233546431642e-05,
    0.0008568331832066178,
    0.000823118956759572,
    0.0007607358857057989,
    0.0008618647698312998,
    0.00039480329724028707,
    0.000659438141155988,
    0.0022871263790875673,
    0.0008618938736617565,
    0.0008618918363936245,
    0.0008618938736617565,
    0.00034525978844612837,
    0.0004685235908254981,
    0.00033999086008407176,
    0.0006918171420693398,
    0.00080022809561342,
    0.0008539230329915881
  ],
  "pi": [
    0.9990000128746033,
    1.2913552609461476e-06,
    3.5327534533280414e-06,
    1.2595628504641354e-05,
    2.9305766702236724e-09,
    0.00011560500570340082,
    2.7261325158178806e-05,
    0.0003040915180463344,
    1.385075054649576e-09,
    1.6358815413397565e-09,
    1.4031482642451465e-09,
    0.00017575053789187223,
    7.929137791506946e-05,
    0.00025534903397783637,
    1.9114799215458333e-05,
    5.6314238463528454e-06,
    4.779960818268592e-07
  ],
  "J": 17
}