{
  "mu": [
    0.0,
    -0.9247767925262451,
    -0.7590394020080566,
    -0.6242836713790894,
    -0.49947118759155273,
    -0.3652345538139343,
    -0.4995270073413849,
    -0.14900581538677216,
    0.21129855513572693,
    0.21130113303661346,
    0.21129873394966125,
    0.21156097948551178,
    0.3380938172340393,
    0.10793992131948471,
    0.4794643521308899,
    0.605161726474762,
    0.7626797556877136
  ],
  "sigma2": [
    3.020113945240155e-05,
    0.0008662357577122748,
    0.0008304181392304599,
    0.000772907689679414,
    0.0008618495194241405,
    0.00043056264985352755,
    0.0006935198325663805,
    0.0026852446608245373,
    0.000861947366502136,
    0.0008619436412118375,
    0.0008619469590485096,
    0.0005153904785402119,
    0.000567591458093375,
    0.0005187589558772743,
    0.0007268288754858077,
    0.0008162586600519717,
    0.0008577218977734447
  ],
  "pi": [
    0.9990000128746033,
    1.3045422520008287e-06,
    3.6095943869440816e-06,
    1.2700967090495396e-05,
    7.895186726614156e-09,
    0.00011668136721709743,
    2.7497726478031836e-05,
    0.00029973970958963037,
    3.0921241123138543e-09,
    4.279144594221407e-09,
    3.16653836485159e-09,
    0.00017827440751716495,
    8.020329551072791e-05,
    0.00025453578564338386,
    1.9270908524049446e-05,
    5.679732566932216e-06,
    4.836142011299671e-07
  ],
  "J": 17
}