{
  "mu": [
    0.0,
    -0.7240868210792542,
    -0.6086007952690125,
    -0.523578405380249,
    -0.42259594798088074,
    -0.30616551637649536,
    -0.42148515582084656,
    -0.17357270419597626,
    -0.0003667493583634496,
    -0.0003348017344251275,
    -0.0003422570298425853,
    0.2037956714630127,
    0.2749636769294739,
    0.17038005590438843,
    0.3680252730846405,
    0.5001042485237122,
    0.6413189172744751
  ],
  "sigma2": [
    0.0009459216962568462,
    0.0008586312178522348,
    0.0008508121245540679,
    0.0008219992159865797,
    0.0008613680256530643,
    0.0004135631024837494,
    0.0006959812599234283,
    0.0007518228376284242,
    0.0008619855507276952,
    0.0008619855507276952,
    0.0008619855507276952,
    0.0008619514410383999,
    0.0007560171070508659,
    0.000849272299092263,
    0.0007632967899553478,
    0.0008077698294073343,
    0.0008546831668354571
  ],
  "pi": [
    0.9990000128746033,
    2.264586328237783e-06,
    6.322198714769911e-06,
    1.86942834261572e-05,
    1.7637373161960568e-07,
    0.00022229122987482697,
    5.6265776947839186e-05,
    0.00018892396474257112,
    3.513881186023582e-09,
    3.808636961366574e-09,
    3.5526377395456166e-09,
    9.445179927070058e-08,
    0.00015305688430089504,
    0.0003033229731954634,
    3.633525193436071e-05,
    1.1390020517865196e-05,
    8.51132995194348e-07
  ],
  "J": 17
}