{
  "mu": [
    0.0,
    -0.6933807730674744,
    -0.5694316625595093,
    -0.4794103801250458,
    -0.3856719732284546,
    -0.28596770763397217,
    -0.38567033410072327,
    -0.25992152094841003,
    -0.0011427184799686074,
    6.872702942928299e-05,
    0.00040065779467113316,
    0.1594449281692505,
    0.31810709834098816,
    0.26401257514953613,
    0.3430285155773163,
    0.4610060155391693,
    0.6035458445549011
  ],
  "sigma2": [
    0.0030896973330527544,
    0.0008521897834725678,
    0.0008361226646229625,
    0.0008186898776330054,
    0.000814268656540662,
    0.0006764966528862715,
    0.000818219967186451,
    0.0008619765285402536,
    0.0008619424188509583,
    0.0008619383443146944,
    0.0008619416039437056,
    0.0008620456210337579,
    0.0008619945729151368,
    0.0008604787872172892,
    0.000859153748024255,
    0.0008575677056796849,
    0.0008595901308581233
  ],
  "pi": [
    0.9990000128746033,
    3.758926595764933e-06,
    1.873816472652834e-05,
    4.037615508423187e-05,
    6.275175110204145e-05,
    0.000444776494987309,
    5.796447294414975e-05,
    1.329415795225941e-07,
    1.2791525705324602e-07,
    1.4536627190864237e-07,
    1.302467182995315e-07,
    6.292309961963838e-08,
    4.7146397719188826e-07,
    0.00027219264302402735,
    7.191159238573164e-05,
    2.462329575791955e-05,
    1.8357200133323204e-06
  ],
  "J": 17
}