{
  "mu": [
    0.0,
    -0.6920420527458191,
    -0.5692968368530273,
    -0.478287935256958,
    -0.3914008140563965,
    -0.29148927330970764,
    -0.37937211990356445,
    -0.24668850004673004,
    -0.0018606986850500107,
    -0.00019060273189097643,
    0.0007413189159706235,
    0.14193177223205566,
    0.31522470712661743,
    0.2799404263496399,
    0.35098811984062195,
    0.4611257016658783,
    0.6023916602134705
  ],
  "sigma2": [
    0.0038349214009940624,
    0.0008574196835979819,
    0.0008541111601516604,
    0.0008473920752294362,
    0.0008571719517931342,
    0.0007995929918251932,
    0.0008599648135714233,
    0.0008618622669018805,
    0.000861917738802731,
    0.0008619053987786174,
    0.0008619161089882255,
    0.0008620456210337579,
    0.0008620003354735672,
    0.0008359185885637999,
    0.0008699189056642354,
    0.000885612447746098,
    0.000864808214828372
  ],
  "pi": [
    0.9990000128746033,
    4.3747386371251196e-06,
    2.1722997189499438e-05,
    4.68039361294359e-05,
    7.877904135966673e-05,
    0.0004623205750249326,
    5.6725057220319286e-05,
    1.8836189497051237e-07,
    2.6624840643307834e-07,
    3.029320225778065e-07,
    2.7119688184029656e-07,
    1.2420727557582723e-07,
    6.32454145943484e-07,
    0.00022915282170288265,
    6.868818309158087e-05,
    2.753408989519812e-05,
    2.1132580059202155e-06
  ],
  "J": 17
}