{
  "mu": [
    0.0,
    -0.7172710299491882,
    -0.6353539228439331,
    -0.5883540511131287,
    -0.5077860355377197,
    -0.39265283942222595,
    -0.2704353928565979,
    -0.1472795009613037,
    -0.042058560997247696,
    -0.001547569059766829,
    0.033396776765584946,
    0.1359594315290451,
    0.2553558349609375,
    0.3643203377723694,
    0.46890711784362793,
    0.5662344694137573,
    0.6480485200881958
  ],
  "sigma2": [
    0.016729066148400307,
    0.015471096150577068,
    0.015425557270646095,
    0.01540870126336813,
    0.015434975735843182,
    0.015473103150725365,
    0.015512294135987759,
    0.015559371560811996,
    0.015390819869935513,
    0.015351724810898304,
    0.015363052487373352,
    0.015522104687988758,
    0.015494839288294315,
    0.015461788512766361,
    0.015451927669346333,
    0.015457477420568466,
    0.015471826307475567
  ],
  "pi": [
    0.9990000128746033,
    2.9363449357333593e-05,
    3.8357629819074646e-05,
    3.9808739529689774e-05,
    3.166624446748756e-05,
    1.8400041881250218e-05,
    2.12146551348269e-05,
    7.743557944195345e-05,
    0.0001888325350591913,
    0.00020384363597258925,
    0.00019258684187661856,
    7.532019662903622e-05,
    1.818722921598237e-05,
    1.3408886843535583e-05,
    1.618154055904597e-05,
    1.7546737581142224e-05,
    1.7846063201432116e-05
  ],
  "J": 17
}