{
  "mu": [
    0.0,
    -0.8384470343589783,
    -0.6855798959732056,
    -0.5722558498382568,
    -0.46636927127838135,
    -0.3456557095050812,
    -0.466476172208786,
    -0.1400405466556549,
    0.15269094705581665,
    0.15276594460010529,
    0.15269604325294495,
    0.1962166279554367,
    0.3218832314014435,
    0.0998828187584877,
    0.448758065700531,
    0.5686215162277222,
    0.7196006774902344
  ],
  "sigma2": [
    2.2736505343345925e-05,
    0.0009207688271999359,
    0.0008619982982054353,
    0.0008417704375460744,
    0.0008618400315754116,
    0.0009457264095544815,
    0.0008181334123946726,
    0.002981786150485277,
    0.0008619781583547592,
    0.00086197693599388,
    0.0008619778091087937,
    0.0010373449185863137,
    0.0009871108923107386,
    0.0007840680191293359,
    0.0008363244123756886,
    0.0008422907558269799,
    0.000859879597555846
  ],
  "pi": [
    0.9990000128746033,
    1.4798069969401695e-06,
    4.066432211402571e-06,
    1.2865457392763346e-05,
    7.822577430260935e-08,
    0.0001187394664157182,
    2.641700666572433e-05,
    0.0002939779660664499,
    4.393458929996541e-09,
    6.565272769876174e-09,
    4.5205243992541e-09,
    0.00018766002904158086,
    8.15428065834567e-05,
    0.00024745098198764026,
    1.9397313735680655e-05,
    5.815629265271127e-06,
    4.935030801789253e-07
  ],
  "J": 17
}