{
  "mu": [
    0.0,
    -0.7213304042816162,
    -0.5925105214118958,
    -0.5054354667663574,
    -0.40645676851272583,
    -0.2967101037502289,
    -0.4073488116264343,
    -0.19008302688598633,
    -0.0002513981598895043,
    -0.0006336653023026884,
    -5.8112753322348e-05,
    0.1974601000547409,
    0.2654070258140564,
    0.19336549937725067,
    0.3464415669441223,
    0.48135003447532654,
    0.6228929162025452
  ],
  "sigma2": [
    0.0017288561211898923,
    0.0008529362385161221,
    0.0008412965107709169,
    0.0008195413392968476,
    0.0008576998370699584,
    0.0005297577008605003,
    0.0007256362005136907,
    0.0006668847054243088,
    0.0008619753061793745,
    0.0008619740838184953,
    0.0008619753061793745,
    0.0008618075517006218,
    0.0007818854064680636,
    0.0006886585033498704,
    0.0008069159230217338,
    0.0008189600193873048,
    0.0008567143231630325
  ],
  "pi": [
    0.9990000128746033,
    2.6243485535815125e-06,
    1.0689217560866382e-05,
    2.485880941094365e-05,
    2.1358696358220186e-06,
    0.00030899583362042904,
    7.57785455789417e-05,
    0.000126010796520859,
    4.476425985444621e-08,
    5.0068702961425515e-08,
    4.546065213162365e-08,
    1.6969472937944374e-07,
    0.00018675289175007492,
    0.00019073380099143833,
    5.38613494427409e-05,
    1.6069450794020668e-05,
    1.1791377119152457e-06
  ],
  "J": 17
}