{
  "mu": [
    0.0,
    -0.7100750803947449,
    -0.581264853477478,
    -0.4935372471809387,
    -0.39814484119415283,
    -0.29222431778907776,
    -0.3983615040779114,
    -0.24509431421756744,
    -0.0009100156021304429,
    -0.0007078819908201694,
    0.00010438454773975536,
    0.19979768991470337,
    0.3099849820137024,
    0.26210516691207886,
    0.343889445066452,
    0.46978703141212463,
    0.6175157427787781
  ],
  "sigma2": [
    0.0028952215798199177,
    0.0008577370317652822,
    0.0008457539952360094,
    0.0008334231097251177,
    0.0008264666539616883,
    0.0007927333354018629,
    0.0008238237933255732,
    0.0008619276341050863,
    0.0008619617437943816,
    0.0008619600557722151,
    0.0008619617437943816,
    0.0008619460859335959,
    0.0008619699510745704,
    0.0008932444034144282,
    0.0008603135356679559,
    0.0008547227480448782,
    0.0008620661101303995
  ],
  "pi": [
    0.9990000128746033,
    3.706544475789997e-06,
    1.6028523532440886e-05,
    3.716269202413969e-05,
    5.3377585572889075e-05,
    0.0004456319729797542,
    5.7967190514318645e-05,
    1.0905240799274907e-07,
    6.923811213255249e-08,
    7.857379813458465e-08,
    7.04771139226068e-08,
    4.107582185497449e-08,
    3.840834494894807e-07,
    0.00028381551965139806,
    7.658828690182418e-05,
    2.3235445041791536e-05,
    1.7337063127342844e-06
  ],
  "J": 17
}