{
  "mu": [
    0.0,
    -0.9652464389801025,
    -0.7954837679862976,
    -0.6520870327949524,
    -0.5191883444786072,
    -0.37865546345710754,
    -0.5192372798919678,
    -0.1530621349811554,
    0.22209393978118896,
    0.22209398448467255,
    0.22209393978118896,
    0.2224663645029068,
    0.350079745054245,
    0.1127968579530716,
    0.49810802936553955,
    0.6279134750366211,
    0.7904825210571289
  ],
  "sigma2": [
    2.2359450667863712e-05,
    0.0008529837941750884,
    0.0008146690088324249,
    0.0007284478051587939,
    0.000861836364492774,
    0.0002927665482275188,
    0.0005994563107378781,
    0.0019042633939534426,
    0.0008618782740086317,
    0.0008618775173090398,
    0.0008618778665550053,
    0.00024178832245524973,
    0.0003863211895804852,
    0.00020777447207365185,
    0.000654439558275044,
    0.0007910876884125173,
    0.0008534471853636205
  ],
  "pi": [
    0.9990000128746033,
    1.2819238008887623e-06,
    3.4901179333246546e-06,
    1.2499787771957926e-05,
    1.534015359183627e-09,
    0.00011482245463412255,
    2.7094289180240594e-05,
    0.00030710871214978397,
    6.333198410146679e-10,
    6.914539496527539e-10,
    6.377849914862566e-10,
    0.00017446272249799222,
    7.870139234000817e-05,
    0.0002554768288973719,
    1.9000033717020415e-05,
    5.583813162957085e-06,
    4.744892407870793e-07
  ],
  "J": 17
}