{
  "mu": [
    0.0,
    -0.8119047284126282,
    -0.6645828485488892,
    -0.5601733326911926,
    -0.4211985170841217,
    -0.3430442214012146,
    -0.4613182246685028,
    -0.13641026616096497,
    0.14689043164253235,
    0.1469355970621109,
    0.14689375460147858,
    0.19163072109222412,
    0.31732887029647827,
    0.09609255939722061,
    0.4416200518608093,
    0.557799756526947,
    0.7089068293571472
  ],
  "sigma2": [
    3.0359127777046524e-05,
    0.0009227651753462851,
    0.0008778181509114802,
    0.0008803638047538698,
    0.0008620015578344464,
    0.0010159960947930813,
    0.0008618581341579556,
    0.003100052708759904,
    0.000861971580889076,
    0.0008619703585281968,
    0.0008619711734354496,
    0.0011636727722361684,
    0.001074875588528812,
    0.0008335773018188775,
    0.0008801761432550848,
    0.0008656358113512397,
    0.0008625040063634515
  ],
  "pi": [
    0.9990000128746033,
    1.5556250900772284e-06,
    4.25102598455851e-06,
    1.2199301636428572e-05,
    8.433072196112334e-08,
    0.00011840984370792285,
    2.5706436645123176e-05,
    0.00029604171868413687,
    4.028660960386787e-09,
    5.8146536474623645e-09,
    4.136605724625042e-09,
    0.00018967366486322135,
    8.135766256600618e-05,
    0.00024599122116342187,
    1.8493064999347553e-05,
    5.74522800889099e-06,
    4.769577799379476e-07
  ],
  "J": 17
}