{
  "mu": [
    0.0,
    -0.712928056716919,
    -0.5839953422546387,
    -0.4971380829811096,
    -0.4006401002407074,
    -0.2913498878479004,
    -0.4003387689590454,
    -0.1898983269929886,
    -0.000356887758243829,
    0.00015417356917168945,
    -3.1740692065795884e-05,
    0.19123102724552155,
    0.2675623297691345,
    0.20406588912010193,
    0.34329646825790405,
    0.47636184096336365,
    0.6211100220680237
  ],
  "sigma2": [
    0.0018360400572419167,
    0.0008503903518430889,
    0.0008338126353919506,
    0.0007948851562105119,
    0.0008451234898529947,
    0.0004483811208046973,
    0.0006693798932246864,
    0.0006991138798184693,
    0.0008619690779596567,
    0.0008619670988991857,
    0.0008619690779596567,
    0.0008616900886408985,
    0.0007201853441074491,
    0.0009524241904728115,
    0.0008113413350656629,
    0.0008105466840788722,
    0.0008565881289541721
  ],
  "pi": [
    0.9990000128746033,
    3.0485450679407222e-06,
    1.2071493074472528e-05,
    2.790844337141607e-05,
    6.302245765255066e-06,
    0.0003296750655863434,
    7.754808029858395e-05,
    9.96755770756863e-05,
    9.026064162753755e-08,
    1.0152459140044812e-07,
    9.174274140377747e-08,
    1.7919266781518672e-07,
    0.00015255913604050875,
    0.00021272734738886356,
    5.904976205783896e-05,
    1.746272755553946e-05,
    1.5089160569914384e-06
  ],
  "J": 17
}