{
  "mu": [
    0.0,
    -0.9628167748451233,
    -0.7948201298713684,
    -0.6515536904335022,
    -0.5192049741744995,
    -0.37942835688591003,
    -0.5192891359329224,
    -0.15338122844696045,
    0.22165648639202118,
    0.22165656089782715,
    0.22165650129318237,
    0.22145210206508636,
    0.3491402566432953,
    0.11184334009885788,
    0.49690717458724976,
    0.6275408267974854,
    0.78864985704422
  ],
  "sigma2": [
    3.5736742574954405e-05,
    0.0008578454726375639,
    0.0008258812595158815,
    0.0007642998243682086,
    0.000861865992192179,
    0.00040325443842448294,
    0.0006538815214298666,
    0.0021222869399935007,
    0.0008618926513008773,
    0.0008618922438472509,
    0.0008618922438472509,
    0.00032187646138481796,
    0.00046007015043869615,
    0.00029626250034198165,
    0.0006869376520626247,
    0.0008094478398561478,
    0.0008543587755411863
  ],
  "pi": [
    0.9990000128746033,
    1.2814451793019543e-06,
    3.4934132600028533e-06,
    1.2493081158027053e-05,
    1.7815272590482323e-09,
    0.00011478007945697755,
    2.708757710934151e-05,
    0.00030727850389666855,
    7.600146623154558e-10,
    8.416849439640828e-10,
    7.662093737259568e-10,
    0.00017447855498176068,
    7.869656110415235e-05,
    0.0002553535741753876,
    1.8999679014086723e-05,
    5.578982381848618e-06,
    4.7444260076190403e-07
  ],
  "J": 17
}