{
  "mu": [
    0.0,
    -0.8460985422134399,
    -0.6897712349891663,
    -0.5738325715065002,
    -0.4662202000617981,
    -0.3452027440071106,
    -0.46629205346107483,
    -0.14010445773601532,
    0.15929770469665527,
    0.15977264940738678,
    0.1593276411294937,
    0.19846393167972565,
    0.3235314190387726,
    0.1014137715101242,
    0.4515310823917389,
    0.5717101693153381,
    0.7234221696853638
  ],
  "sigma2": [
    2.2488509785034694e-05,
    0.0009163948125205934,
    0.0008513742359355092,
    0.0008153985254466534,
    0.0008617204730398953,
    0.0007843694183975458,
    0.0007726600742898881,
    0.0028462146874517202,
    0.000861984328366816,
    0.0008619839209131896,
    0.0008619847940281034,
    0.0009119276655837893,
    0.0008734640432521701,
    0.0007227958994917572,
    0.0007935691974125803,
    0.0008279154426418245,
    0.00085765979019925
  ],
  "pi": [
    0.9990000128746033,
    1.489870101067936e-06,
    4.035446181660518e-06,
    1.3018134268349968e-05,
    6.782972405972032e-08,
    0.0001183332788059488,
    2.6849720597965643e-05,
    0.0002937263925559819,
    4.440207757028247e-09,
    6.679458763869661e-09,
    4.570428480121791e-09,
    0.00018475089746061713,
    8.1390498962719e-05,
    0.0002505236188881099,
    1.9464659999357536e-05,
    5.8399805311637465e-06,
    4.940476401316118e-07
  ],
  "J": 17
}