{
  "mu": [
    0.0,
    -0.8664302229881287,
    -0.7123767137527466,
    -0.5901069641113281,
    -0.4790724813938141,
    -0.3524116575717926,
    -0.4791124165058136,
    -0.14402663707733154,
    0.16142046451568604,
    0.16142982244491577,
    0.1614212989807129,
    0.2019944041967392,
    0.3285675048828125,
    0.10339197516441345,
    0.4600352644920349,
    0.5822005867958069,
    0.7375760078430176
  ],
  "sigma2": [
    2.4526978450012393e-05,
    0.0009158491739071906,
    0.0008561601862311363,
    0.0008207352366298437,
    0.0008618072024546564,
    0.000795690983068198,
    0.0007797040161676705,
    0.0030132655519992113,
    0.000861984328366816,
    0.0008619839209131896,
    0.000861984328366816,
    0.0009113568812608719,
    0.0008698952733539045,
    0.0007526115514338017,
    0.0008088042959570885,
    0.0008347769035026431,
    0.0008592323865741491
  ],
  "pi": [
    0.9990000128746033,
    1.418000692865462e-06,
    3.786076604228583e-06,
    1.2796463124686852e-05,
    4.748061144255189e-08,
    0.00011796691251220182,
    2.706823761400301e-05,
    0.00029564640135504305,
    4.383483354075679e-09,
    6.6267760168159384e-09,
    4.5131125503417024e-09,
    0.00018408065079711378,
    8.104529115371406e-05,
    0.0002502399729564786,
    1.9567498384276405e-05,
    5.830294412589865e-06,
    4.912278086521837e-07
  ],
  "J": 17
}