{
  "mu": [
    0.0,
    -0.9526069760322571,
    -0.7815030217170715,
    -0.640139639377594,
    -0.5110101103782654,
    -0.37241172790527344,
    -0.5114063620567322,
    -0.1509629487991333,
    0.21764345467090607,
    0.2176435887813568,
    0.21764346957206726,
    0.2178080976009369,
    0.3455779552459717,
    0.11079629510641098,
    0.49146637320518494,
    0.6201351284980774,
    0.7838181257247925
  ],
  "sigma2": [
    2.4286258849315345e-05,
    0.0008562692091800272,
    0.0008209861116483808,
    0.000752907304558903,
    0.0008618544088676572,
    0.00036251512938179076,
    0.0006439202697947621,
    0.002235451713204384,
    0.000861888169310987,
    0.000861886132042855,
    0.0008618877618573606,
    0.0003225466643925756,
    0.0004490450373850763,
    0.0003149318799842149,
    0.0006823833682574332,
    0.0007962000090628862,
    0.0008538856054656208
  ],
  "pi": [
    0.9990000128746033,
    1.2914709941469482e-06,
    3.530817139107967e-06,
    1.2603619325091131e-05,
    2.794552589335808e-09,
    0.00011562339204829186,
    2.726280399656389e-05,
    0.00030395181966014206,
    1.3041566715443764e-09,
    1.5278228682191752e-09,
    1.320393128168007e-09,
    0.00017574935918673873,
    7.929262210382149e-05,
    0.0002554568345658481,
    1.9120976503472775e-05,
    5.631402018480003e-06,
    4.780234803547501e-07
  ],
  "J": 17
}