{
  "mu": [
    0.0,
    -0.8960084319114685,
    -0.7347796559333801,
    -0.6055148839950562,
    -0.48880088329315186,
    -0.3583207130432129,
    -0.4890654981136322,
    -0.14695978164672852,
    0.20440278947353363,
    0.2044830024242401,
    0.20440776646137238,
    0.20544032752513885,
    0.3321758210659027,
    0.1044892966747284,
    0.46960049867630005,
    0.5935397148132324,
    0.7473255395889282
  ],
  "sigma2": [
    5.576134208240546e-05,
    0.0008859483059495687,
    0.0008450743043795228,
    0.0008151707006618381,
    0.000861878739669919,
    0.0006447685300372541,
    0.0007749514770694077,
    0.0029430424328893423,
    0.0008619765285402536,
    0.0008619753061793745,
    0.0008619765285402536,
    0.0007467016694135964,
    0.0007484198431484401,
    0.0006878183339722455,
    0.0007967108394950628,
    0.0008274702704511583,
    0.0008590829093009233
  ],
  "pi": [
    0.9990000128746033,
    1.334164949184924e-06,
    3.6310111681814305e-06,
    1.2864632481068838e-05,
    2.0835395631024767e-08,
    0.00011749314580811188,
    2.7268002668279223e-05,
    0.00029796696617268026,
    4.074626858141528e-09,
    6.105980165926894e-09,
    4.19288692654618e-09,
    0.00018100901797879487,
    8.062840061029419e-05,
    0.0002521846618037671,
    1.9331722796778195e-05,
    5.7666634347697254e-06,
    4.865003120357869e-07
  ],
  "J": 17
}