{
  "mu": [
    0.0,
    -0.6924638748168945,
    -0.5704020857810974,
    -0.4809216260910034,
    -0.39909985661506653,
    -0.2929246425628662,
    -0.3579446077346802,
    -0.22970877587795258,
    -0.002455880166962743,
    -0.0002863289264496416,
    0.0011433986946940422,
    0.13755500316619873,
    0.31186360120773315,
    0.2872925400733948,
    0.3565312623977661,
    0.46188974380493164,
    0.6010323762893677
  ],
  "sigma2": [
    0.004153576213866472,
    0.0008608584175817668,
    0.0008624172769486904,
    0.0008546289172954857,
    0.0008607718627899885,
    0.0008119295816868544,
    0.0008597804117016494,
    0.0008620443404652178,
    0.0008619987056590617,
    0.0008619892760179937,
    0.0008619978907518089,
    0.0008621339220553637,
    0.0008621401502750814,
    0.0008397054043598473,
    0.0008726913947612047,
    0.000893295044079423,
    0.0008687677909620106
  ],
  "pi": [
    0.9990000128746033,
    4.679432549892226e-06,
    2.2873075067764148e-05,
    4.747982893604785e-05,
    9.66252846410498e-05,
    0.00044780137250199914,
    6.79103541187942e-05,
    2.367415561366215e-07,
    3.989695187556208e-07,
    4.5421052163874265e-07,
    4.064758627464471e-07,
    1.838533734144221e-07,
    7.413861453642312e-07,
    0.00021480227587744594,
    6.470874359365553e-05,
    2.8423186449799687e-05,
    2.2748063202016056e-06
  ],
  "J": 17
}