{
  "mu": [
    0.0,
    -0.9638396501541138,
    -0.7952354550361633,
    -0.651777982711792,
    -0.519193172454834,
    -0.37928542494773865,
    -0.5192980766296387,
    -0.15335096418857574,
    0.2217075675725937,
    0.2217075228691101,
    0.2217075675725937,
    0.22176706790924072,
    0.34940195083618164,
    0.112136609852314,
    0.49727770686149597,
    0.6277418732643127,
    0.7891495227813721
  ],
  "sigma2": [
    2.5561927031958476e-05,
    0.0008566506439819932,
    0.0008235268760472536,
    0.0007558818906545639,
    0.0008618573774583638,
    0.00037117331521585584,
    0.0006398650002665818,
    0.0020819776691496372,
    0.000861888169310987,
    0.0008618868887424469,
    0.0008618877618573606,
    0.00030139839509502053,
    0.00044092704774811864,
    0.00027449362096376717,
    0.0006798594840802252,
    0.0008053026394918561,
    0.00085403339471668
  ],
  "pi": [
    0.9990000128746033,
    1.2816640264645685e-06,
    3.4924751162179746e-06,
    1.2494389011408202e-05,
    1.7259285112203315e-09,
    0.00011479625391075388,
    2.7094289180240594e-05,
    0.0003071847022511065,
    7.307483507190682e-10,
    8.066399770356725e-10,
    7.3651479359782e-10,
    0.00017448165453970432,
    7.87006865721196e-05,
    0.00025541329523548484,
    1.9002445696969517e-05,
    5.579668140853755e-06,
    4.74488956569985e-07
  ],
  "J": 17
}