{
  "mu": [
    0.0,
    -0.7173914909362793,
    -0.5947522521018982,
    -0.5092237591743469,
    -0.4121134877204895,
    -0.29876434803009033,
    -0.41135093569755554,
    -0.17897605895996094,
    -0.00039012246998026967,
    -9.370566112920642e-05,
    -0.0003367463359609246,
    0.1863410919904709,
    0.26884081959724426,
    0.17875739932060242,
    0.355699747800827,
    0.4897267818450928,
    0.630944550037384
  ],
  "sigma2": [
    0.0012711778981611133,
    0.000850898155476898,
    0.000840187247376889,
    0.0008038486121222377,
    0.0008600895525887609,
    0.0003937273577321321,
    0.0006767844315618277,
    0.000660204270388931,
    0.0008619831060059369,
    0.0008619831060059369,
    0.0008619831060059369,
    0.000861910346429795,
    0.0007337215356528759,
    0.0007091869483701885,
    0.000764514144975692,
    0.0008071037009358406,
    0.0008547446923330426
  ],
  "pi": [
    0.9990000128746033,
    2.3072448129823897e-06,
    8.333178811881226e-06,
    2.1521102098631673e-05,
    5.685337782779243e-07,
    0.00025769940111786127,
    6.473567191278562e-05,
    0.0001605017896508798,
    9.760592334373541e-09,
    1.0763645086342422e-08,
    9.89218840174999e-09,
    1.1544902633886522e-07,
    0.00017154960369225591,
    0.00025525581440888345,
    4.306803020881489e-05,
    1.332048123003915e-05,
    9.932941793522332e-07
  ],
  "J": 17
}