{
  "mu": [
    0.0,
    -0.689890444278717,
    -0.5695822238922119,
    -0.4780742824077606,
    -0.39307302236557007,
    -0.29544562101364136,
    -0.34716421365737915,
    -0.20620398223400116,
    -0.0034130504354834557,
    -0.00037476091529242694,
    0.001901390147395432,
    0.1340067982673645,
    0.31036338210105896,
    0.29127800464630127,
    0.35391902923583984,
    0.45830950140953064,
    0.5861172676086426
  ],
  "sigma2": [
    0.004415373783558607,
    0.0008693160489201546,
    0.000874341232702136,
    0.0008723756182007492,
    0.0008942807908169925,
    0.0008591123623773456,
    0.0008611823432147503,
    0.0008666307548992336,
    0.0008667472866363823,
    0.000866890768520534,
    0.0008667976944707334,
    0.0008665617206133902,
    0.0008664262131787837,
    0.0008248296217061579,
    0.0008909256430342793,
    0.0009056791896000504,
    0.00089178082998842
  ],
  "pi": [
    0.9990000128746033,
    5.0632570491870865e-06,
    2.456172660458833e-05,
    5.2402006986085325e-05,
    0.00012539056478999555,
    0.00044622659333981574,
    4.628016904462129e-05,
    3.456971171544865e-07,
    6.595552122234949e-07,
    7.513804121117573e-07,
    6.721627414663089e-07,
    3.0122606631266535e-07,
    9.3154454816613e-07,
    0.00019208203593734652,
    7.051257853163406e-05,
    3.060194285353646e-05,
    3.217573066649493e-06
  ],
  "J": 17
}