{
  "mu": [
    0.0,
    -0.8197519183158875,
    -0.6706638336181641,
    -0.5636517405509949,
    -0.4622921347618103,
    -0.3433082103729248,
    -0.462298184633255,
    -0.13761934638023376,
    0.14916826784610748,
    0.1491665095090866,
    0.14916840195655823,
    0.19335436820983887,
    0.31941577792167664,
    0.09726142883300781,
    0.4441883862018585,
    0.5625818371772766,
    0.7148924469947815
  ],
  "sigma2": [
    3.101970287389122e-05,
    0.0009254579781554639,
    0.0008659553132019937,
    0.0008575484971515834,
    0.0008618701249361038,
    0.0009604577207937837,
    0.0008270099060609937,
    0.003010914195328951,
    0.0008619740838184953,
    0.0008619724540039897,
    0.0008619748405180871,
    0.0011188056087121367,
    0.001014021341688931,
    0.0008096215315163136,
    0.000857550126966089,
    0.0008586749900132418,
    0.0008613868849352002
  ],
  "pi": [
    0.9990000128746033,
    1.583031348673103e-06,
    4.135848485020688e-06,
    1.2599733963725157e-05,
    8.019524244673448e-08,
    0.00011845214612549171,
    2.6171526769758202e-05,
    0.00029509078012779355,
    4.172921563849741e-09,
    6.110065342568305e-09,
    4.2884518158814444e-09,
    0.00018950160301756114,
    8.092611824395135e-05,
    0.00024639980983920395,
    1.88328940566862e-05,
    5.757642611570191e-06,
    4.540749216630502e-07
  ],
  "J": 17
}