{
  "mu": [
    0.0,
    -0.9036528468132019,
    -0.740479588508606,
    -0.6080232858657837,
    -0.488750696182251,
    -0.357855886220932,
    -0.48894229531288147,
    -0.1464260220527649,
    0.2067590355873108,
    0.2067607194185257,
    0.20675918459892273,
    0.20777501165866852,
    0.3343120813369751,
    0.10644511133432388,
    0.4722353518009186,
    0.5959824919700623,
    0.7489271759986877
  ],
  "sigma2": [
    2.2375237676897086e-05,
    0.0008780718198977411,
    0.0008329105330631137,
    0.0007755892002023757,
    0.0008618105202913284,
    0.0004676424141507596,
    0.0007042376673780382,
    0.002743746852502227,
    0.0008619629661552608,
    0.0008619584259577096,
    0.0008619617437943816,
    0.0006096113356761634,
    0.0006190164713189006,
    0.0005786587134934962,
    0.0007315573166124523,
    0.0008071803604252636,
    0.0008567433687858284
  ],
  "pi": [
    0.9990000128746033,
    1.3294397831487004e-06,
    3.605672873163712e-06,
    1.2911184057884384e-05,
    1.602555421698071e-08,
    0.00011728573008440435,
    2.7519199647940695e-05,
    0.00029750235262326896,
    3.918342095232674e-09,
    5.809066117024031e-09,
    4.029551359252537e-09,
    0.00018011467182077467,
    8.061749394983053e-05,
    0.00025349410134367645,
    1.930303369590547e-05,
    5.800869985250756e-06,
    4.865263463216252e-07
  ],
  "J": 17
}