{
  "mu": [
    0.0,
    -0.9646544456481934,
    -0.795346200466156,
    -0.6519019603729248,
    -0.5191442370414734,
    -0.37883517146110535,
    -0.5192234516143799,
    -0.1531459093093872,
    0.22172705829143524,
    0.22172711789608002,
    0.22172705829143524,
    0.22224882245063782,
    0.3498419523239136,
    0.11260312050580978,
    0.49779441952705383,
    0.6278350353240967,
    0.7900256514549255
  ],
  "sigma2": [
    2.2474896468338557e-05,
    0.0008543445146642625,
    0.0008175542461685836,
    0.0007376146386377513,
    0.0008618421270512044,
    0.0003157950413879007,
    0.0006125788786448538,
    0.0019775002729147673,
    0.0008618803694844246,
    0.0008618799038231373,
    0.0008618803694844246,
    0.0002613308315631002,
    0.00040424460894428194,
    0.0002305631642229855,
    0.0006632538279518485,
    0.0007957699708640575,
    0.0008536409586668015
  ],
  "pi": [
    0.9990000128746033,
    1.2818186405638698e-06,
    3.4905026495835045e-06,
    1.2499206604843494e-05,
    1.6013117498658858e-09,
    0.00011480751709314063,
    2.709260479605291e-05,
    0.000307158799842,
    6.670080043846838e-10,
    7.310240190960826e-10,
    6.719087508599841e-10,
    0.00017445754201617092,
    7.869838736951351e-05,
    0.0002554527891334146,
    1.9000806787516922e-05,
    5.5819095905462746e-06,
    4.744751720409113e-07
  ],
  "J": 17
}