{
  "mu": [
    0.0,
    -0.9464243650436401,
    -0.7744364142417908,
    -0.6367223858833313,
    -0.5082495808601379,
    -0.3705056309700012,
    -0.5083973407745361,
    -0.15162192285060883,
    0.2148222178220749,
    0.21482224762439728,
    0.21482224762439728,
    0.21524526178836823,
    0.34346532821655273,
    0.1094728335738182,
    0.4879707992076874,
    0.616008996963501,
    0.7819645404815674
  ],
  "sigma2": [
    8.090225310297683e-05,
    0.000856527651194483,
    0.0008226983482018113,
    0.0007574788760393858,
    0.0008618638967163861,
    0.0004160077078267932,
    0.0006652683950960636,
    0.002131897257640958,
    0.0008619066211394966,
    0.0008619042346253991,
    0.0008619058644399047,
    0.0003694095939863473,
    0.00048394734039902687,
    0.00034783800947479904,
    0.0006957755540497601,
    0.0007972143357619643,
    0.0008549664635211229
  ],
  "pi": [
    0.9990000128746033,
    1.2988326716367737e-06,
    3.583042143873172e-06,
    1.262927889911225e-05,
    3.1865052818602635e-09,
    0.00011631348024820909,
    2.7429718102212064e-05,
    0.0003014215617440641,
    1.5382255469376105e-09,
    1.8437876780907914e-09,
    1.559947615525914e-09,
    0.00017689247033558786,
    7.98038236098364e-05,
    0.0002552657388150692,
    1.9227731172577478e-05,
    5.645373221341288e-06,
    4.808636049347115e-07
  ],
  "J": 17
}