{
  "mu": [
    0.0,
    -0.7291490435600281,
    -0.6092754602432251,
    -0.5359578728675842,
    -0.43341153860092163,
    -0.314300000667572,
    -0.4328656792640686,
    -0.15511314570903778,
    0.10664959251880646,
    0.12551183998584747,
    0.10888848453760147,
    0.18173100054264069,
    0.28618553280830383,
    0.11719267815351486,
    0.3835470378398895,
    0.5122149586677551,
    0.6572887301445007
  ],
  "sigma2": [
    0.0004235219385009259,
    0.0008530036429874599,
    0.0008530020713806152,
    0.000831341661978513,
    0.0008613076061010361,
    0.00041153101483359933,
    0.0007268406334333122,
    0.001354989013634622,
    0.0008619337459094822,
    0.0008619683212600648,
    0.0008619370637461543,
    0.0007966507691890001,
    0.0006884756148792803,
    0.0006412554066628218,
    0.0007569722947664559,
    0.0008071403135545552,
    0.000855411752127111
  ],
  "pi": [
    0.9990000128746033,
    2.1932048639428103e-06,
    4.456840997590916e-06,
    1.3826744179823436e-05,
    1.8193374273778318e-07,
    0.00016698850959073752,
    4.250671190675348e-05,
    0.00022668109158985317,
    3.775118440074721e-09,
    5.09929565239986e-09,
    3.858202202167149e-09,
    0.00019733450608327985,
    0.00011332273425068706,
    0.00019613200856838375,
    2.7217402021051385e-05,
    8.506379344908055e-06,
    6.392119757947512e-07
  ],
  "J": 17
}