{
  "mu": [
    0.0,
    -0.6877397894859314,
    -0.5645949840545654,
    -0.47515642642974854,
    -0.38773268461227417,
    -0.2974899113178253,
    -0.34772878885269165,
    -0.18261131644248962,
    -0.0054534971714019775,
    -0.00024101439339574426,
    0.00356172863394022,
    0.1302260160446167,
    0.31686633825302124,
    0.2867734730243683,
    0.3187348544597626,
    0.43674325942993164,
    0.5540186166763306
  ],
  "sigma2": [
    0.0046197171323001385,
    0.0009421620634384453,
    0.0009405958699062467,
    0.0009409636841155589,
    0.0009594804723747075,
    0.0009041029261425138,
    0.0009341277764178813,
    0.0009378465474583209,
    0.0009415489621460438,
    0.0009430861100554466,
    0.0009420079295523465,
    0.0009380848496221006,
    0.0009361865813843906,
    0.0009401192073710263,
    0.0009951834799721837,
    0.0009911543456837535,
    0.0009597376338206232
  ],
  "pi": [
    0.9990000128746033,
    5.670819518854842e-06,
    2.7103327738586813e-05,
    5.579069329542108e-05,
    0.00015121679462026805,
    0.00046491515240632,
    1.1666449609037954e-05,
    6.430440748772526e-07,
    1.3214607861300465e-06,
    1.5067854519656976e-06,
    1.3473475064529339e-06,
    5.982021207273647e-07,
    1.3332592061487958e-06,
    6.747282895958051e-05,
    0.00016345427138730884,
    4.025359157822095e-05,
    5.705964667868102e-06
  ],
  "J": 17
}