{
  "mu": [
    0.0,
    -0.755365788936615,
    -0.6169463992118835,
    -0.5349132418632507,
    -0.4480419158935547,
    -0.3285925090312958,
    -0.4472885727882385,
    -0.1349993646144867,
    0.1387324333190918,
    0.14005739986896515,
    0.1388399451971054,
    0.18127211928367615,
    0.2985858917236328,
    0.09572108834981918,
    0.4054911732673645,
    0.5259958505630493,
    0.6782710552215576
  ],
  "sigma2": [
    0.00016444764332845807,
    0.0008639207808300853,
    0.000861565989907831,
    0.0008561703725717962,
    0.0008618581341579556,
    0.0006285145645961165,
    0.000824203307274729,
    0.002611449919641018,
    0.0008619794389232993,
    0.0008619785658083856,
    0.000861978973262012,
    0.000992240966297686,
    0.0008291223784908652,
    0.0006878941785544157,
    0.0008260892354883254,
    0.0008446666179224849,
    0.0008588007185608149
  ],
  "pi": [
    0.9990000128746033,
    1.7975452237806167e-06,
    5.179580512049142e-06,
    1.0218546776741277e-05,
    9.592467620223033e-08,
    0.00012928633077535778,
    3.0665665690321475e-05,
    0.0002824619004968554,
    3.5233007622537116e-09,
    4.783597962187969e-09,
    3.60385210562697e-09,
    0.00019536669424269348,
    8.918486855691299e-05,
    0.0002282322820974514,
    2.063280226138886e-05,
    6.37553375781863e-06,
    4.904529760096921e-07
  ],
  "J": 17
}