{
  "mu": [
    0.0,
    -0.7820482850074768,
    -0.6380782723426819,
    -0.5415442585945129,
    -0.45357781648635864,
    -0.3358384966850281,
    -0.45309698581695557,
    -0.12911328673362732,
    0.1400257796049118,
    0.14008814096450806,
    0.14003044366836548,
    0.18668122589588165,
    0.31060516834259033,
    0.09068422019481659,
    0.4280196726322174,
    0.5437800884246826,
    0.692786693572998
  ],
  "sigma2": [
    3.168513285345398e-05,
    0.0009102051262743771,
    0.0008779989439062774,
    0.0008707979577593505,
    0.0008619523141533136,
    0.0008297437452711165,
    0.0008518838440068066,
    0.003213046584278345,
    0.0008619719883427024,
    0.0008619699510745704,
    0.0008619707077741623,
    0.0011279924074187875,
    0.0009556509321555495,
    0.000844598573166877,
    0.0008648312650620937,
    0.0008665927452966571,
    0.0008576445979997516
  ],
  "pi": [
    0.9990000128746033,
    1.6731361256461241e-06,
    4.87034367324668e-06,
    1.1192571946594398e-05,
    8.265448769861905e-08,
    0.0001165203721029684,
    2.5489242034382187e-05,
    0.0002992859808728099,
    3.756767785745296e-09,
    5.2761452984384505e-09,
    3.850910257341411e-09,
    0.000188834746950306,
    8.002336107892916e-05,
    0.00024746329290792346,
    1.837859963416122e-05,
    5.725820301449858e-06,
    4.469922316729935e-07
  ],
  "J": 17
}