{
  "mu": [
    0.0,
    -0.7169134616851807,
    -0.5956907272338867,
    -0.511407196521759,
    -0.4127594232559204,
    -0.2994886636734009,
    -0.4122600555419922,
    -0.17453613877296448,
    -0.00022575020557269454,
    0.000238374006585218,
    -0.00017377296171616763,
    0.18056868016719818,
    0.26908165216445923,
    0.17295220494270325,
    0.3571259379386902,
    0.49182310700416565,
    0.632786214351654
  ],
  "sigma2": [
    0.0010991630842909217,
    0.0008531468920409679,
    0.0008414987241849303,
    0.0008019603556022048,
    0.0008606273331679404,
    0.0003782880085054785,
    0.0006672281888313591,
    0.0006788645987398922,
    0.000861984328366816,
    0.000861984328366816,
    0.000861984328366816,
    0.0008619464933872223,
    0.0007280140998773277,
    0.0007529259892180562,
    0.000755075307097286,
    0.0008051363984122872,
    0.0008556606480851769
  ],
  "pi": [
    0.9990000128746033,
    2.21504774344794e-06,
    7.359097253356595e-06,
    2.037507510976866e-05,
    3.5709120993487886e-07,
    0.00024025984748732299,
    6.0691389080602676e-05,
    0.00017361596110276878,
    7.218429853850239e-09,
    7.927742906588264e-09,
    7.311505179075084e-09,
    1.0676604489390229e-07,
    0.00016326754121109843,
    0.00027830179897136986,
    4.009800613857806e-05,
    1.2405876987031661e-05,
    9.241392149306193e-07
  ],
  "J": 17
}