{
  "mu": [
    0.0,
    -0.8046160340309143,
    -0.6587043404579163,
    -0.5574950575828552,
    -0.4459255039691925,
    -0.34185850620269775,
    -0.46028050780296326,
    -0.13548177480697632,
    0.14489679038524628,
    0.14494170248508453,
    0.1449000984430313,
    0.1900729387998581,
    0.3151697814464569,
    0.09474007040262222,
    0.43782544136047363,
    0.5550627112388611,
    0.7073615789413452
  ],
  "sigma2": [
    3.822937287623063e-05,
    0.0009163589566014707,
    0.0008816888439469039,
    0.0008771298453211784,
    0.0008620024309493601,
    0.0009991333354264498,
    0.0008666662615723908,
    0.0031177676282823086,
    0.000861971580889076,
    0.0008619699510745704,
    0.0008619719883427024,
    0.0011475266655907035,
    0.0010721043217927217,
    0.0008393695461563766,
    0.000878916762303561,
    0.0008647756185382605,
    0.0008624003967270255
  ],
  "pi": [
    0.9990000128746033,
    1.5821367469470715e-06,
    4.4125049498688895e-06,
    1.1761303539969958e-05,
    8.28261192964419e-08,
    0.00011816891492344439,
    2.5697212549857795e-05,
    0.0002965980675071478,
    3.954745864120923e-09,
    5.665311775260307e-09,
    4.058871461154467e-09,
    0.00018914804968517274,
    8.2025995652657e-05,
    0.0002457168884575367,
    1.850665285019204e-05,
    5.820281785418047e-06,
    4.655416887544561e-07
  ],
  "J": 17
}