{
  "mu": [
    0.0,
    -0.9504927396774292,
    -0.7807651162147522,
    -0.6395886540412903,
    -0.511069118976593,
    -0.37272676825523376,
    -0.5115989446640015,
    -0.1511307805776596,
    0.2164851427078247,
    0.21648810803890228,
    0.21648533642292023,
    0.21678763628005981,
    0.3446318209171295,
    0.10990791022777557,
    0.49013587832450867,
    0.6195337176322937,
    0.7821084856987
  ],
  "sigma2": [
    5.0978058425243944e-05,
    0.0008574262610636652,
    0.0008250451646745205,
    0.000765737087931484,
    0.0008618692518211901,
    0.00042785293771885335,
    0.0006690735463052988,
    0.002310330979526043,
    0.0008619001018814743,
    0.0008618984720669687,
    0.0008619005093351007,
    0.00036393798654899,
    0.0004886233946308494,
    0.0003584998776204884,
    0.0006978099117986858,
    0.0008038413361646235,
    0.000854319310747087
  ],
  "pi": [
    0.9990000128746033,
    1.2912066722492455e-06,
    3.542614422258339e-06,
    1.2595231964951381e-05,
    3.0556459584829554e-09,
    0.00011563042789930478,
    2.723708894336596e-05,
    0.0003041465824935585,
    1.4612461241014785e-09,
    1.7389537587675363e-09,
    1.4811238902012747e-09,
    0.00017583584121894091,
    7.93046347098425e-05,
    0.0002551898651290685,
    1.911680919874925e-05,
    5.624046934826765e-06,
    4.779966502610478e-07
  ],
  "J": 17
}