{
  "mu": [
    0.0,
    -0.6731323599815369,
    -0.561890721321106,
    -0.47656720876693726,
    -0.4113018214702606,
    -0.3645852208137512,
    -0.33033379912376404,
    -0.1450837403535843,
    -0.015564678236842155,
    0.0012283057440072298,
    0.011022841557860374,
    0.12095429748296738,
    0.28889137506484985,
    0.39748188853263855,
    0.40367427468299866,
    0.450105220079422,
    0.5566281080245972
  ],
  "sigma2": [
    0.007087123114615679,
    0.004150279797613621,
    0.004170611966401339,
    0.004187796264886856,
    0.0040175472386181355,
    0.003841686062514782,
    0.0041313027031719685,
    0.004190176725387573,
    0.004174651112407446,
    0.0041783591732382774,
    0.0041712443344295025,
    0.004181801341474056,
    0.004147893749177456,
    0.004097051918506622,
    0.0040415208786726,
    0.004105120897293091,
    0.004154535010457039
  ],
  "pi": [
    0.9990000128746033,
    8.835587323119398e-06,
    3.1233426852850243e-05,
    9.51090405578725e-05,
    0.00029113332857377827,
    0.0003280655073467642,
    1.2536354006442707e-05,
    7.198511411843356e-06,
    1.669164703343995e-05,
    1.9115836039418355e-05,
    1.7063188352040015e-05,
    7.023584657872561e-06,
    3.551513827915187e-06,
    3.181302236043848e-05,
    8.071302727330476e-05,
    4.3136260501341894e-05,
    6.780267995054601e-06
  ],
  "J": 17
}