{
  "mu": [
    0.0,
    -0.9125143885612488,
    -0.7448101043701172,
    -0.6110888123512268,
    -0.48993822932243347,
    -0.35756686329841614,
    -0.4898300766944885,
    -0.14603805541992188,
    0.20733784139156342,
    0.20734712481498718,
    0.20733846724033356,
    0.20935720205307007,
    0.3357018530368805,
    0.10747822374105453,
    0.47463250160217285,
    0.5982534289360046,
    0.751209557056427
  ],
  "sigma2": [
    2.2339692804962397e-05,
    0.000867492810357362,
    0.0008212759275920689,
    0.0007398782763630152,
    0.0008617743151262403,
    0.00032845319947227836,
    0.0006354349898174405,
    0.0024388881865888834,
    0.0008619391010142863,
    0.0008619337459094822,
    0.0008619386935606599,
    0.00044291015365161,
    0.0004959953366778791,
    0.0004269360506441444,
    0.0006769364699721336,
    0.0007891240529716015,
    0.0008544859592802823
  ],
  "pi": [
    0.9990000128746033,
    1.3144917829777114e-06,
    3.6087785701965913e-06,
    1.2859834896516986e-05,
    1.0582453136009917e-08,
    0.00011740372428903356,
    2.7638139727059752e-05,
    0.00029728063964284956,
    3.5074259052692014e-09,
    5.030752703305552e-09,
    3.5998255487612596e-09,
    0.00017954497889149934,
    8.068588067544624e-05,
    0.00025405545602552593,
    1.926922232087236e-05,
    5.8295663620810956e-06,
    4.865419782618119e-07
  ],
  "J": 17
}