{
  "mu": [
    0.0,
    -0.7938765287399292,
    -0.6476064324378967,
    -0.5480511784553528,
    -0.4548485577106476,
    -0.33819398283958435,
    -0.4547972083091736,
    -0.13185326755046844,
    0.143333300948143,
    0.14339950680732727,
    0.1433381289243698,
    0.18921330571174622,
    0.31361955404281616,
    0.09349868446588516,
    0.4331788718700409,
    0.5486680269241333,
    0.6996974349021912
  ],
  "sigma2": [
    2.837981446646154e-05,
    0.0009174139122478664,
    0.0008809614228084683,
    0.0008647253271192312,
    0.00086195272160694,
    0.0008972352952696383,
    0.0008521166746504605,
    0.00306816678494215,
    0.0008619728032499552,
    0.000861971580889076,
    0.0008619732107035816,
    0.001107897493056953,
    0.0009861605940386653,
    0.0008237652946263552,
    0.0008698264136910439,
    0.0008668539230711758,
    0.0008586504263803363
  ],
  "pi": [
    0.9990000128746033,
    1.6171686638699612e-06,
    4.752984750666656e-06,
    1.1635655937425327e-05,
    8.290901121199568e-08,
    0.00011751830606954172,
    2.5725443265400827e-05,
    0.00029691332019865513,
    3.900248568555753e-09,
    5.549623427469896e-09,
    4.001274422904544e-09,
    0.00018827483290806413,
    8.053766214288771e-05,
    0.00024807066074572504,
    1.850612898124382e-05,
    5.905121270188829e-06,
    4.4639045881922357e-07
  ],
  "J": 17
}