{
  "mu": [
    0.0,
    -0.96590656042099,
    -0.7956913113594055,
    -0.6523399949073792,
    -0.5193123817443848,
    -0.37850213050842285,
    -0.5193432569503784,
    -0.1529630571603775,
    0.2223755568265915,
    0.22237558662891388,
    0.2223755568265915,
    0.222714364528656,
    0.3503584563732147,
    0.11298736184835434,
    0.4984903633594513,
    0.6280696392059326,
    0.7909346222877502
  ],
  "sigma2": [
    2.2348280253936537e-05,
    0.0008514801738783717,
    0.0008118679979816079,
    0.0007195085054263473,
    0.00086183100938797,
    0.0002735418966040015,
    0.0005869382875971496,
    0.001816255389712751,
    0.0008618782740086317,
    0.0008618782740086317,
    0.0008618782740086317,
    0.0002236618020106107,
    0.0003696666972246021,
    0.00018573558190837502,
    0.0006457556155510247,
    0.0007863924838602543,
    0.0008532644715160131
  ],
  "pi": [
    0.9990000128746033,
    1.2820279380321153e-06,
    3.4900269838544773e-06,
    1.249848628503969e-05,
    1.4649437218849926e-09,
    0.00011482636182336137,
    2.7097905331174843e-05,
    0.0003070513776037842,
    5.993129326142821e-10,
    6.517874018285852e-10,
    6.033610278066703e-10,
    0.00017446321726310998,
    7.87050521466881e-05,
    0.00025552272563800216,
    1.8998985979123972e-05,
    5.586085535469465e-06,
    4.745078285850468e-07
  ],
  "J": 17
}