{
  "mu": [
    0.0,
    -0.8581725358963013,
    -0.7044603824615479,
    -0.5876222848892212,
    -0.47704339027404785,
    -0.3517793118953705,
    -0.4771669805049896,
    -0.14421263337135315,
    0.16701389849185944,
    0.16751033067703247,
    0.16704846918582916,
    0.1998637616634369,
    0.3261856734752655,
    0.10198681056499481,
    0.4569432735443115,
    0.5784940719604492,
    0.7353664040565491
  ],
  "sigma2": [
    5.790724026155658e-05,
    0.0009190142736770213,
    0.0008565941825509071,
    0.0008350918651558459,
    0.0008618778665550053,
    0.0008615943370386958,
    0.0008144515450112522,
    0.003025695215910673,
    0.0008619822910986841,
    0.0008619818254373968,
    0.0008619822910986841,
    0.0009646505350247025,
    0.000920470745768398,
    0.0007874018047004938,
    0.0008365242392756045,
    0.0008381173247471452,
    0.0008606823976151645
  ],
  "pi": [
    0.9990000128746033,
    1.4887867791912868e-06,
    3.827489763352787e-06,
    1.263073045265628e-05,
    5.2342358003443223e-08,
    0.00011835650366265327,
    2.7082916858489625e-05,
    0.000295359204756096,
    4.368329697967965e-09,
    6.573224187178539e-09,
    4.496546246457456e-09,
    0.00018506392370909452,
    8.13952210592106e-05,
    0.0002488001191522926,
    1.9603365217335522e-05,
    5.832127499161288e-06,
    4.918964577882434e-07
  ],
  "J": 17
}