{
  "mu": [
    0.0,
    -0.726632297039032,
    -0.61360764503479,
    -0.5326516628265381,
    -0.4298563301563263,
    -0.3119899034500122,
    -0.42998480796813965,
    -0.16811753809452057,
    0.0009495544363744557,
    0.003904561745002866,
    0.0010785150807350874,
    0.21556764841079712,
    0.2800423204898834,
    0.16305628418922424,
    0.37730318307876587,
    0.5065180063247681,
    0.6476229429244995
  ],
  "sigma2": [
    0.0007153471815399826,
    0.0008545462624169886,
    0.0008539035334251821,
    0.0008330547134391963,
    0.0008617295534349978,
    0.0004815946740563959,
    0.0007464293157681823,
    0.0009689715807326138,
    0.0008619880536571145,
    0.0008619884611107409,
    0.0008619880536571145,
    0.0008615762926638126,
    0.000793440907727927,
    0.001037696609273553,
    0.000782941235229373,
    0.0008146624313667417,
    0.0008554628002457321
  ],
  "pi": [
    0.9990000128746033,
    2.3125155621528393e-06,
    5.127806161908666e-06,
    1.661011810938362e-05,
    8.925903927092804e-08,
    0.0001979712542379275,
    5.0000642659142613e-05,
    0.0002086443710140884,
    1.9814128116024676e-09,
    2.117877873075713e-09,
    1.999413301589925e-09,
    2.949279860331444e-07,
    0.00013940468488726765,
    0.00033682366483844817,
    3.185026434948668e-05,
    1.0106776244356297e-05,
    7.577111773571232e-07
  ],
  "J": 17
}