{
  "mu": [
    0.0,
    -0.9194450378417969,
    -0.7544695734977722,
    -0.6184056997299194,
    -0.4952157735824585,
    -0.3619089424610138,
    -0.4954615831375122,
    -0.15006467700004578,
    0.20796626806259155,
    0.2079140692949295,
    0.2079630196094513,
    0.20911239087581635,
    0.3355840742588043,
    0.10615400969982147,
    0.47621679306030273,
    0.6003726124763489,
    0.7602365612983704
  ],
  "sigma2": [
    8.257205627160147e-05,
    0.0008672637050040066,
    0.0008270805119536817,
    0.0007623856654390693,
    0.0008618281572125852,
    0.00044396292651072145,
    0.0006759185343980789,
    0.0024743438698351383,
    0.0008619477157481015,
    0.0008619440486654639,
    0.000861947366502136,
    0.0005202946485951543,
    0.0005770569550804794,
    0.0004947425331920385,
    0.0007217767415568233,
    0.0008108984329737723,
    0.0008608400239609182
  ],
  "pi": [
    0.9990000128746033,
    1.3157978173694573e-06,
    3.6151038784737466e-06,
    1.2904048162454274e-05,
    8.975468368532802e-09,
    0.00011781354260165244,
    2.7692225557984784e-05,
    0.0002962231228593737,
    3.2752449641293424e-09,
    4.603685876958252e-09,
    3.3573435143097186e-09,
    0.00018023715529125184,
    8.08371914899908e-05,
    0.00025368022033944726,
    1.9406315914238803e-05,
    5.772914846602362e-06,
    4.821898755835718e-07
  ],
  "J": 17
}