{
  "mu": [
    0.0,
    -0.9259649515151978,
    -0.7592287659645081,
    -0.6244127154350281,
    -0.49939772486686707,
    -0.365164577960968,
    -0.4994511604309082,
    -0.14900176227092743,
    0.21184411644935608,
    0.2118467539548874,
    0.2118443101644516,
    0.21201886236667633,
    0.3384808897972107,
    0.10824817419052124,
    0.4799453020095825,
    0.6056751012802124,
    0.7634049654006958
  ],
  "sigma2": [
    2.3911443349788897e-05,
    0.0008651830721646547,
    0.0008269022800959647,
    0.0007643643766641617,
    0.000861838401760906,
    0.0003978047170676291,
    0.0006764999125152826,
    0.002634308533743024,
    0.0008619424188509583,
    0.0008619395666755736,
    0.0008619436412118375,
    0.0004847882955800742,
    0.0005416746716946363,
    0.0004914116580039263,
    0.000715703412424773,
    0.0008113343501463532,
    0.0008569925557821989
  ],
  "pi": [
    0.9990000128746033,
    1.3047458651271882e-06,
    3.6094963888899656e-06,
    1.2716679520963226e-05,
    7.354413522620007e-09,
    0.00011670066305669025,
    2.7497888368088752e-05,
    0.00029959643143229187,
    2.9884974495075767e-09,
    4.096877948001065e-09,
    3.05857983384783e-09,
    0.0001781176688382402,
    8.018699736567214e-05,
    0.00025481326156295836,
    1.927864650497213e-05,
    5.676574801327661e-06,
    4.835152935811493e-07
  ],
  "J": 17
}