{
  "mu": [
    0.0,
    -0.9603061676025391,
    -0.7941184639930725,
    -0.6509684324264526,
    -0.5189385414123535,
    -0.3792756497859955,
    -0.5190412402153015,
    -0.15374666452407837,
    0.22121112048625946,
    0.22121073305606842,
    0.22121107578277588,
    0.2207881510257721,
    0.34847572445869446,
    0.11124517768621445,
    0.4960743188858032,
    0.6280374526977539,
    0.7898260354995728
  ],
  "sigma2": [
    6.275810301303864e-05,
    0.0008569684578105807,
    0.0008293070131912827,
    0.0007767142378725111,
    0.000861875421833247,
    0.00042925027082674205,
    0.0006678986246697605,
    0.0021063927561044693,
    0.0008618992287665606,
    0.0008618988795205951,
    0.0008618992287665606,
    0.00034062290797010064,
    0.00047729944344609976,
    0.0003152119170408696,
    0.0006932097021490335,
    0.0008117104298435152,
    0.0008544194861315191
  ],
  "pi": [
    0.9990000128746033,
    1.2831393405576819e-06,
    3.4997226521227276e-06,
    1.2516346941993106e-05,
    1.8335625240339937e-09,
    0.0001149097879533656,
    2.7108510039397515e-05,
    0.00030664625228382647,
    7.873978136174742e-10,
    8.74587291477269e-10,
    7.939874313578343e-10,
    0.0001746826310409233,
    7.880490738898516e-05,
    0.0002554634993430227,
    1.9024540961254388e-05,
    5.5814289225963876e-06,
    4.750514221996127e-07
  ],
  "J": 17
}