{
  "mu": [
    0.0,
    -0.7191089987754822,
    -0.593288779258728,
    -0.5071811079978943,
    -0.41164806485176086,
    -0.29890984296798706,
    -0.41096752882003784,
    -0.18819615244865417,
    -0.0005565663450397551,
    -0.0007047995459288359,
    -0.00047769566299393773,
    0.19839704036712646,
    0.26962804794311523,
    0.19029659032821655,
    0.3537302613258362,
    0.4876982271671295,
    0.6281616687774658
  ],
  "sigma2": [
    0.0016059112967923284,
    0.0008520151022821665,
    0.0008426326676271856,
    0.0008183541940525174,
    0.0008593279053457081,
    0.00048660332686267793,
    0.0007254124502651393,
    0.0006571222329512239,
    0.0008619806612841785,
    0.0008619801956228912,
    0.0008619806612841785,
    0.0008618799038231373,
    0.0007621966069564223,
    0.0006824295269325376,
    0.0007910473505035043,
    0.00081664725439623,
    0.0008552339277230203
  ],
  "pi": [
    0.9990000128746033,
    2.5679910322651267e-06,
    9.861924809229095e-06,
    2.4057624614215456e-05,
    1.259384134755237e-06,
    0.0002926959714386612,
    7.262390136020258e-05,
    0.00013316482363734394,
    1.8812386315403273e-08,
    2.0898037078609377e-08,
    1.9085927505102518e-08,
    1.3988108094054041e-07,
    0.00018487275519873947,
    0.0002130091015715152,
    4.9422636948293075e-05,
    1.5132724001887254e-05,
    1.1325219020363875e-06
  ],
  "J": 17
}