{
  "mu": [
    0.0,
    -0.7204936146736145,
    -0.5929903984069824,
    -0.5071458220481873,
    -0.41077882051467896,
    -0.2988717555999756,
    -0.4104844331741333,
    -0.19171352684497833,
    -0.0004988528089597821,
    -0.0010328013449907303,
    -0.0003834267845377326,
    0.2023935467004776,
    0.2696230709552765,
    0.19506621360778809,
    0.35199978947639465,
    0.4855922758579254,
    0.6295825839042664
  ],
  "sigma2": [
    0.0017331448616459966,
    0.0008522373391315341,
    0.0008427740540355444,
    0.0008235248969867826,
    0.00085921969730407,
    0.0005357516347430646,
    0.0007465251255780458,
    0.0006682726088911295,
    0.0008619785658083856,
    0.0008619781583547592,
    0.0008619785658083856,
    0.0008618680294603109,
    0.0007696309476159513,
    0.0006900022272020578,
    0.0007985070697031915,
    0.0008220893214456737,
    0.000855746679008007
  ],
  "pi": [
    0.9990000128746033,
    2.6847983463085257e-06,
    1.0382387699792162e-05,
    2.5100023776758462e-05,
    1.648505872253736e-06,
    0.00030733790481463075,
    7.599361561005935e-05,
    0.00012224588135723025,
    2.740342530671569e-08,
    3.0543073847866253e-08,
    2.7815275416287477e-08,
    1.524431212374111e-07,
    0.0001873219880508259,
    0.000197781395399943,
    5.2184775995556265e-05,
    1.5892463125055656e-05,
    1.1881202226504683e-06
  ],
  "J": 17
}