{
  "mu": [
    0.0,
    -0.9004001021385193,
    -0.7388670444488525,
    -0.6071517467498779,
    -0.488709956407547,
    -0.35827597975730896,
    -0.48909518122673035,
    -0.14662660658359528,
    0.20645032823085785,
    0.20646017789840698,
    0.20645101368427277,
    0.20688147842884064,
    0.3335646390914917,
    0.10574549436569214,
    0.4712647795677185,
    0.5950886607170105,
    0.7480800747871399
  ],
  "sigma2": [
    2.4150131139322184e-05,
    0.0008839046931825578,
    0.0008393703610636294,
    0.0007975169573910534,
    0.0008618466672487557,
    0.0005646651843562722,
    0.0007445489172823727,
    0.00287732039578259,
    0.0008619711734354496,
    0.0008619687287136912,
    0.0008619707077741623,
    0.0006893454701639712,
    0.0006904853507876396,
    0.0006478516152128577,
    0.0007652260828763247,
    0.0008186211343854666,
    0.0008582394220866263
  ],
  "pi": [
    0.9990000128746033,
    1.3372680314205354e-06,
    3.605441861509462e-06,
    1.2897455235361122e-05,
    1.8983966398877783e-08,
    0.00011728266690624878,
    2.740683703450486e-05,
    0.0002977428666781634,
    4.0270253798269096e-09,
    6.015903775136167e-09,
    4.1431884589826495e-09,
    0.0001804379135137424,
    8.06418975116685e-05,
    0.0002530372585169971,
    1.9299290215712972e-05,
    5.791657258669147e-06,
    4.863448452852026e-07
  ],
  "J": 17
}