{
  "mu": [
    0.0,
    -0.7683417201042175,
    -0.652886688709259,
    -0.5468135476112366,
    -0.4134541451931,
    -0.32921651005744934,
    -0.4452974200248718,
    -0.11562656611204147,
    0.06029483303427696,
    0.060304950922727585,
    0.06029554829001427,
    0.11343808472156525,
    0.40645670890808105,
    0.2860293686389923,
    0.41903799772262573,
    0.53730309009552,
    0.6829445362091064
  ],
  "sigma2": [
    1.9063520085182972e-05,
    0.0008142426377162337,
    0.0007970003061927855,
    0.0007892418070696294,
    0.0007915695896372199,
    0.0008214599802158773,
    0.0008002429385669529,
    0.0035988069139420986,
    0.0007914759335108101,
    0.0007914596935734153,
    0.0007914755842648447,
    0.0028036413714289665,
    0.0007915945025160909,
    0.0009249686845578253,
    0.0007994763436727226,
    0.0007995517808012664,
    0.000787403667345643
  ],
  "pi": [
    0.9990000128746033,
    1.420426883669279e-06,
    2.643012976477621e-06,
    1.1406435987737495e-05,
    5.915267564660098e-08,
    0.00010083690722240135,
    2.3487778889830224e-05,
    0.0003193987358827144,
    2.938720156109298e-09,
    4.753470506102531e-09,
    3.0486713153976552e-09,
    0.0004282646987121552,
    2.3519080016853877e-08,
    8.89082220965065e-05,
    1.8424016161588952e-05,
    4.674750016420148e-06,
    4.4167640567138733e-07
  ],
  "J": 17
}