{
  "mu": [
    0.0,
    -0.8518161177635193,
    -0.7375812530517578,
    -0.599689781665802,
    -0.5375161170959473,
    -0.33328568935394287,
    -0.4481910467147827,
    -0.1417558193206787,
    0.15128934383392334,
    0.15142717957496643,
    0.15130656957626343,
    0.18621988594532013,
    0.30221617221832275,
    0.09930325299501419,
    0.42509725689888,
    0.5463462471961975,
    0.6723254323005676
  ],
  "sigma2": [
    4.562345566228032e-05,
    0.0009120367467403412,
    0.0009080761228688061,
    0.0009225751273334026,
    0.0009232911397702992,
    0.0010491244029253721,
    0.0009522806503809988,
    0.0025992884766310453,
    0.0009138320456258953,
    0.0009138294262811542,
    0.0009138320456258953,
    0.0010060429340228438,
    0.001005717203952372,
    0.0007810830720700324,
    0.0009210292482748628,
    0.0009241575025953352,
    0.000913503929041326
  ],
  "pi": [
    0.9990000128746033,
    6.070279710002069e-07,
    2.260384917462943e-06,
    8.47436149342684e-06,
    8.848575816955417e-06,
    0.00013573578326031566,
    2.8037631636834703e-05,
    0.0002658600569702685,
    1.2073356536745905e-08,
    1.794108683839113e-08,
    1.2510845692759176e-08,
    0.00019548306590877473,
    9.579666220815852e-05,
    0.00022631639149039984,
    2.477325324434787e-05,
    7.032353551039705e-06,
    7.319886776713247e-07
  ],
  "J": 17
}