{
  "top1_error_pre[%]": 89.29,
  "top1_error_post[%]": 0.9499999999999953,
  "Delta[%]": -88.34,
  "|W|": 430500,
  "|W_nonzero|/|W|[%]": 3.6905923344947733,
  "CR": 56.495831299904445,
  "acc_pretrain": 0.1071,
  "acc_retrain": 0.9912,
  "acc_quantized": 0.9905
}