{
  "mu": [
    0.0,
    -0.749354898929596,
    -0.4954460859298706,
    -0.21644152700901031,
    -0.22338134050369263,
    -0.3592522144317627,
    -0.348711222410202,
    -0.10030964761972427,
    -0.2356778085231781,
    -0.07937575876712799,
    -0.004186613950878382,
    -0.04139287769794464,
    0.08026880770921707,
    0.04728752002120018,
    0.11107353121042252,
    0.22544702887535095,
    0.3214905560016632
  ],
  "sigma2": [
    9.99999993922529e-09,
    0.0422699898481369,
    0.06999269127845764,
    0.0017913799965754151,
    0.022418254986405373,
    9.99999993922529e-09,
    9.99999993922529e-09,
    0.0010609431192278862,
    2.3327083908952773e-05,
    0.00027755083283409476,
    2.8711264477010445e-08,
    1.7728790879800727e-08,
    0.014543116092681885,
    9.99999993922529e-09,
    0.0005067445454187691,
    2.2178498966241023e-06,
    0.0005550383939407766
  ],
  "pi": [
    0.9990000128746033,
    8.224515823940237e-08,
    9.280802970579316e-08,
    2.3821428840165026e-05,
    3.273609763709828e-05,
    7.126549917302327e-06,
    3.204863332939567e-06,
    0.00014680316962767392,
    6.804343865951523e-05,
    6.239205276870052e-07,
    0.00020743257482536137,
    6.704310362692922e-05,
    0.00011654962872853503,
    0.00011971453932346776,
    0.000170447543496266,
    3.162542634527199e-05,
    4.65270750282798e-06
  ],
  "J": 17
}