{
  "mu": [
    0.0,
    0.00046605253010056913,
    0.11679036170244217,
    -0.17428885400295258,
    -0.2821885645389557,
    -0.4148098826408386,
    -0.4042509198188782,
    -0.11967113614082336,
    -0.2590983808040619,
    -0.07564278692007065,
    -0.005522610154002905,
    -0.042562756687402725,
    -0.011112131178379059,
    0.06462305784225464,
    0.1496279388666153,
    0.27967652678489685,
    0.39430147409439087
  ],
  "sigma2": [
    9.99999993922529e-09,
    0.0022351169027388096,
    9.99999993922529e-09,
    9.99999993922529e-09,
    9.99999993922529e-09,
    9.99999993922529e-09,
    9.99999993922529e-09,
    9.99999993922529e-09,
    9.99999993922529e-09,
    9.99999993922529e-09,
    9.99999993922529e-09,
    9.99999993922529e-09,
    9.99999993922529e-09,
    9.99999993922529e-09,
    9.99999993922529e-09,
    9.99999993922529e-09,
    9.99999993922529e-09
  ],
  "pi": [
    0.9990000128746033,
    0.0007474639569409192,
    8.197984016078408e-07,
    4.368885981875792e-07,
    1.3737900417254423e-06,
    8.010102305888722e-07,
    4.154187251970143e-07,
    6.649368629041419e-07,
    2.3839345431042602e-06,
    8.475976187583001e-07,
    0.00014190484944265336,
    1.9608662569226e-06,
    9.884548489935696e-05,
    1.2840073395636864e-06,
    4.0912615872912284e-07,
    2.6746150183498685e-07,
    1.208196351853985e-07
  ],
  "J": 17
}