{
  "mu": [
    0.0,
    -0.0026841438375413418,
    0.0973709374666214,
    -0.1566755622625351,
    -0.25713974237442017,
    -0.37052950263023376,
    -0.36155760288238525,
    -0.11165578663349152,
    -0.24342119693756104,
    -0.07600376009941101,
    -0.003876626258715987,
    -0.040922269225120544,
    -0.008930752985179424,
    0.050991106778383255,
    0.1231830045580864,
    0.24020332098007202,
    0.3453679382801056
  ],
  "sigma2": [
    9.99999993922529e-09,
    0.0035551616456359625,
    9.99999993922529e-09,
    9.99999993922529e-09,
    9.99999993922529e-09,
    9.99999993922529e-09,
    9.99999993922529e-09,
    9.99999993922529e-09,
    9.99999993922529e-09,
    9.99999993922529e-09,
    9.99999993922529e-09,
    9.99999993922529e-09,
    9.99999993922529e-09,
    9.99999993922529e-09,
    9.99999993922529e-09,
    9.99999993922529e-09,
    9.99999993922529e-09
  ],
  "pi": [
    0.9990000128746033,
    0.0007564130937680602,
    2.3182324184745084e-06,
    2.7597204166340816e-07,
    1.5104487829376012e-06,
    6.715609401908296e-07,
    4.707493701516796e-07,
    6.158374503684172e-07,
    2.4726373339944985e-06,
    1.96469741808869e-07,
    0.0001320933661190793,
    4.1950107743105036e-07,
    0.00010106458648806438,
    3.486054822587903e-07,
    6.170111532810552e-07,
    3.7364361560321413e-07,
    1.3831282785758958e-07
  ],
  "J": 17
}