{
  "mu": [
    0.0,
    0.00335961882956326,
    0.10664058476686478,
    -0.1632155328989029,
    -0.26615673303604126,
    -0.39036399126052856,
    -0.38157498836517334,
    -0.11381565034389496,
    -0.250916451215744,
    -0.07327976077795029,
    -0.0045211478136479855,
    -0.040282588452100754,
    -0.00994165986776352,
    0.05716263875365257,
    0.13469518721103668,
    0.2585902214050293,
    0.3693010210990906
  ],
  "sigma2": [
    9.99999993922529e-09,
    0.002177873160690069,
    9.99999993922529e-09,
    9.99999993922529e-09,
    9.99999993922529e-09,
    9.99999993922529e-09,
    9.99999993922529e-09,
    9.99999993922529e-09,
    9.99999993922529e-09,
    9.99999993922529e-09,
    9.99999993922529e-09,
    9.99999993922529e-09,
    9.99999993922529e-09,
    9.99999993922529e-09,
    9.99999993922529e-09,
    9.99999993922529e-09,
    9.99999993922529e-09
  ],
  "pi": [
    0.9990000128746033,
    0.0006847123731859028,
    4.3572613321885e-06,
    1.7469574231654406e-06,
    3.055632987525314e-06,
    1.0798105449794093e-06,
    5.94177379298344e-07,
    3.165264160998049e-06,
    3.708864369400544e-06,
    3.436092129049939e-06,
    0.00015125559002626687,
    1.0075817954202648e-05,
    0.00012418068945407867,
    5.689943918696372e-06,
    2.007545390370069e-06,
    7.074094696690736e-07,
    2.26654847779173e-07
  ],
  "J": 17
}