{
  "mu": [
    0.0,
    -0.7514227628707886,
    -0.6336520910263062,
    -0.4938088357448578,
    -0.4215679168701172,
    -0.34320390224456787,
    -0.33488699793815613,
    -0.165533646941185,
    -0.24130123853683472,
    -0.007126153912395239,
    -0.09478023648262024,
    -0.005402376875281334,
    0.14003099501132965,
    0.10563511401414871,
    0.19356128573417664,
    0.2874011993408203,
    0.3902440369129181
  ],
  "sigma2": [
    0.00027688537375070155,
    0.017840055748820305,
    0.028792191296815872,
    0.008651155047118664,
    0.0031936492305248976,
    0.00028786362963728607,
    3.4875753840424295e-07,
    0.00421858299523592,
    0.0005611575325019658,
    0.0016037586610764265,
    0.0006548918900080025,
    0.000753081520088017,
    0.09317854046821594,
    0.0005086318706162274,
    0.0012205314124003053,
    0.0022734738886356354,
    0.008120070211589336
  ],
  "pi": [
    0.9990000128746033,
    1.3149134758805303e-07,
    1.5265777619788423e-07,
    2.1298602348451823e-07,
    8.371608601009939e-06,
    1.2667741430050228e-05,
    1.217596945934929e-05,
    0.00048651386168785393,
    1.5884286312939366e-06,
    8.605289281149453e-08,
    3.796384646648221e-07,
    1.377465537188982e-07,
    6.992149081952448e-08,
    0.0003179962805006653,
    0.00013594358460977674,
    2.2128822820377536e-05,
    1.4433135220315307e-06
  ],
  "J": 17
}