{
  "mu": [
    0.0,
    -0.7946562767028809,
    -0.40834134817123413,
    -0.1554986983537674,
    -0.20709319412708282,
    -0.35968202352523804,
    -0.3492797911167145,
    -0.10831359773874283,
    -0.2371658980846405,
    -0.07451214641332626,
    -0.004166102036833763,
    -0.04154488071799278,
    0.02363080158829689,
    0.04755668342113495,
    0.11260832846164703,
    0.22734302282333374,
    0.3191363215446472
  ],
  "sigma2": [
    9.99999993922529e-09,
    0.02878461964428425,
    0.4040040075778961,
    0.0036772824823856354,
    0.02389994077384472,
    9.99999993922529e-09,
    9.99999993922529e-09,
    0.000369990651961416,
    3.8130730217744713e-07,
    4.20855076299631e-06,
    9.99999993922529e-09,
    9.99999993922529e-09,
    0.02000623755156994,
    9.99999993922529e-09,
    0.0002817235072143376,
    9.998439054470509e-08,
    0.0005447986186482012
  ],
  "pi": [
    0.9990000128746033,
    5.525597757127798e-08,
    1.2287745221328805e-07,
    1.8276721675647423e-05,
    3.178671977366321e-05,
    7.0767387114756275e-06,
    3.4803890684997896e-06,
    8.947996684582904e-05,
    7.33721099095419e-05,
    2.259422399220057e-05,
    0.00020236862474121153,
    6.687475979560986e-05,
    0.00015781050024088472,
    0.0001207421300932765,
    0.0001676813408266753,
    3.223987005185336e-05,
    6.037768798705656e-06
  ],
  "J": 17
}