{
  "mu": [
    0.0,
    -3.631407525972463e-05,
    0.10553921014070511,
    -0.16277749836444855,
    -0.26556214690208435,
    -0.3890104591846466,
    -0.3799198269844055,
    -0.11377870291471481,
    -0.25065484642982483,
    -0.07382485270500183,
    -0.004491121973842382,
    -0.04031282290816307,
    -0.009860868565738201,
    0.05624419450759888,
    0.13316620886325836,
    0.25597068667411804,
    0.36734190583229065
  ],
  "sigma2": [
    9.99999993922529e-09,
    0.0026719053275883198,
    9.99999993922529e-09,
    9.99999993922529e-09,
    9.99999993922529e-09,
    9.99999993922529e-09,
    9.99999993922529e-09,
    9.99999993922529e-09,
    9.99999993922529e-09,
    9.99999993922529e-09,
    9.99999993922529e-09,
    9.99999993922529e-09,
    9.99999993922529e-09,
    9.99999993922529e-09,
    9.99999993922529e-09,
    9.99999993922529e-09,
    9.99999993922529e-09
  ],
  "pi": [
    0.9990000128746033,
    0.000759105256292969,
    9.086464842766873e-07,
    4.08191908718436e-07,
    2.062255816781544e-06,
    8.481345048494404e-07,
    5.138995788911416e-07,
    5.775686418019177e-07,
    2.7541673262021504e-06,
    2.9702385972996126e-07,
    0.00013100453361403197,
    1.8103918364431593e-06,
    9.825075539993122e-05,
    5.035687422605406e-07,
    3.8716908079550194e-07,
    4.0906016351982544e-07,
    1.5948783982366876e-07
  ],
  "J": 17
}