{
  "mu": [
    0.0,
    0.0018821731209754944,
    0.10625981539487839,
    -0.16310149431228638,
    -0.2660210132598877,
    -0.3899579644203186,
    -0.38115349411964417,
    -0.11367741227149963,
    -0.2508503794670105,
    -0.07326411455869675,
    -0.004478330723941326,
    -0.04013969004154205,
    -0.00980283785611391,
    0.05683686211705208,
    0.13413946330547333,
    0.2578166127204895,
    0.3685772120952606
  ],
  "sigma2": [
    9.99999993922529e-09,
    0.002390416106209159,
    9.99999993922529e-09,
    9.99999993922529e-09,
    9.99999993922529e-09,
    9.99999993922529e-09,
    9.99999993922529e-09,
    9.99999993922529e-09,
    9.99999993922529e-09,
    9.99999993922529e-09,
    9.99999993922529e-09,
    9.99999993922529e-09,
    9.99999993922529e-09,
    9.99999993922529e-09,
    9.99999993922529e-09,
    9.99999993922529e-09,
    9.99999993922529e-09
  ],
  "pi": [
    0.9990000128746033,
    0.0007022407953627408,
    3.201970002919552e-06,
    1.2900112551506027e-06,
    2.811118747558794e-06,
    1.0046408078778768e-06,
    5.920618377786013e-07,
    2.188384087276063e-06,
    3.458154196778196e-06,
    2.4833223051246023e-06,
    0.00014689094678033143,
    8.163980965036899e-06,
    0.00011887139407917857,
    4.501974217419047e-06,
    1.4524022162731853e-06,
    6.261523139983183e-07,
    2.2276208255789243e-07
  ],
  "J": 17
}