{
  "mu": [
    0.0,
    0.0016900744521990418,
    0.11411914229393005,
    -0.1716812700033188,
    -0.27864694595336914,
    -0.4100867211818695,
    -0.40043023228645325,
    -0.11809591203927994,
    -0.257363885641098,
    -0.0744825005531311,
    -0.005258798133581877,
    -0.04167565330862999,
    -0.010650068521499634,
    0.062640480697155,
    0.14591555297374725,
    0.2763921916484833,
    0.38940927386283875
  ],
  "sigma2": [
    9.99999993922529e-09,
    0.002252328209578991,
    9.99999993922529e-09,
    9.99999993922529e-09,
    9.99999993922529e-09,
    9.99999993922529e-09,
    9.99999993922529e-09,
    9.99999993922529e-09,
    9.99999993922529e-09,
    9.99999993922529e-09,
    9.99999993922529e-09,
    9.99999993922529e-09,
    9.99999993922529e-09,
    9.99999993922529e-09,
    9.99999993922529e-09,
    9.99999993922529e-09,
    9.99999993922529e-09
  ],
  "pi": [
    0.9990000128746033,
    0.0006841950234957039,
    2.0170830339338863e-06,
    9.53131575442967e-07,
    2.142060566256987e-06,
    9.712858854982187e-07,
    5.699957910110243e-07,
    1.6057725815699087e-06,
    3.0334529128595022e-06,
    2.0568320451275213e-06,
    0.00016295201203320175,
    6.300340828602202e-06,
    0.00012751670146826655,
    4.178512426733505e-06,
    8.832323032947897e-07,
    4.3990954168293683e-07,
    1.847414523581392e-07
  ],
  "J": 17
}