{
  "mu": [
    0.0,
    -0.7192754745483398,
    -0.6328666806221008,
    -0.5230448246002197,
    -0.48898619413375854,
    -0.3828345835208893,
    -0.32634180784225464,
    -0.19309362769126892,
    -0.26552650332450867,
    -0.000777232286054641,
    -0.14061017334461212,
    -0.0008803787059150636,
    0.13980983197689056,
    0.12797585129737854,
    0.18591347336769104,
    0.26553162932395935,
    0.4168955087661743
  ],
  "sigma2": [
    0.0007666238234378397,
    0.025721045210957527,
    0.03369967266917229,
    0.010727901011705399,
    0.0029342465568333864,
    0.0027102685999125242,
    8.553794759791344e-05,
    0.0023948291782289743,
    0.0033578206785023212,
    0.0013535715406760573,
    0.0011812328593805432,
    0.0007247478351928294,
    0.09509425610303879,
    0.0001502892264397815,
    0.0010734496172517538,
    0.00284639373421669,
    0.005116006825119257
  ],
  "pi": [
    0.9990000128746033,
    1.836977219227265e-07,
    2.3146604632984236e-07,
    3.3505710916870157e-07,
    1.6186781977012288e-06,
    1.7082331396522932e-05,
    3.7516801967285573e-05,
    0.0005215288256295025,
    1.124247091865982e-06,
    2.0688780466571188e-07,
    3.619477979555086e-07,
    3.457717525634507e-07,
    1.3222042127836175e-07,
    0.00016120662621688098,
    0.0002073834475595504,
    4.9175770982401446e-05,
    1.5663121075704112e-06
  ],
  "J": 17
}