{
  "mu": [
    0.0,
    -0.17745091021060944,
    0.056599974632263184,
    -0.15316076576709747,
    -0.25379419326782227,
    -0.36290618777275085,
    -0.35417211055755615,
    -0.1099097728729248,
    -0.23988522589206696,
    -0.07602029293775558,
    -0.004348253831267357,
    -0.042666736990213394,
    -0.0043594264425337315,
    0.049471039324998856,
    0.11767686158418655,
    0.2320794314146042,
    0.3354138135910034
  ],
  "sigma2": [
    9.99999993922529e-09,
    0.01507340744137764,
    0.010741614736616611,
    9.99999993922529e-09,
    9.99999993922529e-09,
    9.99999993922529e-09,
    9.99999993922529e-09,
    9.99999993922529e-09,
    9.99999993922529e-09,
    9.99999993922529e-09,
    9.99999993922529e-09,
    9.99999993922529e-09,
    1.6032920484576607e-06,
    9.99999993922529e-09,
    9.99999993922529e-09,
    9.99999993922529e-09,
    9.99999993922529e-09
  ],
  "pi": [
    0.9990000128746033,
    5.057796442997642e-05,
    0.00014866744459141046,
    8.305752317028237e-07,
    3.0380858788703335e-06,
    4.2937685407196113e-07,
    2.8292899401094473e-07,
    3.6675960473075975e-06,
    4.341092335380381e-06,
    8.537510325368203e-07,
    0.0007017987663857639,
    2.0588224742823513e-06,
    7.156929495977238e-05,
    4.229648311593337e-06,
    6.2089825405564625e-06,
    1.2684715784416767e-06,
    1.77222730712856e-07
  ],
  "J": 17
}