{
  "mu": [
    0.0,
    0.0017268015071749687,
    0.09703373163938522,
    -0.15664780139923096,
    -0.25681570172309875,
    -0.3690885603427887,
    -0.3597151041030884,
    -0.11161719262599945,
    -0.24283044040203094,
    -0.07619483023881912,
    -0.0038582226261496544,
    -0.041228365153074265,
    -0.00909519474953413,
    0.050794873386621475,
    0.12288995087146759,
    0.23945313692092896,
    0.34450989961624146
  ],
  "sigma2": [
    9.99999993922529e-09,
    0.0031951279379427433,
    9.99999993922529e-09,
    9.99999993922529e-09,
    9.99999993922529e-09,
    9.99999993922529e-09,
    9.99999993922529e-09,
    9.99999993922529e-09,
    9.99999993922529e-09,
    9.99999993922529e-09,
    9.99999993922529e-09,
    9.99999993922529e-09,
    9.99999993922529e-09,
    9.99999993922529e-09,
    9.99999993922529e-09,
    9.99999993922529e-09,
    9.99999993922529e-09
  ],
  "pi": [
    0.9990000128746033,
    0.0005047375452704728,
    2.420991222606972e-05,
    2.399239974693046e-06,
    4.684867690230021e-06,
    1.1827022490251693e-06,
    7.465090448022238e-07,
    5.253439212538069e-06,
    6.3540192059008405e-06,
    2.550343879192951e-06,
    0.00022495682060252875,
    2.789267909975024e-06,
    0.00020924568525515497,
    2.744564426393481e-06,
    5.460212832986144e-06,
    2.1748594463133486e-06,
    5.101280748931458e-07
  ],
  "J": 17
}