{
  "mu": [
    0.0,
    -0.7104252576828003,
    -0.6293574571609497,
    -0.5328041911125183,
    -0.4644522964954376,
    -0.38494405150413513,
    -0.32269513607025146,
    -0.20447735488414764,
    -0.26825809478759766,
    -0.0007008297834545374,
    -0.016109131276607513,
    -0.0008330685086548328,
    0.1388518512248993,
    0.15896901488304138,
    0.2127859741449356,
    0.3206731975078583,
    0.4534527659416199
  ],
  "sigma2": [
    0.0010911086574196815,
    0.027552936226129532,
    0.03184853121638298,
    0.0140135008841753,
    0.006535844411700964,
    0.0035720199812203646,
    0.00026245974004268646,
    0.0016707500908523798,
    0.0029559785034507513,
    0.0013367721112444997,
    0.0012460954021662474,
    0.0007275463431142271,
    0.08905113488435745,
    0.0005112721701152623,
    0.0012620844645425677,
    0.001576312119141221,
    0.008076200261712074
  ],
  "pi": [
    0.9990000128746033,
    2.0764271368989284e-07,
    2.6518478080106433e-07,
    3.761491313980514e-07,
    1.104630428017117e-06,
    2.2417867512558587e-05,
    5.426821735454723e-05,
    0.0005422923131845891,
    1.4096939366936567e-06,
    3.2436548735859105e-07,
    4.6697496713932196e-07,
    5.461828891384357e-07,
    1.8023031600478134e-07,
    0.00017982580175157636,
    0.00017636911070439965,
    1.9340870494488627e-05,
    6.047905003470078e-07
  ],
  "J": 17
}