{
  "mu": [
    0.0,
    -0.0011632207315415144,
    0.09791924059391022,
    -0.15673190355300903,
    -0.25729748606681824,
    -0.3710594177246094,
    -0.36183038353919983,
    -0.11154721677303314,
    -0.24362929165363312,
    -0.07527925819158554,
    -0.003788274945691228,
    -0.04035566374659538,
    -0.008740643970668316,
    0.05135343596339226,
    0.12398159503936768,
    0.2413242757320404,
    0.3472290337085724
  ],
  "sigma2": [
    9.99999993922529e-09,
    0.0034216372296214104,
    9.99999993922529e-09,
    9.99999993922529e-09,
    9.99999993922529e-09,
    9.99999993922529e-09,
    9.99999993922529e-09,
    9.99999993922529e-09,
    9.99999993922529e-09,
    9.99999993922529e-09,
    9.99999993922529e-09,
    9.99999993922529e-09,
    9.99999993922529e-09,
    9.99999993922529e-09,
    9.99999993922529e-09,
    9.99999993922529e-09,
    9.99999993922529e-09
  ],
  "pi": [
    0.9990000128746033,
    0.0006832249346189201,
    5.409972345660208e-06,
    1.017804493130825e-06,
    2.7562916784518166e-06,
    9.04300179627171e-07,
    5.76445472688647e-07,
    2.1368784928199602e-06,
    3.624013288572314e-06,
    4.4566897372533276e-07,
    0.00015722124953754246,
    4.369197995401919e-06,
    0.0001340544258709997,
    1.4403215118363732e-06,
    1.6604708434897475e-06,
    9.170930752588902e-07,
    2.4094680384223466e-07
  ],
  "J": 17
}