{
  "mu": [
    0.0,
    -0.6886297464370728,
    -0.20974837243556976,
    -0.1495145559310913,
    -0.25625306367874146,
    -0.3605296313762665,
    -0.3502691984176636,
    -0.10816260427236557,
    -0.23876628279685974,
    -0.0754302442073822,
    -0.004134096205234528,
    -0.041800323873758316,
    0.06551045924425125,
    0.04796519875526428,
    0.1144198626279831,
    0.2289378046989441,
    0.3280627429485321
  ],
  "sigma2": [
    9.99999993922529e-09,
    0.03144234046339989,
    0.08549397438764572,
    1.9973017515440006e-06,
    0.007628059946000576,
    9.99999993922529e-09,
    9.99999993922529e-09,
    2.2433820845435548e-07,
    9.99999993922529e-09,
    1.1424539536619704e-08,
    9.99999993922529e-09,
    9.99999993922529e-09,
    0.013626333326101303,
    9.99999993922529e-09,
    2.6070486569551576e-07,
    9.99999993922529e-09,
    7.730244533377117e-07
  ],
  "pi": [
    0.9990000128746033,
    2.618412331401032e-08,
    5.649369086313527e-06,
    2.6010024157585576e-05,
    3.168051262036897e-05,
    7.174498477979796e-06,
    3.6025380723003764e-06,
    9.27782166399993e-05,
    7.39471724955365e-05,
    2.9442384402500466e-05,
    0.0002045241853920743,
    6.806140299886465e-05,
    0.00013203964044805616,
    0.00012265935947652906,
    0.00016404499183408916,
    3.234276664443314e-05,
    6.016832685418194e-06
  ],
  "J": 17
}