{
  "mu": [
    0.0,
    0.002693686867132783,
    0.10109606385231018,
    -0.15902352333068848,
    -0.2596270740032196,
    -0.3764890432357788,
    -0.3684678077697754,
    -0.11242419481277466,
    -0.24592022597789764,
    -0.0744636058807373,
    -0.003987651783972979,
    -0.04022342711687088,
    -0.009006413631141186,
    0.05305422842502594,
    0.12762722373008728,
    0.24801862239837646,
    0.3527304232120514
  ],
  "sigma2": [
    9.99999993922529e-09,
    0.002354834694415331,
    9.99999993922529e-09,
    9.99999993922529e-09,
    9.99999993922529e-09,
    9.99999993922529e-09,
    9.99999993922529e-09,
    9.99999993922529e-09,
    9.99999993922529e-09,
    9.99999993922529e-09,
    9.99999993922529e-09,
    9.99999993922529e-09,
    9.99999993922529e-09,
    9.99999993922529e-09,
    9.99999993922529e-09,
    9.99999993922529e-09,
    9.99999993922529e-09
  ],
  "pi": [
    0.9990000128746033,
    0.0006730007007718086,
    7.576155894639669e-06,
    2.4648879843880422e-06,
    3.920228209608467e-06,
    1.1462259408290265e-06,
    5.711739845537522e-07,
    4.248186542099575e-06,
    4.161859578744043e-06,
    3.440263299125945e-06,
    0.0001503527455497533,
    1.0178330740018282e-05,
    0.00012969164527021348,
    4.760200681630522e-06,
    3.130310915366863e-06,
    1.0572474593573133e-06,
    2.997849435359967e-07
  ],
  "J": 17
}