{
  "mu": [
    0.0,
    -0.004001419525593519,
    0.09386151283979416,
    -0.1535857915878296,
    -0.25478866696357727,
    -0.36589309573173523,
    -0.3570314049720764,
    -0.11030904203653336,
    -0.2412998378276825,
    -0.07631072402000427,
    -0.003947102464735508,
    -0.042430371046066284,
    -0.009802982211112976,
    0.04930700734257698,
    0.12056110799312592,
    0.23565645515918732,
    0.33942121267318726
  ],
  "sigma2": [
    9.99999993922529e-09,
    0.005175890401005745,
    8.475382855976932e-06,
    9.99999993922529e-09,
    9.99999993922529e-09,
    9.99999993922529e-09,
    9.99999993922529e-09,
    9.99999993922529e-09,
    9.99999993922529e-09,
    9.99999993922529e-09,
    9.99999993922529e-09,
    9.99999993922529e-09,
    8.869837415659276e-07,
    9.99999993922529e-09,
    9.99999993922529e-09,
    9.99999993922529e-09,
    9.99999993922529e-09
  ],
  "pi": [
    0.9990000128746033,
    0.0007263398147188127,
    8.28728389024036e-06,
    3.7031472288617806e-07,
    1.547217493680364e-06,
    4.939490736433072e-07,
    4.309377743538789e-07,
    1.4429795101023046e-06,
    3.023305907845497e-06,
    3.5861802416548016e-07,
    0.00022145785624161363,
    8.018410539989418e-07,
    3.052093961741775e-05,
    1.7535254528411315e-06,
    2.377975533818244e-06,
    6.38401843389147e-07,
    1.5517738916059898e-07
  ],
  "J": 17
}