{
  "mu": [
    0.0,
    0.0008287376840598881,
    0.1058240458369255,
    -0.16306617856025696,
    -0.26589277386665344,
    -0.3895152509212494,
    -0.3808203637599945,
    -0.11376334726810455,
    -0.25083059072494507,
    -0.07345350831747055,
    -0.004470169078558683,
    -0.0401613712310791,
    -0.009791521355509758,
    0.05640823394060135,
    0.13364554941654205,
    0.257147878408432,
    0.36784541606903076
  ],
  "sigma2": [
    9.99999993922529e-09,
    0.002589993178844452,
    9.99999993922529e-09,
    9.99999993922529e-09,
    9.99999993922529e-09,
    9.99999993922529e-09,
    9.99999993922529e-09,
    9.99999993922529e-09,
    9.99999993922529e-09,
    9.99999993922529e-09,
    9.99999993922529e-09,
    9.99999993922529e-09,
    9.99999993922529e-09,
    9.99999993922529e-09,
    9.99999993922529e-09,
    9.99999993922529e-09,
    9.99999993922529e-09
  ],
  "pi": [
    0.9990000128746033,
    0.0007192881894297898,
    2.394605189692811e-06,
    9.070741953109973e-07,
    2.4825903892633505e-06,
    9.240098393092921e-07,
    5.771647693109117e-07,
    1.5055818494147388e-06,
    3.1706972549727652e-06,
    1.1903184713446535e-06,
    0.00014347014075610787,
    5.942073130427161e-06,
    0.00011370752326911315,
    2.7209180188947357e-06,
    9.658627959652222e-07,
    5.602933583759295e-07,
    1.9290754948997346e-07
  ],
  "J": 17
}