{
  "mu": [
    0.0,
    -0.665894627571106,
    -0.09767331182956696,
    -0.15308751165866852,
    -0.2534494996070862,
    -0.3620968461036682,
    -0.3530721962451935,
    -0.1097179427742958,
    -0.23938444256782532,
    -0.07620351761579514,
    -0.0042582168243825436,
    -0.042687829583883286,
    0.07563170045614243,
    0.04867543652653694,
    0.11639443784952164,
    0.2308715283870697,
    0.33409929275512695
  ],
  "sigma2": [
    9.99999993922529e-09,
    0.1201690286397934,
    0.07441063225269318,
    9.99999993922529e-09,
    9.99999993922529e-09,
    9.99999993922529e-09,
    9.99999993922529e-09,
    9.99999993922529e-09,
    9.99999993922529e-09,
    9.99999993922529e-09,
    9.99999993922529e-09,
    9.99999993922529e-09,
    0.006907719187438488,
    9.99999993922529e-09,
    9.99999993922529e-09,
    9.99999993922529e-09,
    9.99999993922529e-09
  ],
  "pi": [
    0.9990000128746033,
    3.9090437553568336e-09,
    2.9593109502457082e-05,
    2.6249055736116134e-05,
    2.3731607143417932e-05,
    7.333645953622181e-06,
    3.853205271298066e-06,
    9.290142770623788e-05,
    7.448843825841323e-05,
    2.9479822842404246e-05,
    0.00020446506096050143,
    6.854595267213881e-05,
    0.00011337039904901758,
    0.00012333352060522884,
    0.00016366687486879528,
    3.2560368708800524e-05,
    6.423689683288103e-06
  ],
  "J": 17
}