{
  "mu": [
    0.0,
    -0.7154238224029541,
    -0.10069016367197037,
    -0.1525854766368866,
    -0.24469098448753357,
    -0.361604243516922,
    -0.35203608870506287,
    -0.1094302237033844,
    -0.23924389481544495,
    -0.07587535679340363,
    -0.0041688247583806515,
    -0.04234733805060387,
    0.0741540938615799,
    0.04846493899822235,
    0.11598142236471176,
    0.23017950356006622,
    0.3330168128013611
  ],
  "sigma2": [
    9.99999993922529e-09,
    0.11712495982646942,
    0.06568915396928787,
    9.99999993922529e-09,
    0.00022938127222005278,
    9.99999993922529e-09,
    9.99999993922529e-09,
    9.99999993922529e-09,
    9.99999993922529e-09,
    9.99999993922529e-09,
    9.99999993922529e-09,
    9.99999993922529e-09,
    0.009570779278874397,
    9.99999993922529e-09,
    9.99999993922529e-09,
    9.99999993922529e-09,
    9.99999993922529e-09
  ],
  "pi": [
    0.9990000128746033,
    1.127856297244989e-08,
    3.098815432167612e-05,
    2.6325333237764426e-05,
    2.338687590963673e-05,
    7.232522875710856e-06,
    3.867733084916836e-06,
    9.28365916479379e-05,
    7.400502363452688e-05,
    2.960172605526168e-05,
    0.0002044275897787884,
    6.856351683381945e-05,
    0.00011243241169722751,
    0.00012359044922050089,
    0.00016398036677855998,
    3.258458309574053e-05,
    6.165830654936144e-06
  ],
  "J": 17
}