{
  "mu": [
    0.0,
    -0.23257067799568176,
    0.03871380537748337,
    -0.15321125090122223,
    -0.25380295515060425,
    -0.3628429174423218,
    -0.3540506660938263,
    -0.10993083566427231,
    -0.23986133933067322,
    -0.07605581730604172,
    -0.0034229292068630457,
    -0.042729951441287994,
    -0.004811206832528114,
    0.049322932958602905,
    0.11750147491693497,
    0.23185594379901886,
    0.3352292478084564
  ],
  "sigma2": [
    9.99999993922529e-09,
    0.011725356802344322,
    0.012937179766595364,
    9.99999993922529e-09,
    9.99999993922529e-09,
    9.99999993922529e-09,
    9.99999993922529e-09,
    9.99999993922529e-09,
    9.99999993922529e-09,
    9.99999993922529e-09,
    9.99999993922529e-09,
    9.99999993922529e-09,
    2.7503472210810287e-06,
    9.99999993922529e-09,
    9.99999993922529e-09,
    9.99999993922529e-09,
    9.99999993922529e-09
  ],
  "pi": [
    0.9990000128746033,
    3.1577259505866095e-05,
    0.00017196094268001616,
    1.1226187552892952e-06,
    3.5607185964181554e-06,
    5.214571388023614e-07,
    3.370509773503727e-07,
    4.873127636528807e-06,
    5.521675120689906e-06,
    1.1310944501019549e-06,
    0.00010334419494029135,
    2.840235083567677e-06,
    0.0006575314328074455,
    5.634686203848105e-06,
    8.16314059193246e-06,
    1.6301310097333044e-06,
    2.501710127944534e-07
  ],
  "J": 17
}