{
  "mu": [
    0.0,
    -0.6910541653633118,
    -0.5274675488471985,
    -0.3909212052822113,
    -0.3358229398727417,
    -0.3562844693660736,
    -0.34632784128189087,
    -0.09189090132713318,
    -0.23072943091392517,
    -0.09193355590105057,
    -0.016892168670892715,
    -0.05734849348664284,
    0.21219702064990997,
    0.044483330100774765,
    0.10285923629999161,
    0.21670576930046082,
    0.2828296720981598
  ],
  "sigma2": [
    4.664682151656052e-08,
    0.04245338961482048,
    0.051658518612384796,
    0.007762654684484005,
    0.00865570642054081,
    5.0467072298943094e-08,
    9.99999993922529e-09,
    0.0024322569370269775,
    0.001183047890663147,
    0.0015816104132682085,
    0.0005729119875468314,
    0.0002942811988759786,
    0.023876037448644638,
    0.00011402628297219053,
    0.0013770419172942638,
    0.000688925210852176,
    0.002688696375116706
  ],
  "pi": [
    0.9990000128746033,
    1.147156964975693e-07,
    1.4700148653901124e-07,
    3.2818086310726358e-06,
    9.64761056820862e-06,
    8.29016153147677e-06,
    3.1913386919768527e-06,
    0.00022113042359706014,
    0.00010889414988923818,
    3.057851358789776e-07,
    0.00019560490909498185,
    9.703866226118407e-07,
    3.9164865484053735e-06,
    0.00012259323557373136,
    0.0002591671363916248,
    4.491547588258982e-05,
    1.7829381249612197e-05
  ],
  "J": 17
}