{
  "mu": [
    0.0,
    -0.7212179899215698,
    -0.5060271620750427,
    -0.2886401116847992,
    -0.2868775725364685,
    -0.35869908332824707,
    -0.34799015522003174,
    -0.102592334151268,
    -0.23399950563907623,
    -0.09094855934381485,
    -0.004311229567974806,
    -0.04098333418369293,
    0.07678037136793137,
    0.04689313471317291,
    0.11041771620512009,
    0.22447052597999573,
    0.31457215547561646
  ],
  "sigma2": [
    9.99999993922529e-09,
    0.03927598148584366,
    0.07258923351764679,
    0.013765265233814716,
    0.013889815658330917,
    9.99999993922529e-09,
    9.99999993922529e-09,
    0.0014645385090261698,
    0.0004213133070152253,
    0.0010806953068822622,
    1.8431080661684973e-07,
    1.5305731437820214e-07,
    0.017420519143342972,
    3.6152595583871516e-08,
    0.0007093428284861147,
    0.00019071021233685315,
    0.00086908636149019
  ],
  "pi": [
    0.9990000128746033,
    9.52385050823068e-08,
    1.1169804281507822e-07,
    2.4477660645061405e-06,
    1.9083416191278957e-05,
    7.111425475159194e-06,
    3.321651774967904e-06,
    0.0001588072773301974,
    8.649169467389584e-05,
    3.794700944581564e-07,
    0.00021313819161150604,
    6.966278306208551e-05,
    9.72700581769459e-05,
    0.00012482106103561819,
    0.00017935421783477068,
    3.26078588841483e-05,
    5.296235485729994e-06
  ],
  "J": 17
}