{
  "mu": [
    0.0,
    -0.5202420353889465,
    -0.0031658271327614784,
    -0.1532474309206009,
    -0.2537718713283539,
    -0.36265280842781067,
    -0.3538737893104553,
    -0.11003360897302628,
    -0.2398167997598648,
    -0.07618585228919983,
    -0.0021320104133337736,
    -0.042873565107584,
    -0.00391400745138526,
    0.04895765706896782,
    0.11698838323354721,
    0.23143765330314636,
    0.3349226415157318
  ],
  "sigma2": [
    9.99999993922529e-09,
    0.017143569886684418,
    0.01997227594256401,
    9.99999993922529e-09,
    9.99999993922529e-09,
    9.99999993922529e-09,
    9.99999993922529e-09,
    9.99999993922529e-09,
    9.99999993922529e-09,
    9.99999993922529e-09,
    9.99999993922529e-09,
    9.99999993922529e-09,
    0.00011120772251160815,
    9.99999993922529e-09,
    9.99999993922529e-09,
    9.99999993922529e-09,
    9.99999993922529e-09
  ],
  "pi": [
    0.9990000128746033,
    4.3833142626681365e-07,
    0.00017562671564519405,
    1.2968661167178652e-06,
    1.7287592299908283e-06,
    4.2196091953883297e-07,
    2.5653656621216214e-07,
    5.043530563852983e-06,
    4.7108396756812e-06,
    1.4078220829105703e-06,
    5.845152918482199e-05,
    3.3768967568903463e-06,
    0.0007307354244403541,
    6.123987986939028e-06,
    8.382893611269537e-06,
    1.6822129964566557e-06,
    3.157405785714218e-07
  ],
  "J": 17
}