{
  "mu": [
    0.0,
    0.0026011932641267776,
    0.11088848859071732,
    -0.16844052076339722,
    -0.274213582277298,
    -0.4034295678138733,
    -0.3927791118621826,
    -0.11653336882591248,
    -0.2549060881137848,
    -0.07370682805776596,
    -0.005153486039489508,
    -0.04092888534069061,
    -0.010443946346640587,
    0.0604303702712059,
    0.14129512012004852,
    0.269209086894989,
    0.3810203969478607
  ],
  "sigma2": [
    9.99999993922529e-09,
    0.002306609181687236,
    9.99999993922529e-09,
    9.99999993922529e-09,
    9.99999993922529e-09,
    9.99999993922529e-09,
    9.99999993922529e-09,
    9.99999993922529e-09,
    9.99999993922529e-09,
    9.99999993922529e-09,
    9.99999993922529e-09,
    9.99999993922529e-09,
    9.99999993922529e-09,
    9.99999993922529e-09,
    9.99999993922529e-09,
    9.99999993922529e-09,
    9.99999993922529e-09
  ],
  "pi": [
    0.9990000128746033,
    0.0006870539509691298,
    2.3803736439731438e-06,
    1.0641861081239767e-06,
    2.451551608828595e-06,
    1.1035750731025473e-06,
    5.36536788331432e-07,
    1.9899305243598064e-06,
    3.3727953905327013e-06,
    1.8764189917419571e-06,
    0.00016025434888433665,
    7.055141395539977e-06,
    0.00012531843094620854,
    3.6103294860367896e-06,
    1.1454366131147253e-06,
    5.87519537020853e-07,
    1.9947528073771537e-07
  ],
  "J": 17
}