{
  "mu": [
    0.0,
    -0.005084378179162741,
    0.08943675458431244,
    -0.15359307825565338,
    -0.25468799471855164,
    -0.36453092098236084,
    -0.3567925989627838,
    -0.11041061580181122,
    -0.2410626858472824,
    -0.07619951665401459,
    -0.003970230929553509,
    -0.04259774833917618,
    -0.002634640783071518,
    0.049247320741415024,
    0.12042699754238129,
    0.2348557561635971,
    0.33887624740600586
  ],
  "sigma2": [
    9.99999993922529e-09,
    0.005821216385811567,
    8.099794285953976e-06,
    9.99999993922529e-09,
    9.99999993922529e-09,
    9.99999993922529e-09,
    9.99999993922529e-09,
    9.99999993922529e-09,
    9.99999993922529e-09,
    9.99999993922529e-09,
    9.99999993922529e-09,
    9.99999993922529e-09,
    1.5111531865841243e-06,
    9.99999993922529e-09,
    9.99999993922529e-09,
    9.99999993922529e-09,
    9.99999993922529e-09
  ],
  "pi": [
    0.9990000128746033,
    0.000608383328653872,
    2.6903144316747785e-05,
    1.0515353778828285e-06,
    2.204223164881114e-06,
    4.583339716646151e-07,
    3.544693925050524e-07,
    4.192871074337745e-06,
    4.244523097440833e-06,
    1.2657945944738458e-06,
    0.000328682130202651,
    2.6940506359096617e-06,
    3.4670667901082197e-06,
    6.2131798586051445e-06,
    7.950842700665817e-06,
    1.622659397071402e-06,
    3.1193795280159975e-07
  ],
  "J": 17
}