{
  "mu": [
    0.0,
    0.005145563278347254,
    0.10701557248830795,
    -0.16358111798763275,
    -0.2664453983306885,
    -0.39088085293769836,
    -0.38213351368904114,
    -0.11408913880586624,
    -0.2510601580142975,
    -0.07345078140497208,
    -0.004623234737664461,
    -0.0404491163790226,
    -0.010165988467633724,
    0.05747038498520851,
    0.1353328675031662,
    0.2593994736671448,
    0.3701576888561249
  ],
  "sigma2": [
    9.99999993922529e-09,
    0.001968714874237776,
    9.99999993922529e-09,
    9.99999993922529e-09,
    9.99999993922529e-09,
    9.99999993922529e-09,
    9.99999993922529e-09,
    9.99999993922529e-09,
    9.99999993922529e-09,
    9.99999993922529e-09,
    9.99999993922529e-09,
    9.99999993922529e-09,
    9.99999993922529e-09,
    9.99999993922529e-09,
    9.99999993922529e-09,
    9.99999993922529e-09,
    9.99999993922529e-09
  ],
  "pi": [
    0.9990000128746033,
    0.0006669873837381601,
    5.301981218508445e-06,
    2.2663634808850475e-06,
    3.2471666600031313e-06,
    1.1198596894246293e-06,
    6.177849627420073e-07,
    3.952747192670358e-06,
    3.8879566091054585e-06,
    4.301516128180083e-06,
    0.00015637939213775098,
    1.183408221550053e-05,
    0.00012994756980333477,
    6.6350121414870955e-06,
    2.495165517757414e-06,
    7.975544917826483e-07,
    2.2848956859888858e-07
  ],
  "J": 17
}