{
  "mu": [
    0.0,
    -0.04033926874399185,
    0.08906178921461105,
    -0.15341782569885254,
    -0.2546427845954895,
    -0.3644689619541168,
    -0.35624003410339355,
    -0.11026521772146225,
    -0.24082016944885254,
    -0.07610803097486496,
    -0.0040612793527543545,
    -0.04253365471959114,
    -0.004074337426573038,
    0.04918179288506508,
    0.1201087236404419,
    0.23444850742816925,
    0.3380639851093292
  ],
  "sigma2": [
    9.99999993922529e-09,
    0.024141201749444008,
    0.0002704829385038465,
    9.99999993922529e-09,
    9.99999993922529e-09,
    9.99999993922529e-09,
    9.99999993922529e-09,
    9.99999993922529e-09,
    9.99999993922529e-09,
    9.99999993922529e-09,
    9.99999993922529e-09,
    9.99999993922529e-09,
    1.5260978898368194e-06,
    9.99999993922529e-09,
    9.99999993922529e-09,
    9.99999993922529e-09,
    9.99999993922529e-09
  ],
  "pi": [
    0.9990000128746033,
    0.00012416590470820665,
    5.991134457872249e-05,
    1.7288897424805327e-06,
    4.846149295190116e-06,
    8.031091169868887e-07,
    6.637278033849725e-07,
    6.872016911074752e-06,
    6.946699159016134e-06,
    2.097333435813198e-06,
    0.0007568337023258209,
    4.291041477699764e-06,
    2.397530124653713e-06,
    1.1188990356458817e-05,
    1.3962227967567742e-05,
    2.8063855097570922e-06,
    4.850816708312777e-07
  ],
  "J": 17
}