{
  "mu": [
    0.0,
    -0.0005447803996503353,
    0.10245975852012634,
    -0.16026462614536285,
    -0.2620706558227539,
    -0.3817598223686218,
    -0.3735620081424713,
    -0.11294934898614883,
    -0.24749979376792908,
    -0.07441552728414536,
    -0.004149196669459343,
    -0.0401030071079731,
    -0.009296461008489132,
    0.05380851402878761,
    0.1289048194885254,
    0.2515673339366913,
    0.3574920892715454
  ],
  "sigma2": [
    9.99999993922529e-09,
    0.0027665523812174797,
    9.99999993922529e-09,
    9.99999993922529e-09,
    9.99999993922529e-09,
    9.99999993922529e-09,
    9.99999993922529e-09,
    9.99999993922529e-09,
    9.99999993922529e-09,
    9.99999993922529e-09,
    9.99999993922529e-09,
    9.99999993922529e-09,
    9.99999993922529e-09,
    9.99999993922529e-09,
    9.99999993922529e-09,
    9.99999993922529e-09,
    9.99999993922529e-09
  ],
  "pi": [
    0.9990000128746033,
    0.0007516450714319944,
    1.8029675175057491e-06,
    6.831933774265053e-07,
    2.44298985307978e-06,
    9.675014780441415e-07,
    4.961316335538868e-07,
    9.373126772516116e-07,
    2.998128820763668e-06,
    3.1429757996193075e-07,
    0.00013141481031198055,
    3.0675464586238377e-06,
    0.00010112336167367175,
    7.767611691633647e-07,
    5.724348852709227e-07,
    5.323025220604904e-07,
    2.2518995024256583e-07
  ],
  "J": 17
}