{
  "mu": [
    0.0,
    0.00036648043897002935,
    0.11293254792690277,
    -0.17048461735248566,
    -0.2772175669670105,
    -0.40791621804237366,
    -0.3973767161369324,
    -0.11797702312469482,
    -0.25671303272247314,
    -0.074793241918087,
    -0.005327197723090649,
    -0.041901204735040665,
    -0.010851011611521244,
    0.06194528192281723,
    0.1440373659133911,
    0.2745529115200043,
    0.38770028948783875
  ],
  "sigma2": [
    9.99999993922529e-09,
    0.0022815396077930927,
    9.99999993922529e-09,
    9.99999993922529e-09,
    9.99999993922529e-09,
    9.99999993922529e-09,
    9.99999993922529e-09,
    9.99999993922529e-09,
    9.99999993922529e-09,
    9.99999993922529e-09,
    9.99999993922529e-09,
    9.99999993922529e-09,
    9.99999993922529e-09,
    9.99999993922529e-09,
    9.99999993922529e-09,
    9.99999993922529e-09,
    9.99999993922529e-09
  ],
  "pi": [
    0.9990000128746033,
    0.0007549161091446877,
    8.067018484325672e-07,
    3.56699302983543e-07,
    1.363063233839057e-06,
    7.992661608113849e-07,
    4.628153931207635e-07,
    6.634872420363536e-07,
    2.362661234656116e-06,
    7.714035064054769e-07,
    0.0001359668531222269,
    1.7301349544140976e-06,
    9.788807801669464e-05,
    1.1315315759929945e-06,
    3.59295398766335e-07,
    2.965141447930364e-07,
    1.254010868478872e-07
  ],
  "J": 17
}