{
  "mu": [
    0.0,
    -0.003427281277254224,
    0.09548034518957138,
    -0.153567835688591,
    -0.2550754249095917,
    -0.36670246720314026,
    -0.3575366139411926,
    -0.11013215035200119,
    -0.24168293178081512,
    -0.0754457637667656,
    -0.0038273166865110397,
    -0.041680529713630676,
    -0.009070858359336853,
    0.04971838742494583,
    0.12114513665437698,
    0.2367849498987198,
    0.34099093079566956
  ],
  "sigma2": [
    9.99999993922529e-09,
    0.00530356727540493,
    6.481769077026911e-08,
    9.99999993922529e-09,
    9.99999993922529e-09,
    9.99999993922529e-09,
    9.99999993922529e-09,
    9.99999993922529e-09,
    9.99999993922529e-09,
    9.99999993922529e-09,
    9.99999993922529e-09,
    9.99999993922529e-09,
    9.99999993922529e-09,
    9.99999993922529e-09,
    9.99999993922529e-09,
    9.99999993922529e-09,
    9.99999993922529e-09
  ],
  "pi": [
    0.9990000128746033,
    0.0005480762920342386,
    2.1738145733252168e-05,
    1.0749340617621783e-06,
    3.0295414035208523e-06,
    7.274932727341366e-07,
    5.787285317637725e-07,
    2.4266535092465347e-06,
    4.560632532957243e-06,
    7.250073963405157e-07,
    0.00021347208530642092,
    1.4973387578720576e-06,
    0.00019685526785906404,
    1.2958422530573444e-06,
    2.6117413653992116e-06,
    1.0194276001129765e-06,
    3.109200008566404e-07
  ],
  "J": 17
}