{
  "mu": [
    0.0,
    0.0020657589193433523,
    0.09878500550985336,
    -0.1574895679950714,
    -0.25758516788482666,
    -0.37194791436195374,
    -0.36276325583457947,
    -0.11188597977161407,
    -0.24393342435359955,
    -0.07505367696285248,
    -0.003831356531009078,
    -0.04044657200574875,
    -0.008842920884490013,
    0.05190207436680794,
    0.12519478797912598,
    0.2429630160331726,
    0.34889549016952515
  ],
  "sigma2": [
    9.99999993922529e-09,
    0.0025824892800301313,
    9.99999993922529e-09,
    9.99999993922529e-09,
    9.99999993922529e-09,
    9.99999993922529e-09,
    9.99999993922529e-09,
    9.99999993922529e-09,
    9.99999993922529e-09,
    9.99999993922529e-09,
    9.99999993922529e-09,
    9.99999993922529e-09,
    9.99999993922529e-09,
    9.99999993922529e-09,
    9.99999993922529e-09,
    9.99999993922529e-09,
    9.99999993922529e-09
  ],
  "pi": [
    0.9990000128746033,
    0.0006396103417500854,
    9.867084372672252e-06,
    2.290214752065367e-06,
    4.336601250543026e-06,
    1.1353110949130496e-06,
    6.321250793916988e-07,
    4.907004949927796e-06,
    4.680033271142747e-06,
    2.968496346511529e-06,
    0.00016645605501253158,
    7.142632512113778e-06,
    0.00014695769641548395,
    3.521324288158212e-06,
    3.6257372357795248e-06,
    1.5222277625071001e-06,
    3.4716006780399766e-07
  ],
  "J": 17
}