{
  "mu": [
    0.0,
    -0.0007036029128357768,
    0.09989321976900101,
    -0.15839256346225739,
    -0.2593958079814911,
    -0.3755933344364166,
    -0.3675697445869446,
    -0.1121949777007103,
    -0.24561481177806854,
    -0.074790358543396,
    -0.00394014548510313,
    -0.040052976459264755,
    -0.008848710916936398,
    0.05224219709634781,
    0.126218780875206,
    0.24612048268318176,
    0.350899875164032
  ],
  "sigma2": [
    9.99999993922529e-09,
    0.0030882302671670914,
    9.99999993922529e-09,
    9.99999993922529e-09,
    9.99999993922529e-09,
    9.99999993922529e-09,
    9.99999993922529e-09,
    9.99999993922529e-09,
    9.99999993922529e-09,
    9.99999993922529e-09,
    9.99999993922529e-09,
    9.99999993922529e-09,
    9.99999993922529e-09,
    9.99999993922529e-09,
    9.99999993922529e-09,
    9.99999993922529e-09,
    9.99999993922529e-09
  ],
  "pi": [
    0.9990000128746033,
    0.0007206100854091346,
    3.6118951811658917e-06,
    8.876176593730634e-07,
    2.6520874598645605e-06,
    9.498359077042551e-07,
    5.462637204800558e-07,
    1.6787359982117778e-06,
    3.166572696500225e-06,
    3.756958619760553e-07,
    0.00014074283535592258,
    5.556352789426455e-06,
    0.00011542981519596651,
    1.7838864323493908e-06,
    1.1525933132361388e-06,
    6.397698371074512e-07,
    2.1611754164041486e-07
  ],
  "J": 17
}