{
  "mu": [
    0.0,
    0.0002795045147649944,
    0.10302360355854034,
    -0.16072367131710052,
    -0.26317280530929565,
    -0.3836028575897217,
    -0.37480977177619934,
    -0.11298125237226486,
    -0.24874913692474365,
    -0.07367320358753204,
    -0.004177199676632881,
    -0.03995034098625183,
    -0.009333578869700432,
    0.05422980338335037,
    0.12985579669475555,
    0.2522359788417816,
    0.35962632298469543
  ],
  "sigma2": [
    9.99999993922529e-09,
    0.0026560130063444376,
    9.99999993922529e-09,
    9.99999993922529e-09,
    9.99999993922529e-09,
    9.99999993922529e-09,
    9.99999993922529e-09,
    9.99999993922529e-09,
    9.99999993922529e-09,
    9.99999993922529e-09,
    9.99999993922529e-09,
    9.99999993922529e-09,
    9.99999993922529e-09,
    9.99999993922529e-09,
    9.99999993922529e-09,
    9.99999993922529e-09,
    9.99999993922529e-09
  ],
  "pi": [
    0.9990000128746033,
    0.0007308908388949931,
    2.4860191842890345e-06,
    1.002905491986894e-06,
    2.558008873165818e-06,
    1.019573574012611e-06,
    5.520889772014925e-07,
    1.3700146155315451e-06,
    3.459510480752215e-06,
    8.291335689136758e-07,
    0.00013821599713992327,
    4.996916686650366e-06,
    0.00010879157343879342,
    2.0778652469743975e-06,
    9.162218930214294e-07,
    5.810061907141062e-07,
    2.5233350697817514e-07
  ],
  "J": 17
}