{
  "mu": [
    0.0,
    0.004572919569909573,
    0.10907537490129471,
    -0.16608363389968872,
    -0.2702482342720032,
    -0.39679810404777527,
    -0.3871975243091583,
    -0.11522029340267181,
    -0.25273239612579346,
    -0.07348456978797913,
    -0.005010700784623623,
    -0.04076364263892174,
    -0.010287832468748093,
    0.059012141078710556,
    0.13825953006744385,
    0.26451176404953003,
    0.37596768140792847
  ],
  "sigma2": [
    9.99999993922529e-09,
    0.00201619160361588,
    9.99999993922529e-09,
    9.99999993922529e-09,
    9.99999993922529e-09,
    9.99999993922529e-09,
    9.99999993922529e-09,
    9.99999993922529e-09,
    9.99999993922529e-09,
    9.99999993922529e-09,
    9.99999993922529e-09,
    9.99999993922529e-09,
    9.99999993922529e-09,
    9.99999993922529e-09,
    9.99999993922529e-09,
    9.99999993922529e-09,
    9.99999993922529e-09
  ],
  "pi": [
    0.9990000128746033,
    0.000672031135763973,
    4.000807621196145e-06,
    1.8276724631505203e-06,
    2.9065927265037317e-06,
    1.1181905392732006e-06,
    4.943952944813645e-07,
    3.2336508866137592e-06,
    3.752850716409739e-06,
    3.846937488560798e-06,
    0.00015797166270203888,
    1.0826478501257952e-05,
    0.00012858028640039265,
    6.485630819952348e-06,
    2.0473587483138544e-06,
    6.673706707260862e-07,
    2.0910550802000216e-07
  ],
  "J": 17
}