{
  "mu": [
    0.0,
    -0.0019592007156461477,
    0.09600513428449631,
    -0.15388494729995728,
    -0.25561439990997314,
    -0.3672742545604706,
    -0.3581661581993103,
    -0.11026051640510559,
    -0.24201256036758423,
    -0.0751439779996872,
    -0.0037871787790209055,
    -0.04138118028640747,
    -0.008982664905488491,
    0.04996934533119202,
    0.12153047323226929,
    0.23755846917629242,
    0.34214845299720764
  ],
  "sigma2": [
    9.99999993922529e-09,
    0.004648161586374044,
    9.99999993922529e-09,
    9.99999993922529e-09,
    9.99999993922529e-09,
    9.99999993922529e-09,
    9.99999993922529e-09,
    9.99999993922529e-09,
    9.99999993922529e-09,
    9.99999993922529e-09,
    9.99999993922529e-09,
    9.99999993922529e-09,
    9.99999993922529e-09,
    9.99999993922529e-09,
    9.99999993922529e-09,
    9.99999993922529e-09,
    9.99999993922529e-09
  ],
  "pi": [
    0.9990000128746033,
    0.0005323705263435841,
    2.270950426463969e-05,
    1.6206619193326333e-06,
    3.860342530970229e-06,
    9.237203926204529e-07,
    6.35283413430443e-07,
    3.5260975437267916e-06,
    5.627464361168677e-06,
    1.5231681800287333e-06,
    0.00021658067998941988,
    2.227214963568258e-06,
    0.0002009406016441062,
    1.799111601030745e-06,
    3.7643926589225885e-06,
    1.4755042911929195e-06,
    4.157114119607286e-07
  ],
  "J": 17
}