{
  "mu": [
    0.0,
    -0.0033861640840768814,
    0.09476730227470398,
    -0.15356135368347168,
    -0.25481727719306946,
    -0.36611947417259216,
    -0.35720476508140564,
    -0.11024057865142822,
    -0.24145612120628357,
    -0.07599132508039474,
    -0.0038986701983958483,
    -0.04209316894412041,
    -0.00931596104055643,
    0.0494757816195488,
    0.1207859218120575,
    0.2361394464969635,
    0.33983489871025085
  ],
  "sigma2": [
    9.99999993922529e-09,
    0.005843078251928091,
    5.048411821917398e-06,
    9.99999993922529e-09,
    9.99999993922529e-09,
    9.99999993922529e-09,
    9.99999993922529e-09,
    9.99999993922529e-09,
    9.99999993922529e-09,
    9.99999993922529e-09,
    9.99999993922529e-09,
    9.99999993922529e-09,
    3.498366751841786e-08,
    9.99999993922529e-09,
    9.99999993922529e-09,
    9.99999993922529e-09,
    9.99999993922529e-09
  ],
  "pi": [
    0.9990000128746033,
    0.0005803526728413999,
    9.802754902921151e-06,
    4.4720249547935964e-07,
    1.8949016293845489e-06,
    5.107174274598947e-07,
    4.854420581068553e-07,
    1.5991090549505316e-06,
    3.2763389299361734e-06,
    3.44991434531039e-07,
    0.00020636756380554289,
    7.926649914224981e-07,
    0.0001897533657029271,
    1.3408963468464208e-06,
    2.176065208914224e-06,
    6.438315836021502e-07,
    2.1143547712654254e-07
  ],
  "J": 17
}