{
  "mu": [
    0.0,
    -0.6961968541145325,
    -0.5646737813949585,
    -0.4860258996486664,
    -0.4264768362045288,
    -0.29104700684547424,
    -0.3774501383304596,
    -0.23294799029827118,
    -0.000420873227994889,
    -0.0003420514112804085,
    -0.0004075836041010916,
    0.15905781090259552,
    0.27377012372016907,
    0.2704407572746277,
    0.35342541337013245,
    0.4651269018650055,
    0.5768662691116333
  ],
  "sigma2": [
    0.0031376213300973177,
    0.00039309271960519254,
    0.00036922996514476836,
    0.0003624876553658396,
    0.000394798960769549,
    0.0001902743970276788,
    0.0003325033758301288,
    0.0004012479621451348,
    0.00040157567127607763,
    0.0004015725862700492,
    0.00040157526382245123,
    0.0004016271559521556,
    0.00040148929110728204,
    0.00039865999133326113,
    0.000332284631440416,
    0.0003817617835011333,
    0.0003985537332482636
  ],
  "pi": [
    0.9990000128746033,
    5.512718871614197e-06,
    2.078977195196785e-05,
    4.249278572387993e-05,
    1.65747114806436e-05,
    0.0003939685702789575,
    0.00014605304750148207,
    2.0190232419281529e-07,
    9.522958066554565e-08,
    1.0845842979279041e-07,
    9.712810111750514e-08,
    4.489493932169353e-08,
    6.029756605130387e-07,
    0.00025826532510109246,
    8.454079943476245e-05,
    2.6881079975282773e-05,
    3.770618604903575e-06
  ],
  "J": 17
}