{
  "mu": [
    0.0,
    -0.8311753869056702,
    -0.6716240644454956,
    -0.5780119895935059,
    -0.5219189524650574,
    -0.3592510223388672,
    -0.4411637783050537,
    -0.25583717226982117,
    -0.13127781450748444,
    -0.07293853908777237,
    -0.18386168777942657,
    0.11005479097366333,
    0.23527728021144867,
    0.3413412868976593,
    0.45793676376342773,
    0.5640788674354553,
    0.6710343360900879
  ],
  "sigma2": [
    3.745353387785144e-05,
    0.00045750357094220817,
    0.0003981808549724519,
    0.00038717041024938226,
    0.00038968620356172323,
    0.0002480318653397262,
    0.0003179729974362999,
    0.00035614598891697824,
    0.00034456068533472717,
    0.00036107804044149816,
    0.00035669136559590697,
    0.0013371208915486932,
    0.000417259318055585,
    0.00039072296931408346,
    0.00036913930671289563,
    0.0003720132226590067,
    0.0003928972873836756
  ],
  "pi": [
    0.9990000128746033,
    2.0186471374472603e-06,
    4.6292484512378e-06,
    8.176048140740022e-06,
    8.27756230137311e-06,
    8.377621998079121e-05,
    2.7730331566999666e-05,
    5.492818672792055e-05,
    9.052098175743595e-05,
    0.00013292854418978095,
    5.251583206700161e-05,
    0.0003358950780238956,
    0.00012047644850099459,
    5.642328324029222e-05,
    1.575227543071378e-05,
    5.1291608542669564e-06,
    8.22230219910125e-07
  ],
  "J": 17
}