{
  "mu": [
    0.0,
    -0.924524188041687,
    -0.7512394189834595,
    -0.6114194989204407,
    -0.6115140318870544,
    -0.39391061663627625,
    -0.4905172288417816,
    -0.28778284788131714,
    -0.15769223868846893,
    -0.07867177575826645,
    -0.2089698761701584,
    0.12127793580293655,
    0.2607278525829315,
    0.37094032764434814,
    0.4957065284252167,
    0.6019167900085449,
    0.722058117389679
  ],
  "sigma2": [
    1.597272239450831e-05,
    0.0003914159315172583,
    0.0003691060410346836,
    0.0003157549654133618,
    0.0004015105660073459,
    0.00015573660493828356,
    0.0002554873062763363,
    0.00020705664064735174,
    0.00018956803251057863,
    0.00015351948968600482,
    0.00024018164549488574,
    0.00021535083942580968,
    0.0001309500221395865,
    0.0001820844190660864,
    0.0002946993918158114,
    0.00035666278563439846,
    0.00039228287641890347
  ],
  "pi": [
    0.9990000128746033,
    1.8966402421938255e-06,
    4.3410659600340296e-06,
    1.5328892914112657e-05,
    2.7528568313783808e-09,
    7.825978536857292e-05,
    2.6536885343375616e-05,
    5.2180861530359834e-05,
    8.923897985368967e-05,
    0.00016546598635613918,
    4.6733024646528065e-05,
    0.0003317469672765583,
    0.00011477994848974049,
    5.308284380589612e-05,
    1.4754296898900066e-05,
    4.878839263255941e-06,
    7.722069881310745e-07
  ],
  "J": 17
}