{
  "top1_error_pre[%]": 2.0499999999999963,
  "top1_error_post[%]": 4.03,
  "Delta[%]": 1.980000000000004,
  "|W|": 266200,
  "|W_nonzero|/|W|[%]": 8.66679188580015,
  "CR": 31.621539352453357,
  "acc_pretrain": 0.9795,
  "acc_retrain": 0.9843,
  "acc_quantized": 0.9597
}