{
  "mu": [
    0.0,
    -0.5042179822921753,
    -0.10012198984622955,
    -0.3235694169998169,
    -0.20094211399555206,
    0.1506800651550293,
    0.20151673257350922,
    0.34837979078292847,
    0.1518355756998062,
    0.151701420545578,
    0.26563769578933716,
    0.20160137116909027,
    0.15094716846942902,
    0.19937831163406372,
    0.20128484070301056,
    0.08482024073600769,
    0.4680175483226776
  ],
  "sigma2": [
    2.3810456696082838e-05,
    0.0012590658152475953,
    0.0009445379837416112,
    0.0013110123109072447,
    0.0010558569338172674,
    0.0010676165111362934,
    0.0010672281496226788,
    0.0010625359136611223,
    0.0010628398740664124,
    0.001056698034517467,
    0.0010623788693919778,
    0.0010669620241969824,
    0.0010676155798137188,
    0.0010676169767975807,
    0.0010674633085727692,
    0.0007388346712104976,
    0.001081115915440023
  ],
  "pi": [
    0.9990000128746033,
    6.0325442063913215e-06,
    0.00024639128241688013,
    5.383907773648389e-05,
    0.00017265208589378744,
    2.2811541100509203e-08,
    1.2036858606734313e-05,
    8.577801054343581e-06,
    3.8343470805557445e-05,
    8.864149276632816e-05,
    2.981469515361823e-05,
    1.9419494492467493e-05,
    3.172071671997401e-08,
    1.2956790840235044e-07,
    5.066592621005839e-06,
    0.0003162807261105627,
    2.719777285165037e-06
  ],
  "J": 17
}