{
  "top1_error_pre[%]": 89.72,
  "top1_error_post[%]": 0.8600000000000052,
  "Delta[%]": -88.86,
  "|W|": 430500,
  "|W_nonzero|/|W|[%]": 4.357723577235772,
  "CR": 52.39178221813175,
  "acc_pretrain": 0.1028,
  "acc_retrain": 0.9881,
  "acc_quantized": 0.9914
}