{
  "mu": [
    0.0,
    -0.7319146394729614,
    -0.6167359948158264,
    -0.5267703533172607,
    -0.46694761514663696,
    -0.33399975299835205,
    -0.4028242230415344,
    -0.24414484202861786,
    -0.00032524505513720214,
    -0.00032920076046139,
    -0.000325580156641081,
    0.22504012286663055,
    0.405676007270813,
    0.316109299659729,
    0.406823992729187,
    0.5069766044616699,
    0.6115700602531433
  ],
  "sigma2": [
    0.0008180803270079195,
    0.00021587971423286945,
    0.00023107539163902402,
    0.00021785440912935883,
    0.00020742266497109085,
    0.00014845460827928036,
    0.00019268518371973187,
    0.00018986855866387486,
    0.00022040033945813775,
    0.00022040055773686618,
    0.00022040033945813775,
    0.00018852738139685243,
    0.00022039047325961292,
    0.00017141763237304986,
    0.00019943305233027786,
    0.000211862163268961,
    0.00021942700550425798
  ],
  "pi": [
    0.9990000128746033,
    4.600315151037648e-06,
    1.2606285054062027e-05,
    2.9155005904613063e-05,
    3.607215330703184e-05,
    0.000201433475012891,
    7.075964094838127e-05,
    0.00018525934137869626,
    1.0623265600528953e-09,
    1.096977952919076e-09,
    1.066416288608707e-09,
    0.0002729251282289624,
    1.4546860604980338e-08,
    0.00012516137212514877,
    4.461068965611048e-05,
    1.4427834685193375e-05,
    2.9710040507779922e-06
  ],
  "J": 17
}