{
  "mu": [
    0.0,
    -0.9241855144500732,
    -0.8166329264640808,
    -0.6845782399177551,
    -0.5456721782684326,
    -0.05789836123585701,
    -0.4000360667705536,
    -0.24889156222343445,
    -0.15160758793354034,
    -0.14674241840839386,
    -0.1516086757183075,
    0.17926821112632751,
    0.29027506709098816,
    0.07278579473495483,
    0.4142872095108032,
    0.5746847987174988,
    0.681376576423645
  ],
  "sigma2": [
    9.290383786719758e-06,
    0.0009461932932026684,
    0.0009311552857980132,
    0.0008462468977086246,
    0.000686710060108453,
    6.447427585953847e-05,
    0.0003693731559906155,
    0.0005847403663210571,
    0.00096032494911924,
    0.0005227376823313534,
    0.0009603771613910794,
    0.00038853732985444367,
    0.0005216997815296054,
    0.00011342857033014297,
    0.0006168922409415245,
    0.000894668570253998,
    0.0009544919012114406
  ],
  "pi": [
    0.9990000128746033,
    6.707334136990539e-07,
    1.1083885738116805e-06,
    5.639599748974433e-06,
    1.569234336784575e-05,
    0.000365248357411474,
    5.4983705922495574e-05,
    4.5822107495041564e-05,
    2.8068569690731238e-08,
    7.378360169241205e-05,
    2.2970789714804596e-08,
    9.97897659544833e-05,
    4.827551674679853e-05,
    0.0002609429066069424,
    2.4303295504068956e-05,
    3.3896560580615187e-06,
    2.990017264892231e-07
  ],
  "J": 17
}