{
  "mu": [
    0.0,
    -0.5384549498558044,
    -0.09821996092796326,
    -0.35778406262397766,
    -0.21498028934001923,
    0.1566409319639206,
    0.22985175251960754,
    0.1576635092496872,
    0.4318999648094177,
    0.3109678030014038,
    0.1576625108718872,
    0.22983956336975098,
    0.1572074443101883,
    0.15799658000469208,
    0.156906396150589,
    0.07235436141490936,
    0.5340002179145813
  ],
  "sigma2": [
    1.1123948752356227e-05,
    0.001320093171671033,
    0.0011051505571231246,
    0.0012250379659235477,
    0.0011504457797855139,
    0.001031830906867981,
    0.0010322487214580178,
    0.0010316143743693829,
    0.001027082558721304,
    0.001034027198329568,
    0.0010316065745428205,
    0.0010317659471184015,
    0.0010318304412066936,
    0.001031823456287384,
    0.0010117031633853912,
    0.0006612057331949472,
    0.001037854002788663
  ],
  "pi": [
    0.9990000128746033,
    6.5752487898862455e-06,
    0.0002331413415959105,
    5.341999349184334e-05,
    0.00016494687588419765,
    9.19408726929305e-09,
    1.260773296962725e-05,
    1.793507408365258e-06,
    4.744575562654063e-06,
    2.8048978492734022e-05,
    1.857023789852974e-06,
    3.60533049388323e-05,
    1.8102843668543755e-08,
    7.730979234565893e-08,
    0.00015954543778207153,
    0.00029572140192613006,
    1.4399367955775233e-06
  ],
  "J": 17
}