{
  "mu": [
    0.0,
    -0.9914578795433044,
    -0.7963077425956726,
    -0.6813114881515503,
    -0.5665518641471863,
    -0.20483539998531342,
    -0.43197521567344666,
    -0.30719467997550964,
    -0.001418068539351225,
    -0.0014209556393325329,
    -0.0014181950828060508,
    0.25700628757476807,
    0.30450940132141113,
    0.4201015532016754,
    0.20456431806087494,
    0.568243145942688,
    0.7404709458351135
  ],
  "sigma2": [
    0.001497473567724228,
    0.0009535702411085367,
    0.000940535799600184,
    0.0009445537580177188,
    0.000921692990232259,
    0.0009003669256344438,
    0.0007613767520524561,
    0.0010018799221143126,
    0.0009521631291136146,
    0.0009521635947749019,
    0.0009521635947749019,
    0.0009521131287328899,
    0.0010833162814378738,
    0.0009713160688988864,
    0.0009427561890333891,
    0.0009536948637105525,
    0.0009439310524612665
  ],
  "pi": [
    0.9990000128746033,
    1.969186996575445e-06,
    7.015663868514821e-06,
    1.7298558304901235e-05,
    4.0204737160820514e-05,
    0.000160322553711012,
    0.00017492033657617867,
    0.0001349365193163976,
    1.2799890036774286e-09,
    1.2986144382054476e-09,
    1.2821320671818626e-09,
    4.604543590858157e-08,
    0.00013765745097771287,
    7.468916737707332e-05,
    0.00023914909979794174,
    1.0978548743878491e-05,
    8.083406441983243e-07
  ],
  "J": 17
}