{
  "mu": [
    0.0,
    -0.9337741136550903,
    -0.7789077162742615,
    -0.6479102373123169,
    -0.5426233410835266,
    -0.0999348983168602,
    -0.41725561022758484,
    -0.2703897953033447,
    -0.06357518583536148,
    -0.06358488649129868,
    -0.06357558071613312,
    0.2286776900291443,
    0.3462602198123932,
    0.45037561655044556,
    0.09790946543216705,
    0.5834413766860962,
    0.7379778623580933
  ],
  "sigma2": [
    1.5817859093658626e-05,
    0.0006935280980542302,
    0.0006731922039762139,
    0.0006216656765900552,
    0.0005379706271924078,
    0.0016405173810198903,
    0.0003296774229966104,
    0.0009284715633839369,
    0.0007039220654405653,
    0.0007039183401502669,
    0.0007039217161945999,
    0.0008411031449213624,
    0.0005248546949587762,
    0.000566490984056145,
    0.0011234704870730639,
    0.0006520214956253767,
    0.00069728511152789
  ],
  "pi": [
    0.9990000128746033,
    9.59265435085399e-07,
    4.363505013316171e-06,
    7.919124072941486e-06,
    2.1381836631917395e-05,
    0.0002903568383771926,
    7.938915223348886e-05,
    8.108762267511338e-05,
    1.9053651989509035e-09,
    2.2747761452279747e-09,
    1.925972714644786e-09,
    0.00012304434494581074,
    4.9707152356859297e-05,
    1.88124249689281e-05,
    0.00031784179736860096,
    4.781956704391632e-06,
    3.4894588907263824e-07
  ],
  "J": 17
}