{
  "mu": [
    0.0,
    -0.8604677319526672,
    -0.7387980818748474,
    -0.6419265270233154,
    -0.4382862448692322,
    -0.11046116054058075,
    -0.5480140447616577,
    -0.3401370644569397,
    -0.2132740616798401,
    0.2890223562717438,
    0.26741814613342285,
    0.2888902723789215,
    0.3418431580066681,
    0.19573386013507843,
    0.10667143017053604,
    0.5198857188224792,
    0.6314178705215454
  ],
  "sigma2": [
    3.204786480637267e-05,
    0.0026304712519049644,
    0.002642268082126975,
    0.002653236733749509,
    0.0026417174376547337,
    0.0011871419847011566,
    0.002624945715069771,
    0.0025901601184159517,
    0.0025660530664026737,
    0.0026427896227687597,
    0.0026547492016106844,
    0.0026503338012844324,
    0.0029744161292910576,
    0.00234938389621675,
    0.0010379375889897346,
    0.0026926174759864807,
    0.0026761640328913927
  ],
  "pi": [
    0.9990000128746033,
    6.39401946500584e-07,
    2.728769459281466e-06,
    2.193311502196593e-06,
    1.9544018869055435e-05,
    0.0001887078396975994,
    2.1162799384910613e-05,
    0.00012633918959181756,
    9.332452464150265e-05,
    4.58830709249014e-06,
    7.539965451996977e-08,
    1.7120538586823386e-06,
    8.523976430296898e-05,
    0.00020172969379927963,
    0.00024017637770157307,
    1.0302277587470599e-05,
    1.536300601401308e-06
  ],
  "J": 17
}