{
  "top1_error_pre[%]": 95.16,
  "top1_error_post[%]": 0.7299999999999973,
  "Delta[%]": -94.43,
  "|W|": 430500,
  "|W_nonzero|/|W|[%]": 5.678281068524971,
  "CR": 46.34358032416285,
  "acc_pretrain": 0.0484,
  "acc_retrain": 0.9921,
  "acc_quantized": 0.9927
}