{
  "top1_error_pre[%]": 2.0499999999999963,
  "top1_error_post[%]": 2.080000000000004,
  "Delta[%]": 0.030000000000007798,
  "|W|": 266200,
  "|W_nonzero|/|W|[%]": 7.864012021036815,
  "CR": 53.575179718111436,
  "acc_pretrain": 0.9795,
  "acc_retrain": 0.9822,
  "acc_quantized": 0.9792
}