{
  "mu": [
    0.0,
    -0.325021892786026,
    -0.312777042388916,
    -0.300138384103775,
    -0.2869822382926941,
    -0.2732011079788208,
    -0.25870493054389954,
    -0.24341751635074615,
    -0.22727130353450775,
    -0.21019646525382996,
    -0.19211949408054352,
    -0.17301444709300995,
    -0.1532588005065918,
    -0.1362275779247284,
    -0.07504276186227798,
    -0.00406941631808877,
    -0.00042921039857901633,
    -0.00040461416938342154,
    -0.00045485308510251343,
    -0.0005109590128995478,
    -0.0005492355558089912,
    -0.0005746760289184749,
    -0.0005919826216995716,
    -0.0006039769505150616,
    -0.0006116622244007885,
    -0.0006130791734904051,
    -0.0006129360990598798,
    -0.0006128392415121198,
    -0.0006127508822828531,
    -0.0006124133360572159,
    -0.0006054905825294554,
    -0.0005941959097981453,
    -0.0005778701161034405,
    -0.0005539844278246164,
    -0.0005181079613976181,
    -0.0004650723421946168,
    -0.0004020607448183,
    -0.00042505227611400187,
    -0.0005269018583931029,
    0.05766379088163376,
    0.1368967443704605,
    0.15279614925384521,
    0.17315497994422913,
    0.19296303391456604,
    0.211698979139328,
    0.22938187420368195,
    0.2460910975933075,
    0.2618979513645172,
    0.2768673598766327,
    0.29106730222702026,
    0.3045758008956909,
    0.3174961507320404,
    0.32994624972343445,
    0.34206148982048035,
    0.3539840281009674,
    0.3658577799797058,
    0.3778080642223358,
    0.38994550704956055,
    0.40235525369644165,
    0.41509389877319336,
    0.4281955659389496,
    0.4416630268096924,
    0.4554865062236786,
    0.46962863206863403
  ],
  "sigma2": [
    0.013237484730780125,
    0.12883758544921875,
    0.12243346124887466,
    0.11626342684030533,
    0.11026553809642792,
    0.10436329990625381,
    0.09846381843090057,
    0.09245273470878601,
    0.08619213104248047,
    0.07951517403125763,
    0.0722353532910347,
    0.0641959011554718,
    0.055462516844272614,
    0.047235045582056046,
    0.02729128487408161,
    0.013058719225227833,
    0.00453744363039732,
    0.004064108245074749,
    0.005064061842858791,
    0.006603503134101629,
    0.008135883137583733,
    0.009480241686105728,
    0.010569717735052109,
    0.011395112611353397,
    0.011958671733736992,
    0.012275682762265205,
    0.012388202361762524,
    0.012392567470669746,
    0.012305624783039093,
    0.012025007978081703,
    0.011501925066113472,
    0.010718517936766148,
    0.00967058353126049,
    0.008364688605070114,
    0.0068521685898303986,
    0.005302169360220432,
    0.004017923027276993,
    0.0044532096944749355,
    0.007159433327615261,
    0.02374851331114769,
    0.04756299406290054,
    0.055516451597213745,
    0.06446357816457748,
    0.07265603542327881,
    0.07998712360858917,
    0.08662799745798111,
    0.09277936071157455,
    0.09861664474010468,
    0.1042814701795578,
    0.10988689213991165,
    0.11552173644304276,
    0.12125951796770096,
    0.1271558552980423,
    0.13325712084770203,
    0.13959872722625732,
    0.14620696008205414,
    0.153100848197937,
    0.16029436886310577,
    0.16779619455337524,
    0.1756117194890976,
    0.18374399840831757,
    0.19219204783439636,
    0.20095498859882355,
    0.21002478897571564
  ],
  "pi": [
    0.9900000095367432,
    2.5259174435632303e-05,
    2.5102503059315495e-05,
    2.4900135031202808e-05,
    2.4642002244945616e-05,
    2.4316403141710907e-05,
    2.390896224824246e-05,
    2.340175342396833e-05,
    2.277255043736659e-05,
    2.1991880203131586e-05,
    2.1017507606302388e-05,
    1.9779696231125854e-05,
    1.8131289834855124e-05,
    1.557791074446868e-05,
    1.9915725715691224e-05,
    3.63911603926681e-05,
    0.0010603141272440553,
    0.0009786698501557112,
    0.0007009777473285794,
    0.0004335340636316687,
    0.00028638573712669313,
    0.00021774544438812882,
    0.00018334228661842644,
    0.00016437815793324262,
    0.0001536455238237977,
    0.00014811208529863507,
    0.0001461710489820689,
    0.00014609313802793622,
    0.00014759713667444885,
    0.00015246398106683046,
    0.00016222680278588086,
    0.00017955689691007137,
    0.00021069266949780285,
    0.00027173629496246576,
    0.00040245259879156947,
    0.0006511083338409662,
    0.0009627541876398027,
    0.0010496150935068727,
    0.0002485998556949198,
    2.159906034648884e-05,
    1.4934739738237113e-05,
    1.781185346771963e-05,
    1.957872518687509e-05,
    2.08927031053463e-05,
    2.1924621250946075e-05,
    2.275151200592518e-05,
    2.3418755517923273e-05,
    2.395766023255419e-05,
    2.4391729311901145e-05,
    2.4739500076975673e-05,
    2.501612289051991e-05,
    2.523393959563691e-05,
    2.5403272957191803e-05,
    2.553266858740244e-05,
    2.5629251467762515e-05,
    2.569894422776997e-05,
    2.5746719984454103e-05,
    2.5776776965358295e-05,
    2.579264582891483e-05,
    2.5797276975936256e-05,
    2.5793204258661717e-05,
    2.578231033112388e-05,
    2.5766543330973946e-05,
    2.5747240215423517e-05
  ],
  "J": 64
}