{
  "mu": [
    0.0,
    -0.15048609673976898,
    -0.155684232711792,
    -0.16038769483566284,
    -0.1644088476896286,
    -0.16756807267665863,
    -0.16971850395202637,
    -0.1707475781440735,
    -0.17057010531425476,
    -0.16910462081432343,
    -0.1661919504404068,
    -0.16144464910030365,
    -0.15423130989074707,
    -0.1457328200340271,
    -0.09179551154375076,
    0.01780744642019272,
    -1.4467780601989944e-05,
    -5.487109228852205e-05,
    -0.00030393863562494516,
    -0.10450031608343124,
    -0.1964399516582489,
    0.19994764029979706,
    0.2000221610069275,
    0.2008955329656601,
    -0.19803005456924438,
    -0.19622841477394104,
    -0.1949087381362915,
    -0.19471360743045807,
    -0.19598360359668732,
    -0.1977168768644333,
    0.20170871913433075,
    0.20009367167949677,
    0.1998680830001831,
    -0.19731537997722626,
    -0.18225513398647308,
    -0.0005724006332457066,
    -5.679136302205734e-05,
    -1.4504186765407212e-05,
    -0.04653807356953621,
    0.11490750312805176,
    0.16390374302864075,
    0.1707519292831421,
    0.17870472371578217,
    0.18622510135173798,
    0.19313080608844757,
    0.19920168817043304,
    0.2042262703180313,
    0.20804950594902039,
    0.21058854460716248,
    0.2118362933397293,
    0.21185830235481262,
    0.2107890397310257,
    0.2088155746459961,
    0.20615620911121368,
    0.20304067432880402,
    0.1996823251247406,
    0.19625802338123322,
    0.1929018497467041,
    0.18969833850860596,
    0.18668828904628754,
    0.18388435244560242,
    0.18127289414405823,
    0.17883145809173584,
    0.1765279620885849
  ],
  "sigma2": [
    0.0015405474696308374,
    0.06096517667174339,
    0.060069490224123,
    0.05909260734915733,
    0.058000143617391586,
    0.05676276236772537,
    0.05535056069493294,
    0.053740184754133224,
    0.051922015845775604,
    0.049908265471458435,
    0.04776063561439514,
    0.04563111811876297,
    0.04374442249536514,
    0.04207585006952286,
    0.03390851244330406,
    0.012591065838932991,
    0.00016973332094494253,
    9.118797606788576e-05,
    0.001110051409341395,
    0.0029531412292271852,
    0.004222352523356676,
    0.004719320219010115,
    0.004886411130428314,
    0.005342457909137011,
    0.0053099109791219234,
    0.004859503824263811,
    0.0044838241301476955,
    0.004427118692547083,
    0.0047921715304255486,
    0.005235843826085329,
    0.00577834527939558,
    0.004924507811665535,
    0.0047265831381082535,
    0.00444796122610569,
    0.003209302667528391,
    0.0013726063771173358,
    9.095694258576259e-05,
    0.00016775794210843742,
    0.004152421373873949,
    0.025324435904622078,
    0.0344887301325798,
    0.03767981380224228,
    0.04156201332807541,
    0.04540936276316643,
    0.04890809953212738,
    0.051937926560640335,
    0.054467231035232544,
    0.05649816617369652,
    0.058049239218235016,
    0.05914564058184624,
    0.059821635484695435,
    0.06012314558029175,
    0.060107212513685226,
    0.0598420612514019,
    0.0594046451151371,
    0.058874111622571945,
    0.05832600221037865,
    0.05782632157206535,
    0.05742638558149338,
    0.05716041475534439,
    0.05704760551452637,
    0.05708689987659454,
    0.05726508051156998,
    0.05755284056067467
  ],
  "pi": [
    0.9900000095367432,
    4.807850928045809e-06,
    4.771514340973226e-06,
    4.725373855762882e-06,
    4.6676836973347235e-06,
    4.596203325490933e-06,
    4.507958237809362e-06,
    4.39903396909358e-06,
    4.264185918145813e-06,
    4.096254542673705e-06,
    3.884592842950951e-06,
    3.612044110923307e-06,
    3.246912683607661e-06,
    2.7114795102534117e-06,
    2.778485850285506e-06,
    2.1480418581631966e-06,
    0.0008251835824921727,
    0.003862224519252777,
    5.160869113751687e-05,
    1.8349361198488623e-05,
    1.923014860949479e-05,
    2.2247437300393358e-05,
    2.5885803552228026e-05,
    2.4749582735239528e-05,
    2.68748863163637e-05,
    3.2789481338113546e-05,
    3.878100687870756e-05,
    3.9763381209922954e-05,
    3.3780295780161396e-05,
    2.778706948447507e-05,
    2.1675963580491953e-05,
    2.613345168356318e-05,
    2.3174174202722497e-05,
    1.8498356439522468e-05,
    1.8652679500519298e-05,
    4.0165334212360904e-05,
    0.003790124086663127,
    0.0008292800630442798,
    5.7243350966018625e-06,
    2.8717201985273277e-06,
    2.785610831779195e-06,
    3.402731863388908e-06,
    3.8065163607825525e-06,
    4.105288553546416e-06,
    4.337973678048002e-06,
    4.523899860942038e-06,
    4.674398951465264e-06,
    4.79691425425699e-06,
    4.8968363444146235e-06,
    4.978372999175917e-06,
    5.044825684308307e-06,
    5.098921519675059e-06,
    5.142680493008811e-06,
    5.177852017368423e-06,
    5.2056461754546035e-06,
    5.227061137702549e-06,
    5.242830411589239e-06,
    5.253576091490686e-06,
    5.259744739305461e-06,
    5.261829301161924e-06,
    5.2603186304622795e-06,
    5.2556683840521146e-06,
    5.248487923381617e-06,
    5.239331585471518e-06
  ],
  "J": 64
}