{
  "mu": [
    0.0,
    -0.5662132501602173,
    -0.5266724824905396,
    -0.4997251629829407,
    -0.4684971868991852,
    -0.38695451617240906,
    -0.3382747173309326,
    -0.3224339187145233,
    -0.31608283519744873,
    -0.3134792745113373,
    -0.3128839433193207,
    -0.31312263011932373,
    -0.3119243085384369,
    -0.30730268359184265,
    -0.40530726313591003,
    0.2787405252456665,
    -0.030514098703861237,
    -0.015773361548781395,
    -0.14749063551425934,
    -0.20763635635375977,
    -0.20930509269237518,
    0.09816180914640427,
    0.01848590187728405,
    0.06075355410575867,
    -0.1463860422372818,
    -0.06440836936235428,
    -0.019323386251926422,
    -0.00985693745315075,
    -0.03598126769065857,
    -0.10254156589508057,
    0.14545440673828125,
    0.009655164554715157,
    0.033711329102516174,
    -0.25341275334358215,
    -0.2025429755449295,
    -0.17424605786800385,
    0.015151720494031906,
    -0.030206168070435524,
    -0.37269341945648193,
    0.3251591622829437,
    0.2118045538663864,
    0.25641945004463196,
    0.23442208766937256,
    0.23059633374214172,
    0.23195300996303558,
    0.23675087094306946,
    0.47758665680885315,
    0.5290241837501526,
    0.6114383935928345,
    0.52534419298172,
    0.3119770884513855,
    -0.13222159445285797,
    -0.2556266188621521,
    0.5988465547561646,
    0.7009100914001465,
    0.838470458984375,
    0.47003373503685,
    0.47763341665267944,
    0.4758342504501343,
    0.46007591485977173,
    0.2355741560459137,
    0.23587888479232788,
    0.4694007337093353,
    0.48117825388908386
  ],
  "sigma2": [
    1.9726151094801025e-06,
    0.012854442000389099,
    0.011671828106045723,
    0.009999755769968033,
    0.009564966894686222,
    0.008923078887164593,
    0.00788884423673153,
    0.007159864064306021,
    0.0066115534864366055,
    0.006161490920931101,
    0.005784892942756414,
    0.00550140580162406,
    0.005392491351813078,
    0.005546962842345238,
    0.021414263173937798,
    0.00793067179620266,
    8.953287033364177e-05,
    1.3678685718332417e-05,
    0.0010181970428675413,
    0.0013022584607824683,
    0.001320565934292972,
    0.0005190512165427208,
    2.808501994877588e-05,
    0.0003055007546208799,
    0.0009736796491779387,
    0.00031147332629188895,
    3.0601993785239756e-05,
    6.258164376049535e-06,
    0.00011562096915440634,
    0.0005047887098044157,
    0.0011323333019390702,
    5.774171768280212e-06,
    9.908552601700649e-05,
    0.0029897489584982395,
    0.001198258833028376,
    0.001258890493772924,
    1.0115410077560227e-05,
    8.689086098456755e-05,
    0.002526778494939208,
    0.0014354122104123235,
    0.0006670952425338328,
    0.001013639965094626,
    0.002267284784466028,
    0.0033003853168338537,
    0.004019868094474077,
    0.004988749977201223,
    0.007781210355460644,
    0.015420843847095966,
    0.03567705675959587,
    0.05258981138467789,
    0.10252611339092255,
    0.21509259939193726,
    0.19572383165359497,
    0.040833208709955215,
    0.022789185866713524,
    0.019975271075963974,
    0.006935641169548035,
    0.004345483612269163,
    0.004660571925342083,
    0.006801471579819918,
    0.005836851429194212,
    0.005898196715861559,
    0.005861680489033461,
    0.003763178363442421
  ],
  "pi": [
    0.9900000095367432,
    1.5451259969267994e-06,
    1.414458779436245e-06,
    1.388778969158011e-06,
    1.3836232710673357e-06,
    1.3891566368329222e-06,
    1.4195513813319849e-06,
    1.4642839687439846e-06,
    1.5248791669364437e-06,
    1.6035012322390685e-06,
    1.6909847317947424e-06,
    1.7381730685883667e-06,
    1.61375669449626e-06,
    1.2254869261596468e-06,
    4.748826825107244e-07,
    6.108474508437212e-07,
    1.2316610082052648e-05,
    1.1679322597046848e-05,
    6.109759397077141e-06,
    8.971535135060549e-05,
    0.0001984123809961602,
    0.0008905890281312168,
    0.0004729758366011083,
    0.000915396201889962,
    0.0010809884406626225,
    0.0010846154764294624,
    0.0005017053917981684,
    0.00035993714118376374,
    0.0006362246349453926,
    0.0011080473195761442,
    0.0010143046965822577,
    0.00033504707971587777,
    0.0005719777545891702,
    0.0001584239216754213,
    0.0001237390242749825,
    7.341573109442834e-06,
    1.0407115041743964e-05,
    1.2188056643935852e-05,
    1.8168324459111318e-05,
    3.9253089198609814e-05,
    0.00017565771122463048,
    9.189383854391053e-05,
    2.0792656869161874e-05,
    5.617575880023651e-06,
    2.5685383207019186e-06,
    1.577727630319714e-06,
    1.2853259931944194e-06,
    9.846828561421717e-07,
    9.284611337534443e-07,
    7.50269350646704e-07,
    6.394506044671289e-07,
    7.208608963082952e-07,
    8.208716053559328e-07,
    8.717611308384221e-07,
    1.4000679584569298e-06,
    1.7090567325794837e-06,
    1.2879081623395905e-06,
    1.53727501128742e-06,
    1.5864256965869572e-06,
    1.3732650359088439e-06,
    1.432534986633982e-06,
    1.4230912483981228e-06,
    1.4457733641393133e-06,
    1.6440737908851588e-06
  ],
  "J": 64
}