{
  "mu": [
    0.0,
    -0.26683512330055237,
    -0.2627047002315521,
    -0.2578175961971283,
    -0.2520354390144348,
    -0.24523860216140747,
    -0.23733195662498474,
    -0.2282385528087616,
    -0.2178889513015747,
    -0.2061946541070938,
    -0.19300037622451782,
    -0.17801637947559357,
    -0.1609315723180771,
    -0.14388912916183472,
    -0.06364914029836655,
    -0.002373957773670554,
    -4.537422501016408e-05,
    -5.308577965479344e-05,
    -0.00020435763872228563,
    -0.0007970404694788158,
    -0.001450628973543644,
    -0.001991377677768469,
    -0.0031689894385635853,
    -0.007392306812107563,
    -0.029417408630251884,
    -0.19840160012245178,
    -0.2772286534309387,
    -0.28116002678871155,
    -0.2234940230846405,
    -0.04014086723327637,
    -0.008822260424494743,
    -0.003523788880556822,
    -0.0021040719002485275,
    -0.001534457434900105,
    -0.0009119654423557222,
    -0.000270594289759174,
    -6.899482832523063e-05,
    -4.545981573755853e-05,
    -0.0010570301674306393,
    0.027365289628505707,
    0.1264127939939499,
    0.14268648624420166,
    0.16336849331855774,
    0.18268635869026184,
    0.2002153843641281,
    0.21607862412929535,
    0.23041312396526337,
    0.24331654608249664,
    0.25486546754837036,
    0.2651379108428955,
    0.2742250859737396,
    0.2822454869747162,
    0.2893400192260742,
    0.29566487669944763,
    0.3013831377029419,
    0.3066522777080536,
    0.3116053640842438,
    0.3163556754589081,
    0.3209834694862366,
    0.32553914189338684,
    0.3300515413284302,
    0.3345192074775696,
    0.3389327824115753,
    0.3432599604129791
  ],
  "sigma2": [
    0.003013449488207698,
    0.08767911046743393,
    0.08523502945899963,
    0.08275327831506729,
    0.08018801361322403,
    0.07749644666910172,
    0.07462941110134125,
    0.07153397798538208,
    0.06815080344676971,
    0.06441131234169006,
    0.06023971363902092,
    0.055558230727910995,
    0.05029899626970291,
    0.044860389083623886,
    0.023669680580496788,
    0.009987185709178448,
    0.0003514991549309343,
    0.0003194657329004258,
    0.001248470158316195,
    0.003005923703312874,
    0.004606845788657665,
    0.005910559091717005,
    0.006947746034711599,
    0.007738148793578148,
    0.008290030062198639,
    0.008669018745422363,
    0.008626632392406464,
    0.008604772388935089,
    0.008686053566634655,
    0.008358548395335674,
    0.007841394282877445,
    0.007089580874890089,
    0.006092047784477472,
    0.004832806997001171,
    0.0032786515075713396,
    0.0015144203789532185,
    0.0003185536479577422,
    0.00035052551538683474,
    0.004068084992468357,
    0.01823321357369423,
    0.04961835965514183,
    0.05793047323822975,
    0.06635431200265884,
    0.07333630323410034,
    0.079103022813797,
    0.08397594839334488,
    0.08819566667079926,
    0.09192647784948349,
    0.09528003633022308,
    0.09833052009344101,
    0.10112869739532471,
    0.1037105992436409,
    0.10610054433345795,
    0.10832110792398453,
    0.11039362102746964,
    0.11234308779239655,
    0.1141982153058052,
    0.11599189788103104,
    0.11775906383991241,
    0.11953375488519669,
    0.12134592235088348,
    0.12321759015321732,
    0.12516085803508759,
    0.12717272341251373
  ],
  "pi": [
    0.9900000095367432,
    4.865033133683028e-06,
    4.820835783903021e-06,
    4.764687673741719e-06,
    4.694380095315864e-06,
    4.607368282449897e-06,
    4.500609065871686e-06,
    4.370459919300629e-06,
    4.2124156607314944e-06,
    4.020607775601093e-06,
    3.786590468735085e-06,
    3.4967611100000795e-06,
    3.124996965198079e-06,
    2.6015252387878718e-06,
    2.821646376105491e-06,
    3.057011326745851e-06,
    0.0022948989644646645,
    0.002421774435788393,
    0.00012017224071314558,
    3.582247154554352e-05,
    2.254086939501576e-05,
    1.813115886761807e-05,
    1.6098014384624548e-05,
    1.4986936548666563e-05,
    1.4343945622385945e-05,
    1.4213338545232546e-05,
    1.5158341739152092e-05,
    1.5332081602537073e-05,
    1.4327657481771894e-05,
    1.4272724001784809e-05,
    1.4859469956718385e-05,
    1.5876999896136113e-05,
    1.770853305060882e-05,
    2.154347748728469e-05,
    3.233650204492733e-05,
    8.969076588982716e-05,
    0.0023605627939105034,
    0.0022348803468048573,
    1.0764348189695738e-05,
    2.8704641863441793e-06,
    2.416512870695442e-06,
    2.9708537567785243e-06,
    3.3546627946634544e-06,
    3.6551816720020724e-06,
    3.900051979144337e-06,
    4.102954790141666e-06,
    4.2721626414277125e-06,
    4.413353053678293e-06,
    4.530842943495372e-06,
    4.628154783858918e-06,
    4.708274445874849e-06,
    4.773773071065079e-06,
    4.826860276807565e-06,
    4.86946646560682e-06,
    4.903260105493246e-06,
    4.929690476274118e-06,
    4.9499385568196885e-06,
    4.965076641383348e-06,
    4.975965566700324e-06,
    4.9833593038783874e-06,
    4.987919055565726e-06,
    4.990134129911894e-06,
    4.990497927792603e-06,
    4.989422450307757e-06
  ],
  "J": 64
}