{
  "mu": [
    0.0,
    -0.2982226610183716,
    -0.2873384654521942,
    -0.2760479152202606,
    -0.2642045021057129,
    -0.2516770660877228,
    -0.23835256695747375,
    -0.224128857254982,
    -0.2089097648859024,
    -0.19258785247802734,
    -0.17503973841667175,
    -0.156180277466774,
    -0.1363765448331833,
    -0.11948855966329575,
    -0.0542450025677681,
    -0.0017801598878577352,
    -0.0002963937586173415,
    -0.00027662632055580616,
    -0.00035556236980482936,
    -0.000480515300296247,
    -0.0005657649016939104,
    -0.0006182099459692836,
    -0.0006535792490467429,
    -0.0006794258952140808,
    -0.0006991164991632104,
    -0.0007125010015442967,
    -0.000718079274520278,
    -0.0007170176832005382,
    -0.0007134506595321,
    -0.0007018012111075222,
    -0.0006829130579717457,
    -0.0006582071073353291,
    -0.000624690786935389,
    -0.0005757416947744787,
    -0.0004972089664079249,
    -0.0003748993622139096,
    -0.0002747360849753022,
    -0.0002933034556917846,
    -0.0005122991860844195,
    0.03737005963921547,
    0.1218918114900589,
    0.1381056010723114,
    0.15927158296108246,
    0.17952992022037506,
    0.1983569860458374,
    0.21585333347320557,
    0.23216518759727478,
    0.24740900099277496,
    0.2616792917251587,
    0.27506735920906067,
    0.2876706123352051,
    0.2996089458465576,
    0.31101560592651367,
    0.3220406174659729,
    0.3328380584716797,
    0.34356093406677246,
    0.35433998703956604,
    0.3652893602848053,
    0.37649330496788025,
    0.3880058825016022,
    0.3998575508594513,
    0.41204461455345154,
    0.42455193400382996,
    0.43733465671539307
  ],
  "sigma2": [
    0.009040171280503273,
    0.12527203559875488,
    0.1189836859703064,
    0.11288803070783615,
    0.10691861808300018,
    0.10099656134843826,
    0.0950268805027008,
    0.08889447897672653,
    0.08246155083179474,
    0.07556390762329102,
    0.0680234357714653,
    0.059708911925554276,
    0.05075672268867493,
    0.042570460587739944,
    0.022472959011793137,
    0.01117755752056837,
    0.0022552707232534885,
    0.0020749520044773817,
    0.002835802501067519,
    0.004414460156112909,
    0.0060560442507267,
    0.007417419925332069,
    0.0084860073402524,
    0.009283658117055893,
    0.009824718348681927,
    0.010128443129360676,
    0.010236375965178013,
    0.010240583680570126,
    0.010157152079045773,
    0.009888285771012306,
    0.009386361576616764,
    0.008630376309156418,
    0.007605827879160643,
    0.006292279809713364,
    0.004686970263719559,
    0.003050359897315502,
    0.002057904377579689,
    0.002226430457085371,
    0.005093073472380638,
    0.019234662875533104,
    0.0435633547604084,
    0.05167318880558014,
    0.0610814094543457,
    0.06969534605741501,
    0.07734587043523788,
    0.08420369774103165,
    0.09047751873731613,
    0.09634856879711151,
    0.1019602119922638,
    0.10742457211017609,
    0.11282794922590256,
    0.11823875457048416,
    0.12371005862951279,
    0.12928661704063416,
    0.13500376045703888,
    0.14089012145996094,
    0.14697039127349854,
    0.15326647460460663,
    0.1597970426082611,
    0.16657766699790955,
    0.17362163960933685,
    0.18093770742416382,
    0.18853168189525604,
    0.19640004634857178
  ],
  "pi": [
    0.9900000095367432,
    1.5983887351467274e-05,
    1.5856157915550284e-05,
    1.56953956320649e-05,
    1.5495141269639134e-05,
    1.5247866940626409e-05,
    1.4944693248253316e-05,
    1.4574718079529703e-05,
    1.4124756489763968e-05,
    1.3577508070738986e-05,
    1.290843283641152e-05,
    1.2076851817255374e-05,
    1.0996533092111349e-05,
    9.377571586810518e-06,
    1.1770609489758499e-05,
    1.7620766811887734e-05,
    0.0015963291516527534,
    0.001421659137122333,
    0.0007832288392819464,
    0.0002818439097609371,
    0.0001547997526358813,
    0.00011446882854215801,
    9.653091547079384e-05,
    8.700821490492672e-05,
    8.165989856934175e-05,
    7.88841862231493e-05,
    7.789612573105842e-05,
    7.785578054608777e-05,
    7.862367783673108e-05,
    8.106975292321295e-05,
    8.593672828283161e-05,
    9.461658919462934e-05,
    0.00011070134496549144,
    0.00014553721121046692,
    0.00024837706587277353,
    0.0006658611237071455,
    0.0013924387749284506,
    0.0015662851510569453,
    9.388317994307727e-05,
    1.26606992125744e-05,
    8.972914656624198e-06,
    1.0784957339637913e-05,
    1.1942761375394184e-05,
    1.2828394574171398e-05,
    1.3540766303776763e-05,
    1.412430628988659e-05,
    1.4605230717279483e-05,
    1.5001787687651813e-05,
    1.532793066871818e-05,
    1.5594810975017026e-05,
    1.5811890989425592e-05,
    1.5987043298082426e-05,
    1.6126967238960788e-05,
    1.6237438103416935e-05,
    1.6323368981829844e-05,
    1.6388919902965426e-05,
    1.6437646991107613e-05,
    1.6472627976327203e-05,
    1.6496436728630215e-05,
    1.6511319699930027e-05,
    1.651917045819573e-05,
    1.6521424186066724e-05,
    1.651953425607644e-05,
    1.6514577509951778e-05
  ],
  "J": 64
}