{
  "mu": [
    0.0,
    -0.5519850254058838,
    -0.5291544795036316,
    -0.5061022043228149,
    -0.48283088207244873,
    -0.4593450129032135,
    -0.4356532692909241,
    -0.41176652908325195,
    -0.38769760727882385,
    -0.36346152424812317,
    -0.3390798568725586,
    -0.31459352374076843,
    -0.29013001918792725,
    -0.26645517349243164,
    -0.22955673933029175,
    -0.19150307774543762,
    -0.15593275427818298,
    -0.12198731303215027,
    -0.09951659291982651,
    -0.07798173278570175,
    -0.05696649104356766,
    -0.0373990461230278,
    -0.02035532146692276,
    -0.007576770149171352,
    -0.0012552569387480617,
    -0.0004348648653831333,
    -0.00044062966480851173,
    -0.0004409649991430342,
    -0.00043563247891142964,
    1.3628052329295315e-05,
    0.005218414589762688,
    0.017103144899010658,
    0.03360605612397194,
    0.05285656824707985,
    0.07369907200336456,
    0.09523561596870422,
    0.1165020763874054,
    0.14941871166229248,
    0.18504400551319122,
    0.2219235599040985,
    0.26225799322128296,
    0.2854502499103546,
    0.3098782002925873,
    0.3343750536441803,
    0.3587798774242401,
    0.38304412364959717,
    0.4071432948112488,
    0.4310624897480011,
    0.454788476228714,
    0.4783110022544861,
    0.501620888710022,
    0.5247130393981934,
    0.5475887656211853,
    0.57025146484375,
    0.5927131175994873,
    0.614996075630188,
    0.6371301412582397,
    0.6591553688049316,
    0.6811277866363525,
    0.7031136751174927,
    0.7251960039138794,
    0.7474712133407593,
    0.7700573801994324,
    0.7930918335914612
  ],
  "sigma2": [
    0.04229594022035599,
    0.09564551711082458,
    0.09416626393795013,
    0.09275003522634506,
    0.09138671308755875,
    0.0900617390871048,
    0.08875676244497299,
    0.0874469056725502,
    0.0860985592007637,
    0.08466265350580215,
    0.08306318521499634,
    0.08117468655109406,
    0.07877783477306366,
    0.07550814747810364,
    0.06843050569295883,
    0.05540858954191208,
    0.04341012239456177,
    0.034278351813554764,
    0.035085536539554596,
    0.036807745695114136,
    0.0378522165119648,
    0.03864210844039917,
    0.03930326923727989,
    0.03987402468919754,
    0.040342576801776886,
    0.04066219553351402,
    0.040797874331474304,
    0.040804218500852585,
    0.04069620743393898,
    0.04040489345788956,
    0.039956316351890564,
    0.039400119334459305,
    0.03875445947051048,
    0.03799024596810341,
    0.03700113296508789,
    0.0354473702609539,
    0.03326821327209473,
    0.04174615442752838,
    0.053426843136548996,
    0.0664936900138855,
    0.07493100315332413,
    0.07836046069860458,
    0.08086105436086655,
    0.08280656486749649,
    0.08443765342235565,
    0.08588987588882446,
    0.0872451514005661,
    0.08855565637350082,
    0.08985704183578491,
    0.09117552638053894,
    0.09252987056970596,
    0.09393592178821564,
    0.09540465474128723,
    0.09694476425647736,
    0.09856192767620087,
    0.10025787353515625,
    0.1020306870341301,
    0.10387429594993591,
    0.10577666014432907,
    0.10771910846233368,
    0.10967642813920975,
    0.11161259561777115,
    0.11348064988851547,
    0.1152154803276062
  ],
  "pi": [
    0.9900000095367432,
    0.00010915846360148862,
    0.00010927840776275843,
    0.00010938603372778744,
    0.0001094716863008216,
    0.00010952162119792774,
    0.00010951608419418335,
    0.00010942529479507357,
    0.00010920230852207169,
    0.00010876773740164936,
    0.00010797386494232342,
    0.00010650754848029464,
    0.00010355087579227984,
    9.585147199686617e-05,
    0.00013398884038906544,
    0.00019990134751424193,
    0.00023322642664425075,
    0.0002485570730641484,
    0.0002487788151483983,
    0.00024718636996112764,
    0.0002456345537211746,
    0.0002439420495647937,
    0.00024212940479628742,
    0.00024029034830164164,
    0.00023861424415372312,
    0.00023739223252050579,
    0.00023685260384809226,
    0.00023682745813857764,
    0.00023725703067611903,
    0.00023837888147681952,
    0.00024000251141842455,
    0.00024182976630982012,
    0.00024365300487261266,
    0.00024536557612009346,
    0.00024693354498595,
    0.0002484765718691051,
    0.00024981010938063264,
    0.00023644007160328329,
    0.00020745569781865925,
    0.00014602729061152786,
    9.318548836745322e-05,
    0.00010279201524099335,
    0.00010617014777380973,
    0.0001078031855286099,
    0.00010867984383367002,
    0.00010916118480963632,
    0.00010941265645669773,
    0.00010952170850941911,
    0.00010953926539514214,
    0.00010949722491204739,
    0.00010941675282083452,
    0.00010931238648481667,
    0.00010919431952061132,
    0.00010906991519732401,
    0.00010894435399677604,
    0.00010882132482947782,
    0.00010870322148548439,
    0.00010859171743504703,
    0.00010848754027392715,
    0.00010839101014425978,
    0.00010830197425093502,
    0.00010822002514032647,
    0.00010814455890795216,
    0.00010807486978592351
  ],
  "J": 64
}