{
  "mu": [
    0.0,
    -0.28410759568214417,
    -0.2745538651943207,
    -0.2645273804664612,
    -0.253871351480484,
    -0.24244579672813416,
    -0.23012825846672058,
    -0.21680724620819092,
    -0.20237259566783905,
    -0.18669453263282776,
    -0.16960649192333221,
    -0.150940403342247,
    -0.13093619048595428,
    -0.11356848478317261,
    -0.043855566531419754,
    -0.0013514430029317737,
    -0.0001591585314599797,
    -0.00014881292008794844,
    -0.0002518924593459815,
    -0.0004737298295367509,
    -0.0006370653863996267,
    -0.0007427663658745587,
    -0.0008238998707383871,
    -0.0008942523854784667,
    -0.0009543943451717496,
    -0.0009971560211852193,
    -0.0010205511935055256,
    -0.0010219665709882975,
    -0.0010019943583756685,
    -0.0009626163518987596,
    -0.0009046252816915512,
    -0.000835665559861809,
    -0.0007567184511572123,
    -0.0006565830553881824,
    -0.0005050514009781182,
    -0.0002865864662453532,
    -0.00014792704314459115,
    -0.0001578301889821887,
    -0.0005633281543850899,
    0.026906386017799377,
    0.1155659630894661,
    0.13264209032058716,
    0.15482844412326813,
    0.1757318377494812,
    0.1948966234922409,
    0.2125101238489151,
    0.22877293825149536,
    0.24383150041103363,
    0.25779712200164795,
    0.2707696557044983,
    0.282852441072464,
    0.2941684424877167,
    0.3048552870750427,
    0.31506481766700745,
    0.32495373487472534,
    0.3346764147281647,
    0.3443647027015686,
    0.35413283109664917,
    0.3640640079975128,
    0.3742126524448395,
    0.38460901379585266,
    0.39525026082992554,
    0.4061207175254822,
    0.4171784520149231
  ],
  "sigma2": [
    0.006209720857441425,
    0.11978423595428467,
    0.11410576105117798,
    0.10855937004089355,
    0.10307952761650085,
    0.09759249538183212,
    0.0920083150267601,
    0.08621709793806076,
    0.08008753508329391,
    0.07345876097679138,
    0.06615066528320312,
    0.05801776424050331,
    0.049160268157720566,
    0.040994998067617416,
    0.020048584789037704,
    0.010313267819583416,
    0.0011459392262622714,
    0.001072795712389052,
    0.0018030107021331787,
    0.0035431392025202513,
    0.005186694674193859,
    0.006508085411041975,
    0.007535366341471672,
    0.008300104178488255,
    0.008818910457193851,
    0.009110466577112675,
    0.009214372374117374,
    0.0092184292152524,
    0.009138016030192375,
    0.008879881352186203,
    0.008398599922657013,
    0.007673852611333132,
    0.006689619272947311,
    0.005417583975940943,
    0.00382296834141016,
    0.002049762988463044,
    0.0010665846057236195,
    0.0011364936362951994,
    0.004459124989807606,
    0.01687735691666603,
    0.04248397797346115,
    0.05098513886332512,
    0.060807500034570694,
    0.06962846964597702,
    0.07731453329324722,
    0.0840858668088913,
    0.09018158167600632,
    0.09579595923423767,
    0.10107554495334625,
    0.10613016784191132,
    0.11104069650173187,
    0.11586887389421463,
    0.12066026777029037,
    0.1254526823759079,
    0.13027483224868774,
    0.1351533681154251,
    0.14011169970035553,
    0.14517325162887573,
    0.15036070346832275,
    0.15569493174552917,
    0.16119623184204102,
    0.1668790876865387,
    0.1727546751499176,
    0.17882321774959564
  ],
  "pi": [
    0.9900000095367432,
    9.996558219427243e-06,
    9.903834325086791e-06,
    9.788540410227142e-06,
    9.646482794778422e-06,
    9.47291209740797e-06,
    9.262265848519746e-06,
    9.007750122691505e-06,
    8.701304977876134e-06,
    8.332359357154928e-06,
    7.885929335316177e-06,
    7.337418537645135e-06,
    6.635686986555811e-06,
    5.614896963379579e-06,
    6.850587396911578e-06,
    8.982198778539896e-06,
    0.002088395180180669,
    0.0018381372792646289,
    0.0005227956571616232,
    0.0001301023585256189,
    7.436260784743354e-05,
    5.693859202438034e-05,
    4.907775655738078e-05,
    4.483967859414406e-05,
    4.242008435539901e-05,
    4.1142910049529746e-05,
    4.068058842676692e-05,
    4.066143083036877e-05,
    4.102170350961387e-05,
    4.215025546727702e-05,
    4.435798473423347e-05,
    4.8230740503640845e-05,
    5.5296390200965106e-05,
    7.037610339466482e-05,
    0.00011502503184601665,
    0.00038321709143929183,
    0.001795280841179192,
    0.0020369805861264467,
    3.8671805668855086e-05,
    7.287205335160252e-06,
    5.35323670192156e-06,
    6.482323897216702e-06,
    7.229837137856521e-06,
    7.812541298335418e-06,
    8.287816854135599e-06,
    8.682012776262127e-06,
    9.01079965842655e-06,
    9.285124178859405e-06,
    9.513430995866656e-06,
    9.702551324153319e-06,
    9.858342309598811e-06,
    9.985767064790707e-06,
    1.0089163879456464e-05,
    1.0172284419240896e-05,
    1.0238369213766418e-05,
    1.0290234058629721e-05,
    1.0330257282475941e-05,
    1.0360547094023786e-05,
    1.0382870641478803e-05,
    1.0398715858173091e-05,
    1.0409423339297064e-05,
    1.0415950782771688e-05,
    1.0419309546705335e-05,
    1.0420229045848828e-05
  ],
  "J": 64
}