{
  "mu": [
    0.0,
    -0.13122785091400146,
    -0.13718615472316742,
    -0.14295803010463715,
    -0.14843246340751648,
    -0.15349341928958893,
    -0.15804989635944366,
    -0.1620253622531891,
    -0.16534166038036346,
    -0.16786815226078033,
    -0.16925136744976044,
    -0.16856946051120758,
    -0.16417574882507324,
    -0.1565810739994049,
    -0.1061072126030922,
    0.06823011487722397,
    -1.4609090612793807e-05,
    -8.176117262337357e-06,
    -0.0006355154910124838,
    -0.16142798960208893,
    -0.16718100011348724,
    0.16771388053894043,
    0.166691854596138,
    0.16817308962345123,
    -0.16623927652835846,
    -0.16130736470222473,
    -0.15844616293907166,
    -0.15808509290218353,
    -0.1607288420200348,
    -0.16526968777179718,
    0.1704893410205841,
    0.16670195758342743,
    0.16732165217399597,
    -0.16917608678340912,
    -0.16199246048927307,
    -0.0017004839610308409,
    -8.207646715163719e-06,
    -1.441656695533311e-05,
    -0.17664699256420135,
    0.1604495346546173,
    0.18199865520000458,
    0.1801098734140396,
    0.17597739398479462,
    0.1725698709487915,
    0.17143449187278748,
    0.17262396216392517,
    0.17549730837345123,
    0.17913204431533813,
    0.1824643462896347,
    0.1843954622745514,
    0.18400394916534424,
    0.18082433938980103,
    0.1750580072402954,
    0.1675610989332199,
    0.15953519940376282,
    0.15203778445720673,
    0.1456747055053711,
    0.14057707786560059,
    0.1365569531917572,
    0.1332898736000061,
    0.13045039772987366,
    0.12778712809085846,
    0.12514850497245789,
    0.12248300015926361
  ],
  "sigma2": [
    0.0011113695800304413,
    0.05046534165740013,
    0.049651138484478,
    0.0487699881196022,
    0.04779588058590889,
    0.046704042702913284,
    0.045465413480997086,
    0.044056955724954605,
    0.042471520602703094,
    0.0407339408993721,
    0.03895098716020584,
    0.03740370646119118,
    0.03659121319651604,
    0.03655268996953964,
    0.036659907549619675,
    0.014349153265357018,
    0.00014331660349853337,
    5.0698217819444835e-05,
    0.0010711911600083113,
    0.0023399710189551115,
    0.002982413163408637,
    0.0025539484340697527,
    0.0024111997336149216,
    0.0026322153862565756,
    0.0029341247864067554,
    0.0024179986212402582,
    0.0020782065112143755,
    0.002033169846981764,
    0.00235178554430604,
    0.0028389955405145884,
    0.0029929643496870995,
    0.002412953646853566,
    0.002498369663953781,
    0.0031736758537590504,
    0.002414555987343192,
    0.001337535330094397,
    5.004529157304205e-05,
    0.00014099663530942053,
    0.0038597264792770147,
    0.019008170813322067,
    0.019453225657343864,
    0.022121550515294075,
    0.026303429156541824,
    0.031185535714030266,
    0.036309484392404556,
    0.04145266115665436,
    0.04644768312573433,
    0.051062703132629395,
    0.05498106777667999,
    0.057854242622852325,
    0.0594143308699131,
    0.0595773309469223,
    0.058495037257671356,
    0.05653347074985504,
    0.054162800312042236,
    0.05179765820503235,
    0.04970809817314148,
    0.048019811511039734,
    0.04676537960767746,
    0.045930080115795135,
    0.04548325017094612,
    0.04537496715784073,
    0.04555216059088707,
    0.045944053679704666
  ],
  "pi": [
    0.9900000095367432,
    7.299240678548813e-06,
    7.251253009599168e-06,
    7.189787993411301e-06,
    7.112615548976464e-06,
    7.016749805188738e-06,
    6.898018000356387e-06,
    6.750648935849313e-06,
    6.566388037754223e-06,
    6.333461442409316e-06,
    6.0334054978739005e-06,
    5.635294655803591e-06,
    5.082958068669541e-06,
    4.251849986758316e-06,
    4.288823674869491e-06,
    2.890599944294081e-06,
    0.0005871553439646959,
    0.0035456912592053413,
    4.771899330080487e-05,
    4.365985660115257e-05,
    4.873874786426313e-05,
    7.073837332427502e-05,
    8.629316289443523e-05,
    8.162565063685179e-05,
    7.700939750066027e-05,
    0.00010115145414602011,
    0.00012582223280332983,
    0.00012985692592337728,
    0.00010523327364353463,
    8.068783790804446e-05,
    6.864106399007142e-05,
    8.736291783861816e-05,
    7.466763781849295e-05,
    4.614522913470864e-05,
    4.7295092372223735e-05,
    3.771782940020785e-05,
    0.0036348497960716486,
    0.0005896256188862026,
    1.0321869922336191e-05,
    4.758749582833843e-06,
    4.65796574644628e-06,
    5.568440883507719e-06,
    6.087326255510561e-06,
    6.4491455304960255e-06,
    6.730088898621034e-06,
    6.959649454074679e-06,
    7.1519743869430386e-06,
    7.314773938560393e-06,
    7.4524641604512e-06,
    7.5677185122913215e-06,
    7.662612006242853e-06,
    7.73976444179425e-06,
    7.802204891049769e-06,
    7.853337592678145e-06,
    7.895541784819216e-06,
    7.930133506306447e-06,
    7.957334673847072e-06,
    7.97701704868814e-06,
    7.989007826836314e-06,
    7.993457984412089e-06,
    7.990897756826598e-06,
    7.982062925293576e-06,
    7.96810672909487e-06,
    7.950284270918928e-06
  ],
  "J": 64
}