{
  "mu": [
    0.0,
    -0.46864739060401917,
    -0.34758082032203674,
    -0.3184022307395935,
    -0.30574890971183777,
    -0.2976113557815552,
    -0.29128870368003845,
    -0.2859824299812317,
    -0.28145334124565125,
    -0.27766454219818115,
    -0.2746727168560028,
    -0.27250415086746216,
    -0.27103227376937866,
    -0.27025192975997925,
    -0.32039397954940796,
    0.24892689287662506,
    -3.3038551919162273e-05,
    -8.928860779633396e-07,
    -0.1450493186712265,
    -0.17863953113555908,
    -0.18221382796764374,
    0.13990771770477295,
    0.07361868023872375,
    0.10953358560800552,
    -0.15210913121700287,
    -0.11707469820976257,
    -0.0787947028875351,
    -0.05439351871609688,
    -0.09582807868719101,
    -0.13346703350543976,
    0.17187942564487457,
    0.054171934723854065,
    0.09141107648611069,
    -0.21870912611484528,
    -0.17926618456840515,
    -0.15916560590267181,
    -5.563950367104553e-07,
    -3.0479004635708407e-05,
    -0.28741729259490967,
    0.2376955896615982,
    0.2558495104312897,
    0.24301782250404358,
    0.2288263887166977,
    0.22434206306934357,
    0.22675827145576477,
    0.23781678080558777,
    0.29512640833854675,
    0.386292964220047,
    0.39118510484695435,
    0.2973475754261017,
    0.24392063915729523,
    0.20049971342086792,
    0.17262890934944153,
    0.32422327995300293,
    0.5115217566490173,
    0.5103352069854736,
    0.387479305267334,
    0.34824103116989136,
    0.2748447358608246,
    0.2547778785228729,
    0.24951274693012238,
    0.25006410479545593,
    0.2569882571697235,
    0.28323155641555786
  ],
  "sigma2": [
    0.00011254865967202932,
    0.0165378637611866,
    0.011869977228343487,
    0.010231525637209415,
    0.009404214099049568,
    0.008809689432382584,
    0.00829511508345604,
    0.007810812443494797,
    0.007342237513512373,
    0.006891850847750902,
    0.0064806328155100346,
    0.006158882286399603,
    0.006030782591551542,
    0.006216214969754219,
    0.03344114497303963,
    0.008750197477638721,
    9.375075023854151e-05,
    1.4606544937123545e-05,
    0.0010203496785834432,
    0.0014337437460198998,
    0.0016974651953205466,
    0.0007862522616051137,
    0.0001974795013666153,
    0.0005017623188905418,
    0.000995259964838624,
    0.0005076415836811066,
    0.00020865393162239343,
    8.96731871762313e-05,
    0.00039174288394860923,
    0.0008453911286778748,
    0.00179883127566427,
    0.0001005761296255514,
    0.0003591125423554331,
    0.002551316749304533,
    0.0013887106906622648,
    0.0012573905987665057,
    1.0831984582182486e-05,
    9.117779700318351e-05,
    0.0034247678704559803,
    0.0027893742080777884,
    0.0019409662345424294,
    0.002560046035796404,
    0.0033221286721527576,
    0.004058343358337879,
    0.004920219536870718,
    0.006187824998050928,
    0.00922466441988945,
    0.018973737955093384,
    0.08068455755710602,
    0.1285773068666458,
    0.15527726709842682,
    0.17527730762958527,
    0.18589696288108826,
    0.11618157476186752,
    0.05066243186593056,
    0.029407424852252007,
    0.01207598764449358,
    0.009654185734689236,
    0.008002715185284615,
    0.0072324094362556934,
    0.006955944001674652,
    0.006984224542975426,
    0.007325856946408749,
    0.008180923759937286
  ],
  "pi": [
    0.9900000095367432,
    3.5623863823275315e-06,
    3.464786686890875e-06,
    3.4902368497569114e-06,
    3.5198527257307433e-06,
    3.552408543328056e-06,
    3.5927482713304926e-06,
    3.6455896861298243e-06,
    3.7134850572329015e-06,
    3.7927732137177372e-06,
    3.857946012431057e-06,
    3.8236471482377965e-06,
    3.4993890949408524e-06,
    2.7406576919020154e-06,
    1.4146620515020913e-06,
    1.6370067896787077e-06,
    5.3693976951763034e-05,
    0.00015285267727449536,
    1.8109216398443095e-05,
    0.00011302410712232813,
    0.00015697981871198863,
    0.0005436547799035907,
    0.000761131988838315,
    0.0006963444175198674,
    0.00044056150363758206,
    0.0007221775595098734,
    0.0010483841178938746,
    0.0012196142924949527,
    0.0007913602748885751,
    0.00048286686069332063,
    0.000544243841432035,
    0.0008864873670972884,
    0.0006148807588033378,
    0.0001420385087840259,
    0.0001351121172774583,
    2.0933744963258505e-05,
    0.00018158477905672044,
    5.372968371375464e-05,
    2.11827991734026e-05,
    1.667480137257371e-05,
    2.7714659154298715e-05,
    2.1755415218649432e-05,
    1.268084452021867e-05,
    7.449360964528751e-06,
    5.005530510970857e-06,
    3.7553922993538436e-06,
    3.002106950589223e-06,
    2.534372470108792e-06,
    2.4023279365792405e-06,
    2.4842868242558325e-06,
    2.5636402369855205e-06,
    2.610284582260647e-06,
    2.6111861188837793e-06,
    2.5510776140436064e-06,
    2.790914095385233e-06,
    2.924073442045483e-06,
    3.0973906177678145e-06,
    3.3284004530287348e-06,
    3.526275122567313e-06,
    3.676615278891404e-06,
    3.7467600577656412e-06,
    3.7317931855795905e-06,
    3.6382857615535613e-06,
    3.48701451002853e-06
  ],
  "J": 64
}