{
  "mu": [
    0.0,
    -0.5699023604393005,
    -0.5184308886528015,
    -0.4968661665916443,
    -0.4770349860191345,
    -0.3929862976074219,
    -0.33960333466529846,
    -0.3237587511539459,
    -0.31725558638572693,
    -0.3143938481807709,
    -0.3135489523410797,
    -0.31361863017082214,
    -0.312363862991333,
    -0.30783528089523315,
    -0.4081578254699707,
    0.2740348279476166,
    -0.03625044599175453,
    -0.013244845904409885,
    -0.14808225631713867,
    -0.20091430842876434,
    -0.2107255607843399,
    0.08955196291208267,
    0.015109165571630001,
    0.05190028250217438,
    -0.13954061269760132,
    -0.0552283450961113,
    -0.015611839480698109,
    -0.00808371789753437,
    -0.02917904406785965,
    -0.0924350693821907,
    0.13903608918190002,
    0.007826769724488258,
    0.027905510738492012,
    -0.25128602981567383,
    -0.19237831234931946,
    -0.17846910655498505,
    0.012236900627613068,
    -0.03284386172890663,
    -0.3756180703639984,
    0.32973504066467285,
    0.20370034873485565,
    0.251630574464798,
    0.23429372906684875,
    0.22926130890846252,
    0.22991929948329926,
    0.23354750871658325,
    0.4571499526500702,
    0.5851566791534424,
    0.618818998336792,
    0.5371188521385193,
    0.3210768401622772,
    -0.1631542444229126,
    -0.29464200139045715,
    0.6074328422546387,
    0.6693212985992432,
    0.8553563952445984,
    0.451850563287735,
    0.48059579730033875,
    0.476294606924057,
    0.4490346312522888,
    0.2396925687789917,
    0.2400796264410019,
    0.459942102432251,
    0.48821184039115906
  ],
  "sigma2": [
    1.326845449511893e-06,
    0.013150795362889767,
    0.01157194934785366,
    0.009766113944351673,
    0.009442812763154507,
    0.008979873731732368,
    0.007869934663176537,
    0.007132589351385832,
    0.006588824093341827,
    0.006144678685814142,
    0.005773335695266724,
    0.005493596661835909,
    0.005385758355259895,
    0.005537023767828941,
    0.021059034392237663,
    0.007854574359953403,
    8.921299740904942e-05,
    1.3631803994940128e-05,
    0.0010187210282310843,
    0.001299152267165482,
    0.0013597974320873618,
    0.0004786343197338283,
    2.0196997866150923e-05,
    0.0002431092580081895,
    0.0010154687333852053,
    0.0002763577504083514,
    2.244799179607071e-05,
    4.618099865183467e-06,
    8.065389556577429e-05,
    0.000519739231094718,
    0.0011151614598929882,
    4.186345904599875e-06,
    7.191397162387148e-05,
    0.0028416174463927746,
    0.0011507278541103005,
    0.0012582411291077733,
    1.0093025593960192e-05,
    8.651884127175435e-05,
    0.0024969701189547777,
    0.0012121546315029263,
    0.0007615452632308006,
    0.0009356287773698568,
    0.002193484455347061,
    0.00323042762465775,
    0.00393512099981308,
    0.004850815515965223,
    0.007381776347756386,
    0.015486293472349644,
    0.0338096059858799,
    0.049721430987119675,
    0.09742221981287003,
    0.20314918458461761,
    0.17693397402763367,
    0.03859807550907135,
    0.020624937489628792,
    0.020239902660250664,
    0.006253639701753855,
    0.0033579871524125338,
    0.0037391437217593193,
    0.006280811037868261,
    0.005603989120572805,
    0.005658050067722797,
    0.005156631115823984,
    0.0027557574212551117
  ],
  "pi": [
    0.9900000095367432,
    1.5408916169690201e-06,
    1.409938477081596e-06,
    1.3868283303963835e-06,
    1.3815896409141715e-06,
    1.3814876638207352e-06,
    1.411555672348186e-06,
    1.4572975715054781e-06,
    1.5193696754067787e-06,
    1.6001072253857274e-06,
    1.6905198663152987e-06,
    1.740924631121743e-06,
    1.6173597714441712e-06,
    1.22595281482063e-06,
    4.6956239430073765e-07,
    5.955170649940555e-07,
    1.212376810144633e-05,
    1.1573597475944553e-05,
    6.025774382578675e-06,
    9.382700955029577e-05,
    0.00021861796267330647,
    0.0009259845246560872,
    0.00044845769298262894,
    0.0008252807310782373,
    0.0012155137956142426,
    0.000938893819693476,
    0.00048563588643446565,
    0.000352169678080827,
    0.0005755199235863984,
    0.001144007663242519,
    0.0010849136160686612,
    0.00033144070766866207,
    0.0005411080201156437,
    0.0001752336829667911,
    0.0001315157423960045,
    7.257568540808279e-06,
    1.0320373803551774e-05,
    1.1998308764304966e-05,
    1.902776421047747e-05,
    3.884582838509232e-05,
    0.00020960651454515755,
    0.00011084353172918782,
    2.237995977338869e-05,
    5.703954229829833e-06,
    2.560399479989428e-06,
    1.5595742297591642e-06,
    1.2377682878650376e-06,
    9.797390703170095e-07,
    9.221271284332033e-07,
    7.373932362497726e-07,
    6.155081564429565e-07,
    7.09126936726534e-07,
    8.229758918787411e-07,
    8.62863771544653e-07,
    1.4091084494793904e-06,
    1.6954192005869118e-06,
    1.2502493973443052e-06,
    1.5476191492780345e-06,
    1.583175048835983e-06,
    1.3317896900844062e-06,
    1.4109131143413833e-06,
    1.4013363625053898e-06,
    1.412337269357522e-06,
    1.6947337826422881e-06
  ],
  "J": 64
}