{
  "mu": [
    0.0,
    -0.7577702403068542,
    -0.5224680304527283,
    -0.6686636209487915,
    -0.42610517144203186,
    -0.42768919467926025,
    -0.42291152477264404,
    -0.41489315032958984,
    -0.4051242768764496,
    -0.39748743176460266,
    -0.4077114462852478,
    -0.4394521117210388,
    -0.5302006602287292,
    -0.3987899720668793,
    -0.39663559198379517,
    0.2878124713897705,
    -0.03901657089591026,
    -0.01164187490940094,
    -0.13150280714035034,
    -0.1125386580824852,
    -0.14755992591381073,
    0.026820393279194832,
    0.0038506966084241867,
    0.015409259125590324,
    -0.046020179986953735,
    -0.014686837792396545,
    -0.003912107087671757,
    -0.0016141621163114905,
    -0.008080348372459412,
    -0.0265837199985981,
    0.045838676393032074,
    0.001552201109007001,
    0.008245626464486122,
    -0.2229536920785904,
    -0.07722295075654984,
    -0.13119179010391235,
    0.012502533383667469,
    -0.0394381508231163,
    -0.3262258768081665,
    0.2924319803714752,
    0.08158370852470398,
    0.14061634242534637,
    0.20995740592479706,
    0.2785545885562897,
    0.2647409737110138,
    0.27127018570899963,
    0.3321915864944458,
    0.7883918881416321,
    0.6756111979484558,
    0.5971933007240295,
    0.3949151337146759,
    -0.14931917190551758,
    -0.7451467514038086,
    0.9602169394493103,
    0.7349864840507507,
    0.9882829189300537,
    0.6336539387702942,
    0.4782484769821167,
    0.42542949318885803,
    0.5623249411582947,
    0.3001045286655426,
    0.303178995847702,
    0.3135967552661896,
    0.5420573353767395
  ],
  "sigma2": [
    1.2951427486029843e-08,
    0.009608783759176731,
    0.006772351451218128,
    0.0016684309812262654,
    0.007677142973989248,
    0.006486617960035801,
    0.005654150154441595,
    0.004952469374984503,
    0.004209910053759813,
    0.003258220851421356,
    0.001803432940505445,
    0.0008737323805689812,
    0.0009205940878018737,
    0.0034476397559046745,
    0.017901325598359108,
    0.007115872576832771,
    8.384254761040211e-05,
    1.3110977306496352e-05,
    0.0009854300878942013,
    0.00048567078192718327,
    0.0016710933996364474,
    8.382471423828974e-05,
    1.8860453110391973e-06,
    2.7225065423408523e-05,
    0.00022829377849120647,
    2.51839173870394e-05,
    1.9100416466244496e-06,
    3.499046101751446e-07,
    7.533885309385369e-06,
    7.088863640092313e-05,
    0.0002412413014099002,
    3.3122074682978564e-07,
    7.5309617386665195e-06,
    0.0025000141467899084,
    0.0003940130118280649,
    0.0012076067505404353,
    9.736693755257875e-06,
    8.12728249002248e-05,
    0.0021499767899513245,
    0.00465503940358758,
    0.000805313466116786,
    0.0012551387771964073,
    0.0011572632938623428,
    0.0005045406287536025,
    0.0025427837390452623,
    0.004039817955344915,
    0.007253577001392841,
    0.0032942737452685833,
    0.04279698431491852,
    0.052512604743242264,
    0.07571054995059967,
    0.112452931702137,
    0.09840240329504013,
    0.023616941645741463,
    0.004492755047976971,
    0.005067931953817606,
    0.000248537864536047,
    0.0003143056819681078,
    0.0006146964151412249,
    0.000590472249314189,
    0.004882733337581158,
    0.004934777971357107,
    0.004833604674786329,
    4.7260014071071055e-06
  ],
  "pi": [
    0.9900000095367432,
    7.228654226310027e-07,
    8.850641393109981e-07,
    1.3989059652885771e-06,
    1.142771225204342e-06,
    1.2451617976694251e-06,
    1.3489839147950988e-06,
    1.4916945474396925e-06,
    1.7117602055805037e-06,
    2.0996649254811928e-06,
    3.163941983075347e-06,
    7.929821549623739e-06,
    3.3196947697433643e-06,
    1.6104049791465513e-06,
    2.97852778885499e-07,
    4.1336278400194715e-07,
    7.285572792170569e-06,
    7.164631824707612e-06,
    3.7679401430068538e-06,
    0.0004517606575973332,
    0.0012121072504669428,
    0.0004946142435073853,
    0.00014233273395802826,
    0.00038416447932831943,
    0.0008145627216435969,
    0.00040066527435556054,
    0.00014187094348017126,
    7.180591637734324e-05,
    0.0002554605598561466,
    0.0005451269098557532,
    0.0006326366565190256,
    7.187817391240969e-05,
    0.00025518424808979034,
    0.0005947737372480333,
    0.0007734737591817975,
    4.722663106804248e-06,
    6.36687946098391e-06,
    7.213570370367961e-06,
    8.320416964124888e-05,
    0.00014549875049851835,
    0.001066661556251347,
    0.0009634128073230386,
    0.0003670475271064788,
    4.243194416631013e-05,
    3.6826836549153086e-06,
    1.4177720686348039e-06,
    7.483149602194317e-07,
    1.0290316367900232e-06,
    4.980708467883233e-07,
    4.081196323113545e-07,
    3.178985821250535e-07,
    3.4840559237636626e-07,
    3.928343232928455e-07,
    5.894673904549563e-07,
    1.0750653700597468e-06,
    7.442631613230333e-07,
    1.0388388318460784e-06,
    1.790625901776366e-06,
    1.9738181435968727e-06,
    1.4787824511586223e-06,
    1.1091243550254148e-06,
    1.097097424462845e-06,
    8.491172138747061e-07,
    3.431676304899156e-06
  ],
  "J": 64
}