{
  "mu": [
    0.0,
    -0.5717294812202454,
    -0.593411922454834,
    -0.6185846924781799,
    -0.3496112823486328,
    -0.36260566115379333,
    -0.3746178150177002,
    -0.3852185308933258,
    -0.39612850546836853,
    -0.40922507643699646,
    -0.426390141248703,
    -0.44445809721946716,
    -0.44008514285087585,
    -0.4072951078414917,
    -0.40281081199645996,
    0.26226532459259033,
    -0.03567403554916382,
    -0.011630483902990818,
    -0.15557095408439636,
    -0.15299445390701294,
    -0.17183366417884827,
    0.040286872535943985,
    0.007026242557913065,
    0.023216424509882927,
    -0.07571703940629959,
    -0.023888204246759415,
    -0.007135340943932533,
    -0.003323704469949007,
    -0.01350115891546011,
    -0.041928667575120926,
    0.07132529467344284,
    0.0032654874958097935,
    0.013328700326383114,
    -0.22697396576404572,
    -0.11984030902385712,
    -0.15558278560638428,
    0.010903162881731987,
    -0.03579660877585411,
    -0.3408127427101135,
    0.3385109305381775,
    0.12140370905399323,
    0.18785898387432098,
    0.263340562582016,
    0.24925003945827484,
    0.24430477619171143,
    0.24666725099086761,
    0.2853395938873291,
    0.738599956035614,
    0.6542578339576721,
    0.5714131593704224,
    0.36401432752609253,
    -0.2811639904975891,
    -0.59501051902771,
    0.6519360542297363,
    0.728499174118042,
    0.9568923115730286,
    0.587325930595398,
    0.4570857882499695,
    0.3632412850856781,
    0.576418399810791,
    0.25282740592956543,
    0.2531197965145111,
    0.29736724495887756,
    0.5142133831977844
  ],
  "sigma2": [
    1.2331408072441263e-07,
    0.01063238363713026,
    0.008723252452909946,
    0.006487552542239428,
    0.008381936699151993,
    0.007144520524889231,
    0.006356947124004364,
    0.00576044712215662,
    0.0052165379747748375,
    0.004638700280338526,
    0.00395843805745244,
    0.003292439505457878,
    0.00344106019474566,
    0.004705309867858887,
    0.01949879340827465,
    0.007264131214469671,
    8.635892299935222e-05,
    1.338186575594591e-05,
    0.0010024189250543714,
    0.000479960348457098,
    0.001887348247691989,
    0.00015295408957172185,
    4.3787804315797985e-06,
    4.9155882152263075e-05,
    0.0005195321282371879,
    5.354941822588444e-05,
    4.7959447329049e-06,
    1.031513079396973e-06,
    1.7188162019010633e-05,
    0.00016408765804953873,
    0.0005346224061213434,
    9.54967617872171e-07,
    1.583129051141441e-05,
    0.0037230246234685183,
    0.000381353689590469,
    0.0012346131261438131,
    9.943809345713817e-06,
    8.382176019949839e-05,
    0.003801367711275816,
    0.0021859854459762573,
    0.0011422850657254457,
    0.0016191912582144141,
    0.0010413244599476457,
    0.002642071573063731,
    0.003542176214978099,
    0.0043615675531327724,
    0.00762562733143568,
    0.006835910025984049,
    0.030768491327762604,
    0.04585997387766838,
    0.08116243779659271,
    0.13692836463451385,
    0.0855710357427597,
    0.03619282320141792,
    0.009020971134305,
    0.011219818145036697,
    0.001689980155788362,
    0.0004652117204386741,
    0.0015692326705902815,
    0.0027473196387290955,
    0.004892293363809586,
    0.004927530884742737,
    0.004753855988383293,
    7.190924225142226e-05
  ],
  "pi": [
    0.9900000095367432,
    1.155670815933263e-06,
    1.0651900765878963e-06,
    1.0754587265182636e-06,
    1.149660647570272e-06,
    1.2069408512616064e-06,
    1.260934368474409e-06,
    1.3331025456864154e-06,
    1.4349312777994783e-06,
    1.5823776493562036e-06,
    1.7912290104504791e-06,
    2.012836375797633e-06,
    1.8536876496000332e-06,
    1.2284342574275797e-06,
    3.5979473977931775e-07,
    4.582581709655642e-07,
    9.21967421163572e-06,
    8.857156899466645e-06,
    4.652818461181596e-06,
    0.0002560513385105878,
    0.0007781546446494758,
    0.0006001314031891525,
    0.0002541647700127214,
    0.0004783081531058997,
    0.0012686166446655989,
    0.0005652576801367104,
    0.000281777058262378,
    0.00015254544268827885,
    0.0004249046032782644,
    0.0006458822754211724,
    0.0009093207772821188,
    0.0001499119243817404,
    0.0003713179612532258,
    0.0004051218566019088,
    0.0005575988907366991,
    5.724197308154544e-06,
    7.907713552413043e-06,
    9.122686606133357e-06,
    3.359542824910022e-05,
    4.9178925110027194e-05,
    0.0010687689064070582,
    0.0005611975211650133,
    9.298442455474287e-05,
    7.660856681468431e-06,
    2.435017904645065e-06,
    1.3172066246625036e-06,
    8.01276598849654e-07,
    8.080164093371422e-07,
    6.49405251351709e-07,
    5.167459562471777e-07,
    4.094359269402048e-07,
    5.189727971810498e-07,
    7.54138739011978e-07,
    6.10021345437417e-07,
    1.092437855731987e-06,
    1.169421807389881e-06,
    1.1105829571533832e-06,
    1.7744080196280265e-06,
    1.1454991408754722e-06,
    9.455925464862958e-07,
    1.1382697948647547e-06,
    1.1288803989373264e-06,
    9.148562867267174e-07,
    3.855722297885222e-06
  ],
  "J": 64
}