{
  "mu": [
    0.0,
    -0.25395163893699646,
    -0.2532898783683777,
    -0.25261354446411133,
    -0.25190654397010803,
    -0.2511516213417053,
    -0.2503170371055603,
    -0.24935637414455414,
    -0.24822357296943665,
    -0.2469055950641632,
    -0.24547867476940155,
    -0.24418070912361145,
    -0.24335181713104248,
    -0.24201057851314545,
    -0.16073939204216003,
    0.18711595237255096,
    -4.158623596595135e-06,
    1.6903621826713788e-06,
    -0.13176797330379486,
    -0.16380782425403595,
    -0.17889629304409027,
    0.1312740594148636,
    0.1148320809006691,
    0.12310218811035156,
    -0.15188127756118774,
    -0.11767815053462982,
    -0.11002886295318604,
    -0.10931101441383362,
    -0.11576399952173233,
    -0.14313170313835144,
    0.19191023707389832,
    0.11465433984994888,
    0.12143953144550323,
    -0.19997335970401764,
    -0.1629433035850525,
    -0.14507272839546204,
    2.3105490072339308e-06,
    -3.917793947039172e-06,
    -0.22305433452129364,
    0.20383399724960327,
    0.2012251764535904,
    0.20332328975200653,
    0.20665039122104645,
    0.2103980928659439,
    0.2139090597629547,
    0.21521268784999847,
    0.20320239663124084,
    0.17261064052581787,
    0.17393693327903748,
    0.21233056485652924,
    0.2382037341594696,
    0.2371487319469452,
    0.20575053989887238,
    0.1562129408121109,
    0.13957522809505463,
    0.1537296026945114,
    0.17744261026382446,
    0.1975117325782776,
    0.2085978388786316,
    0.21318115293979645,
    0.21464315056800842,
    0.21446244418621063,
    0.21241514384746552,
    0.20669052004814148
  ],
  "sigma2": [
    0.0005509057664312422,
    0.023001402616500854,
    0.021691467612981796,
    0.020581861957907677,
    0.01954621821641922,
    0.01851276494562626,
    0.017435826361179352,
    0.01630144752562046,
    0.015124538913369179,
    0.01394796371459961,
    0.012860155664384365,
    0.012031471356749535,
    0.011787335388362408,
    0.012502545490860939,
    0.03480284661054611,
    0.012483738362789154,
    0.0001126131828641519,
    2.2938398615224287e-05,
    0.001036842935718596,
    0.0016137987840920687,
    0.0021027307957410812,
    0.0009384768200106919,
    0.0007056184695102274,
    0.000863490451592952,
    0.001291312393732369,
    0.000719259784091264,
    0.0005409434670582414,
    0.000522326270584017,
    0.0006778321694582701,
    0.0011404412798583508,
    0.0017619177233427763,
    0.0007012599962763488,
    0.0008382676169276237,
    0.002581904409453273,
    0.0015861783176660538,
    0.0012853778898715973,
    2.046992813120596e-05,
    0.00011007806460838765,
    0.003591420128941536,
    0.006273800041526556,
    0.005404675379395485,
    0.006114894058555365,
    0.0073928614147007465,
    0.009190572425723076,
    0.011720314621925354,
    0.01574377901852131,
    0.023640798404812813,
    0.03910275548696518,
    0.06397093087434769,
    0.09761719405651093,
    0.1181536540389061,
    0.12098612636327744,
    0.10498233139514923,
    0.07293637096881866,
    0.0525643527507782,
    0.04216364771127701,
    0.03448048606514931,
    0.028637809678912163,
    0.02485058829188347,
    0.0227672029286623,
    0.021978268399834633,
    0.02227245271205902,
    0.02368530072271824,
    0.0263941902667284
  ],
  "pi": [
    0.9900000095367432,
    7.1990448304859456e-06,
    7.185195954662049e-06,
    7.160119366744766e-06,
    7.1245021899812855e-06,
    7.07895605955855e-06,
    7.0241285357042216e-06,
    6.9594907472492196e-06,
    6.88098816681304e-06,
    6.7767023210763e-06,
    6.61247349853511e-06,
    6.303023837972432e-06,
    5.6806852626323234e-06,
    4.585343504004413e-06,
    3.869579813908786e-06,
    3.1850531740929e-06,
    0.000294315890641883,
    0.0017513403436169028,
    3.2318370358552784e-05,
    0.00010567317804088816,
    0.0001234366645803675,
    0.00028506387025117874,
    0.0003776314842980355,
    0.0003477343707345426,
    0.0002422714896965772,
    0.0003819517733063549,
    0.0005348291015252471,
    0.0005598899442702532,
    0.00040709617314860225,
    0.0002616329293232411,
    0.00028227982693351805,
    0.0003839248965959996,
    0.0003081579925492406,
    0.00011555888340808451,
    0.00011827045818790793,
    3.555849980330095e-05,
    0.0024528757203370333,
    0.00029515716596506536,
    2.2012149202055298e-05,
    8.43743055156665e-06,
    9.582294296706095e-06,
    9.892090020002797e-06,
    8.909620191843715e-06,
    7.942129741422832e-06,
    7.242050742206629e-06,
    6.776915142836515e-06,
    6.515210316138109e-06,
    6.476350790762808e-06,
    6.591582859982736e-06,
    6.808213584008627e-06,
    7.017298685241258e-06,
    7.11687653165427e-06,
    7.102867584762862e-06,
    7.074714176269481e-06,
    7.119265774235828e-06,
    7.186196398833999e-06,
    7.264795385708567e-06,
    7.3554406299081165e-06,
    7.445118626492331e-06,
    7.514102435379755e-06,
    7.5473553806659766e-06,
    7.540279057138832e-06,
    7.498418199247681e-06,
    7.437141903210431e-06
  ],
  "J": 64
}