{
  "mu": [
    0.0,
    -0.5628834962844849,
    -0.5007690191268921,
    -0.45584625005722046,
    -0.42949384450912476,
    -0.4010331332683563,
    -0.3723245859146118,
    -0.34916403889656067,
    -0.3329274356365204,
    -0.3219451308250427,
    -0.3146212697029114,
    -0.30973756313323975,
    -0.3057038187980652,
    -0.30130624771118164,
    -0.39633190631866455,
    0.2819739878177643,
    -0.03448300436139107,
    -0.0004397218581289053,
    -0.14505644142627716,
    -0.19412840902805328,
    -0.21511484682559967,
    0.12089752405881882,
    0.02952120080590248,
    0.0833408311009407,
    -0.1589573472738266,
    -0.08968722075223923,
    -0.03064860589802265,
    -0.01643744297325611,
    -0.056845150887966156,
    -0.12339562177658081,
    0.1652657687664032,
    0.016058221459388733,
    0.05269638076424599,
    -0.25239554047584534,
    -0.18786382675170898,
    -0.16832979023456573,
    -1.8630793420015834e-05,
    -0.032823190093040466,
    -0.3523975908756256,
    0.307729572057724,
    0.24308089911937714,
    0.2306717187166214,
    0.2858383357524872,
    0.2673100531101227,
    0.2600557804107666,
    0.26780781149864197,
    0.471025675535202,
    0.4492279589176178,
    0.5788633227348328,
    0.4787437915802002,
    0.2819836437702179,
    -0.031016908586025238,
    -0.14816434681415558,
    0.5606082677841187,
    0.7179405689239502,
    0.808761477470398,
    0.4746405780315399,
    0.4832172393798828,
    0.48159492015838623,
    0.36713090538978577,
    0.29329532384872437,
    0.29599428176879883,
    0.47691288590431213,
    0.4876915216445923
  ],
  "sigma2": [
    6.502647011075169e-06,
    0.013496466912329197,
    0.01191363949328661,
    0.01003942545503378,
    0.009222887456417084,
    0.008604370057582855,
    0.007996391505002975,
    0.007404772564768791,
    0.006867846939712763,
    0.006394526455551386,
    0.005989994388073683,
    0.005683131981641054,
    0.005554344970732927,
    0.0056946855038404465,
    0.022756025195121765,
    0.008088428527116776,
    9.056260023498908e-05,
    1.377134321955964e-05,
    0.0010191519977524877,
    0.0013553780736401677,
    0.001512362970970571,
    0.000625346670858562,
    6.713483162457123e-05,
    0.00038381724152714014,
    0.0011328156106173992,
    0.0003757040831260383,
    8.09237826615572e-05,
    1.593758861417882e-05,
    0.00021599647880066186,
    0.0005961354472674429,
    0.0014596707187592983,
    1.4256446775107179e-05,
    0.00018714841280598193,
    0.0029035969637334347,
    0.001274505048058927,
    0.0012581277405843139,
    1.0159834346268326e-05,
    8.788383274804801e-05,
    0.003021968062967062,
    0.001641821931116283,
    0.0008814504835754633,
    0.0021954653784632683,
    0.0026805473025888205,
    0.003521530656144023,
    0.004222992807626724,
    0.005249468144029379,
    0.007917443290352821,
    0.013738478533923626,
    0.04057856649160385,
    0.06390116363763809,
    0.11949822306632996,
    0.22943545877933502,
    0.23620562255382538,
    0.048344288021326065,
    0.02442806027829647,
    0.016825538128614426,
    0.007367400918155909,
    0.005237973760813475,
    0.005481465719640255,
    0.006923435255885124,
    0.006150887813419104,
    0.006206956226378679,
    0.006467978935688734,
    0.004719353746622801
  ],
  "pi": [
    0.9900000095367432,
    1.6605299606453627e-06,
    1.5265703723343904e-06,
    1.5060438727232395e-06,
    1.5098678431968438e-06,
    1.5223267837427557e-06,
    1.5454301092177047e-06,
    1.5832131339266198e-06,
    1.6385208709834842e-06,
    1.7118321693487815e-06,
    1.7921848893820425e-06,
    1.8292651020601625e-06,
    1.6940311979851685e-06,
    1.2946757124154828e-06,
    5.255238875179202e-07,
    6.760297992514097e-07,
    1.3674176443601027e-05,
    1.295172842219472e-05,
    6.760207725164946e-06,
    8.383208478335291e-05,
    0.000162513431860134,
    0.000763098185416311,
    0.0005759386112913489,
    0.001007421757094562,
    0.0007590033928863704,
    0.0011466008145362139,
    0.0006217481568455696,
    0.0004326224734541029,
    0.0010469157714396715,
    0.0008665531640872359,
    0.0007778080180287361,
    0.00041462527588009834,
    0.0007841421756893396,
    0.00013570486044045538,
    0.00011136330431327224,
    8.078769496933091e-06,
    1.3120655239617918e-05,
    1.3529470379580744e-05,
    1.5609080946887843e-05,
    3.287170693511143e-05,
    7.715813990216702e-05,
    4.5286858949111775e-05,
    1.56893420353299e-05,
    5.356395831768168e-06,
    2.6616742161422735e-06,
    1.6968340332823573e-06,
    1.4252132132241968e-06,
    1.0764241551441955e-06,
    9.82123424364545e-07,
    8.272303944067971e-07,
    7.562089763268887e-07,
    8.093487053884019e-07,
    8.805267839306907e-07,
    9.353392442790209e-07,
    1.413952873008384e-06,
    1.7098080888899858e-06,
    1.427279926247138e-06,
    1.666332991590025e-06,
    1.7249925576834357e-06,
    1.5354307834059e-06,
    1.5664350030419882e-06,
    1.5572329630231252e-06,
    1.5924874787742738e-06,
    1.7608493863008334e-06
  ],
  "J": 64
}