{
  "mu": [
    0.0,
    -0.8435227870941162,
    -0.7109884023666382,
    -0.5795140266418457,
    -0.457121878862381,
    -0.3310118615627289,
    -0.45738884806632996,
    -0.13439975678920746,
    0.16289281845092773,
    0.2519783675670624,
    0.1637037843465805,
    0.18567661941051483,
    0.3144906759262085,
    0.44087398052215576,
    0.09508269280195236,
    0.5675938725471497,
    0.715588390827179
  ],
  "sigma2": [
    2.2619198716711253e-05,
    0.0011660895543172956,
    0.0011702773626893759,
    0.0011322631035000086,
    0.0010782941244542599,
    0.0010859824251383543,
    0.0011720851762220263,
    0.0026453968603163958,
    0.0011722662020474672,
    0.001172020798549056,
    0.0011722644558176398,
    0.0012066339841112494,
    0.0012510876404121518,
    0.0011315031442791224,
    0.0006627635448239744,
    0.001138123800046742,
    0.0011674826964735985
  ],
  "pi": [
    0.9990000128746033,
    1.0481207937118597e-06,
    2.189511633332586e-06,
    1.3498905900632963e-05,
    2.7387688533053733e-05,
    0.00012622612121049315,
    4.365544370443786e-08,
    0.0002817752829287201,
    9.438161363561903e-09,
    2.977579072194203e-07,
    1.2247180158908577e-08,
    0.00020199122081976384,
    8.856144268065691e-05,
    1.7523418136988766e-05,
    0.0002327977417735383,
    6.213097549334634e-06,
    4.244458580160426e-07
  ],
  "J": 17
}