{
  "top1_error_pre[%]": 2.0499999999999963,
  "top1_error_post[%]": 2.090000000000003,
  "Delta[%]": 0.0400000000000067,
  "|W|": 266200,
  "|W_nonzero|/|W|[%]": 6.577385424492863,
  "CR": 58.81979257295162,
  "acc_pretrain": 0.9795,
  "acc_retrain": 0.9823,
  "acc_quantized": 0.9791
}