{
  "mu": [
    0.0,
    -0.7043651342391968,
    -0.6578665375709534,
    -0.5588664412498474,
    -0.5587624907493591,
    -0.49272769689559937,
    -0.42275384068489075,
    -0.42276597023010254,
    -0.35594773292541504,
    -0.28336405754089355,
    -0.2744796574115753,
    -0.2736382484436035,
    -0.27715805172920227,
    -0.27571871876716614,
    -0.10139554738998413,
    -0.0014606952900066972,
    -0.0001713111560093239,
    -0.00016339174180757254,
    -0.0001649715268285945,
    -0.00016574544133618474,
    0.00034985170350410044,
    0.07328426092863083,
    0.21824736893177032,
    0.26594212651252747,
    0.32763999700546265,
    0.32772624492645264,
    0.2594775855541229,
    0.26019996404647827,
    0.3281025290489197,
    0.39238572120666504,
    0.46546852588653564,
    0.5070540904998779,
    0.6147373914718628
  ],
  "sigma2": [
    0.003407145384699106,
    0.00039997685234993696,
    0.00039985234616324306,
    0.0003968407690990716,
    0.0003827265463769436,
    0.00037091909325681627,
    0.0003878485586028546,
    0.0003674430481623858,
    0.0002893347409553826,
    0.00023117325326893479,
    0.00038827862590551376,
    0.000400250282837078,
    0.0004014527366962284,
    0.00040157526382245123,
    0.0004016185412183404,
    0.0004015859740320593,
    0.00040157928015105426,
    0.00040157794137485325,
    0.00040157794137485325,
    0.0004015787271782756,
    0.00040158466435968876,
    0.00040161836659535766,
    0.0004015984304714948,
    0.00040156551403924823,
    0.000401367578888312,
    0.000399821437895298,
    0.00039381993701681495,
    0.00036145548801869154,
    0.00035281965392641723,
    0.00038506672717630863,
    0.00039488612674176693,
    0.0003989452379755676,
    0.00039917873800732195
  ],
  "pi": [
    0.9990000128746033,
    2.3706656975264195e-06,
    3.1546114769298583e-06,
    3.522401584632462e-06,
    1.5392994100693613e-05,
    2.7835103537654504e-05,
    1.741760024742689e-05,
    4.8273959691869095e-05,
    0.00013594070333056152,
    0.0003560347540769726,
    2.205488817708101e-05,
    3.124847125945962e-06,
    3.638868975031073e-07,
    1.6945234904142126e-07,
    6.840009802999703e-08,
    1.0406937178686348e-07,
    1.2858821207828441e-07,
    1.3431561285415228e-07,
    1.3432982370886748e-07,
    1.3087189643101738e-07,
    1.0859258026130192e-07,
    7.0557689468842e-08,
    5.6797251346552e-08,
    1.7753959014044085e-07,
    4.2320971260778606e-07,
    2.93823063657328e-06,
    2.793370913423132e-05,
    0.00019056539167650044,
    9.247736306861043e-05,
    2.5960134735214524e-05,
    1.6912332284846343e-05,
    4.271340912964661e-06,
    1.748473550833296e-06
  ],
  "J": 33
}