{
  "mu": [
    0.0,
    -0.9214404821395874,
    -1.0676873922348022,
    -0.7280307412147522,
    -0.8423804640769958,
    -0.6472082734107971,
    -0.559075117111206,
    -0.5587465167045593,
    -0.46253347396850586,
    -0.3736479878425598,
    -0.2808515131473541,
    -0.0922134518623352,
    -0.3736397624015808,
    -0.3736397624015808,
    -0.18411172926425934,
    -0.03898311033844948,
    -0.03898527845740318,
    -0.03898042067885399,
    -0.03844680264592171,
    -0.03898527845740318,
    -0.038983434438705444,
    0.1604119837284088,
    0.08275561034679413,
    0.24345187842845917,
    0.3400351107120514,
    0.3400351107120514,
    0.24368205666542053,
    0.3403482139110565,
    0.4471074342727661,
    0.5479505658149719,
    0.6270933151245117,
    0.6272878050804138,
    0.7758710384368896
  ],
  "sigma2": [
    1.5720304872957058e-05,
    0.00038881070213392377,
    0.0004008016549050808,
    0.0003795495431404561,
    0.00038979214150458574,
    0.00033549111685715616,
    0.0004014682490378618,
    0.00028393632965162396,
    0.00022398987493943423,
    0.00010549108264967799,
    0.00013627104635816067,
    5.377300112741068e-05,
    0.0004015162994619459,
    0.00040151592111214995,
    9.769001189852133e-05,
    0.00040115384035743773,
    0.00040099472971633077,
    0.00040066178189590573,
    0.00032113477936945856,
    0.0004009553522337228,
    0.00040113949216902256,
    6.0812453739345074e-05,
    5.109492485644296e-05,
    0.00040152165456674993,
    0.00040150212589651346,
    0.0004015019512735307,
    8.788174454821274e-05,
    0.00013855913130100816,
    0.00025151457521133125,
    0.0003548608801793307,
    0.0003596336464397609,
    0.0004014148435089737,
    0.0003973412385676056
  ],
  "pi": [
    0.9990000128746033,
    9.963539469026728e-07,
    3.68348196388979e-08,
    1.866607249212393e-06,
    1.1353712352502043e-06,
    6.18698959442554e-06,
    1.877688227125418e-09,
    1.2720106496999506e-05,
    2.362887425988447e-05,
    7.266821194207296e-05,
    5.803604653920047e-05,
    0.00018800697580445558,
    4.5718293040231117e-10,
    4.577972445574119e-10,
    9.148599929176271e-05,
    2.5785181989590455e-08,
    3.837451245658485e-08,
    6.470892799370631e-08,
    6.946938810870051e-06,
    4.1481936108311857e-08,
    2.6913696160590916e-08,
    0.0001515887852292508,
    0.00020207316265441477,
    5.698471139403694e-10,
    8.484811742093257e-10,
    8.674153062493417e-10,
    0.00010124161781277508,
    5.553389200940728e-05,
    1.764728585840203e-05,
    4.056129000673536e-06,
    3.611624379118439e-06,
    5.6363189671060354e-09,
    3.241617321236845e-07
  ],
  "J": 33
}