{
  "mu": [
    0.0,
    -0.8615133166313171,
    -0.9991961717605591,
    -0.6894024014472961,
    -0.7997975945472717,
    -0.616740345954895,
    -0.5316900014877319,
    -0.5315030813217163,
    -0.44549551606178284,
    -0.3601805865764618,
    -0.26912519335746765,
    -0.08680902421474457,
    -0.35849523544311523,
    -0.3584952652454376,
    -0.17445899546146393,
    -0.04391355812549591,
    -0.04390730336308479,
    -0.043904922902584076,
    -0.04390489310026169,
    -0.04390651732683182,
    -0.04391270875930786,
    0.15054118633270264,
    0.07838734984397888,
    0.2321608066558838,
    0.3273659944534302,
    0.3273690938949585,
    0.23287229239940643,
    0.32861414551734924,
    0.43219301104545593,
    0.5271701216697693,
    0.6025174856185913,
    0.6025450229644775,
    0.746355414390564
  ],
  "sigma2": [
    1.8736885976977646e-05,
    0.0003981119371019304,
    0.0004008016549050808,
    0.0004031074058730155,
    0.00039887047023512423,
    0.0003843338636215776,
    0.0004015277954749763,
    0.00035010272404178977,
    0.00031217903597280383,
    0.00020023348042741418,
    0.00027865837910212576,
    0.0003170582349412143,
    0.00040155230090022087,
    0.0004015520971734077,
    0.00024570137611590326,
    0.00040145847015082836,
    0.0004014542791992426,
    0.0004014527366962284,
    0.0004014525329694152,
    0.00040145369712263346,
    0.0004014579171780497,
    0.00017938118253368884,
    0.00020276368013583124,
    0.0004015425220131874,
    0.00040146042010746896,
    0.00040143588557839394,
    0.00020497795776464045,
    0.00027093267999589443,
    0.00032586793531663716,
    0.00038173850043676794,
    0.0003793986397795379,
    0.00040146056562662125,
    0.0003985811199527234
  ],
  "pi": [
    0.9990000128746033,
    1.0173185955864028e-06,
    3.871477716188565e-08,
    1.8807568267220631e-06,
    1.1486982884889585e-06,
    6.458086772909155e-06,
    7.060038775819066e-09,
    1.2833637811127119e-05,
    2.362723353144247e-05,
    7.406102668028325e-05,
    5.907977538299747e-05,
    0.000188933132449165,
    1.2580161357078623e-09,
    1.2655007042283728e-09,
    9.219560888595879e-05,
    4.068403391954689e-09,
    4.458076574564984e-09,
    4.604915559980327e-09,
    4.60668525548158e-09,
    4.506774953227932e-09,
    4.121671448586994e-09,
    0.00015339147648774087,
    0.00020021700765937567,
    6.5621543754446066e-09,
    2.5131186021098983e-08,
    3.0952776342019206e-08,
    0.00010271897190250456,
    5.640420931740664e-05,
    1.7808890333981253e-05,
    4.019294465251733e-06,
    3.7243107726681046e-06,
    1.3415357713597587e-08,
    3.299279569546343e-07
  ],
  "J": 33
}