{
  "mu": [
    0.0,
    -0.7188795208930969,
    -0.6761251091957092,
    -0.638642430305481,
    -0.6113521456718445,
    -0.5928852558135986,
    -0.5634275078773499,
    -0.5175648331642151,
    -0.4645794928073883,
    -0.4076860547065735,
    -0.34957608580589294,
    -0.2908727824687958,
    -0.23042669892311096,
    -0.17075063288211823,
    -0.11470404267311096,
    -0.06396812945604324,
    -0.02026146464049816,
    -0.0015995646826922894,
    -0.0015482708113268018,
    0.010654059238731861,
    0.05153878405690193,
    0.10062403231859207,
    0.15521852672100067,
    0.21321846544742584,
    0.27106040716171265,
    0.323883980512619,
    0.37446123361587524,
    0.42551130056381226,
    0.47603946924209595,
    0.5246794819831848,
    0.5697133541107178,
    0.6101304888725281,
    0.648460328578949
  ],
  "sigma2": [
    0.01672522909939289,
    0.015379998832941055,
    0.015361543744802475,
    0.015346373431384563,
    0.015337522141635418,
    0.015334231778979301,
    0.01533854566514492,
    0.01535133644938469,
    0.01536688394844532,
    0.015379625372588634,
    0.015388714149594307,
    0.015402133576571941,
    0.01543195080012083,
    0.015452398918569088,
    0.015424822457134724,
    0.015354814007878304,
    0.015299699269235134,
    0.015292157419025898,
    0.0152928801253438,
    0.015287804417312145,
    0.015323121100664139,
    0.015389888547360897,
    0.015428618527948856,
    0.015418064780533314,
    0.015392603352665901,
    0.015380211174488068,
    0.015372190624475479,
    0.015367302112281322,
    0.015365558676421642,
    0.015366613864898682,
    0.015370013192296028,
    0.015375122427940369,
    0.015380901284515858
  ],
  "pi": [
    0.9990000128746033,
    1.4429561815632042e-05,
    1.6785281331976876e-05,
    1.8560807802714407e-05,
    1.937639717652928e-05,
    1.9344655811437406e-05,
    1.8268561689183116e-05,
    1.5971279935911298e-05,
    1.2985075954929926e-05,
    1.0131487215403467e-05,
    7.896695024101064e-06,
    9.041090379469097e-06,
    1.4780377568968106e-05,
    2.8389586077537388e-05,
    5.385880285757594e-05,
    8.269158570328727e-05,
    9.84299331321381e-05,
    0.00010006935190176591,
    0.00010000779730034992,
    9.980735194403678e-05,
    8.655783312860876e-05,
    5.677128865499981e-05,
    2.8305228624958545e-05,
    1.3813012628816068e-05,
    7.883628313720692e-06,
    6.412439233827172e-06,
    7.230112714751158e-06,
    7.882023055572063e-06,
    8.38481901155319e-06,
    8.752574103709776e-06,
    8.98509915714385e-06,
    9.093269909499213e-06,
    9.103056981984992e-06
  ],
  "J": 33
}