{
  "mu": [
    0.0,
    -0.7408631443977356,
    -0.6821771860122681,
    -0.5727784037590027,
    -0.5728132128715515,
    -0.5071597695350647,
    -0.4372326135635376,
    -0.43723487854003906,
    -0.3658256530761719,
    -0.2902764081954956,
    -0.2286631315946579,
    -0.22950875759124756,
    -0.28649818897247314,
    -0.28648310899734497,
    -0.1074782982468605,
    -0.0006844083545729518,
    -0.0004233436775393784,
    -0.0003623874217737466,
    -0.00035901175579056144,
    -0.00041449174750596285,
    -0.0002971141948364675,
    0.07513938099145889,
    0.23575659096240997,
    0.2598055899143219,
    0.3353792726993561,
    0.33541223406791687,
    0.22860431671142578,
    0.2605382800102234,
    0.33580517768859863,
    0.40547341108322144,
    0.4863325357437134,
    0.4902705252170563,
    0.6203476786613464
  ],
  "sigma2": [
    0.002962336642667651,
    0.0004001964698545635,
    0.0003955106367357075,
    0.00039840021054260433,
    0.00038273053360171616,
    0.0003763831336982548,
    0.000393412250559777,
    0.00035324186319485307,
    0.000280054664472118,
    0.0001906058460008353,
    0.00033148672082461417,
    0.0003998847387265414,
    0.0004014770674984902,
    0.0004015214799437672,
    0.0004016139719169587,
    0.0004015890590380877,
    0.00040158675983548164,
    0.0004015863814856857,
    0.0004015863814856857,
    0.00040158675983548164,
    0.0004015886806882918,
    0.0004016128077637404,
    0.00040159959462471306,
    0.00040157794137485325,
    0.0004013712168671191,
    0.0004006206872873008,
    0.00039444255526177585,
    0.0003570044646039605,
    0.00033854797948151827,
    0.00037957759923301637,
    0.0003948831290472299,
    0.0004014762816950679,
    0.00039736717008054256
  ],
  "pi": [
    0.9990000128746033,
    1.0232621434624889e-06,
    3.7195281947788317e-06,
    2.0515674350463087e-06,
    1.2725133274216205e-05,
    2.395228329987731e-05,
    6.875256985949818e-06,
    4.5874166971771047e-05,
    0.00011757131142076105,
    0.0003210603026673198,
    9.632889123167843e-05,
    1.8115149487130111e-06,
    1.5539022513166856e-07,
    1.0584733445284655e-07,
    2.79627041521735e-08,
    4.179212709232161e-08,
    5.121494695004003e-08,
    5.345794207300969e-08,
    5.346360154590002e-08,
    5.210840470226685e-08,
    4.346513904351923e-08,
    2.8648894812022263e-08,
    4.072873949212408e-08,
    1.2952173733538075e-07,
    2.660241875673819e-07,
    1.118741238315124e-06,
    2.990005668834783e-05,
    0.00021361287508625537,
    8.164256723830476e-05,
    2.116025279974565e-05,
    1.5235897990351077e-05,
    1.7821141682361485e-06,
    1.504730676060717e-06
  ],
  "J": 33
}