{
  "mu": [
    0.0,
    -0.8700445890426636,
    -1.005807638168335,
    -0.693459689617157,
    -0.8055313229560852,
    -0.6192793250083923,
    -0.533621609210968,
    -0.5333545804023743,
    -0.44589805603027344,
    -0.359935998916626,
    -0.26893794536590576,
    -0.08619321137666702,
    -0.3598950207233429,
    -0.3598950207233429,
    -0.17395058274269104,
    -0.07369215786457062,
    -0.07368814945220947,
    -0.07368657737970352,
    -0.07368656992912292,
    -0.07368762791156769,
    -0.07369164377450943,
    0.15212111175060272,
    0.07938799262046814,
    0.23403221368789673,
    0.3294111490249634,
    0.3294111490249634,
    0.23445579409599304,
    0.33039042353630066,
    0.43468889594078064,
    0.5300573706626892,
    0.6062302589416504,
    0.6062202453613281,
    0.7518619894981384
  ],
  "sigma2": [
    1.575333772052545e-05,
    0.0003950039972551167,
    0.0004008014511782676,
    0.0003873161331284791,
    0.0003933533444069326,
    0.0003449747746344656,
    0.00040145061211660504,
    0.00029311518301256,
    0.00023492435866501182,
    0.00010909265984082595,
    0.00015872342919465154,
    0.0001323512988165021,
    0.00040151402936317027,
    0.00040151402936317027,
    0.00012406543828547,
    0.00040154519956558943,
    0.00040154214366339147,
    0.0004015406302642077,
    0.00040154080488719046,
    0.00040154176531359553,
    0.00040154464659281075,
    7.638399983989075e-05,
    7.822754560038447e-05,
    0.0004015017475467175,
    0.0004014582955278456,
    0.00040144947706721723,
    0.00010738719720393419,
    0.00016942329239100218,
    0.00026828565751202404,
    0.00036246326635591686,
    0.0003626124525908381,
    0.00040138958138413727,
    0.000396659888792783
  ],
  "pi": [
    0.9990000128746033,
    1.0167724440179882e-06,
    3.80918230291627e-08,
    1.8748836509985267e-06,
    1.1469504670458264e-06,
    6.4651344473531935e-06,
    4.625577698647021e-09,
    1.2791831977665424e-05,
    2.3718628654023632e-05,
    7.401044422294945e-05,
    5.911884727538563e-05,
    0.00018873116641771048,
    8.540772533649488e-10,
    8.579713051126703e-10,
    9.237264021066949e-05,
    5.448443474165288e-09,
    6.221248849413996e-09,
    6.5278449312700104e-09,
    6.531700069700719e-09,
    6.321895895666785e-09,
    5.550713666480078e-09,
    0.00015344438725151122,
    0.00020016322378069162,
    2.8409328223233388e-09,
    7.379536093310435e-09,
    8.432616382947344e-09,
    0.0001027511534630321,
    5.637302092509344e-05,
    1.781994797056541e-05,
    4.013858870166587e-06,
    3.748455810637097e-06,
    9.55723766793426e-09,
    3.294309465218248e-07
  ],
  "J": 33
}