{
  "mu": [
    0.0,
    -0.8929679989814758,
    -1.0300415754318237,
    -0.7080977559089661,
    -0.822766900062561,
    -0.6321555972099304,
    -0.5440706610679626,
    -0.5444892048835754,
    -0.45447009801864624,
    -0.3680415153503418,
    -0.27544546127319336,
    -0.09060437232255936,
    -0.3668188750743866,
    -0.3668188750743866,
    -0.18050184845924377,
    -0.056045953184366226,
    -0.05601712688803673,
    -0.0559992641210556,
    -0.0559990257024765,
    -0.05601155757904053,
    -0.05604397878050804,
    0.15496134757995605,
    0.08054303377866745,
    0.2363666146993637,
    0.3334033787250519,
    0.33340373635292053,
    0.2376275211572647,
    0.3335544168949127,
    0.43716946244239807,
    0.5386490225791931,
    0.6156742572784424,
    0.6159244179725647,
    0.7621751427650452
  ],
  "sigma2": [
    1.7635145923122764e-05,
    0.0003933004627469927,
    0.0004008016549050808,
    0.00039113048114813864,
    0.00039607210783287883,
    0.0003645974793471396,
    0.00040142115904018283,
    0.0003265638661105186,
    0.00029476149939000607,
    0.00018779579841066152,
    0.00022794873802922666,
    0.0001785854110494256,
    0.00040153448935598135,
    0.00040153448935598135,
    0.00019746726320590824,
    0.00040005924529396,
    0.00039918540278449655,
    0.0003987554518971592,
    0.00039874971844255924,
    0.00039904986624605954,
    0.0003999600885435939,
    0.00014070702309254557,
    0.00014422647655010223,
    0.0004015006124973297,
    0.0004014282312709838,
    0.00040141792851500213,
    0.00016698730178177357,
    0.0002128705382347107,
    0.0003012173401657492,
    0.00037881472962908447,
    0.0003799877886194736,
    0.0004013266006950289,
    0.0003984693903476
  ],
  "pi": [
    0.9990000128746033,
    1.0162335684071877e-06,
    5.025764693300516e-08,
    1.861393457147642e-06,
    1.1437283546911203e-06,
    6.370700248226058e-06,
    1.6411997094678554e-08,
    1.2788702406396624e-05,
    2.3762197088217363e-05,
    7.329184882109985e-05,
    5.876267096027732e-05,
    0.00018738069047685713,
    3.3216454031759213e-09,
    3.3342262284463686e-09,
    9.20448437682353e-05,
    4.078351594216656e-07,
    6.443567031055863e-07,
    7.606020631101273e-07,
    7.621293889314984e-07,
    6.81026222082437e-07,
    4.3472056177051854e-07,
    0.00015282041567843407,
    0.00020078908710274845,
    8.046546540185773e-09,
    1.6685541837091478e-08,
    1.8272325874590933e-08,
    0.00010227034363197163,
    5.601222437690012e-05,
    1.7805899915401824e-05,
    4.054471901326906e-06,
    3.6487051602307474e-06,
    3.678383464489343e-08,
    3.320546682061831e-07
  ],
  "J": 33
}