{
  "mu": [
    0.0,
    -0.6983323693275452,
    -0.6378554105758667,
    -0.5755835175514221,
    -0.5399777889251709,
    -0.49325495958328247,
    -0.45098182559013367,
    -0.40653616189956665,
    -0.35300567746162415,
    -0.28958967328071594,
    -0.289465069770813,
    -0.32789483666419983,
    -0.3031076192855835,
    -0.2577560842037201,
    -0.0970732569694519,
    -0.01372548658400774,
    -0.00031464797211810946,
    -0.00032082071993499994,
    -0.0003210949362255633,
    -0.00025795711553655565,
    0.007813354954123497,
    0.07182640582323074,
    0.16655893623828888,
    0.2809140682220459,
    0.32959601283073425,
    0.33261215686798096,
    0.2836531400680542,
    0.28256842494010925,
    0.3326474130153656,
    0.3923620283603668,
    0.45935770869255066,
    0.5104556679725647,
    0.6128870248794556
  ],
  "sigma2": [
    0.004605796188116074,
    0.0005300513585098088,
    0.0005306552047841251,
    0.0005292062996886671,
    0.0005311980494298041,
    0.0005274969153106213,
    0.0005316692986525595,
    0.0005285302177071571,
    0.0005272877169772983,
    0.0005033357883803546,
    0.0005092585342936218,
    0.0005273337010294199,
    0.0005284238723106682,
    0.0005294589791446924,
    0.0005314224981702864,
    0.0005336031317710876,
    0.0005353032029233873,
    0.0005359755014069378,
    0.0005360030918382108,
    0.0005356348701752722,
    0.0005342370714060962,
    0.0005322085926309228,
    0.0005302593926899135,
    0.0005287797539494932,
    0.000528370204847306,
    0.0005279010511003435,
    0.0005247675580903888,
    0.000517827516887337,
    0.00052467524074018,
    0.0005313776200637221,
    0.0005314045120030642,
    0.0005298938485793769,
    0.0005370223079808056
  ],
  "pi": [
    0.9990000128746033,
    4.24671179644065e-06,
    3.136451368845883e-06,
    1.1489893950056285e-05,
    1.5492121747229248e-05,
    2.6686933779274113e-05,
    3.198172271368094e-05,
    6.909303920110688e-05,
    0.00015135847206693143,
    0.00023543238057754934,
    0.00013625891006086022,
    1.927506127685774e-05,
    9.746853493197705e-07,
    4.099703687643341e-07,
    3.7808570141351083e-07,
    5.701447776118584e-07,
    7.126384389266605e-07,
    7.446905101460288e-07,
    7.447672487614909e-07,
    7.254604383888363e-07,
    5.979423463031708e-07,
    3.9280809005504125e-07,
    2.5601815423215157e-07,
    4.0902102682593977e-07,
    9.696593679109355e-07,
    6.8340164034452755e-06,
    4.142838588450104e-05,
    8.925497968448326e-05,
    8.891589095583186e-05,
    3.2869142160052434e-05,
    1.9233613784308545e-05,
    6.981806563999271e-06,
    2.1446123810164863e-06
  ],
  "J": 33
}