{
  "mu": [
    0.0,
    -0.8952817320823669,
    -1.033430814743042,
    -0.7093335390090942,
    -0.8239587545394897,
    -0.6324821710586548,
    -0.5445635914802551,
    -0.5448038578033447,
    -0.4542732834815979,
    -0.36745136976242065,
    -0.275261789560318,
    -0.09002451598644257,
    -0.3678662180900574,
    -0.3678661584854126,
    -0.1801276057958603,
    -0.05462821200489998,
    -0.054593995213508606,
    -0.05457848310470581,
    -0.05457829311490059,
    -0.05458904430270195,
    -0.0546240508556366,
    0.1556280553340912,
    0.08098333328962326,
    0.23754456639289856,
    0.3336220383644104,
    0.33362165093421936,
    0.23836496472358704,
    0.33430591225624084,
    0.43816858530044556,
    0.5397607088088989,
    0.6165680289268494,
    0.616675078868866,
    0.7639006972312927
  ],
  "sigma2": [
    1.572342443978414e-05,
    0.00039157253922894597,
    0.00040080127655528486,
    0.0003859603020828217,
    0.0003933908883482218,
    0.0003444832982495427,
    0.00040140218334272504,
    0.00029793274006806314,
    0.0002535437815822661,
    0.00012938120926264673,
    0.0001729325158521533,
    0.00011086971062468365,
    0.0004015084414277226,
    0.0004015080921817571,
    0.00013931968715041876,
    0.00039981442387215793,
    0.0003988067910540849,
    0.0003983041096944362,
    0.0003982974449172616,
    0.00039864896098151803,
    0.0003997006278950721,
    8.838646317599341e-05,
    8.729036198928952e-05,
    0.00040148833068087697,
    0.00040145558887161314,
    0.0004014517762698233,
    0.00011700196046149358,
    0.00016908723046071827,
    0.00027405316359363496,
    0.00037031169631518424,
    0.0003698422806337476,
    0.00040128338150680065,
    0.0003975653962697834
  ],
  "pi": [
    0.9990000128746033,
    1.0104931789101101e-06,
    3.7432346999821675e-08,
    1.8611818859426421e-06,
    1.1414228993089637e-06,
    6.372855295921909e-06,
    9.784256960188031e-09,
    1.2783270904037636e-05,
    2.3773058273945935e-05,
    7.328558422159404e-05,
    5.870868335478008e-05,
    0.0001881039934232831,
    2.1879691392001632e-09,
    2.194317616499575e-09,
    9.207628318108618e-05,
    3.3679299349387293e-07,
    5.322640390659217e-07,
    6.300946324699908e-07,
    6.313881044661684e-07,
    5.62976651963254e-07,
    3.5882627003047673e-07,
    0.00015277459169737995,
    0.00020082408445887268,
    3.955777039266195e-09,
    6.922980411161461e-09,
    7.33038341138581e-09,
    0.00010225583537248895,
    5.6027041864581406e-05,
    1.781092032615561e-05,
    4.066404017066816e-06,
    3.6489341255219188e-06,
    2.575930757586775e-08,
    3.274402615716099e-07
  ],
  "J": 33
}