{
  "mu": [
    0.0,
    -0.6753376126289368,
    -0.7139580249786377,
    -0.596697986125946,
    -0.5965715646743774,
    -0.5298228859901428,
    -0.45952773094177246,
    -0.45905613899230957,
    -0.3838033974170685,
    -0.3041864037513733,
    -0.21867960691452026,
    -0.16697344183921814,
    -0.302755743265152,
    -0.3027550280094147,
    -0.17004168033599854,
    -0.0005236138822510839,
    -0.0005479509709402919,
    -0.0005361349321901798,
    -0.000534756516572088,
    -0.000549136137124151,
    -0.000524441828019917,
    0.18016251921653748,
    0.18623626232147217,
    0.26806992292404175,
    0.35508590936660767,
    0.3550861179828644,
    0.1913219690322876,
    0.27207809686660767,
    0.35520458221435547,
    0.4313110411167145,
    0.5089393854141235,
    0.5086985230445862,
    0.6492226123809814
  ],
  "sigma2": [
    0.0013904136139899492,
    0.00040142747457139194,
    0.0003997524327132851,
    0.00040099414763972163,
    0.00038915290497243404,
    0.000382985599571839,
    0.0004013084399048239,
    0.00036301021464169025,
    0.0003037869173567742,
    0.00018175529839936644,
    0.0002870830940082669,
    0.0003595734597183764,
    0.000401567027438432,
    0.0004015620506834239,
    0.00040158562478609383,
    0.00040160323260352015,
    0.00040160302887670696,
    0.00040160302887670696,
    0.00040160302887670696,
    0.00040160302887670696,
    0.00040160323260352015,
    0.0004016062885057181,
    0.00040160512435249984,
    0.0004015427257400006,
    0.00040149924461729825,
    0.0004014714795630425,
    0.00036243145586922765,
    0.00021513488900382072,
    0.0002930958871729672,
    0.000362681457772851,
    0.00036779505899176,
    0.0004011044802609831,
    0.000398590782424435
  ],
  "pi": [
    0.9990000128746033,
    5.404745024861768e-07,
    2.5342469598399475e-06,
    3.7647495787496155e-07,
    7.912874025350902e-06,
    1.4288471902546007e-05,
    2.250125845648654e-07,
    3.2722207834012806e-05,
    7.270924834301695e-05,
    0.00020254582341294736,
    0.0001528807042632252,
    3.525838837958872e-05,
    1.1864405458084093e-08,
    1.4641504897383584e-08,
    1.0232215075234308e-08,
    5.640380162930114e-09,
    6.594800261439104e-09,
    6.8240662010055075e-09,
    6.824625753409919e-09,
    6.686162734581558e-09,
    5.804807745590779e-09,
    6.546037933929938e-09,
    2.2487949280503017e-08,
    2.4964824874018632e-08,
    2.737961501964037e-08,
    3.691451766485443e-08,
    0.00025655212812125683,
    0.00014572538202628493,
    5.167450581211597e-05,
    1.2403625987644773e-05,
    1.0402341104054358e-05,
    1.3186230773953866e-07,
    9.228440944752947e-07
  ],
  "J": 33
}