{
  "mu": [
    0.0,
    -0.6724676489830017,
    -0.7130032777786255,
    -0.605510413646698,
    -0.6055136919021606,
    -0.5432776808738708,
    -0.46834003925323486,
    -0.4686921536922455,
    -0.3928678333759308,
    -0.31293538212776184,
    -0.22541110217571259,
    -0.13980096578598022,
    -0.3151702284812927,
    -0.3151698112487793,
    -0.13953278958797455,
    -0.00017558640684001148,
    -0.00015089531370904297,
    -0.0001358382432954386,
    -0.00013531709555536509,
    -0.0001470207644160837,
    -0.00017322319035883993,
    0.15643228590488434,
    0.12321619689464569,
    0.27848169207572937,
    0.369731068611145,
    0.36973246932029724,
    0.1960851550102234,
    0.2822968661785126,
    0.3694169223308563,
    0.44801095128059387,
    0.521333634853363,
    0.5210336446762085,
    0.6565766334533691
  ],
  "sigma2": [
    0.0006283047841861844,
    0.00040048049413599074,
    0.0003979557368438691,
    0.00039983823080547154,
    0.00038540270179510117,
    0.00036381633253768086,
    0.0004008943506050855,
    0.000335992022883147,
    0.0002726724778767675,
    0.00013760599540546536,
    0.00020739497267641127,
    0.00036945505416952074,
    0.00040152683504857123,
    0.00040152223664335907,
    0.00040157928015105426,
    0.00040160457137972116,
    0.00040160457137972116,
    0.00040160457137972116,
    0.00040160457137972116,
    0.00040160457137972116,
    0.00040160457137972116,
    0.0004015714512206614,
    0.0003005860489793122,
    0.0004014912119600922,
    0.00040139208431355655,
    0.00040137654286809266,
    0.00027542951283976436,
    0.00018118610023520887,
    0.00027613830752670765,
    0.0003658869827631861,
    0.00036662412458099425,
    0.00040085401269607246,
    0.0003975392319262028
  ],
  "pi": [
    0.9990000128746033,
    7.579596967843827e-07,
    2.0769023194588954e-06,
    4.4486307615443366e-07,
    4.1362422962265555e-06,
    1.0614121492835693e-05,
    2.0245478538072348e-07,
    2.1953708710498177e-05,
    4.888722833129577e-05,
    0.0001381041220156476,
    0.00010663811553968117,
    0.00013498649059329182,
    1.590512432869673e-08,
    1.7221402970335475e-08,
    5.2203734668410107e-08,
    4.457697766468982e-09,
    4.750093207661621e-09,
    4.819221910423721e-09,
    4.819391996591094e-09,
    4.777661377630693e-09,
    4.508506457057138e-09,
    7.05518417021267e-08,
    0.00018962986359838396,
    2.3940740945249672e-08,
    3.609669718684927e-08,
    3.944131776734139e-08,
    0.00019029008399229497,
    9.989910904550925e-05,
    3.530297180986963e-05,
    8.027920557651669e-06,
    7.002026904956438e-06,
    1.3183661451421358e-07,
    6.305139663709269e-07
  ],
  "J": 33
}