{
  "mu": [
    0.0,
    -0.7280166745185852,
    -0.7553377151489258,
    -0.6110040545463562,
    -0.6515489220619202,
    -0.5685166716575623,
    -0.48865842819213867,
    -0.4889748692512512,
    -0.41110923886299133,
    -0.33128154277801514,
    -0.2419588416814804,
    -0.06596586853265762,
    -0.330562025308609,
    -0.3305613696575165,
    -0.14541776478290558,
    -0.10612493008375168,
    -0.1061234325170517,
    -0.10612304508686066,
    -0.10612305998802185,
    -0.10612329840660095,
    -0.10612460970878601,
    0.12430225312709808,
    0.060480404645204544,
    0.2989710867404938,
    0.393328994512558,
    0.3933289647102356,
    0.2106543630361557,
    0.30069270730018616,
    0.39383479952812195,
    0.48262888193130493,
    0.5481550097465515,
    0.548224687576294,
    0.684455394744873
  ],
  "sigma2": [
    5.6677923566894606e-05,
    0.0004007594252470881,
    0.00040261849062517285,
    0.00040054312557913363,
    0.0003995681763626635,
    0.00039888647734187543,
    0.0004012272984255105,
    0.0003837643307633698,
    0.00036214868305251,
    0.00025042914785444736,
    0.0003033399407286197,
    0.0003534160496201366,
    0.0004015461599919945,
    0.00040154519956558943,
    0.0004888401017524302,
    0.0004015925223939121,
    0.0004015925223939121,
    0.0004015923186670989,
    0.0004015921149402857,
    0.0004015925223939121,
    0.00040159287163987756,
    0.00043143812217749655,
    0.0002946679014712572,
    0.00040153448935598135,
    0.00040146385435946286,
    0.00040146042010746896,
    0.000314177421387285,
    0.00030146969947963953,
    0.000352312286850065,
    0.00038846302777528763,
    0.0003883620956912637,
    0.00040110392728820443,
    0.00039978924905881286
  ],
  "pi": [
    0.9990000128746033,
    5.415737405201071e-07,
    9.929827911037137e-07,
    9.476007676312292e-07,
    1.5001724023022689e-06,
    6.132090220489772e-06,
    2.389400037827727e-07,
    1.2119779057684354e-05,
    2.628335278131999e-05,
    7.72789353504777e-05,
    5.937156674917787e-05,
    0.0001709081552689895,
    1.4543802606681311e-08,
    1.493461709856092e-08,
    0.00010113278403878212,
    5.2199444766642955e-09,
    5.5214206540199484e-09,
    5.629365418258203e-09,
    5.6306643791970146e-09,
    5.557513560461302e-09,
    5.2623048141242634e-09,
    0.00017177364497911185,
    0.0001815153518691659,
    2.2335752802860043e-08,
    3.8029124738159226e-08,
    3.923558367091573e-08,
    0.00010570140875643119,
    5.602939199889079e-05,
    1.9224267816753127e-05,
    3.934965661755996e-06,
    3.7399590837594587e-06,
    1.2946948402259295e-07,
    3.4178296459685953e-07
  ],
  "J": 33
}