{
  "mu": [
    0.0,
    -0.9325692057609558,
    -1.0836483240127563,
    -0.7440963387489319,
    -0.8533569574356079,
    -0.6579182147979736,
    -0.568752646446228,
    -0.5685275197029114,
    -0.46927744150161743,
    -0.37936297059059143,
    -0.2857724726200104,
    -0.09551531076431274,
    -0.3792181611061096,
    -0.3792181611061096,
    -0.18869315087795258,
    -0.04613865166902542,
    -0.0461554192006588,
    -0.046155449002981186,
    -0.043307285755872726,
    -0.046157948672771454,
    -0.04614050313830376,
    0.1624385565519333,
    0.08382794260978699,
    0.24598881602287292,
    0.3433972895145416,
    0.3433972895145416,
    0.2459331452846527,
    0.3429000973701477,
    0.4502488076686859,
    0.5515224933624268,
    0.6324943900108337,
    0.6325364112854004,
    0.7818851470947266
  ],
  "sigma2": [
    1.5743078620289452e-05,
    0.00039045087760314345,
    0.0004008016549050808,
    0.0003863269230350852,
    0.00039441342232748866,
    0.00034550123382359743,
    0.0004014929581899196,
    0.00030511728255078197,
    0.00025686199660412967,
    0.0001348528458038345,
    0.0001710745127638802,
    9.940988820744678e-05,
    0.000401522614993155,
    0.000401522614993155,
    0.0001503834209870547,
    0.0004014517762698233,
    0.0004014268924947828,
    0.0004013798024971038,
    0.0002886137808673084,
    0.00040142095531336963,
    0.00040144968079403043,
    8.866861753631383e-05,
    8.983967563835904e-05,
    0.00040151667781174183,
    0.00040150596760213375,
    0.00040150576387532055,
    0.00011846674169646576,
    0.0001647638127906248,
    0.00027475395472720265,
    0.0003595465386752039,
    0.0003641983785200864,
    0.00040144624654203653,
    0.0003974471183028072
  ],
  "pi": [
    0.9990000128746033,
    9.42946144277812e-07,
    3.707409845787879e-08,
    1.806421664696245e-06,
    1.1490651559142862e-06,
    6.191043667058693e-06,
    1.4856816887842683e-09,
    1.2581715964188334e-05,
    2.338246486033313e-05,
    7.187160372268409e-05,
    5.743802466895431e-05,
    0.00018539676966611296,
    3.674963944266807e-10,
    3.679414550816773e-10,
    9.077944559976459e-05,
    1.0356977497849584e-08,
    1.3701621170980616e-08,
    1.992977516351857e-08,
    1.575877467985265e-05,
    1.448356190536515e-08,
    1.0669094940851664e-08,
    0.00014997748075984418,
    0.00020198056881781667,
    4.399073050276314e-10,
    6.365429849886084e-10,
    6.485939563205534e-10,
    0.00010029233089881018,
    5.491213232744485e-05,
    1.7513173588667996e-05,
    4.0298491512658074e-06,
    3.5604866752692033e-06,
    4.32966418273395e-09,
    3.212545038877579e-07
  ],
  "J": 33
}