{
  "mu": [
    0.0,
    -0.8968931436538696,
    -1.0348495244979858,
    -0.7103827595710754,
    -0.8249425292015076,
    -0.6329657435417175,
    -0.5452665686607361,
    -0.5453307032585144,
    -0.454379677772522,
    -0.3673015236854553,
    -0.27519720792770386,
    -0.08972488343715668,
    -0.3672439455986023,
    -0.3672439455986023,
    -0.17995281517505646,
    -0.05206495523452759,
    -0.0520319901406765,
    -0.052011292427778244,
    -0.05201102793216705,
    -0.05202539637684822,
    -0.0520615354180336,
    0.15595406293869019,
    0.08115001767873764,
    0.23825109004974365,
    0.334134966135025,
    0.33413463830947876,
    0.2387520968914032,
    0.3347889482975006,
    0.43888211250305176,
    0.5406491160392761,
    0.617447555065155,
    0.6175258755683899,
    0.7649723887443542
  ],
  "sigma2": [
    1.570548556628637e-05,
    0.00039108627242967486,
    0.0004008016549050808,
    0.00038410944398492575,
    0.00039223668863996863,
    0.0003375740197952837,
    0.00040140797500498593,
    0.00028791851946152747,
    0.00023808536934666336,
    0.00011424801778048277,
    0.0001530343433842063,
    8.144592720782384e-05,
    0.0004015049780718982,
    0.0004015049780718982,
    0.00011653680849121884,
    0.00039947632467374206,
    0.000398295174818486,
    0.0003976937441620976,
    0.0003976857988163829,
    0.00039810719317756593,
    0.00039934413507580757,
    7.161768735386431e-05,
    6.566113734152168e-05,
    0.00040149924461729825,
    0.00040147092659026384,
    0.00040146883111447096,
    0.00010089499119203538,
    0.00015443611482623965,
    0.0002637595171108842,
    0.00036599673330783844,
    0.00036544338217936456,
    0.0004012896679341793,
    0.00039720238419249654
  ],
  "pi": [
    0.9990000128746033,
    1.009823108688579e-06,
    3.734747267003513e-08,
    1.864205955826037e-06,
    1.1415284006943693e-06,
    6.370912615238922e-06,
    7.3192469862704e-09,
    1.277390038012527e-05,
    2.3793039872543886e-05,
    7.327744970098138e-05,
    5.870802124263719e-05,
    0.00018857467512134463,
    1.6911569922228864e-09,
    1.6953974890654422e-09,
    9.207482071360573e-05,
    2.8481900926635717e-07,
    4.488504998789722e-07,
    5.32317812940164e-07,
    5.33429442839406e-07,
    4.749349500343669e-07,
    3.0317886512420955e-07,
    0.00015276169870048761,
    0.0002008456940529868,
    2.7832998128474173e-09,
    4.706120382280687e-09,
    4.9369828225565016e-09,
    0.00010225593723589554,
    5.603133831755258e-05,
    1.7808721167966723e-05,
    4.073704531037947e-06,
    3.648874780992628e-06,
    2.0500321440408698e-08,
    3.2721044362915563e-07
  ],
  "J": 33
}