{
  "mu": [
    0.0,
    -0.6923311948776245,
    -0.7133850455284119,
    -0.5960292220115662,
    -0.5959499478340149,
    -0.5295006632804871,
    -0.4575766324996948,
    -0.4589020311832428,
    -0.38315045833587646,
    -0.30367839336395264,
    -0.21712850034236908,
    -0.17276908457279205,
    -0.30181220173835754,
    -0.30178987979888916,
    -0.17179888486862183,
    -0.0004685073217842728,
    -0.0005296615418046713,
    -0.0006409450434148312,
    -0.0006458854186348617,
    -0.0005505200824700296,
    -0.00046705055865459144,
    0.176645427942276,
    0.18724682927131653,
    0.2664061486721039,
    0.352468341588974,
    0.35246163606643677,
    0.19175679981708527,
    0.270083487033844,
    0.35290366411209106,
    0.4282890558242798,
    0.5058212280273438,
    0.5054106712341309,
    0.6465950012207031
  ],
  "sigma2": [
    0.0014853880275040865,
    0.00040247413562610745,
    0.00040354643715545535,
    0.00040132529102265835,
    0.00039378966903313994,
    0.00038958960794843733,
    0.0004014343721792102,
    0.0003720266977325082,
    0.00032133361673913896,
    0.00021043467859271914,
    0.0003434907994233072,
    0.0003850522334687412,
    0.0004015769809484482,
    0.0004015733429696411,
    0.00040157567127607763,
    0.00040160323260352015,
    0.00040160302887670696,
    0.00040160302887670696,
    0.00040160302887670696,
    0.00040160302887670696,
    0.00040160323260352015,
    0.0004015988379251212,
    0.00040159959462471306,
    0.000401559955207631,
    0.0004015304730273783,
    0.00040150940185412765,
    0.0003502563340589404,
    0.00023871219309512526,
    0.00030680527561344206,
    0.0003675832413136959,
    0.00037017822614870965,
    0.0004011989803984761,
    0.00039825946441851556
  ],
  "pi": [
    0.9990000128746033,
    5.042257384957338e-07,
    2.600326070023584e-06,
    3.120644009868556e-07,
    8.518482900399249e-06,
    1.4736244338564575e-05,
    1.8238587529140204e-07,
    3.3712949516484514e-05,
    7.577718497486785e-05,
    0.0002090872876578942,
    0.0001643532159505412,
    1.1517227903823368e-05,
    9.949395085584456e-09,
    1.2355624079418703e-08,
    7.771049581606349e-09,
    5.473209441220206e-09,
    6.479031977590921e-09,
    6.721115664021227e-09,
    6.721718293078993e-09,
    6.575427757837815e-09,
    5.646560108374388e-09,
    4.982025902933174e-09,
    1.712969321943092e-08,
    2.240737373426782e-08,
    2.3938596882544516e-08,
    3.3425880729964774e-08,
    0.00024914598907344043,
    0.0001510698057245463,
    5.3355470299720764e-05,
    1.2988410162506625e-05,
    1.0844903044926468e-05,
    1.2418620087828458e-07,
    1.0000313750424539e-06
  ],
  "J": 33
}