{
  "mu": [
    0.0,
    -0.6893951296806335,
    -0.7263529300689697,
    -0.6159257292747498,
    -0.6160243153572083,
    -0.5579099059104919,
    -0.4794031083583832,
    -0.4796442985534668,
    -0.40235352516174316,
    -0.3227369487285614,
    -0.23333922028541565,
    -0.13059666752815247,
    -0.3234274685382843,
    -0.32342758774757385,
    -0.16064199805259705,
    -0.00081130355829373,
    -0.0008538364781998098,
    -0.0008827497949823737,
    -0.0008835840853862464,
    -0.0008611249504610896,
    -0.0008150003268383443,
    0.14776095747947693,
    0.11744441837072372,
    0.2876061797142029,
    0.3785896897315979,
    0.3785901665687561,
    0.20209908485412598,
    0.2903859615325928,
    0.37929460406303406,
    0.46403056383132935,
    0.5309306383132935,
    0.5305917263031006,
    0.6656739115715027
  ],
  "sigma2": [
    0.00037314294604584575,
    0.00040035313577391207,
    0.00039755553007125854,
    0.0004009379481431097,
    0.00039464517612941563,
    0.00038320187013596296,
    0.00040142153738997877,
    0.00037306162994354963,
    0.0003308894520159811,
    0.00019429330131970346,
    0.0002482105337549001,
    0.0006800406845286489,
    0.00040156012983061373,
    0.0004015588201582432,
    0.00040126536623574793,
    0.00040160687058232725,
    0.00040160687058232725,
    0.00040160687058232725,
    0.00040160687058232725,
    0.00040160687058232725,
    0.00040160687058232725,
    0.0004015385056845844,
    0.0004107868007849902,
    0.0004015459562651813,
    0.00040150366839952767,
    0.00040149965207092464,
    0.00028304875013418496,
    0.0002348959242226556,
    0.00031958334147930145,
    0.00037862476892769337,
    0.0003802729188464582,
    0.00040130861452780664,
    0.0003977133019361645
  ],
  "pi": [
    0.9990000128746033,
    5.450449975796801e-07,
    1.9540714220056543e-06,
    3.024594832368166e-07,
    3.2620157526253024e-06,
    9.106104698730633e-06,
    1.0312338361018192e-07,
    1.86566812772071e-05,
    4.058599370182492e-05,
    0.00011638030991889536,
    8.939831604948267e-05,
    0.00017742525960784405,
    7.96255505974841e-09,
    8.373128856931089e-09,
    1.4224131916762417e-07,
    1.5883638848634973e-09,
    1.6504720923293803e-09,
    1.6651421352875673e-09,
    1.6651833245617809e-09,
    1.6563391769253144e-09,
    1.5991630242240262e-09,
    1.8160352510676603e-07,
    0.0002543089503888041,
    1.1826372769974114e-08,
    1.922607140159016e-08,
    2.0354550045453834e-08,
    0.00016065823729149997,
    8.428888395428658e-05,
    2.9977849408169277e-05,
    5.922682703385362e-06,
    6.12572284808266e-06,
    7.211025376818725e-08,
    5.248837737781287e-07
  ],
  "J": 33
}