{
  "mu": [
    0.0,
    -0.6584578156471252,
    -0.7111414670944214,
    -0.598534345626831,
    -0.5982576608657837,
    -0.5306128263473511,
    -0.45994213223457336,
    -0.4597409963607788,
    -0.38432005047798157,
    -0.30480119585990906,
    -0.21899305284023285,
    -0.1527901440858841,
    -0.30460503697395325,
    -0.3046026825904846,
    -0.1551465094089508,
    -0.00030142496689222753,
    -0.0002664905914571136,
    -0.00025693917996250093,
    -0.00025714028743095696,
    -0.0002620725135784596,
    -0.000297928141662851,
    0.1467471569776535,
    0.14637936651706696,
    0.2703620493412018,
    0.3573029041290283,
    0.3572886288166046,
    0.18696492910385132,
    0.2739233672618866,
    0.3573109209537506,
    0.4352530539035797,
    0.5105186104774475,
    0.5103217363357544,
    0.6506000757217407
  ],
  "sigma2": [
    0.0011158704292029142,
    0.00040094327414408326,
    0.00039856150397099555,
    0.00040091900154948235,
    0.0003844981256406754,
    0.0003704918490257114,
    0.0004012431891169399,
    0.000340417493134737,
    0.00026884450926445425,
    0.0001396117586409673,
    0.0002324036177014932,
    0.0003067924117203802,
    0.0004015622544102371,
    0.0004015584127046168,
    0.0004015733429696411,
    0.0004016036109533161,
    0.0004016036109533161,
    0.0004016036109533161,
    0.0004016036109533161,
    0.0004016036109533161,
    0.0004016036109533161,
    0.00040155823808163404,
    0.0004014925507362932,
    0.0004015383019577712,
    0.00040149391861632466,
    0.00040147569961845875,
    0.0004421119228936732,
    0.00018137281585950404,
    0.00027027487521991134,
    0.0003569264954421669,
    0.0003608666593208909,
    0.00040118215838447213,
    0.0003980223264079541
  ],
  "pi": [
    0.9990000128746033,
    4.630038006325776e-07,
    2.5395072498213267e-06,
    2.8441186827876663e-07,
    7.222221483971225e-06,
    1.3066039173281752e-05,
    1.533796876174165e-07,
    3.0517217965098098e-05,
    6.626530375797302e-05,
    0.00018587913655210286,
    0.0001429609692422673,
    7.366415957221761e-05,
    8.484407842956898e-09,
    1.0148689888467288e-08,
    1.0018035290215721e-08,
    3.6716525375624087e-09,
    4.198224878848578e-09,
    4.324234748054323e-09,
    4.324555824553045e-09,
    4.248457141642348e-09,
    3.762453459899007e-09,
    7.0126371376488805e-09,
    2.9771900500463744e-08,
    1.5592021895827202e-08,
    1.8909686261281422e-08,
    2.3572928498083456e-08,
    0.00027416940429247916,
    0.00013339679571799934,
    4.743882891489193e-05,
    1.1339107913954649e-05,
    9.56063831836218e-06,
    8.26313026891512e-08,
    8.492151550854032e-07
  ],
  "J": 33
}