{
  "mu": [
    0.0,
    -0.706089973449707,
    -0.7322494387626648,
    -0.6274970173835754,
    -0.6275697946548462,
    -0.5630673766136169,
    -0.48140236735343933,
    -0.4813067615032196,
    -0.40455272793769836,
    -0.3252933621406555,
    -0.2358972430229187,
    -0.07945781946182251,
    -0.32688918709754944,
    -0.3268924057483673,
    -0.14179416000843048,
    -0.0843723714351654,
    -0.08536244183778763,
    -0.08585314452648163,
    -0.08586190640926361,
    -0.0855054184794426,
    -0.08447065204381943,
    0.13580037653446198,
    0.10579708218574524,
    0.29138708114624023,
    0.383503258228302,
    0.3835045099258423,
    0.20511223375797272,
    0.2939930260181427,
    0.3842531442642212,
    0.47144994139671326,
    0.536003053188324,
    0.5357158780097961,
    0.6741417646408081
  ],
  "sigma2": [
    0.00020042489632032812,
    0.0004017370811197907,
    0.0003961556067224592,
    0.0004007091629318893,
    0.00039693480357527733,
    0.0003873899986501783,
    0.0004011892597191036,
    0.00037329812766984105,
    0.00033108386560343206,
    0.00019282819994259626,
    0.0002526321623008698,
    0.0002789591089822352,
    0.000401518598664552,
    0.0004015165031887591,
    0.00045082170981913805,
    0.00040158809861168265,
    0.00040159019408747554,
    0.00040159173659048975,
    0.0004015913582406938,
    0.00040159060154110193,
    0.00040158809861168265,
    0.00037659602821804583,
    0.0007112775347195566,
    0.00040150442509911954,
    0.0004014035512227565,
    0.0004013962752651423,
    0.00026671853265725076,
    0.00024391278566326946,
    0.0003218325728084892,
    0.0003836542018689215,
    0.00038119350210763514,
    0.0004009027616120875,
    0.00039817250217311084
  ],
  "pi": [
    0.9990000128746033,
    2.777898941985768e-07,
    1.759569272508088e-06,
    4.3054600951109023e-07,
    2.289184067194583e-06,
    8.172786692739464e-06,
    2.0509763487552846e-07,
    1.5404953956021927e-05,
    3.407994154258631e-05,
    9.712616156321019e-05,
    7.51939951442182e-05,
    0.00010989517613779753,
    1.614441202946182e-08,
    1.6755894449715925e-08,
    0.00011852848547277972,
    3.491533950850112e-09,
    3.6760807731184286e-09,
    3.740942666752289e-09,
    3.741706056104022e-09,
    3.697810502245602e-09,
    3.517656832485727e-09,
    1.1418374924687669e-05,
    0.00028632202884182334,
    2.38611672642719e-08,
    4.1421991170409456e-08,
    4.327309710561167e-08,
    0.00013278870028443635,
    7.055429159663618e-05,
    2.4849179681041278e-05,
    5.163020887266612e-06,
    4.783856184076285e-06,
    1.5137928244257637e-07,
    4.4217009076419345e-07
  ],
  "J": 33
}