{
  "mu": [
    0.0,
    -0.6843038201332092,
    -0.7238367199897766,
    -0.611729085445404,
    -0.6117860674858093,
    -0.5543146729469299,
    -0.4751938581466675,
    -0.4753981828689575,
    -0.3991408348083496,
    -0.31981217861175537,
    -0.2306322604417801,
    -0.13739576935768127,
    -0.32082399725914,
    -0.32082581520080566,
    -0.16190870106220245,
    -0.0006633878219872713,
    -0.0007126690470613539,
    -0.0007478228653781116,
    -0.0007489207200706005,
    -0.0007214059005491436,
    -0.0006675525801256299,
    0.15561139583587646,
    0.1214626207947731,
    0.28452014923095703,
    0.37570950388908386,
    0.3757089078426361,
    0.19863013923168182,
    0.2870858609676361,
    0.37592270970344543,
    0.4576358199119568,
    0.5274572968482971,
    0.5271556377410889,
    0.6600968837738037
  ],
  "sigma2": [
    0.0005230034003034234,
    0.00040117354365065694,
    0.0003992601705249399,
    0.00040137197356671095,
    0.00039910562918521464,
    0.00038898890488781035,
    0.0004014732257928699,
    0.000381678604753688,
    0.0003326908336021006,
    0.00021181852207519114,
    0.0002587554045021534,
    0.0004928656271658838,
    0.0004015559097751975,
    0.00040155439637601376,
    0.0004015285521745682,
    0.00040160532807931304,
    0.00040160532807931304,
    0.00040160532807931304,
    0.00040160532807931304,
    0.00040160532807931304,
    0.00040160532807931304,
    0.0004015565209556371,
    0.0003125510993413627,
    0.00040154808084480464,
    0.0004015002050437033,
    0.0004014950536657125,
    0.000315587007207796,
    0.00024907177430577576,
    0.00031939809559844434,
    0.00037891644751653075,
    0.0003804716980084777,
    0.0004012699646409601,
    0.00039797925273887813
  ],
  "pi": [
    0.9990000128746033,
    8.139049896271899e-07,
    1.9226395124860574e-06,
    3.281893157236482e-07,
    3.598287321437965e-06,
    9.88875217444729e-06,
    1.1848879211129315e-07,
    2.049299109785352e-05,
    4.4555530621437356e-05,
    0.00012774996866937727,
    9.849701018538326e-05,
    0.00015560313477180898,
    1.0159371122142602e-08,
    1.07843245444883e-08,
    6.031660149119489e-08,
    2.4277817534112955e-09,
    2.5470636710878125e-09,
    2.5752844301507594e-09,
    2.5753605914502486e-09,
    2.558335321367622e-09,
    2.448504066165924e-09,
    1.0829341334783749e-07,
    0.0002186984638683498,
    1.5090284577468083e-08,
    2.3856328468241372e-08,
    2.5506773582151254e-08,
    0.00017824553651735187,
    9.24205087358132e-05,
    3.286261926405132e-05,
    6.780894636904122e-06,
    6.48752984488965e-06,
    8.824510189242574e-08,
    5.781727736575704e-07
  ],
  "J": 33
}