{
  "mu": [
    0.0,
    -0.8940032720565796,
    -1.032192587852478,
    -0.7085714936256409,
    -0.8232299089431763,
    -0.632306694984436,
    -0.5441601276397705,
    -0.5445465445518494,
    -0.4543192982673645,
    -0.3677116632461548,
    -0.27534371614456177,
    -0.0903065949678421,
    -0.36753901839256287,
    -0.36753901839256287,
    -0.1803184449672699,
    -0.05638904497027397,
    -0.05635041370987892,
    -0.05632984638214111,
    -0.05632955580949783,
    -0.05634418502449989,
    -0.056384459137916565,
    0.15531474351882935,
    0.08078642189502716,
    0.23681116104125977,
    0.33328160643577576,
    0.33328184485435486,
    0.23801222443580627,
    0.3339245617389679,
    0.43763044476509094,
    0.5391824245452881,
    0.616081178188324,
    0.6162672638893127,
    0.7629609107971191
  ],
  "sigma2": [
    1.58791481226217e-05,
    0.0003922381729353219,
    0.0004008016549050808,
    0.00038833156577311456,
    0.0003946470678783953,
    0.00035379340988583863,
    0.0004014037549495697,
    0.00031101296190172434,
    0.0002718576870393008,
    0.0001539090008009225,
    0.00019832710677292198,
    0.00014441090752370656,
    0.0004015162994619459,
    0.0004015160957351327,
    0.0001670843194006011,
    0.00040010601514950395,
    0.0003992478013969958,
    0.00039882195414975286,
    0.0003988162789028138,
    0.00039911383646540344,
    0.000400009099394083,
    0.00011218901636311784,
    0.00011447257566032931,
    0.00040148396510630846,
    0.00040143969818018377,
    0.0004014336154796183,
    0.0001391916594002396,
    0.00018846357124857605,
    0.000287080358248204,
    0.0003746182192116976,
    0.0003748058225028217,
    0.0004012919671367854,
    0.0003979959583375603
  ],
  "pi": [
    0.9990000128746033,
    1.010559003589151e-06,
    3.757545385951744e-08,
    1.857051984188729e-06,
    1.1409840681153582e-06,
    6.37397442915244e-06,
    1.3017523059488667e-08,
    1.2792427696695086e-05,
    2.3753256755298935e-05,
    7.329179788939655e-05,
    5.8720484958030283e-05,
    0.00018762196123134345,
    2.789109165846071e-09,
    2.7984610184716985e-09,
    9.206851245835423e-05,
    3.888640947025124e-07,
    6.170407687022816e-07,
    7.302875246750773e-07,
    7.317787549254717e-07,
    6.526784090965521e-07,
    4.146629635215504e-07,
    0.000152788677951321,
    0.00020080975082237273,
    5.738614916594997e-09,
    1.0660776261772753e-08,
    1.1441160907565973e-08,
    0.00010225379810435697,
    5.602064629783854e-05,
    1.781306491466239e-05,
    4.0574777813162655e-06,
    3.6472422380029457e-06,
    3.1716631099243386e-08,
    3.272892001859873e-07
  ],
  "J": 33
}