{
  "mu": [
    0.0,
    -0.742594838142395,
    -0.6840636134147644,
    -0.5723671913146973,
    -0.5726286172866821,
    -0.5072486996650696,
    -0.4379331171512604,
    -0.43782883882522583,
    -0.36605218052864075,
    -0.2900996804237366,
    -0.2233753353357315,
    -0.22337178885936737,
    -0.2863680124282837,
    -0.28635936975479126,
    -0.110848568379879,
    -0.0005451534525491297,
    -0.0003373386862222105,
    -0.0002695505681913346,
    -0.0002670029643923044,
    -0.0003225535911042243,
    -0.00030164560303092003,
    0.0760548859834671,
    0.23235058784484863,
    0.2559584379196167,
    0.33590948581695557,
    0.33591997623443604,
    0.21535828709602356,
    0.2604829668998718,
    0.3362695872783661,
    0.40664634108543396,
    0.4874270558357239,
    0.48753151297569275,
    0.6211121082305908
  ],
  "sigma2": [
    0.002687381347641349,
    0.0004000214976258576,
    0.0003945354837924242,
    0.0003986563824582845,
    0.00037790293572470546,
    0.00036647278466261923,
    0.00039620549068786204,
    0.0003322016273159534,
    0.000252047146204859,
    0.0001478603226132691,
    0.0003075206186622381,
    0.00040053072734735906,
    0.0004015019512735307,
    0.00040151935536414385,
    0.0004016135644633323,
    0.00040159307536669075,
    0.000401591561967507,
    0.0004015913582406938,
    0.0004015913582406938,
    0.000401591561967507,
    0.00040159287163987756,
    0.0004016116727143526,
    0.0004016112652607262,
    0.0004015610902570188,
    0.0004013444122392684,
    0.0004008238320238888,
    0.00036796959466300905,
    0.0002989046333823353,
    0.0003128012758679688,
    0.0003701219102367759,
    0.00038393749855458736,
    0.0003997528401669115,
    0.0003969034005422145
  ],
  "pi": [
    0.9990000128746033,
    9.046726745509659e-07,
    3.4641702768567484e-06,
    1.4250284721128992e-06,
    1.2274337677808944e-05,
    2.191693420172669e-05,
    3.0133119253150653e-06,
    4.564562550513074e-05,
    0.00010878629836952314,
    0.00029795977752655745,
    0.00012020732538076118,
    9.135558798334387e-07,
    8.317916666555902e-08,
    7.288553405260245e-08,
    1.96101606064758e-08,
    2.9043668803296896e-08,
    3.549648042167064e-08,
    3.7038216049722905e-08,
    3.704210271848751e-08,
    3.611052790120084e-08,
    3.0180512311517305e-08,
    2.0030492819955725e-08,
    3.3808305488491897e-08,
    1.0534546390772448e-07,
    1.832017204606018e-07,
    5.440733730210923e-07,
    6.930916424607858e-05,
    0.00019994995091110468,
    7.660531264264137e-05,
    1.9292612705612555e-05,
    1.4293290405476e-05,
    1.3861094885214698e-06,
    1.3855179759048042e-06
  ],
  "J": 33
}