{
  "mu": [
    0.0,
    -0.9747782945632935,
    -0.7701186537742615,
    -0.6166527271270752,
    -0.443785160779953,
    -0.22239476442337036,
    -0.3112807869911194,
    -0.3109525740146637,
    -0.00593767361715436,
    -0.005920393858104944,
    -0.005248456262052059,
    0.30715978145599365,
    0.30510616302490234,
    0.40519559383392334,
    0.2210441678762436,
    0.5800309181213379,
    0.8059678077697754
  ],
  "sigma2": [
    0.0018211620626971126,
    0.002052024006843567,
    0.0020831692963838577,
    0.0019720031414180994,
    0.0019629443995654583,
    0.0014252124819904566,
    0.001869713538326323,
    0.002037670463323593,
    0.0020378422923386097,
    0.0020378422923386097,
    0.002037841361016035,
    0.0020378062035888433,
    0.0019625371787697077,
    0.001991292694583535,
    0.0013195336796343327,
    0.002023217035457492,
    0.002034850651398301
  ],
  "pi": [
    0.9990000128746033,
    1.8531330852056271e-06,
    1.273624184250366e-05,
    3.9561320591019467e-05,
    0.00020728945673909038,
    0.0001441626955056563,
    0.00014020813978277147,
    1.4870013842482876e-07,
    2.296177914473674e-09,
    2.349052508066052e-09,
    2.302225521333412e-09,
    3.7955526721589194e-08,
    0.00012005460303043947,
    9.381154086440802e-05,
    0.00022482633357867599,
    1.5016312318039127e-05,
    2.8671672680502525e-07
  ],
  "J": 17
}