{
  "top1_error_pre[%]": 2.0499999999999963,
  "top1_error_post[%]": 27.310000000000002,
  "Delta[%]": 25.260000000000005,
  "|W|": 266200,
  "|W_nonzero|/|W|[%]": 3.2926371149511646,
  "CR": 86.35497343984429,
  "acc_pretrain": 0.9795,
  "acc_retrain": 0.9765,
  "acc_quantized": 0.7269
}