{
  "mu": [
    0.0,
    -1.1887794733047485,
    -0.8627434968948364,
    -0.5919167995452881,
    -0.46586230397224426,
    -0.39346015453338623,
    -0.3270391821861267,
    -0.22133022546768188,
    -0.2828616201877594,
    -0.2212817519903183,
    -0.22127899527549744,
    -0.22127504646778107,
    -0.22126498818397522,
    -0.1751878559589386,
    -0.17516715824604034,
    -0.17514091730117798,
    -0.17511312663555145,
    -0.17514507472515106,
    -0.004464146215468645,
    -0.004461494740098715,
    -0.004454264882951975,
    -0.004444499500095844,
    -0.004433398135006428,
    -0.004421920981258154,
    -0.0044114491902291775,
    -0.00441631069406867,
    -0.00440943380817771,
    -0.0044354768469929695,
    -0.004457226023077965,
    -0.004459152463823557,
    -0.004453843459486961,
    -0.004441083874553442,
    -0.00442392285913229,
    -0.004411553032696247,
    -0.004410314839333296,
    -0.004399911966174841,
    -0.004390711430460215,
    -0.004412295296788216,
    -0.004410801455378532,
    -0.004422311205416918,
    -0.004439616575837135,
    -0.004453212954103947,
    -0.004459230694919825,
    -0.004458333365619183,
    -0.004439568147063255,
    -0.004410500638186932,
    -0.004409199580550194,
    -0.00441089179366827,
    -0.00442103436216712,
    -0.004432528279721737,
    -0.00444379635155201,
    -0.0044538602232933044,
    -0.004461454693228006,
    -0.004463918507099152,
    0.17357107996940613,
    0.17348507046699524,
    0.2145681083202362,
    0.24217675626277924,
    0.5677244663238525,
    0.7874134182929993,
    0.2109394669532776,
    0.31064504384994507,
    0.37829846143722534,
    0.4513095021247864
  ],
  "sigma2": [
    0.001871786778792739,
    0.0004133180482313037,
    0.0005450914613902569,
    0.00075817562174052,
    0.000454847002401948,
    0.0004296233819331974,
    0.00040631432784721255,
    0.00038669680361635983,
    0.00041166742448695004,
    0.00039072614163160324,
    0.0003909702936653048,
    0.00039132763049565256,
    0.000392281188396737,
    0.0003739175444934517,
    0.00037371134385466576,
    0.00037344946758821607,
    0.0003731719625648111,
    0.00037349076592363417,
    0.00040153160807676613,
    0.00040153469308279455,
    0.0004015385056845844,
    0.0004015434824395925,
    0.00040154962334781885,
    0.00040155783062800765,
    0.00040156798786483705,
    0.0004015787271782756,
    0.0003994746075477451,
    0.0004008588148280978,
    0.00040122290374711156,
    0.00040133026777766645,
    0.00040136699681170285,
    0.0004013849829789251,
    0.0004013958969153464,
    0.0004014031437691301,
    0.00040140701457858086,
    0.0004014087317045778,
    0.0004014087317045778,
    0.00040140736382454634,
    0.00040140392957255244,
    0.00040139706106856465,
    0.00040138670010492206,
    0.0004013698489870876,
    0.0004013367579318583,
    0.00040124106453731656,
    0.0004009243566542864,
    0.0003996786836069077,
    0.0003999166074208915,
    0.0004015691520180553,
    0.0004015584127046168,
    0.0004015503800474107,
    0.0004015438898932189,
    0.0004015387094113976,
    0.00040153489680960774,
    0.00040153181180357933,
    0.0003589029947761446,
    0.000358348450390622,
    0.00040371506474912167,
    0.00039090579957701266,
    0.0004510285216383636,
    0.0009558118181303144,
    0.00040140890632756054,
    0.0004242851573508233,
    0.00040940288454294205,
    0.0004053324810229242
  ],
  "pi": [
    0.9900000095367432,
    1.1889005691045895e-06,
    3.322943484818097e-06,
    1.6803795006126165e-05,
    4.038246697746217e-05,
    9.846864122664556e-05,
    0.0002485944132786244,
    0.0007737500709481537,
    0.0004343840410001576,
    0.0005716611631214619,
    0.0005589690990746021,
    0.0005406317650340497,
    0.0004917053156532347,
    0.0003449777141213417,
    0.00034721719566732645,
    0.00035003252560272813,
    0.0003530145331751555,
    0.00034960624179802835,
    1.053073859225151e-07,
    1.0060305299930405e-07,
    9.446907967003426e-08,
    8.658319217147437e-08,
    7.646902844271608e-08,
    6.349682735162787e-08,
    4.684642007646289e-08,
    2.9492179365320226e-08,
    3.2103619105328107e-06,
    1.1420080454627168e-06,
    5.818489512421365e-07,
    4.2678342992985563e-07,
    3.67336213003e-07,
    3.3779866726035834e-07,
    3.202753759978805e-07,
    3.0902603498361714e-07,
    3.023013164238364e-07,
    2.995716954501404e-07,
    2.9946230029054277e-07,
    3.0172870424394205e-07,
    3.079078680912062e-07,
    3.1847426384956634e-07,
    3.349059909396601e-07,
    3.6221692312210507e-07,
    4.160821731602482e-07,
    5.530541216103302e-07,
    1.0384129609519732e-06,
    2.9091893338772934e-06,
    2.585223455753294e-06,
    4.517601936981919e-08,
    6.225692317229914e-08,
    7.55633635662889e-08,
    8.594496136993257e-08,
    9.405044210097913e-08,
    1.003664493737233e-07,
    1.0516667714455252e-07,
    0.0007678268011659384,
    0.0007691350183449686,
    0.0007245016749948263,
    0.0008157758857123554,
    9.369445251650177e-06,
    5.470154974318575e-06,
    0.0009299091179855168,
    0.00032468585413880646,
    7.43386844987981e-05,
    3.6380570236360654e-05
  ],
  "J": 64
}