{
  "mu": [
    0.0,
    -1.191816806793213,
    -0.8734692335128784,
    -0.600940465927124,
    -0.4832490384578705,
    -0.41258782148361206,
    -0.34818100929260254,
    -0.22693419456481934,
    -0.3018661439418793,
    -0.232425257563591,
    -0.23237277567386627,
    -0.23229722678661346,
    -0.23210109770298004,
    -0.17606249451637268,
    -0.1759525090456009,
    -0.1758144646883011,
    -0.17566879093647003,
    -0.17587199807167053,
    -0.003835095791146159,
    -0.0038402006030082703,
    -0.0038541704416275024,
    -0.0038743731565773487,
    -0.003899509087204933,
    -0.003929228987544775,
    -0.003962832503020763,
    -0.004065003711730242,
    -0.003945896867662668,
    -0.0038689039647579193,
    -0.003841927507892251,
    -0.0038399354089051485,
    -0.0038463217206299305,
    -0.003862136509269476,
    -0.003891317406669259,
    -0.003936826717108488,
    -0.004001740366220474,
    -0.003986071795225143,
    -0.0039699990302324295,
    -0.004006295930594206,
    -0.003943135030567646,
    -0.0038951991591602564,
    -0.0038641237188130617,
    -0.0038470805156975985,
    -0.003839868353679776,
    -0.0038406774401664734,
    -0.003863121382892132,
    -0.003937598317861557,
    -0.0039527020417153835,
    -0.003964762203395367,
    -0.003931740764528513,
    -0.0039015980437397957,
    -0.003875878406688571,
    -0.0038549709133803844,
    -0.0038402716163545847,
    -0.003835380310192704,
    0.17139136791229248,
    0.1698029339313507,
    0.22489653527736664,
    0.24795500934123993,
    0.5698767900466919,
    0.7899213433265686,
    0.20404084026813507,
    0.3265385925769806,
    0.39864853024482727,
    0.4643295705318451
  ],
  "sigma2": [
    0.0017629539361223578,
    0.0004098402278032154,
    0.0005148223717696965,
    0.0007826370419934392,
    0.00044389921822585166,
    0.00041689735371619463,
    0.000403588026529178,
    0.0004054497694596648,
    0.000397982686990872,
    0.00039067285251803696,
    0.0003910890663973987,
    0.00039168010698631406,
    0.00039315628237091005,
    0.0003957555163651705,
    0.0003955464926548302,
    0.00039527835906483233,
    0.00039499386912211776,
    0.0003954092098865658,
    0.0004015610902570188,
    0.00040156301110982895,
    0.00040156510658562183,
    0.0004015678132418543,
    0.0004015712474938482,
    0.0004015758167952299,
    0.0004015814047306776,
    0.0004015871381852776,
    0.00040047496440820396,
    0.0004012047138530761,
    0.00040139741031453013,
    0.00040145046659745276,
    0.00040147072286345065,
    0.0004014805017504841,
    0.0004014868172816932,
    0.0004014904552605003,
    0.0004014927544631064,
    0.00040149391861632466,
    0.00040149351116269827,
    0.0004014929581899196,
    0.00040149083361029625,
    0.0004014873702544719,
    0.0004014816367998719,
    0.0004014722944702953,
    0.0004014540754724294,
    0.00040140716009773314,
    0.0004012403078377247,
    0.0004005777300335467,
    0.000400701304897666,
    0.0004015819577034563,
    0.0004015762242488563,
    0.0004015716549474746,
    0.00040156798786483705,
    0.00040156510658562183,
    0.00040156301110982895,
    0.0004015614977106452,
    0.00036140394513495266,
    0.0003501718456391245,
    0.00040982067002914846,
    0.0003951647086068988,
    0.000411640532547608,
    0.0009637480252422392,
    0.0003845555183943361,
    0.00043469032971188426,
    0.0003961215843446553,
    0.0003975490981247276
  ],
  "pi": [
    0.9900000095367432,
    1.1255689287281712e-06,
    3.1130193747230805e-06,
    1.528622851765249e-05,
    3.2735195418354124e-05,
    8.355633326573297e-05,
    0.00018758093938231468,
    0.0007880752091296017,
    0.0004030147101730108,
    0.0005706393858417869,
    0.0005549872294068336,
    0.0005325888632796705,
    0.0004740258154924959,
    0.00036208020173944533,
    0.00036501529393717647,
    0.00036856476799584925,
    0.0003722763212863356,
    0.00036743408418260515,
    5.3622155604671207e-08,
    5.122847923644258e-08,
    4.813517051616145e-08,
    4.416996546297014e-08,
    3.909329038265241e-08,
    3.259054537352313e-08,
    2.4247222896178755e-08,
    1.5533784036847464e-08,
    1.6035779708545306e-06,
    5.719516025237681e-07,
    2.920649819770915e-07,
    2.145483364301981e-07,
    1.8484571739918465e-07,
    1.7009229225095623e-07,
    1.6134482905272307e-07,
    1.557262265805548e-07,
    1.523660984048547e-07,
    1.5100199846074247e-07,
    1.509471445615418e-07,
    1.5207997705601883e-07,
    1.5516839368956425e-07,
    1.6044411665916414e-07,
    1.686482704599257e-07,
    1.8228462295155623e-07,
    2.0920012389069598e-07,
    2.7766736820922233e-07,
    5.202060151532351e-07,
    1.4534883803207777e-06,
    1.2905555877296138e-06,
    2.3410709815152586e-08,
    3.196985076669989e-08,
    3.8639534238882334e-08,
    4.3850189257454986e-08,
    4.792583752077917e-08,
    5.11126749813684e-08,
    5.356291410407721e-08,
    0.0006610105629079044,
    0.0006900689331814647,
    0.0006756232469342649,
    0.0010694032534956932,
    8.496276677760761e-06,
    5.184757810638985e-06,
    0.0010078197810798883,
    0.0003030593798030168,
    5.51679331692867e-05,
    3.308901796117425e-05
  ],
  "J": 64
}