{
  "mu": [
    0.0,
    -1.1719645261764526,
    -0.8541639447212219,
    -0.5719993710517883,
    -0.43099164962768555,
    -0.358531653881073,
    -0.29453468322753906,
    -0.20961487293243408,
    -0.25541409850120544,
    -0.20950916409492493,
    -0.20949894189834595,
    -0.2094891369342804,
    -0.20259855687618256,
    -0.17833545804023743,
    -0.17829498648643494,
    -0.17825889587402344,
    -0.17822624742984772,
    -0.17824333906173706,
    -0.005018345545977354,
    -0.004993765614926815,
    -0.00497551029548049,
    -0.004964514635503292,
    -0.004962605889886618,
    -0.004972552414983511,
    -0.004999835975468159,
    -0.005145085509866476,
    -0.005021725781261921,
    -0.005041575990617275,
    -0.005039831157773733,
    -0.005037733353674412,
    -0.005042336881160736,
    -0.005043899640440941,
    -0.005037528462707996,
    -0.005027193110436201,
    -0.004998020827770233,
    -0.005034678149968386,
    -0.00502273952588439,
    -0.004997881129384041,
    -0.005025736056268215,
    -0.005036553833633661,
    -0.005043651442974806,
    -0.005042647011578083,
    -0.0050376299768686295,
    -0.005038706585764885,
    -0.005042747128754854,
    -0.005023896228522062,
    -0.0050209504552185535,
    -0.005002506542950869,
    -0.00497398991137743,
    -0.004962900187820196,
    -0.004964084830135107,
    -0.004974817391484976,
    -0.004993578419089317,
    -0.005021306686103344,
    0.17891831696033478,
    0.17891012132167816,
    0.1802971363067627,
    0.2160559594631195,
    0.5622365474700928,
    0.7818593382835388,
    0.21603073179721832,
    0.2798343300819397,
    0.3437623381614685,
    0.4303050935268402
  ],
  "sigma2": [
    0.0020371447317302227,
    0.00042917742393910885,
    0.0005137266707606614,
    0.0008590066572651267,
    0.00046163939987309277,
    0.00041417626198381186,
    0.0004026590031571686,
    0.00039644018397666514,
    0.0004087942361366004,
    0.0003974914725404233,
    0.00039753623423166573,
    0.00039762171218171716,
    0.00040344486478716135,
    0.00038557033985853195,
    0.000385179475415498,
    0.0003848376509267837,
    0.00038452912122011185,
    0.000384690472856164,
    0.0004014092846773565,
    0.00040141731733456254,
    0.0004014280275441706,
    0.0004014420264866203,
    0.00040145980892702937,
    0.0004014828009530902,
    0.00040151228313334286,
    0.00040154290036298335,
    0.0003947417426388711,
    0.0003993525169789791,
    0.000400477641960606,
    0.00040077813901007175,
    0.0004009015974588692,
    0.0004009601252619177,
    0.00040099164471030235,
    0.0004010119300801307,
    0.0004010239790659398,
    0.0004010287520941347,
    0.0004010289558209479,
    0.0004010251141153276,
    0.00040101385093294084,
    0.0004009951080661267,
    0.00040096548036672175,
    0.0004009125113952905,
    0.0004008003161288798,
    0.000400538177927956,
    0.00039957065018825233,
    0.0003954729181714356,
    0.0003961455659009516,
    0.0004015153390355408,
    0.0004014848964288831,
    0.0004014615260530263,
    0.0004014431615360081,
    0.0004014291916973889,
    0.0004014180740341544,
    0.00040141004137694836,
    0.00038377204327844083,
    0.0003837442200165242,
    0.00038760321331210434,
    0.000392443616874516,
    0.00047847162932157516,
    0.0009836540557444096,
    0.0003915409615729004,
    0.00042027633753605187,
    0.00042909494368359447,
    0.0005080787232145667
  ],
  "pi": [
    0.9900000095367432,
    1.237483047589194e-06,
    3.6350427308207145e-06,
    2.1652247596648522e-05,
    5.964371302979998e-05,
    0.00012385928130242974,
    0.0003586942330002785,
    0.000580896099563688,
    0.0004366492503322661,
    0.0004677471297327429,
    0.0004614554636646062,
    0.000452228297945112,
    0.00042699347250163555,
    0.0004302604647818953,
    0.0004319740110076964,
    0.0004347213252913207,
    0.0004377164295874536,
    0.000434799148933962,
    3.6022530025547894e-07,
    3.4470798482288956e-07,
    3.2389451121161983e-07,
    2.9683195634788717e-07,
    2.618611461002729e-07,
    2.1676467554243573e-07,
    1.5866798719343933e-07,
    9.816665169637417e-08,
    1.1263980013609398e-05,
    3.982179805461783e-06,
    2.021198497459409e-06,
    1.4791352214160725e-06,
    1.2710549981420627e-06,
    1.1674384268189897e-06,
    1.1059147482228582e-06,
    1.0664475666999351e-06,
    1.0428943824081216e-06,
    1.033370722325344e-06,
    1.0329883934900863e-06,
    1.0408940624984098e-06,
    1.0625288950905087e-06,
    1.0996026276188786e-06,
    1.157307565335941e-06,
    1.2531470474641537e-06,
    1.441749304831319e-06,
    1.920605427585542e-06,
    3.619215704020462e-06,
    1.0201159057032783e-05,
    9.093507287616376e-06,
    1.528184441212943e-07,
    2.1242939851617848e-07,
    2.5870056674648367e-07,
    2.9460460382324527e-07,
    3.2241277381217515e-07,
    3.438300382185844e-07,
    3.594370525661361e-07,
    0.0007634354988113046,
    0.0007630818872712553,
    0.0007499586790800095,
    0.0007013309514150023,
    1.0795418347697705e-05,
    6.2801168496662285e-06,
    0.0008025527349673212,
    0.0004145113634876907,
    0.00010869654943235219,
    5.283196514938027e-05
  ],
  "J": 64
}