{
  "mu": [
    0.0,
    -1.1311354637145996,
    -0.8335204720497131,
    -0.5419449806213379,
    -0.3935140073299408,
    -0.3116682469844818,
    -0.2581709027290344,
    -0.21684591472148895,
    -0.21685609221458435,
    -0.17945155501365662,
    -0.17610357701778412,
    -0.17578984797000885,
    -0.1754780113697052,
    -0.17512601613998413,
    -0.17470626533031464,
    -0.17422159016132355,
    -0.17368531227111816,
    -0.1731780618429184,
    -0.0067649162374436855,
    -0.006775608751922846,
    -0.006788166705518961,
    -0.006800672505050898,
    -0.006812762934714556,
    -0.006824745796620846,
    -0.00683742668479681,
    -0.00688429269939661,
    -0.006766973063349724,
    -0.006740516517311335,
    -0.0067123183980584145,
    -0.006710954010486603,
    -0.006711775436997414,
    -0.006721366662532091,
    -0.006741988938301802,
    -0.006742236670106649,
    -0.006691993214190006,
    -0.006638812366873026,
    -0.006643685512244701,
    -0.006687595974653959,
    -0.006738046184182167,
    -0.006744008045643568,
    -0.006722851190716028,
    -0.00671204412356019,
    -0.00671093026176095,
    -0.006711895111948252,
    -0.006734129972755909,
    -0.0067693982273340225,
    -0.006783513817936182,
    -0.006838411092758179,
    -0.006825769320130348,
    -0.006813743617385626,
    -0.0068015726283192635,
    -0.006788872182369232,
    -0.006775871850550175,
    -0.006764450576156378,
    0.17285364866256714,
    0.17383792996406555,
    0.1750657707452774,
    0.1767953783273697,
    0.541595458984375,
    0.7667796611785889,
    0.20135469734668732,
    0.2361777126789093,
    0.3043844699859619,
    0.40340012311935425
  ],
  "sigma2": [
    0.002340588252991438,
    0.0005040299147367477,
    0.0005846626008860767,
    0.0010206878650933504,
    0.0006308905431069434,
    0.0005155903636477888,
    0.0004221617418807,
    0.00040303339483216405,
    0.0004051805881317705,
    0.0004158347728662193,
    0.0004064276581630111,
    0.0004051518044434488,
    0.00040370889473706484,
    0.0004019011103082448,
    0.000399556738557294,
    0.0003966754302382469,
    0.00039325153920799494,
    0.0003897064598277211,
    0.0004140356613788754,
    0.0004128274158574641,
    0.00041177458479069173,
    0.0004110379668418318,
    0.0004107580170966685,
    0.0004110654117539525,
    0.0004120417288504541,
    0.0004140256205573678,
    0.00042824645061045885,
    0.0004958187346346676,
    0.000509711098857224,
    0.0005118758999742568,
    0.0005151713266968727,
    0.0005191992386244237,
    0.0005227229557931423,
    0.0005250774556770921,
    0.0005262033664621413,
    0.0005264960345812142,
    0.0005265017971396446,
    0.0005262756021693349,
    0.0005252655246295035,
    0.0005230283713899553,
    0.0005195593112148345,
    0.0005154531681910157,
    0.0005119164125062525,
    0.0005096967797726393,
    0.0004986240528523922,
    0.0004360289021860808,
    0.00039118435233831406,
    0.00041211835923604667,
    0.00041107070865109563,
    0.0004107004206161946,
    0.0004109319415874779,
    0.00041163776768371463,
    0.0004126709245610982,
    0.00041385862277820706,
    0.0003801788261625916,
    0.00038646397297270596,
    0.00039313826709985733,
    0.0004007446696050465,
    0.0006070982781238854,
    0.0010413845302537084,
    0.00040447135688737035,
    0.00046703562838956714,
    0.0005328935221768916,
    0.0006727041327394545
  ],
  "pi": [
    0.9900000095367432,
    2.1297787498042453e-06,
    4.626765075954609e-06,
    3.0937950214138255e-05,
    9.428014163859189e-05,
    0.00021597108570858836,
    0.0004523045208770782,
    0.0004704513994511217,
    0.00044205537415109575,
    0.0004118424840271473,
    0.00041211495408788323,
    0.000411802000598982,
    0.00041106052231043577,
    0.0004108657594770193,
    0.00041226117173209786,
    0.0004145308630540967,
    0.00041706342017278075,
    0.00041512842290103436,
    3.109173803750309e-06,
    3.016479013240314e-06,
    2.8608160391740967e-06,
    2.6423451799928444e-06,
    2.3456495910068043e-06,
    1.9486087694531307e-06,
    1.4233802403396112e-06,
    8.757866112318879e-07,
    0.00010516632755752653,
    3.619555354816839e-05,
    1.8079272194881923e-05,
    1.3112437045492698e-05,
    1.1195000297448132e-05,
    1.0230935913568828e-05,
    9.65612071013311e-06,
    9.289216905017383e-06,
    9.072586180991493e-06,
    8.98603320820257e-06,
    8.98258531378815e-06,
    9.054361726157367e-06,
    9.253178177459631e-06,
    9.597738426236901e-06,
    1.0137309800484218e-05,
    1.1030527275579516e-05,
    1.2771446563419886e-05,
    1.716057704470586e-05,
    3.2827574614202604e-05,
    9.50167523114942e-05,
    8.600285218562931e-05,
    1.3690823834622279e-06,
    1.908859303512145e-06,
    2.316908648936078e-06,
    2.6220247946184827e-06,
    2.846593588401447e-06,
    3.0057592539378675e-06,
    3.0872386105329497e-06,
    0.0006241980590857565,
    0.0006246851407922804,
    0.0006186017417348921,
    0.0006112034316174686,
    1.6646592484903522e-05,
    8.001381502253935e-06,
    0.0006203711382113397,
    0.0005891498876735568,
    0.00020701068569906056,
    8.250744576798752e-05
  ],
  "J": 64
}