{
  "mu": [
    0.0,
    -1.1286835670471191,
    -0.830555260181427,
    -0.5315226912498474,
    -0.3795631527900696,
    -0.31521016359329224,
    -0.23163139820098877,
    -0.2315654158592224,
    -0.23148666322231293,
    -0.23136521875858307,
    -0.23118989169597626,
    -0.23093700408935547,
    -0.2305702269077301,
    -0.2300386279821396,
    -0.22930528223514557,
    -0.22838254272937775,
    -0.2273007184267044,
    -0.226113423705101,
    -0.006394961383193731,
    -0.006357209756970406,
    -0.006326369475573301,
    -0.006300896871834993,
    -0.006279123947024345,
    -0.006256782915443182,
    -0.00621996121481061,
    -0.005982428789138794,
    -0.006516695953905582,
    -0.006494167260825634,
    -0.006791551131755114,
    -0.007192691322416067,
    -0.007597273215651512,
    -0.007981381379067898,
    -0.008310239762067795,
    -0.008556192740797997,
    -0.00876581110060215,
    -0.00880508217960596,
    -0.00885993055999279,
    -0.008790707215666771,
    -0.008581114932894707,
    -0.008343069814145565,
    -0.008021545596420765,
    -0.007640220690518618,
    -0.007235312834382057,
    -0.006831405218690634,
    -0.006509196944534779,
    -0.00650281785055995,
    -0.006607889197766781,
    -0.00621252553537488,
    -0.00625285878777504,
    -0.006275941152125597,
    -0.006297805812209845,
    -0.006323253735899925,
    -0.006354320794343948,
    -0.00639398954808712,
    0.22911688685417175,
    0.22995582222938538,
    0.2306448370218277,
    0.23119574785232544,
    0.4970506727695465,
    0.748954713344574,
    0.232075035572052,
    0.23220588266849518,
    0.3039734661579132,
    0.3733559548854828
  ],
  "sigma2": [
    0.0032757932785898447,
    0.001484453328885138,
    0.0015011999057605863,
    0.0016347778728231788,
    0.0014438261277973652,
    0.0014193900860846043,
    0.00142006971873343,
    0.0014191538793966174,
    0.001417987747117877,
    0.0014161504805088043,
    0.0014134007506072521,
    0.0014091598568484187,
    0.0014028397854417562,
    0.001393388956785202,
    0.0013797333231195807,
    0.001360907917842269,
    0.0013359705917537212,
    0.0013047514948993921,
    0.0012797655072063208,
    0.0012421864084899426,
    0.0012083699693903327,
    0.0011817088816314936,
    0.0011669417144730687,
    0.0011691529070958495,
    0.0011930944165214896,
    0.001224857522174716,
    0.0008006250136531889,
    0.001222266466356814,
    0.0016129016876220703,
    0.0018623931100592017,
    0.0020355405285954475,
    0.002164902864024043,
    0.002259101253002882,
    0.002320736413821578,
    0.002353498712182045,
    0.002364313928410411,
    0.0023646915797144175,
    0.002355915028601885,
    0.0023261718451976776,
    0.0022679248359054327,
    0.002177222166210413,
    0.0020515790674835443,
    0.00188360083848238,
    0.0016444192733615637,
    0.0012670318828895688,
    0.000830142991617322,
    0.0006598099134862423,
    0.001196351950056851,
    0.0011696000583469868,
    0.0011654547415673733,
    0.0011789369164034724,
    0.0012049614451825619,
    0.0012387699680402875,
    0.0012776972725987434,
    0.0012804148718714714,
    0.0013119990471750498,
    0.0013369135558605194,
    0.001355745131149888,
    0.00156742287799716,
    0.001750093069858849,
    0.0013837002916261554,
    0.0013878169702365994,
    0.001426683273166418,
    0.0014277823502197862
  ],
  "pi": [
    0.9900000095367432,
    9.625621714803856e-06,
    1.3758249224338215e-05,
    4.549274672172032e-05,
    7.964979886310175e-05,
    6.89069420332089e-05,
    6.692522583762184e-05,
    6.69429573463276e-05,
    6.69465443934314e-05,
    6.693733303109184e-05,
    6.690890586469322e-05,
    6.684537947876379e-05,
    6.67218046146445e-05,
    6.662883970420808e-05,
    6.666049739578739e-05,
    6.672151357633993e-05,
    6.671316805295646e-05,
    6.608325929846615e-05,
    1.879523006209638e-05,
    1.9994764443254098e-05,
    2.0425295588211156e-05,
    2.0401746951392852e-05,
    1.975028499145992e-05,
    1.7976444723899476e-05,
    1.412916935805697e-05,
    1.0685770575946663e-05,
    0.0018018375849351287,
    0.0005279547185637057,
    0.00022722910216543823,
    0.00014865621051285416,
    0.00011812643060693517,
    0.00010264083539368585,
    9.360400144942105e-05,
    8.813916792860255e-05,
    8.513216016581282e-05,
    8.401271043112502e-05,
    8.39701751829125e-05,
    8.489218453178182e-05,
    8.763474033912644e-05,
    9.274629701394588e-05,
    0.00010122807725565508,
    0.00011563493899302557,
    0.00014349803677760065,
    0.00021299462241586298,
    0.0004711207584477961,
    0.0016100764041766524,
    0.0016257860697805882,
    1.3461821254168171e-05,
    1.757659083523322e-05,
    1.9482582501950674e-05,
    2.0195409888401628e-05,
    2.0231103917467408e-05,
    1.9747178157558665e-05,
    1.8084387193084694e-05,
    9.294101619161665e-05,
    9.357383532915264e-05,
    9.334991773357615e-05,
    9.285656415158883e-05,
    4.2659827158786356e-05,
    1.8298449504072778e-05,
    9.361418051412329e-05,
    9.371152555104345e-05,
    9.045546903507784e-05,
    9.221767686540261e-05
  ],
  "J": 64
}