{
  "mu": [
    0.0,
    -1.1305043697357178,
    -0.828601062297821,
    -0.5382116436958313,
    -0.38606321811676025,
    -0.30064040422439575,
    -0.2497565895318985,
    -0.2141503542661667,
    -0.21416862308979034,
    -0.17890694737434387,
    -0.17596840858459473,
    -0.17499738931655884,
    -0.17432165145874023,
    -0.17367957532405853,
    -0.173009991645813,
    -0.1723051518201828,
    -0.1715354323387146,
    -0.17075881361961365,
    -0.006917386781424284,
    -0.00691043259575963,
    -0.006913285236805677,
    -0.006920327432453632,
    -0.006929624825716019,
    -0.006940936204046011,
    -0.006956520490348339,
    -0.007025348953902721,
    -0.00698503153398633,
    -0.006919804494827986,
    -0.006841128692030907,
    -0.006831112317740917,
    -0.006840826477855444,
    -0.006870835553854704,
    -0.006918384227901697,
    -0.0069284033961594105,
    -0.006909826770424843,
    -0.006835334002971649,
    -0.0068487259559333324,
    -0.006909071002155542,
    -0.006924302317202091,
    -0.006922707427293062,
    -0.006874600891023874,
    -0.006842075381428003,
    -0.006830637808889151,
    -0.00683749932795763,
    -0.006906220223754644,
    -0.006977424956858158,
    -0.007035303860902786,
    -0.006957994308322668,
    -0.006942095700651407,
    -0.006930565927177668,
    -0.00692107155919075,
    -0.006913772318512201,
    -0.006910745054483414,
    -0.006919823121279478,
    0.17305193841457367,
    0.1739603579044342,
    0.17487354576587677,
    0.17572680115699768,
    0.5343520641326904,
    0.7646803259849548,
    0.19709829986095428,
    0.23228999972343445,
    0.3006497323513031,
    0.39937567710876465
  ],
  "sigma2": [
    0.002408841624855995,
    0.0005493378848768771,
    0.0006200643256306648,
    0.0010354036930948496,
    0.000694728922098875,
    0.0005486041773110628,
    0.0004444668593350798,
    0.0004313764220569283,
    0.00043525718501769006,
    0.0004343204782344401,
    0.0004329617659095675,
    0.0004314023535698652,
    0.0004294902319088578,
    0.0004269989731255919,
    0.0004237107641529292,
    0.0004195561050437391,
    0.0004144688427913934,
    0.0004088078858330846,
    0.0004374973941594362,
    0.00043468017247505486,
    0.00043217011261731386,
    0.0004303368623368442,
    0.0004295342369005084,
    0.000430088461143896,
    0.0004322002059780061,
    0.00043645515688695014,
    0.00045136138214729726,
    0.0005546020693145692,
    0.000588919734582305,
    0.0005991887883283198,
    0.0006078265141695738,
    0.0006161734345369041,
    0.0006229838472791016,
    0.000627470959443599,
    0.0006296682404354215,
    0.0006302828551270068,
    0.0006302969995886087,
    0.0006298174848780036,
    0.0006278376094996929,
    0.0006235818145796657,
    0.0006169283878989518,
    0.0006085715140216053,
    0.0005997827975079417,
    0.0005899667157791555,
    0.0005603855825029314,
    0.0004618800594471395,
    0.0004007689421996474,
    0.00043237232603132725,
    0.00043009192449972034,
    0.00042939314153045416,
    0.00043008720967918634,
    0.00043185247341170907,
    0.0004343285982031375,
    0.00043712163460440934,
    0.00039678209577687085,
    0.0004037169856019318,
    0.0004101905506104231,
    0.00041572473128326237,
    0.0006641260697506368,
    0.0010490479180589318,
    0.00044814066495746374,
    0.0004545304400380701,
    0.0005788719863630831,
    0.0007024155929684639
  ],
  "pi": [
    0.9900000095367432,
    2.699281822060584e-06,
    5.178191258892184e-06,
    3.319390452816151e-05,
    0.00010789303632918745,
    0.00026502751279622316,
    0.0004374712589196861,
    0.0004354056727606803,
    0.0004095150507055223,
    0.0003989732649642974,
    0.0003988901153206825,
    0.00039857247611507773,
    0.0003978524182457477,
    0.00039763536187820137,
    0.0003988882526755333,
    0.0004009354452136904,
    0.0004031951248180121,
    0.00040123460348695517,
    4.620943855115911e-06,
    4.509936843533069e-06,
    4.295302005630219e-06,
    3.982336693297839e-06,
    3.5471730370773003e-06,
    2.9546022233262192e-06,
    2.1607261260214727e-06,
    1.3325699228516896e-06,
    0.00016178430814761668,
    5.519929982256144e-05,
    2.7401849365560338e-05,
    1.980120941880159e-05,
    1.6862179109011777e-05,
    1.5380528566311114e-05,
    1.4496366020466667e-05,
    1.3933143236499745e-05,
    1.3601831597043201e-05,
    1.3469977602653671e-05,
    1.3464748008118477e-05,
    1.357403198198881e-05,
    1.3878006029699463e-05,
    1.4406854461412877e-05,
    1.5236978470056783e-05,
    1.6610470993327908e-05,
    1.928020537889097e-05,
    2.599743675091304e-05,
    5.002455509384163e-05,
    0.00014606662443839014,
    0.00013280865096021444,
    2.0775953544216463e-06,
    2.894089675464784e-06,
    3.5035807286476484e-06,
    3.9514366108051036e-06,
    4.273194008419523e-06,
    4.49188519269228e-06,
    4.578879270411562e-06,
    0.0005847665597684681,
    0.000585421861615032,
    0.0005800576182082295,
    0.0005734246806241572,
    1.855984555731993e-05,
    8.559082743886393e-06,
    0.000574581790715456,
    0.0006059611914679408,
    0.00022253108909353614,
    8.71211668709293e-05
  ],
  "J": 64
}