{
  "mu": [
    0.0,
    -1.2099173069000244,
    -0.8813371062278748,
    -0.6324416995048523,
    -0.5148994326591492,
    -0.439347505569458,
    -0.367838054895401,
    -0.24657975137233734,
    -0.31731462478637695,
    -0.2447175234556198,
    -0.2446814775466919,
    -0.2446344494819641,
    -0.24452954530715942,
    -0.19608785212039948,
    -0.19603542983531952,
    -0.1658862978219986,
    -0.16306215524673462,
    -0.16891105473041534,
    -0.0032535879872739315,
    -0.0032375063747167587,
    -0.003229891648516059,
    -0.0032270869705826044,
    -0.003227753797546029,
    -0.0032310255337506533,
    -0.003235989948734641,
    -0.0032723965123295784,
    -0.003351555671542883,
    -0.003312798449769616,
    -0.0032685042824596167,
    -0.0032646560575813055,
    -0.0032789609394967556,
    -0.00330535601824522,
    -0.003335227956995368,
    -0.0033515647519379854,
    -0.0033437202218919992,
    -0.0033605960197746754,
    -0.003368050791323185,
    -0.003341644536703825,
    -0.0033520134165883064,
    -0.003337774658575654,
    -0.003308101324364543,
    -0.0032804699148982763,
    -0.0032645659521222115,
    -0.0032657443080097437,
    -0.0033050207421183586,
    -0.0033515531104058027,
    -0.003351263701915741,
    -0.0032361899502575397,
    -0.0032313638366758823,
    -0.0032279177103191614,
    -0.003227036213502288,
    -0.0032296753488481045,
    -0.003237444907426834,
    -0.0032563433051109314,
    0.19898730516433716,
    0.16308678686618805,
    0.23242120444774628,
    0.2604420781135559,
    0.5748530626296997,
    0.7932680249214172,
    0.20414654910564423,
    0.3480834662914276,
    0.423145055770874,
    0.4900015592575073
  ],
  "sigma2": [
    0.0016155396588146687,
    0.00040440307930111885,
    0.00048817231436260045,
    0.0005975812673568726,
    0.0004500587529037148,
    0.00044250019709579647,
    0.00043972331332042813,
    0.0002919632534030825,
    0.00042456365190446377,
    0.0003715471539180726,
    0.00037302818964235485,
    0.0003749651077669114,
    0.00037928143865428865,
    0.000369628774933517,
    0.0003717512881848961,
    0.00036508720950223505,
    0.00034191954182460904,
    0.00038428459083661437,
    0.0004015814047306776,
    0.0004015821614302695,
    0.00040158312185667455,
    0.00040158425690606236,
    0.00040158582851290703,
    0.00040158789488486946,
    0.00040159039781428874,
    0.00040159307536669075,
    0.0004011071869172156,
    0.0004014232545159757,
    0.0004015084414277226,
    0.00040153198642656207,
    0.0004015411832369864,
    0.0004015454032924026,
    0.00040154808084480464,
    0.00040154962334781885,
    0.0004015507875010371,
    0.0004015511367470026,
    0.0004015511367470026,
    0.0004015507875010371,
    0.00040154997259378433,
    0.0004015484591946006,
    0.0004015459562651813,
    0.0004015415906906128,
    0.0004015335289295763,
    0.000401512865209952,
    0.0004014391452074051,
    0.00040115384035743773,
    0.0004012064600829035,
    0.00040159060154110193,
    0.00040158809861168265,
    0.0004015859740320593,
    0.00040158446063287556,
    0.00040158312185667455,
    0.0004015821614302695,
    0.0004015814047306776,
    0.0003983426431659609,
    0.00031033478444442153,
    0.00039813906187191606,
    0.0003962462651543319,
    0.00039628351805731654,
    0.0009039710275828838,
    0.0004023540241178125,
    0.00041567260632291436,
    0.00039657176239416003,
    0.00039373882464133203
  ],
  "pi": [
    0.9900000095367432,
    1.0310536708857398e-06,
    2.830735411407659e-06,
    1.0722656043071765e-05,
    2.6089399398188107e-05,
    7.040242780931294e-05,
    0.0001908020203700289,
    0.0011545688612386584,
    0.0003637692716438323,
    0.0003769033937714994,
    0.0003603074583224952,
    0.00033835947397165,
    0.00028837245190516114,
    0.0005827756831422448,
    0.000548366631846875,
    0.0003695919003803283,
    0.00040991793503053486,
    0.00035245975595898926,
    2.2994628423589347e-08,
    2.1993709964363006e-08,
    2.070708227108753e-08,
    1.9061289435740036e-08,
    1.695645224231157e-08,
    1.4260190361881087e-08,
    1.079306066742447e-08,
    7.145863900603899e-09,
    6.60793375573121e-07,
    2.3659360692818154e-07,
    1.2133571658523579e-07,
    8.939937146124066e-08,
    7.716562322457321e-08,
    7.109209576583453e-08,
    6.74909372833099e-08,
    6.517733197597408e-08,
    6.379293893132854e-08,
    6.323001855434995e-08,
    6.320759382560937e-08,
    6.367508831317537e-08,
    6.494725823813496e-08,
    6.711979949614033e-08,
    7.049654726642984e-08,
    7.610850616401876e-08,
    8.719445787619406e-08,
    1.1540387845343503e-07,
    2.1528866511744127e-07,
    5.991132638882846e-07,
    5.316900342222652e-07,
    1.0444705544898625e-08,
    1.400244098448411e-08,
    1.676888139456878e-08,
    1.8929826595126542e-08,
    2.062121851054144e-08,
    2.1946272354966823e-08,
    2.29740901858122e-08,
    0.00039652580744586885,
    0.00106263707857579,
    0.0005913986242376268,
    0.0011815064353868365,
    7.130602625693427e-06,
    4.731696208182257e-06,
    0.0009675691835582256,
    0.00026690930826589465,
    4.2433941416675225e-05,
    2.8155183827038854e-05
  ],
  "J": 64
}