{
  "mu": [
    0.0,
    -1.151822805404663,
    -0.8467376828193665,
    -0.5589087605476379,
    -0.4157714247703552,
    -0.3428150713443756,
    -0.28259721398353577,
    -0.20485126972198486,
    -0.24435892701148987,
    -0.20511694252490997,
    -0.20471186935901642,
    -0.17951634526252747,
    -0.1794666349887848,
    -0.1794240027666092,
    -0.17937198281288147,
    -0.17931830883026123,
    -0.17926634848117828,
    -0.17925909161567688,
    -0.005537840537726879,
    -0.00555964931845665,
    -0.005572957452386618,
    -0.005581090692430735,
    -0.005585766863077879,
    -0.005589045584201813,
    -0.005594872869551182,
    -0.005675795953720808,
    -0.005456279497593641,
    -0.005480315536260605,
    -0.0055069271475076675,
    -0.0055116694420576096,
    -0.005501074716448784,
    -0.0054854596965014935,
    -0.00547429732978344,
    -0.005463091190904379,
    -0.005449635908007622,
    -0.005451609846204519,
    -0.005453820340335369,
    -0.005450241733342409,
    -0.00546033913269639,
    -0.005473661702126265,
    -0.005484145600348711,
    -0.005500063765794039,
    -0.005511892028152943,
    -0.0055094147101044655,
    -0.005483548156917095,
    -0.005460141692310572,
    -0.00545268040150404,
    -0.005595571827143431,
    -0.005589338950812817,
    -0.005586036015301943,
    -0.005581493489444256,
    -0.0055734519846737385,
    -0.005559812765568495,
    -0.005534754134714603,
    0.1757640838623047,
    0.1758212149143219,
    0.17600667476654053,
    0.20072981715202332,
    0.5504826307296753,
    0.7743012309074402,
    0.21164073050022125,
    0.2618333101272583,
    0.3257053792476654,
    0.41761526465415955
  ],
  "sigma2": [
    0.002147461287677288,
    0.00044105827691964805,
    0.0005323875229805708,
    0.0009544719359837472,
    0.0005000836681574583,
    0.00043224202818237245,
    0.0004308764764573425,
    0.00039946206379681826,
    0.0003899404837284237,
    0.00040026992792263627,
    0.0004001430352218449,
    0.00039285869570448995,
    0.00039256075979210436,
    0.0003923045878764242,
    0.0003919911978300661,
    0.00039166645728982985,
    0.00039135117549449205,
    0.0003913112450391054,
    0.00040122613427229226,
    0.00040123992948792875,
    0.0004012610006611794,
    0.0004012904246337712,
    0.0004013310244772583,
    0.000401375989895314,
    0.00040143379010260105,
    0.00040151228313334286,
    0.0003923028998542577,
    0.0004024513182230294,
    0.00040280111716128886,
    0.0004026952956337482,
    0.0004027538525406271,
    0.0004028771654702723,
    0.00040299745160155,
    0.00040308161987923086,
    0.00040312373312190175,
    0.00040313333738595247,
    0.0004031337157357484,
    0.00040312623605132103,
    0.00040308930329047143,
    0.00040300918044522405,
    0.00040288851596415043,
    0.00040275981882587075,
    0.00040268548764288425,
    0.0004027657560072839,
    0.0004025966045446694,
    0.0003941458708140999,
    0.0003897681599482894,
    0.00040144126978702843,
    0.0004013802099507302,
    0.0004013344587292522,
    0.00040129292756319046,
    0.00040126231033355,
    0.0004012408899143338,
    0.0004012272984255105,
    0.0003532302216626704,
    0.00035367871169000864,
    0.0003551203990355134,
    0.0004066073743160814,
    0.0005193426040932536,
    0.000977382413111627,
    0.0003957553126383573,
    0.00040959540638141334,
    0.00043213943718001246,
    0.00056290696375072
  ],
  "pi": [
    0.9900000095367432,
    1.300892449762614e-06,
    3.953353825636441e-06,
    2.4779330487945117e-05,
    6.826184835517779e-05,
    0.00013407558435574174,
    0.0003725431743077934,
    0.0005284370854496956,
    0.0005064482684247196,
    0.00043869318324141204,
    0.00043425659532658756,
    0.0004346949281170964,
    0.0004337959398981184,
    0.00043352408101782203,
    0.0004351333191152662,
    0.0004377567383926362,
    0.00044066511327400804,
    0.0004382191109471023,
    8.204438586290053e-07,
    7.873977665440179e-07,
    7.412173772536335e-07,
    6.802308689657366e-07,
    6.006119974699686e-07,
    4.971388420926814e-07,
    3.6310439099906944e-07,
    2.2350209860633186e-07,
    2.614887125673704e-05,
    9.180674169328995e-06,
    4.642595285986317e-06,
    3.3904771044035442e-06,
    2.9090479074511677e-06,
    2.6686575438361615e-06,
    2.52573772741016e-06,
    2.434156613162486e-06,
    2.3796430923539447e-06,
    2.3576717467221897e-06,
    2.3567883999930928e-06,
    2.3750271793687716e-06,
    2.4250909973488888e-06,
    2.5111064587690635e-06,
    2.645194172146148e-06,
    2.8676311103481567e-06,
    3.3042169889085926e-06,
    4.4104422158852685e-06,
    8.339809937751852e-06,
    2.3665857952437364e-05,
    2.1185063815210015e-05,
    3.495354405913531e-07,
    4.871108671977709e-07,
    5.933096645094338e-07,
    6.750846637260111e-07,
    7.377529982477427e-07,
    7.852162866583967e-07,
    8.177542554221873e-07,
    0.000734587199985981,
    0.0007337642018683255,
    0.0007230102783069015,
    0.0006735048955306411,
    1.2647768926399294e-05,
    6.952403055038303e-06,
    0.0007510124705731869,
    0.00045018355012871325,
    0.0001395011058775708,
    6.441382720367983e-05
  ],
  "J": 64
}