{
  "mu": [
    0.0,
    -1.1458535194396973,
    -0.8207067251205444,
    -0.6060035824775696,
    -0.4160991311073303,
    -0.4156941771507263,
    -0.41540926694869995,
    -0.4152078926563263,
    -0.41512587666511536,
    -0.4151819944381714,
    -0.415365606546402,
    -0.4156874716281891,
    -0.41631147265434265,
    -0.4172322154045105,
    -0.4184313118457794,
    -0.42069342732429504,
    -0.42602548003196716,
    -0.43229585886001587,
    -0.004067493136972189,
    -0.003685380332171917,
    -0.003709141630679369,
    -0.003731705481186509,
    -0.0037311932537704706,
    -0.00379572669044137,
    -0.004394649527966976,
    -0.00358309387229383,
    -0.002779570175334811,
    -0.0027851853519678116,
    -0.002820090390741825,
    -0.002863660454750061,
    -0.0029136103112250566,
    -0.0029660328291356564,
    -0.0030157864093780518,
    -0.0030532788950949907,
    -0.00306165823712945,
    -0.0031001020688563585,
    -0.003081089351326227,
    -0.003059613751247525,
    -0.0030562863685190678,
    -0.003020972479134798,
    -0.0029717395082116127,
    -0.0029191880021244287,
    -0.002868583193048835,
    -0.002824384020641446,
    -0.0027881308924406767,
    -0.002776544773951173,
    -0.002779681934043765,
    -0.00044768868247047067,
    -0.0013851493131369352,
    -0.0015220746863633394,
    -0.0015611565904691815,
    -0.0016179903177544475,
    -0.0016505857929587364,
    -0.0004035772872157395,
    0.4202978312969208,
    0.4180789887905121,
    0.41745010018348694,
    0.41727641224861145,
    0.6038548350334167,
    0.7765793800354004,
    0.4161134362220764,
    0.41593968868255615,
    0.4158898591995239,
    0.41591787338256836
  ],
  "sigma2": [
    0.007170243188738823,
    0.006120766047388315,
    0.0061119296588003635,
    0.006120574194937944,
    0.006092419847846031,
    0.006089866627007723,
    0.006088005844503641,
    0.006085486616939306,
    0.006081802304834127,
    0.006075791083276272,
    0.006066611036658287,
    0.006052527576684952,
    0.00603158213198185,
    0.005998037289828062,
    0.005946265067905188,
    0.005873826798051596,
    0.005779271479696035,
    0.005666716955602169,
    0.005454240366816521,
    0.005237237084656954,
    0.0050514922477304935,
    0.004895742516964674,
    0.004790478385984898,
    0.00476327957585454,
    0.004854693543165922,
    0.004778503440320492,
    0.0023972834460437298,
    0.003089909441769123,
    0.00396301643922925,
    0.004773509223014116,
    0.005443966947495937,
    0.005979333072900772,
    0.006384207401424646,
    0.00665981275960803,
    0.006813397631049156,
    0.0068670217879116535,
    0.006868915166705847,
    0.006825090851634741,
    0.006684982217848301,
    0.00642393296584487,
    0.0060333022847771645,
    0.005511611700057983,
    0.004854792729020119,
    0.004055447410792112,
    0.0031735803931951523,
    0.002449515275657177,
    0.002382047241553664,
    0.004880773369222879,
    0.004770296160131693,
    0.0047877198085188866,
    0.004887639544904232,
    0.0050420439802110195,
    0.005231281742453575,
    0.005475368816405535,
    0.005620632786303759,
    0.0057414211332798,
    0.0058418940752744675,
    0.005920253694057465,
    0.006028376054018736,
    0.006107722409069538,
    0.006022520828992128,
    0.006035995669662952,
    0.006045091897249222,
    0.006051359232515097
  ],
  "pi": [
    0.9900000095367432,
    1.146419072028948e-05,
    1.2167646673333365e-05,
    1.2215566130180378e-05,
    1.2608320503204595e-05,
    1.2611176316568162e-05,
    1.261110355699202e-05,
    1.2609834811883047e-05,
    1.2607646567630582e-05,
    1.2604112271219492e-05,
    1.2597994100360665e-05,
    1.258705469808774e-05,
    1.2567857083922718e-05,
    1.254285507457098e-05,
    1.2513703950389754e-05,
    1.2467668966564815e-05,
    1.2388672985252924e-05,
    1.2231123037054203e-05,
    1.4427860151045024e-05,
    1.5743078620289452e-05,
    1.644608892092947e-05,
    1.691167381068226e-05,
    1.709784373815637e-05,
    1.66396566783078e-05,
    1.4284298231359571e-05,
    1.7622513041715138e-05,
    0.0018173244316130877,
    0.000871398369781673,
    0.00040900474414229393,
    0.0002446135622449219,
    0.00017906150605995208,
    0.00014708028174936771,
    0.00012940166925545782,
    0.00011930439359275624,
    0.0001140484309871681,
    0.00011219072621315718,
    0.00011212287790840492,
    0.0001136454229708761,
    0.00011841574450954795,
    0.00012781818804796785,
    0.00014435035700444132,
    0.00017403994570486248,
    0.0002339444326935336,
    0.00038147345185279846,
    0.0008022717083804309,
    0.0017075813375413418,
    0.0013599712401628494,
    1.3509309610526543e-05,
    1.6254671209026128e-05,
    1.684610288066324e-05,
    1.670847268542275e-05,
    1.6246265658992343e-05,
    1.5487681594095193e-05,
    1.3744564057560638e-05,
    1.2974281162314583e-05,
    1.314411019848194e-05,
    1.32247314468259e-05,
    1.3261186722957063e-05,
    1.278771014767699e-05,
    1.2628844160644803e-05,
    1.3371603017731104e-05,
    1.3385957572609186e-05,
    1.3393483641266357e-05,
    1.3398231203609612e-05
  ],
  "J": 64
}