{
  "mu": [
    0.0,
    -1.187289834022522,
    -0.8677015900611877,
    -0.590664803981781,
    -0.4587135314941406,
    -0.38494303822517395,
    -0.32026407122612,
    -0.21758727729320526,
    -0.27611830830574036,
    -0.21762129664421082,
    -0.21762336790561676,
    -0.2176264524459839,
    -0.2176349014043808,
    -0.17509245872497559,
    -0.17506787180900574,
    -0.17503678798675537,
    -0.17500348389148712,
    -0.17503894865512848,
    -0.004508443642407656,
    -0.004472303669899702,
    -0.004445417784154415,
    -0.0044252569787204266,
    -0.004411908332258463,
    -0.004406086169183254,
    -0.004409879446029663,
    -0.004482189659029245,
    -0.004590944387018681,
    -0.0045819892548024654,
    -0.004548027645796537,
    -0.004542187787592411,
    -0.0045564137399196625,
    -0.004576319828629494,
    -0.0045925588347017765,
    -0.004594058264046907,
    -0.004543289076536894,
    -0.004509399179369211,
    -0.004501217510551214,
    -0.004535858519375324,
    -0.004592007491737604,
    -0.004593703895807266,
    -0.004578019957989454,
    -0.004557737614959478,
    -0.004541932139545679,
    -0.004544766154140234,
    -0.004577685613185167,
    -0.004593553952872753,
    -0.004588429816067219,
    -0.004410541150718927,
    -0.00440599862486124,
    -0.004411186091601849,
    -0.004424164537340403,
    -0.004444334656000137,
    -0.004472063388675451,
    -0.004513227380812168,
    0.17454910278320312,
    0.17451182007789612,
    0.21191255748271942,
    0.23935851454734802,
    0.5660995841026306,
    0.7871710062026978,
    0.2116759717464447,
    0.3056766390800476,
    0.3716434836387634,
    0.44794413447380066
  ],
  "sigma2": [
    0.0019044986693188548,
    0.0004134305927436799,
    0.0005041387630626559,
    0.000775905791670084,
    0.00045628921361640096,
    0.0004198540991637856,
    0.0004011724086012691,
    0.00038204368320293725,
    0.00040459868614561856,
    0.00038707791827619076,
    0.00038738720468245447,
    0.00038783394847996533,
    0.0003890256630256772,
    0.00037264329148456454,
    0.00037240120582282543,
    0.00037209500442259014,
    0.00037176618934608996,
    0.0003721157554537058,
    0.0004015165031887591,
    0.0004015203157905489,
    0.00040152488509193063,
    0.000401531026000157,
    0.0004015387094113976,
    0.0004015484591946006,
    0.0004015610902570188,
    0.00040157430339604616,
    0.00039891881169751287,
    0.0004006764793302864,
    0.00040113506838679314,
    0.00040125541272573173,
    0.0004013089928776026,
    0.0004013365542050451,
    0.0004013503494206816,
    0.00040135873132385314,
    0.00040136411553248763,
    0.0004013662110082805,
    0.0004013662110082805,
    0.000401364522986114,
    0.0004013595462311059,
    0.0004013516881968826,
    0.0004013388534076512,
    0.0004013141733594239,
    0.00040126460953615606,
    0.0004011570999864489,
    0.0004007618990726769,
    0.00039918156107887626,
    0.00039948683115653694,
    0.00040156245813705027,
    0.00040154962334781885,
    0.00040153946611098945,
    0.0004015314334537834,
    0.000401525292545557,
    0.0004015205195173621,
    0.00040151667781174183,
    0.0003636912733782083,
    0.0003635097236838192,
    0.00039813813054934144,
    0.00040681491373106837,
    0.00045206095091998577,
    0.0009456349071115255,
    0.0003972438280470669,
    0.00041492446325719357,
    0.00041119969682767987,
    0.0004213910433463752
  ],
  "pi": [
    0.9900000095367432,
    1.2045417179251672e-06,
    3.300730895716697e-06,
    1.7410629880032502e-05,
    4.569235534290783e-05,
    0.0001034457964124158,
    0.000265618902631104,
    0.0007548829889856279,
    0.00045420939568430185,
    0.0005675668362528086,
    0.0005559135461226106,
    0.0005390283185988665,
    0.0004936920013278723,
    0.0003427257761359215,
    0.0003447553899604827,
    0.00034734001383185387,
    0.00035008881241083145,
    0.0003470861411187798,
    1.3283607813718845e-07,
    1.2691951667420653e-07,
    1.1917460085442144e-07,
    1.0920442861106494e-07,
    9.640410070232974e-08,
    7.99752513103158e-08,
    5.8879468411987546e-08,
    3.689994798605767e-08,
    4.071202965860721e-06,
    1.4468216704699444e-06,
    7.366369914052484e-07,
    5.40081941835524e-07,
    4.64715583348152e-07,
    4.2725690718725673e-07,
    4.050323525461863e-07,
    3.907653365331498e-07,
    3.8224024478950014e-07,
    3.7878035641369934e-07,
    3.786418005802261e-07,
    3.8151344483594585e-07,
    3.893471500759915e-07,
    4.0274784396387986e-07,
    4.235907056227006e-07,
    4.5822568495168525e-07,
    5.26517965226958e-07,
    7.001411290730175e-07,
    1.315466761298012e-06,
    3.6889359762426466e-06,
    3.279453039795044e-06,
    5.676245962149551e-08,
    7.840341709197673e-08,
    9.525625443984609e-08,
    1.0839531228157284e-07,
    1.1864297988495309e-07,
    1.2661631387800298e-07,
    1.3264316578442958e-07,
    0.0007992128375917673,
    0.0007999406661838293,
    0.0007199863903224468,
    0.0007530789007432759,
    9.780306754691992e-06,
    5.606776085187448e-06,
    0.0009070148807950318,
    0.00033100112341344357,
    7.901269418653101e-05,
    3.873714740620926e-05
  ],
  "J": 64
}