{
  "mu": [
    0.0,
    -1.1496355533599854,
    -0.8057576417922974,
    -0.8049818277359009,
    -0.4707142114639282,
    -0.47007909417152405,
    -0.4696854054927826,
    -0.46946004033088684,
    -0.46940135955810547,
    -0.46953198313713074,
    -0.46991387009620667,
    -0.47067975997924805,
    -0.47206947207450867,
    -0.4744545519351959,
    -0.47833317518234253,
    -0.4836255609989166,
    -0.4855705201625824,
    -0.45652350783348083,
    -0.032081685960292816,
    -0.0177565049380064,
    -0.015043230727314949,
    -0.013396639376878738,
    -0.012000308372080326,
    -0.011126399040222168,
    -0.012394687160849571,
    -0.006896963808685541,
    -0.002304584952071309,
    -0.002316742902621627,
    -0.0023452304303646088,
    -0.002379849785938859,
    -0.0024093554820865393,
    -0.0024293186143040657,
    -0.0024406686425209045,
    -0.0024472097866237164,
    -0.002455294830724597,
    -0.002465606899932027,
    -0.002461502328515053,
    -0.002458977745845914,
    -0.0024477613624185324,
    -0.0024417988024652004,
    -0.0024313218891620636,
    -0.002412479603663087,
    -0.0023838651832193136,
    -0.002349045593291521,
    -0.002319210208952427,
    -0.002304618014022708,
    -0.0023057397920638323,
    0.009319944307208061,
    0.007210095878690481,
    0.007995826192200184,
    0.009494522586464882,
    0.01144232414662838,
    0.015200002118945122,
    0.04917888715863228,
    0.4788082540035248,
    0.4924807548522949,
    0.4906878173351288,
    0.48863527178764343,
    0.6955247521400452,
    0.7982842326164246,
    0.47147998213768005,
    0.4705221652984619,
    0.4702058732509613,
    0.4702143967151642
  ],
  "sigma2": [
    0.00980363693088293,
    0.008959556929767132,
    0.00894909631460905,
    0.008950444869697094,
    0.008943768218159676,
    0.008938267827033997,
    0.008934765122830868,
    0.008930769748985767,
    0.008925487287342548,
    0.008917187340557575,
    0.008904639631509781,
    0.008886090479791164,
    0.008858962915837765,
    0.008813454769551754,
    0.008740197867155075,
    0.008637560531497002,
    0.008507187478244305,
    0.008378991857171059,
    0.008243346586823463,
    0.007898008450865746,
    0.007603637874126434,
    0.007347323466092348,
    0.007158467546105385,
    0.007079911883920431,
    0.007178015541285276,
    0.006932087242603302,
    0.003737502032890916,
    0.0045419116504490376,
    0.005487326066941023,
    0.006411866284906864,
    0.007224489003419876,
    0.007897432893514633,
    0.008417507633566856,
    0.008776904083788395,
    0.00897949282079935,
    0.009050881490111351,
    0.009053424000740051,
    0.008995053358376026,
    0.00881001353263855,
    0.008469178341329098,
    0.007966496981680393,
    0.007308913394808769,
    0.006508932914584875,
    0.005590681452304125,
    0.004635489545762539,
    0.0038067784626036882,
    0.0039612893015146255,
    0.0072193024680018425,
    0.007091757841408253,
    0.007156518753618002,
    0.007338709197938442,
    0.00759480707347393,
    0.007897448725998402,
    0.008290963247418404,
    0.008337816223502159,
    0.00849214382469654,
    0.008633187972009182,
    0.008746752515435219,
    0.008842621929943562,
    0.008901896886527538,
    0.00888162199407816,
    0.008898170664906502,
    0.00891050137579441,
    0.008919207379221916
  ],
  "pi": [
    0.9900000095367432,
    1.5922672901069745e-05,
    1.6246887753368355e-05,
    1.6289357517962344e-05,
    1.637737477722112e-05,
    1.638271533010993e-05,
    1.638338108023163e-05,
    1.6382075045839883e-05,
    1.6379310181946494e-05,
    1.637450077396352e-05,
    1.636603155930061e-05,
    1.6350788428098895e-05,
    1.6324060197803192e-05,
    1.6290538042085245e-05,
    1.6253936337307096e-05,
    1.619795148144476e-05,
    1.6102691006381065e-05,
    1.5894816897343844e-05,
    1.751778654579539e-05,
    1.9150869775330648e-05,
    2.0045819837832823e-05,
    2.0672616301453672e-05,
    2.1016592654632404e-05,
    2.06921249628067e-05,
    1.816541225707624e-05,
    2.668304841790814e-05,
    0.0014320348855108023,
    0.0008463982376269996,
    0.0005016297218389809,
    0.0003334411303512752,
    0.0002524063747841865,
    0.0002095010131597519,
    0.00018496309348847717,
    0.0001707766787149012,
    0.00016338980640284717,
    0.00016079786291811615,
    0.0001607042649993673,
    0.00016282628348562866,
    0.00016952957957983017,
    0.0001827543310355395,
    0.00020576949464157224,
    0.0002458567905705422,
    0.0003209421702194959,
    0.00047618168173357844,
    0.0007995970081537962,
    0.0013610470341518521,
    0.0009197815088555217,
    1.718053681543097e-05,
    2.0219964426360093e-05,
    2.0705952920252457e-05,
    2.041851621470414e-05,
    1.9794333638856187e-05,
    1.8830907720257528e-05,
    1.67169127962552e-05,
    1.6170964954653755e-05,
    1.6391688404837623e-05,
    1.649418663873803e-05,
    1.654132574913092e-05,
    1.6443784261355177e-05,
    1.6463533029309474e-05,
    1.66876197909005e-05,
    1.6707015674910508e-05,
    1.671715290285647e-05,
    1.672348298598081e-05
  ],
  "J": 64
}