{
  "mu": [
    0.0,
    -1.120923399925232,
    -0.8270250558853149,
    -0.5339258909225464,
    -0.3807532787322998,
    -0.29297754168510437,
    -0.2425171136856079,
    -0.21786849200725555,
    -0.2052966058254242,
    -0.1749829351902008,
    -0.17486564815044403,
    -0.17471539974212646,
    -0.17451831698417664,
    -0.1742502897977829,
    -0.17388923466205597,
    -0.1734251230955124,
    -0.17284943163394928,
    -0.17218126356601715,
    -0.007316355127841234,
    -0.007305211387574673,
    -0.0072958688251674175,
    -0.007287061307579279,
    -0.0072776093147695065,
    -0.0072661228477954865,
    -0.007250619120895863,
    -0.007202179171144962,
    -0.007136339321732521,
    -0.0072973864153027534,
    -0.007367223966866732,
    -0.007382767274975777,
    -0.007405848242342472,
    -0.007424929644912481,
    -0.007401973940432072,
    -0.007290958892554045,
    -0.007171017583459616,
    -0.007090916857123375,
    -0.007068992126733065,
    -0.007151246070861816,
    -0.00727651733905077,
    -0.007394882850348949,
    -0.007425663061439991,
    -0.007407939527183771,
    -0.007383940741419792,
    -0.007367921993136406,
    -0.007315840106457472,
    -0.007141493260860443,
    -0.00715709337964654,
    -0.00724927568808198,
    -0.007265136577188969,
    -0.007276909425854683,
    -0.0072865611873567104,
    -0.007295564282685518,
    -0.007305272854864597,
    -0.007317863404750824,
    0.17433564364910126,
    0.17521785199642181,
    0.17605336010456085,
    0.17679360508918762,
    0.5263205766677856,
    0.7630659341812134,
    0.19097669422626495,
    0.22913594543933868,
    0.29410549998283386,
    0.39373838901519775
  ],
  "sigma2": [
    0.002500312402844429,
    0.0006125651416368783,
    0.0006745968130417168,
    0.0010829372331500053,
    0.0007666914025321603,
    0.0005891678156331182,
    0.0004895296297036111,
    0.0004905674140900373,
    0.0004979466320946813,
    0.0004860442131757736,
    0.0004847594245802611,
    0.00048309314297512174,
    0.00048088128096424043,
    0.0004778375441674143,
    0.0004736805858556181,
    0.0004682455619331449,
    0.00046137094614095986,
    0.000453303218819201,
    0.00048582570161670446,
    0.00048030627658590674,
    0.00047533478937111795,
    0.0004716182011179626,
    0.00046987965470179915,
    0.0004708081833086908,
    0.0004748346109408885,
    0.0004826402582693845,
    0.0004827861557714641,
    0.0006321396213024855,
    0.00070044188760221,
    0.0007267013425007463,
    0.0007454596925526857,
    0.0007614243077114224,
    0.0007738315034657717,
    0.0007819338934496045,
    0.0007859834586270154,
    0.0007871795678511262,
    0.0007872088463045657,
    0.0007862653583288193,
    0.0007826098008081317,
    0.0007749374490231276,
    0.000762880896218121,
    0.0007470902637578547,
    0.000728478713426739,
    0.0007036425522528589,
    0.0006424441235139966,
    0.0004964984836988151,
    0.00041760984458960593,
    0.00047518862993456423,
    0.0004708169144578278,
    0.0004696026153396815,
    0.00047113222535699606,
    0.0004747252387460321,
    0.00047964759869500995,
    0.0004851652483921498,
    0.00043974805157631636,
    0.0004499628266785294,
    0.0004592197365127504,
    0.0004670859780162573,
    0.0007663446012884378,
    0.0010805546771734953,
    0.0004997203359380364,
    0.0004680707643274218,
    0.0006559914327226579,
    0.0007527084671892226
  ],
  "pi": [
    0.9900000095367432,
    3.6052301766176242e-06,
    6.218212547537405e-06,
    3.752777774934657e-05,
    0.00012135147699154913,
    0.0003086395445279777,
    0.00040853957762010396,
    0.00039562585880048573,
    0.0003724722482729703,
    0.0003738305240403861,
    0.00037374347448349,
    0.0003734421625267714,
    0.00037277225055731833,
    0.00037254352355375886,
    0.0003736174257937819,
    0.00037537619937211275,
    0.00037727534072473645,
    0.00037529852124862373,
    7.083220680215163e-06,
    6.9751677074236795e-06,
    6.686362667096546e-06,
    6.236251465452369e-06,
    5.585511644312646e-06,
    4.673748662753496e-06,
    3.426291414143634e-06,
    2.1238404315226944e-06,
    0.000262069224845618,
    8.837530185701326e-05,
    4.348941001808271e-05,
    3.125704461126588e-05,
    2.6516063371673226e-05,
    2.4117678549373522e-05,
    2.2685346266371198e-05,
    2.1775573259219527e-05,
    2.124315687979106e-05,
    2.103245788021013e-05,
    2.102415237459354e-05,
    2.1198682588874362e-05,
    2.1686922991648316e-05,
    2.2541040380019695e-05,
    2.388617940596305e-05,
    2.611094714666251e-05,
    3.0420349503401667e-05,
    4.123264443478547e-05,
    8.000544767128304e-05,
    0.00023638620041310787,
    0.00021623836073558778,
    3.2928035125223687e-06,
    4.5774881982652005e-06,
    5.516570581676206e-06,
    6.187115559441736e-06,
    6.649987426499138e-06,
    6.942287654965185e-06,
    6.99692373018479e-06,
    0.0005310083506628871,
    0.0005319719784893095,
    0.0005275940638966858,
    0.0005220316234044731,
    2.3524451535195112e-05,
    9.70381370279938e-06,
    0.0005252191913314164,
    0.0005693216226063669,
    0.00025473281857557595,
    9.676649642642587e-05
  ],
  "J": 64
}