{
  "mu": [
    0.0,
    -1.1472688913345337,
    -0.8387259244918823,
    -0.5498676896095276,
    -0.4042236804962158,
    -0.327618271112442,
    -0.2697204649448395,
    -0.2080632597208023,
    -0.23257750272750854,
    -0.20075412094593048,
    -0.17710982263088226,
    -0.1770719736814499,
    -0.17703215777873993,
    -0.1769803762435913,
    -0.17690689861774445,
    -0.17681586742401123,
    -0.1767107993364334,
    -0.17662779986858368,
    -0.005957416258752346,
    -0.005978503730148077,
    -0.005996657535433769,
    -0.006014695856720209,
    -0.006033741869032383,
    -0.006055105943232775,
    -0.006081630475819111,
    -0.006204036995768547,
    -0.005945833399891853,
    -0.005906742997467518,
    -0.005932182539254427,
    -0.005936468485742807,
    -0.005927008111029863,
    -0.005911912769079208,
    -0.0059042638167738914,
    -0.005933969747275114,
    -0.00597140658646822,
    -0.00592747051268816,
    -0.005922716110944748,
    -0.0059777963906526566,
    -0.005939224269241095,
    -0.005905096419155598,
    -0.0059106010012328625,
    -0.005926076788455248,
    -0.005936668254435062,
    -0.005934407468885183,
    -0.005909752566367388,
    -0.005939009599387646,
    -0.005954191088676453,
    -0.006083837244659662,
    -0.006056987680494785,
    -0.00603529391810298,
    -0.006015948485583067,
    -0.005997531581670046,
    -0.005978710483759642,
    -0.005954829044640064,
    0.17423103749752045,
    0.17465448379516602,
    0.17526298761367798,
    0.18533501029014587,
    0.545725405216217,
    0.7675606608390808,
    0.20814308524131775,
    0.2493416666984558,
    0.3163682520389557,
    0.41153159737586975
  ],
  "sigma2": [
    0.002222843002527952,
    0.00045314308954402804,
    0.0005567889893427491,
    0.0009677147609181702,
    0.000534159888047725,
    0.0004473788430914283,
    0.00042978543206118047,
    0.00040181257645599544,
    0.00039798137731850147,
    0.0004029161937069148,
    0.00039063949952833354,
    0.00039034418296068907,
    0.00039003125857561827,
    0.000389621767681092,
    0.0003890377120114863,
    0.00038830857374705374,
    0.0003874633403029293,
    0.0003868039639201015,
    0.0004017796600237489,
    0.0004016899911221117,
    0.00040162928053177893,
    0.00040160995558835566,
    0.00040164534584619105,
    0.0004017466853838414,
    0.00040192619781009853,
    0.00040221342351287603,
    0.0004008802061434835,
    0.0004261468711774796,
    0.0004259154957253486,
    0.00042450090404599905,
    0.0004245391464792192,
    0.0004252080980222672,
    0.00042592993122525513,
    0.0004264316812623292,
    0.00042666151421144605,
    0.0004267109325155616,
    0.0004267121839802712,
    0.0004266749310772866,
    0.00042647094232961535,
    0.0004259908455424011,
    0.00042526735342107713,
    0.0004245435993652791,
    0.00042436408693902194,
    0.0004255716339685023,
    0.0004264737945050001,
    0.0004047493857797235,
    0.0003858675772789866,
    0.00040194211760535836,
    0.0004017541650682688,
    0.00040164575329981744,
    0.00040160457137972116,
    0.00040161912329494953,
    0.00040167736005969346,
    0.0004017633618786931,
    0.0003704687114804983,
    0.0003740805550478399,
    0.00037927328958176076,
    0.00040010426891967654,
    0.0005487778689712286,
    0.0010330133372917771,
    0.0003751594922505319,
    0.0004520260263234377,
    0.00046476026182062924,
    0.000606090878136456
  ],
  "pi": [
    0.9900000095367432,
    1.5330721225836896e-06,
    4.192449523543473e-06,
    2.7462407160783187e-05,
    7.949153950903565e-05,
    0.00015912638627924025,
    0.0004395441501401365,
    0.0005055391229689121,
    0.00047527518472634256,
    0.00042666593799367547,
    0.0004285114409867674,
    0.00042818361544050276,
    0.0004273686499800533,
    0.0004271558136679232,
    0.00042870480683632195,
    0.000431220221798867,
    0.0004340273735579103,
    0.0004318914725445211,
    1.5313435142161325e-06,
    1.4752432662135107e-06,
    1.3922732478022226e-06,
    1.2804553080059122e-06,
    1.1325125797156943e-06,
    9.383228984916059e-07,
    6.849846272416471e-07,
    4.2103496866729984e-07,
    4.982838436262682e-05,
    1.73586122400593e-05,
    8.73916633281624e-06,
    6.366682100633625e-06,
    5.452919594972627e-06,
    4.995331892132526e-06,
    4.722919584310148e-06,
    4.548602191789541e-06,
    4.445164904609555e-06,
    4.403616458148463e-06,
    4.401956175570376e-06,
    4.436436483956641e-06,
    4.5314031922316644e-06,
    4.695119059761055e-06,
    4.950746188114863e-06,
    5.3743783610116225e-06,
    6.203438260854455e-06,
    8.299701221403666e-06,
    1.575939495523926e-05,
    4.5065335143590346e-05,
    4.052527219755575e-05,
    6.591545798073639e-07,
    9.192942798108561e-07,
    1.1186909887328511e-06,
    1.2707051837423933e-06,
    1.3856198393114028e-06,
    1.470756615162827e-06,
    1.5242775361912209e-06,
    0.0006805643788538873,
    0.0006804110598750412,
    0.000672495283652097,
    0.0006626358372159302,
    1.4006252968101762e-05,
    7.4559384302119724e-06,
    0.0007149820448830724,
    0.0005015300121158361,
    0.00016720454732421786,
    7.051145803416148e-05
  ],
  "J": 64
}