{
  "mu": [
    0.0,
    -1.038910150527954,
    -0.9902758598327637,
    -0.9385532140731812,
    -0.8925619721412659,
    -0.8558940291404724,
    -0.8288307189941406,
    -0.811012864112854,
    -0.8014248609542847,
    -0.796567976474762,
    -0.7887722849845886,
    -0.7698017954826355,
    -0.7366611361503601,
    -0.6913741827011108,
    -0.6381780505180359,
    -0.5816720128059387,
    -0.5256251096725464,
    -0.47239646315574646,
    -0.42302218079566956,
    -0.377605676651001,
    -0.33576416969299316,
    -0.2969852089881897,
    -0.26089245080947876,
    -0.22764064371585846,
    -0.19961132109165192,
    -0.14329177141189575,
    -0.04943211376667023,
    -0.033089179545640945,
    -0.020330630242824554,
    -0.010959655046463013,
    -0.004992444533854723,
    -0.0022001811303198338,
    -0.001551182009279728,
    -0.0015361594269052148,
    -0.001545542269013822,
    -0.0015877592377364635,
    -0.001565067796036601,
    -0.0015485137701034546,
    -0.0015371493063867092,
    -0.0015033672098070383,
    -0.0009187828400172293,
    0.001712203724309802,
    0.007519169244915247,
    0.01678331010043621,
    0.029504382982850075,
    0.04593811184167862,
    0.11572002619504929,
    0.19690433144569397,
    0.22383777797222137,
    0.2569684386253357,
    0.2931859791278839,
    0.3322739899158478,
    0.37467989325523376,
    0.421082466840744,
    0.4720958471298218,
    0.527768075466156,
    0.5866962671279907,
    0.6451385021209717,
    0.6972848176956177,
    0.7371009588241577,
    0.7611388564109802,
    0.7717269659042358,
    0.7763610482215881,
    0.7817229628562927
  ],
  "sigma2": [
    0.028848467394709587,
    0.028640713542699814,
    0.028642822057008743,
    0.028642386198043823,
    0.028639471158385277,
    0.028634777292609215,
    0.02862858772277832,
    0.02862069196999073,
    0.02860918827354908,
    0.02859174646437168,
    0.02856539934873581,
    0.02852790430188179,
    0.028477944433689117,
    0.028415877372026443,
    0.028344783931970596,
    0.02826978825032711,
    0.02819669432938099,
    0.02812662348151207,
    0.028050119057297707,
    0.0279446542263031,
    0.02778022177517414,
    0.027532977983355522,
    0.027205737307667732,
    0.02684512548148632,
    0.026555053889751434,
    0.02568705938756466,
    0.022111942991614342,
    0.02221735380589962,
    0.022706501185894012,
    0.02341535873711109,
    0.024222547188401222,
    0.02502635307610035,
    0.02573951706290245,
    0.026290569454431534,
    0.026633242145180702,
    0.026765700429677963,
    0.026770690456032753,
    0.02666138857603073,
    0.026345806196331978,
    0.025819081813097,
    0.02512393333017826,
    0.024330703541636467,
    0.023526130244135857,
    0.022812023758888245,
    0.02230934053659439,
    0.022184159606695175,
    0.02514299936592579,
    0.026560839265584946,
    0.026822905987501144,
    0.027171678841114044,
    0.02749541588127613,
    0.02774350717663765,
    0.027910182252526283,
    0.028017709031701088,
    0.028095867484807968,
    0.0281674861907959,
    0.028242874890565872,
    0.028320850804448128,
    0.02839536964893341,
    0.028459982946515083,
    0.02851191721856594,
    0.02854977920651436,
    0.028575357049703598,
    0.0285919439047575
  ],
  "pi": [
    0.9900000095367432,
    6.5247317252215e-05,
    6.524666969198734e-05,
    6.524807395180687e-05,
    6.525075150420889e-05,
    6.525312346639112e-05,
    6.52536255074665e-05,
    6.525143544422463e-05,
    6.52458329568617e-05,
    6.523587217088789e-05,
    6.52197704766877e-05,
    6.519352609757334e-05,
    6.515009590657428e-05,
    6.508150545414537e-05,
    6.498173752333969e-05,
    6.485025369329378e-05,
    6.46928237983957e-05,
    6.451860099332407e-05,
    6.433321686927229e-05,
    6.41283841105178e-05,
    6.38670171611011e-05,
    6.345708970911801e-05,
    6.268457946134731e-05,
    6.0961287090322e-05,
    5.586550469161011e-05,
    8.63920504343696e-05,
    0.0004469898995012045,
    0.0004164818092249334,
    0.0003919222508557141,
    0.00037099156179465353,
    0.00035298592410981655,
    0.00033788211294449866,
    0.00032587285386398435,
    0.00031719199614599347,
    0.0003119804023299366,
    0.00030999493901617825,
    0.00030992116080597043,
    0.0003115559811703861,
    0.0003163368965033442,
    0.00032457313500344753,
    0.00033612860715948045,
    0.0003507369547151029,
    0.0003681456728372723,
    0.0003882445744238794,
    0.0004113843315280974,
    0.00043872970854863524,
    0.00015037189587019384,
    5.4234427807386965e-05,
    6.0349804698489606e-05,
    6.234436295926571e-05,
    6.323804700514302e-05,
    6.371697963913903e-05,
    6.40248617855832e-05,
    6.426605978049338e-05,
    6.448425847338513e-05,
    6.469057552749291e-05,
    6.487903738161549e-05,
    6.503747135866433e-05,
    6.515693530673161e-05,
    6.523777119582519e-05,
    6.528873200295493e-05,
    6.532083352794871e-05,
    6.534180283779278e-05,
    6.535544525831938e-05
  ],
  "J": 64
}