{
  "mu": [
    0.0,
    -1.1351685523986816,
    -1.09918212890625,
    -1.0633240938186646,
    -1.02809476852417,
    -0.9942810535430908,
    -0.962730884552002,
    -0.9336442351341248,
    -0.9055579900741577,
    -0.8755999207496643,
    -0.8418455123901367,
    -0.8045876026153564,
    -0.7652046084403992,
    -0.72495037317276,
    -0.6846006512641907,
    -0.6445375680923462,
    -0.6049158573150635,
    -0.5657781958580017,
    -0.52712482213974,
    -0.4889427721500397,
    -0.45121732354164124,
    -0.4139443635940552,
    -0.37714362144470215,
    -0.34092938899993896,
    -0.3060370087623596,
    -0.25447288155555725,
    -0.21131588518619537,
    -0.17631939053535461,
    -0.14252005517482758,
    -0.10988005995750427,
    -0.07873639464378357,
    -0.04982129856944084,
    -0.02473759651184082,
    -0.007009345572441816,
    -0.0012200046330690384,
    -0.0012223648373037577,
    -0.0012204520171508193,
    -0.0011359017807990313,
    0.0036147022619843483,
    0.02040467970073223,
    0.045058902353048325,
    0.0737784206867218,
    0.10482454299926758,
    0.13741178810596466,
    0.17117872834205627,
    0.20611877739429474,
    0.24636918306350708,
    0.301373153924942,
    0.3358914256095886,
    0.37206828594207764,
    0.40888237953186035,
    0.44619110226631165,
    0.48397156596183777,
    0.522230327129364,
    0.5609814524650574,
    0.600234866142273,
    0.6399664878845215,
    0.6800484657287598,
    0.7201306819915771,
    0.7594648599624634,
    0.7968214750289917,
    0.8308523297309875,
    0.8611003756523132,
    0.888830304145813
  ],
  "sigma2": [
    0.04234788194298744,
    0.042290762066841125,
    0.04229084402322769,
    0.042290590703487396,
    0.04228983819484711,
    0.04228828474879265,
    0.04228539019823074,
    0.04228129982948303,
    0.04227485507726669,
    0.04226556420326233,
    0.04225314036011696,
    0.042237330228090286,
    0.042218051850795746,
    0.04219568893313408,
    0.04217085987329483,
    0.04214423522353172,
    0.042116429656744,
    0.04208743944764137,
    0.04205574095249176,
    0.042017076164484024,
    0.04196390509605408,
    0.04188594967126846,
    0.04177311807870865,
    0.04162172973155975,
    0.041428808122873306,
    0.04172269254922867,
    0.041325267404317856,
    0.04076499119400978,
    0.0404244065284729,
    0.040294744074344635,
    0.040336087346076965,
    0.0405057929456234,
    0.04076250270009041,
    0.04105709120631218,
    0.041313059628009796,
    0.041439950466156006,
    0.041445475071668625,
    0.041338566690683365,
    0.04109653830528259,
    0.04080686345696449,
    0.040548983961343765,
    0.040373798459768295,
    0.04032224044203758,
    0.040436696261167526,
    0.040756285190582275,
    0.041293926537036896,
    0.04180494695901871,
    0.04140683636069298,
    0.041602957993745804,
    0.04175293445587158,
    0.041865959763526917,
    0.04194528982043266,
    0.04200005903840065,
    0.042040515691041946,
    0.04207399860024452,
    0.04210450127720833,
    0.04213384538888931,
    0.04216193035244942,
    0.04218810796737671,
    0.042211730033159256,
    0.042232103645801544,
    0.04224872216582298,
    0.04226134344935417,
    0.04227060452103615
  ],
  "pi": [
    0.9900000095367432,
    0.00011112076754216105,
    0.00011112225183751434,
    0.00011112361244158819,
    0.000111124747490976,
    0.0001111254096031189,
    0.00011112521315226331,
    0.00011112361244158819,
    0.00011111990170320496,
    0.00011111290223198012,
    0.00011110092600574717,
    0.00011108165926998481,
    0.00011105253361165524,
    0.00011101071140728891,
    0.00011095319496234879,
    0.00011087666644016281,
    0.00011077723320340738,
    0.00011064974387409166,
    0.00011048574378946796,
    0.00011026966240024194,
    0.00010996971832355484,
    0.00010951645526802167,
    0.00010873929568333551,
    0.00010711729555623606,
    0.0001020162453642115,
    0.00017215452680829912,
    0.00025375623954460025,
    0.0002593127137515694,
    0.0002603963657747954,
    0.0002600459265522659,
    0.00025893046404235065,
    0.0002573163656052202,
    0.00025538253248669207,
    0.0002533525985199958,
    0.0002516424283385277,
    0.00025079798069782555,
    0.0002507611643522978,
    0.00025147158885374665,
    0.00025308411568403244,
    0.0002550656208768487,
    0.00025697131059132516,
    0.0002585623587947339,
    0.000259654363617301,
    0.00025998122873716056,
    0.00025890112738125026,
    0.0002537185500841588,
    0.0001980980741791427,
    0.00010016464511863887,
    0.00010658684186637402,
    0.00010847490193555132,
    0.00010935804311884567,
    0.00010986723646055907,
    0.00011020171223208308,
    0.00011044149869121611,
    0.00011062300472985953,
    0.00011076405644416809,
    0.00011087429447798058,
    0.00011095953959738836,
    0.00011102396092610434,
    0.00011107101454399526,
    0.00011110392370028421,
    0.00011112567881355062,
    0.0001111391611630097,
    0.0001111467499868013
  ],
  "J": 64
}