{
  "mu": [
    0.0,
    -1.1648991107940674,
    -0.8488924503326416,
    -0.5662994384765625,
    -0.42454689741134644,
    -0.35136502981185913,
    -0.2903357148170471,
    -0.2079838216304779,
    -0.25147849321365356,
    -0.20801979303359985,
    -0.20802034437656403,
    -0.20802591741085052,
    -0.18109634518623352,
    -0.1799801141023636,
    -0.17962680757045746,
    -0.179489865899086,
    -0.17941340804100037,
    -0.1794542819261551,
    -0.00530098844319582,
    -0.005296215880662203,
    -0.005297807976603508,
    -0.005303259007632732,
    -0.0053119114600121975,
    -0.005323844496160746,
    -0.005339703522622585,
    -0.005401028785854578,
    -0.0053090122528374195,
    -0.005340047646313906,
    -0.00531760836020112,
    -0.0053144097328186035,
    -0.005322523880749941,
    -0.0053367312066257,
    -0.005342341493815184,
    -0.00531689403578639,
    -0.005290028173476458,
    -0.005293659865856171,
    -0.0053062234073877335,
    -0.005288910586386919,
    -0.005313319619745016,
    -0.0053412760607898235,
    -0.005337953567504883,
    -0.005323376040905714,
    -0.00531427189707756,
    -0.005315817426890135,
    -0.005337441340088844,
    -0.0053136772476136684,
    -0.00530662527307868,
    -0.0053409552201628685,
    -0.005324950907379389,
    -0.005312702152878046,
    -0.005303737707436085,
    -0.005297989118844271,
    -0.005296207498759031,
    -0.005302183795720339,
    0.17860330641269684,
    0.17861172556877136,
    0.1789226233959198,
    0.2133914977312088,
    0.5603442788124084,
    0.7790048718452454,
    0.21458491683006287,
    0.27469944953918457,
    0.3382667303085327,
    0.42600885033607483
  ],
  "sigma2": [
    0.002078496152535081,
    0.00044327526120468974,
    0.0005302763311192393,
    0.0009313360205851495,
    0.0004672494833357632,
    0.00040493972483091056,
    0.00038944807602092624,
    0.0003856644907500595,
    0.00041384182986803353,
    0.0003886509221047163,
    0.0003888171922881156,
    0.0003893091925419867,
    0.0003972220583818853,
    0.0003965479554608464,
    0.0003959289751946926,
    0.0003953914565499872,
    0.00039494995144195855,
    0.0003951937542296946,
    0.0004013656289316714,
    0.0004013752331957221,
    0.00040138824260793626,
    0.00040140526834875345,
    0.0004014268924947828,
    0.00040145544335246086,
    0.0004014917940367013,
    0.00040152951260097325,
    0.00039327910053543746,
    0.0003990860132034868,
    0.00040031305979937315,
    0.0004006516537629068,
    0.00040078998426906765,
    0.0004008645482826978,
    0.0004009102121926844,
    0.0004009377444162965,
    0.0004009538097307086,
    0.00040096029988490045,
    0.00040096050361171365,
    0.0004009553522337228,
    0.0004009404219686985,
    0.00040091463597491384,
    0.0004008715914096683,
    0.00040080203325487673,
    0.0004006751405540854,
    0.0004003755166195333,
    0.00039931616629473865,
    0.00039425244904123247,
    0.00039452360942959785,
    0.0004014954320155084,
    0.0004014579171780497,
    0.00040142881334759295,
    0.00040140660712495446,
    0.00040138920303434134,
    0.000401375989895314,
    0.0004013662110082805,
    0.0003731966717168689,
    0.0003732262412086129,
    0.00037436821730807424,
    0.00039964361349120736,
    0.0004848671378567815,
    0.0009865080937743187,
    0.00040273350896313787,
    0.00041825632797554135,
    0.0004221367707941681,
    0.0005215564742684364
  ],
  "pi": [
    0.9900000095367432,
    1.2434866221155971e-06,
    3.7258021166053368e-06,
    2.3016065824776888e-05,
    6.346485315589234e-05,
    0.00013087772822473198,
    0.0003594128938857466,
    0.0005639432929456234,
    0.00046482766629196703,
    0.00045902139390818775,
    0.00045338491327129304,
    0.00044510781299322844,
    0.00043242936953902245,
    0.0004321096639614552,
    0.0004337527498137206,
    0.00043643484241329134,
    0.000439383031334728,
    0.00043663891847245395,
    4.6951274157436274e-07,
    4.496190229019703e-07,
    4.2265844513167394e-07,
    3.874601475217787e-07,
    3.4185609365522396e-07,
    2.8293254672462353e-07,
    2.069134268367634e-07,
    1.2774765423273493e-07,
    1.4763185390620492e-05,
    5.20945059179212e-06,
    2.6414413696329575e-06,
    1.9319163584441412e-06,
    1.6594428871030686e-06,
    1.5236516901495634e-06,
    1.4429987231778796e-06,
    1.3912742815591628e-06,
    1.3604278592538321e-06,
    1.3479691460815957e-06,
    1.3474684692482697e-06,
    1.3578095376942656e-06,
    1.3861423440175713e-06,
    1.4347276646731189e-06,
    1.5103860278031789e-06,
    1.6359872461180203e-06,
    1.8830080534826266e-06,
    2.5098095193243353e-06,
    4.733999048767146e-06,
    1.3367744941206183e-05,
    1.1929641004826408e-05,
    1.9924854655073432e-07,
    2.772562197606021e-07,
    3.3772099072848505e-07,
    3.8454464856840787e-07,
    4.207107622278272e-07,
    4.484473379307019e-07,
    4.683511178882327e-07,
    0.0007674343069083989,
    0.0007668861653655767,
    0.0007543550455011427,
    0.0006754481582902372,
    1.1065343642258085e-05,
    6.482076059910469e-06,
    0.0007648385362699628,
    0.0004200481635052711,
    0.00011603499297052622,
    5.703897841158323e-05
  ],
  "J": 64
}