{
  "mu": [
    0.0,
    -1.1587598323822021,
    -0.8487322330474854,
    -0.5612769722938538,
    -0.4201871454715729,
    -0.34665241837501526,
    -0.2866048216819763,
    -0.2044789046049118,
    -0.2478351593017578,
    -0.2046011984348297,
    -0.2047400176525116,
    -0.20074686408042908,
    -0.17906609177589417,
    -0.17899580299854279,
    -0.17894324660301208,
    -0.1788998246192932,
    -0.1788635551929474,
    -0.17887037992477417,
    -0.005364617332816124,
    -0.005360532086342573,
    -0.005356831941753626,
    -0.005354319233447313,
    -0.005354440771043301,
    -0.005359206348657608,
    -0.005372491665184498,
    -0.005469073075801134,
    -0.005418038461357355,
    -0.005391683429479599,
    -0.005371352192014456,
    -0.0053698718547821045,
    -0.005374021362513304,
    -0.005385798402130604,
    -0.005406586453318596,
    -0.0054229022935032845,
    -0.005384496413171291,
    -0.005377889610826969,
    -0.005417911801487207,
    -0.005376067943871021,
    -0.005423473194241524,
    -0.005408818367868662,
    -0.005387348122894764,
    -0.005374534986913204,
    -0.005369811784476042,
    -0.005370494443923235,
    -0.005387297365814447,
    -0.0054182917810976505,
    -0.005418029613792896,
    -0.005373885855078697,
    -0.005359877832233906,
    -0.005354607943445444,
    -0.005354229360818863,
    -0.005356675013899803,
    -0.005360495764762163,
    -0.005365119781345129,
    0.17709895968437195,
    0.17711468040943146,
    0.17725148797035217,
    0.20680412650108337,
    0.555325448513031,
    0.7766733765602112,
    0.2138260006904602,
    0.2683108448982239,
    0.3313860595226288,
    0.42133697867393494
  ],
  "sigma2": [
    0.0021072980016469955,
    0.00044065358815714717,
    0.0005377816269174218,
    0.000980186858214438,
    0.0004795668355654925,
    0.0004113293543923646,
    0.000399438024032861,
    0.00039409834425896406,
    0.0003963687049690634,
    0.0003955142165068537,
    0.0003955744032282382,
    0.00040053072734735906,
    0.0003968543896917254,
    0.0003962878545280546,
    0.0003957842127420008,
    0.00039535772521048784,
    0.0003950023092329502,
    0.0003950857790187001,
    0.000401300989324227,
    0.00040131472633220255,
    0.00040133579750545323,
    0.00040135913877747953,
    0.00040138803888112307,
    0.0004014221194665879,
    0.000401467113988474,
    0.00040151382563635707,
    0.00039217554149217904,
    0.0003996022860519588,
    0.0004006371309515089,
    0.00040089263347908854,
    0.0004010216798633337,
    0.0004011109995190054,
    0.0004011754645034671,
    0.0004012190911453217,
    0.0004012429853901267,
    0.00040125084342435,
    0.0004012511926703155,
    0.00040124449878931046,
    0.0004012232820969075,
    0.00040118215838447213,
    0.0004011190321762115,
    0.00040103335049934685,
    0.0004009104159194976,
    0.00040067840018309653,
    0.00039981305599212646,
    0.00039349219878204167,
    0.0003923442563973367,
    0.0004014714795630425,
    0.000401425757445395,
    0.00040138958138413727,
    0.00040136181632988155,
    0.00040133713628165424,
    0.0004013156867586076,
    0.00040130209526978433,
    0.00036276484024710953,
    0.00036288300179876387,
    0.00036390655441209674,
    0.00040241621900349855,
    0.0005041197873651981,
    0.0009736550855450332,
    0.00040202069794759154,
    0.0004131515743210912,
    0.0004204860015306622,
    0.0005400841473601758
  ],
  "pi": [
    0.9900000095367432,
    1.2598187595358468e-06,
    3.820685378741473e-06,
    2.4153168851626106e-05,
    6.626557296840474e-05,
    0.000129416846903041,
    0.0003588033141568303,
    0.0005420516827143729,
    0.0005137840053066611,
    0.00044593270285986364,
    0.00044097486534155905,
    0.00043378755799494684,
    0.00043296473450027406,
    0.0004326662456151098,
    0.0004342873580753803,
    0.0004369350790511817,
    0.00043985864613205194,
    0.00043726951116696,
    6.167896913211734e-07,
    5.912188498768955e-07,
    5.560999625231489e-07,
    5.100196744933783e-07,
    4.50116971251191e-07,
    3.7251973594720766e-07,
    2.722331373661291e-07,
    1.6778916744897288e-07,
    1.951551530510187e-05,
    6.8707731770700775e-06,
    3.47963259628159e-06,
    2.543244590924587e-06,
    2.1834521248820238e-06,
    2.003988356591435e-06,
    1.8973472606376163e-06,
    1.8289832723894506e-06,
    1.7882470046970411e-06,
    1.7718070921546314e-06,
    1.7711458895064425e-06,
    1.7847910385171417e-06,
    1.822207195800729e-06,
    1.886420704977354e-06,
    1.986458983083139e-06,
    2.152484967155033e-06,
    2.4787120764813153e-06,
    3.3059563975257333e-06,
    6.2427034208667465e-06,
    1.7667003703536466e-05,
    1.5788278687978163e-05,
    2.621031001126539e-07,
    3.6502581224340247e-07,
    4.44658326159697e-07,
    5.061710908194073e-07,
    5.535208060791774e-07,
    5.896352490708523e-07,
    6.150439730845392e-07,
    0.0007572825998067856,
    0.000756563211325556,
    0.0007448021206073463,
    0.0006724931299686432,
    1.197350775328232e-05,
    6.7365149334364105e-06,
    0.0007555654738098383,
    0.00042658980237320065,
    0.00012541744217742234,
    6.07016627327539e-05
  ],
  "J": 64
}