{
  "mu": [
    0.0,
    -1.2609323263168335,
    -1.224462866783142,
    -1.1879932880401611,
    -1.1515238285064697,
    -1.1150543689727783,
    -1.078584909439087,
    -1.0421154499053955,
    -1.0056458711624146,
    -0.9691764116287231,
    -0.9327069520950317,
    -0.8962374329566956,
    -0.8597679138183594,
    -0.823298454284668,
    -0.7868289947509766,
    -0.7503594756126404,
    -0.7138899564743042,
    -0.6774204969406128,
    -0.6409510374069214,
    -0.6044815182685852,
    -0.568011999130249,
    -0.5315425395965576,
    -0.4950730502605438,
    -0.45860356092453003,
    -0.42213407158851624,
    -0.38566458225250244,
    -0.34919509291648865,
    -0.31272560358047485,
    -0.27625611424446106,
    -0.23978662490844727,
    -0.20331713557243347,
    -0.16684764623641968,
    -0.13037821650505066,
    -0.09390872716903687,
    -0.05743923783302307,
    -0.020969748497009277,
    0.015499740839004517,
    0.05196923017501831,
    0.0884387195110321,
    0.1249082088470459,
    0.1613776981830597,
    0.1978471875190735,
    0.23431667685508728,
    0.2707861661911011,
    0.30725565552711487,
    0.34372514486312866,
    0.38019463419914246,
    0.41666412353515625,
    0.45313361287117004,
    0.48960310220718384,
    0.52607262134552,
    0.5625420808792114,
    0.5990115404129028,
    0.635481059551239,
    0.6719505786895752,
    0.7084200382232666,
    0.744889497756958,
    0.7813590168952942,
    0.8178285360336304,
    0.8542979955673218,
    0.8907674551010132,
    0.9272369742393494,
    0.9637064933776855,
    1.000175952911377
  ],
  "sigma2": [
    0.0625,
    0.0625,
    0.0625,
    0.0625,
    0.0625,
    0.0625,
    0.0625,
    0.0625,
    0.0625,
    0.0625,
    0.0625,
    0.0625,
    0.0625,
    0.0625,
    0.0625,
    0.0625,
    0.0625,
    0.0625,
    0.0625,
    0.0625,
    0.0625,
    0.0625,
    0.0625,
    0.0625,
    0.0625,
    0.0625,
    0.0625,
    0.0625,
    0.0625,
    0.0625,
    0.0625,
    0.0625,
    0.0625,
    0.0625,
    0.0625,
    0.0625,
    0.0625,
    0.0625,
    0.0625,
    0.0625,
    0.0625,
    0.0625,
    0.0625,
    0.0625,
    0.0625,
    0.0625,
    0.0625,
    0.0625,
    0.0625,
    0.0625,
    0.0625,
    0.0625,
    0.0625,
    0.0625,
    0.0625,
    0.0625,
    0.0625,
    0.0625,
    0.0625,
    0.0625,
    0.0625,
    0.0625,
    0.0625,
    0.0625
  ],
  "pi": [
    0.9900000095367432,
    0.00015873016673140228,
    0.00015873016673140228,
    0.00015873016673140228,
    0.00015873016673140228,
    0.00015873016673140228,
    0.00015873016673140228,
    0.00015873016673140228,
    0.00015873016673140228,
    0.00015873016673140228,
    0.00015873016673140228,
    0.00015873016673140228,
    0.00015873016673140228,
    0.00015873016673140228,
    0.00015873016673140228,
    0.00015873016673140228,
    0.00015873016673140228,
    0.00015873016673140228,
    0.00015873016673140228,
    0.00015873016673140228,
    0.00015873016673140228,
    0.00015873016673140228,
    0.00015873016673140228,
    0.00015873016673140228,
    0.00015873016673140228,
    0.00015873016673140228,
    0.00015873016673140228,
    0.00015873016673140228,
    0.00015873016673140228,
    0.00015873016673140228,
    0.00015873016673140228,
    0.00015873016673140228,
    0.00015873016673140228,
    0.00015873016673140228,
    0.00015873016673140228,
    0.00015873016673140228,
    0.00015873016673140228,
    0.00015873016673140228,
    0.00015873016673140228,
    0.00015873016673140228,
    0.00015873016673140228,
    0.00015873016673140228,
    0.00015873016673140228,
    0.00015873016673140228,
    0.00015873016673140228,
    0.00015873016673140228,
    0.00015873016673140228,
    0.00015873016673140228,
    0.00015873016673140228,
    0.00015873016673140228,
    0.00015873016673140228,
    0.00015873016673140228,
    0.00015873016673140228,
    0.00015873016673140228,
    0.00015873016673140228,
    0.00015873016673140228,
    0.00015873016673140228,
    0.00015873016673140228,
    0.00015873016673140228,
    0.00015873016673140228,
    0.00015873016673140228,
    0.00015873016673140228,
    0.00015873016673140228,
    0.00015873016673140228
  ],
  "J": 64
}