{
  "mu": [
    0.0,
    -1.1386065483093262,
    -0.8354321122169495,
    -0.5466327667236328,
    -0.39934951066970825,
    -0.32174232602119446,
    -0.2640845477581024,
    -0.21704043447971344,
    -0.22140099108219147,
    -0.17862699925899506,
    -0.17727543413639069,
    -0.17715781927108765,
    -0.1770276427268982,
    -0.17686399817466736,
    -0.17665059864521027,
    -0.17639151215553284,
    -0.1760919839143753,
    -0.17581403255462646,
    -0.006292599253356457,
    -0.006305537186563015,
    -0.006312491372227669,
    -0.006317859515547752,
    -0.00632424047216773,
    -0.006335271522402763,
    -0.006358861457556486,
    -0.006509683560580015,
    -0.006211692467331886,
    -0.006230989005416632,
    -0.0062700905837118626,
    -0.006275269202888012,
    -0.006264040246605873,
    -0.006242065690457821,
    -0.0062218825332820415,
    -0.006221316289156675,
    -0.006193303968757391,
    -0.0061564939096570015,
    -0.00615057535469532,
    -0.006190883461385965,
    -0.006219581235200167,
    -0.006221101153641939,
    -0.0062398407608270645,
    -0.006262834649533033,
    -0.006275496911257505,
    -0.006272728554904461,
    -0.006236765068024397,
    -0.006216039415448904,
    -0.006206193007528782,
    -0.00636138254776597,
    -0.006336558144539595,
    -0.0063248733058571815,
    -0.006318237166851759,
    -0.006312774959951639,
    -0.006305645685642958,
    -0.006290554068982601,
    0.1740446239709854,
    0.1748553067445755,
    0.17602023482322693,
    0.17829738557338715,
    0.5456108450889587,
    0.7682461142539978,
    0.20598725974559784,
    0.24263036251068115,
    0.3111625909805298,
    0.40815702080726624
  ],
  "sigma2": [
    0.0022800646256655455,
    0.00047459013876505196,
    0.000566588481888175,
    0.0009822816355153918,
    0.0005763886729255319,
    0.00047861470375210047,
    0.0004125556442886591,
    0.00040021611494012177,
    0.0004030032141599804,
    0.00040534636355005205,
    0.0003964299685321748,
    0.0003956917207688093,
    0.0003948793455492705,
    0.000393858237657696,
    0.000392521993489936,
    0.00039088790072128177,
    0.000388979067793116,
    0.00038717041024938226,
    0.0004046513349749148,
    0.00040424769395031035,
    0.0004039132036268711,
    0.000403702724725008,
    0.00040365965105593204,
    0.00040383002487942576,
    0.0004042413202114403,
    0.0004050285497214645,
    0.00041173945646733046,
    0.0004537385539151728,
    0.0004572662874124944,
    0.00045628417865373194,
    0.00045714201405644417,
    0.0004588841984514147,
    0.0004605629073921591,
    0.0004617047670762986,
    0.0004622371925506741,
    0.0004623637069016695,
    0.0004623663844540715,
    0.00046227045822888613,
    0.000461793941212818,
    0.000460705254226923,
    0.000459038041299209,
    0.00045721593778580427,
    0.0004561412788461894,
    0.0004568946606013924,
    0.0004548400465864688,
    0.0004173021006863564,
    0.0003867237246595323,
    0.0004042742948513478,
    0.0004038371262140572,
    0.0004036448081023991,
    0.00040366905159316957,
    0.0004038677434436977,
    0.00040419332799501717,
    0.0004045876848977059,
    0.00037239445373415947,
    0.00037696544313803315,
    0.0003824193263426423,
    0.0003895609697792679,
    0.0005653444095514715,
    0.0010312274098396301,
    0.00038460741052404046,
    0.0004636563826352358,
    0.0004988863365724683,
    0.0006417389959096909
  ],
  "pi": [
    0.9900000095367432,
    1.766106265677081e-06,
    4.342733973317081e-06,
    2.9238597562653013e-05,
    8.67513008415699e-05,
    0.00018148956587538123,
    0.0004632739000953734,
    0.0004923006636090577,
    0.0004621894040610641,
    0.0004205265431664884,
    0.0004210731713101268,
    0.000420756550738588,
    0.0004199831746518612,
    0.0004197880916763097,
    0.00042127378401346505,
    0.0004236858512740582,
    0.0004263825248926878,
    0.00042437767842784524,
    2.154790990971378e-06,
    2.0819682049477706e-06,
    1.968862761714263e-06,
    1.8139102166969678e-06,
    1.606705154699739e-06,
    1.3325690133569879e-06,
    9.728979648571112e-07,
    5.9805864793816e-07,
    7.123968680389225e-05,
    2.46848285314627e-05,
    1.2385706213535741e-05,
    9.00635222933488e-06,
    7.703397386649158e-06,
    7.0497230808541644e-06,
    6.660283816017909e-06,
    6.411341928469483e-06,
    6.263952855078969e-06,
    6.204883447935572e-06,
    6.20252285443712e-06,
    6.251527793210698e-06,
    6.386827863025246e-06,
    6.6206252995471004e-06,
    6.98612529959064e-06,
    7.591504072479438e-06,
    8.774037269176915e-06,
    1.1760143934225198e-05,
    2.240082721982617e-05,
    6.440046126954257e-05,
    5.8083285694010556e-05,
    9.360203421238111e-07,
    1.3054717555860407e-06,
    1.5870622291913605e-06,
    1.8000433783527114e-06,
    1.9592969238146907e-06,
    2.075194970529992e-06,
    2.142648554581683e-06,
    0.0006547453813254833,
    0.0006548897945322096,
    0.000647906621452421,
    0.0006394768133759499,
    1.485208031226648e-05,
    7.68687004892854e-06,
    0.0006609847187064588,
    0.0005515344091691077,
    0.00018517313583288342,
    7.614672358613461e-05
  ],
  "J": 64
}