{
  "mu": [
    0.0,
    -1.197160243988037,
    -0.87837153673172,
    -0.6208196878433228,
    -0.5005133152008057,
    -0.4246481955051422,
    -0.3585450351238251,
    -0.239018976688385,
    -0.310112327337265,
    -0.23833642899990082,
    -0.23829500377178192,
    -0.23823769390583038,
    -0.23809532821178436,
    -0.19252724945545197,
    -0.19248543679714203,
    -0.17025825381278992,
    -0.1700739711523056,
    -0.17033296823501587,
    -0.003854550654068589,
    -0.0038502104580402374,
    -0.003844678867608309,
    -0.0038389188703149557,
    -0.0038333903066813946,
    -0.0038286037743091583,
    -0.003825320163741708,
    -0.003830759786069393,
    -0.0038469797000288963,
    -0.0038327223155647516,
    -0.0038535736966878176,
    -0.0038543075788766146,
    -0.003851165296509862,
    -0.00383862666785717,
    -0.003816304262727499,
    -0.003830165835097432,
    -0.003954670391976833,
    -0.004014669451862574,
    -0.004006342496722937,
    -0.00397143792361021,
    -0.0038385698571801186,
    -0.0038145561702549458,
    -0.003836858319118619,
    -0.003850682405754924,
    -0.0038543278351426125,
    -0.0038540668319910765,
    -0.0038379316683858633,
    -0.003833819180727005,
    -0.0038589860778301954,
    -0.003825219115242362,
    -0.003828283865004778,
    -0.003832995891571045,
    -0.0038385463412851095,
    -0.0038444192614406347,
    -0.003850177163258195,
    -0.003854780923575163,
    0.18609832227230072,
    0.1641600877046585,
    0.240565687417984,
    0.2544386386871338,
    0.5737907290458679,
    0.7917711138725281,
    0.2076587677001953,
    0.3379756510257721,
    0.4131168723106384,
    0.47730982303619385
  ],
  "sigma2": [
    0.0016954290913417935,
    0.0004066205583512783,
    0.0004893975565209985,
    0.000654245144687593,
    0.00047319295117631555,
    0.0004328653740230948,
    0.0004185914876870811,
    0.0003537409647833556,
    0.00041212208452634513,
    0.0003722898836713284,
    0.00037340441485866904,
    0.0003749345487449318,
    0.0003786845481954515,
    0.00039350363658741117,
    0.00039396435022354126,
    0.00037350234924815595,
    0.00037239977973513305,
    0.00037395249819383025,
    0.0004015741287730634,
    0.00040157526382245123,
    0.0004015766317024827,
    0.00040157834882847965,
    0.00040158064803108573,
    0.0004015835002064705,
    0.0004015871381852776,
    0.0004015911545138806,
    0.0004008588148280978,
    0.000401338649680838,
    0.0004014672595076263,
    0.0004015019512735307,
    0.0004015151353087276,
    0.0004015214799437672,
    0.0004015254962723702,
    0.00040152797009795904,
    0.00040152951260097325,
    0.00040152992005459964,
    0.00040152992005459964,
    0.00040152951260097325,
    0.00040152797009795904,
    0.0004015256999991834,
    0.0004015224112663418,
    0.0004015162994619459,
    0.00040150422137230635,
    0.00040147360414266586,
    0.0004013623984064907,
    0.0004009297408629209,
    0.00040100771002471447,
    0.000401587545638904,
    0.0004015839076600969,
    0.0004015808517578989,
    0.0004015785234514624,
    0.00040157680632546544,
    0.00040157526382245123,
    0.0004015741287730634,
    0.00040415130206383765,
    0.0002988915366586298,
    0.00039562478195875883,
    0.00042116164695471525,
    0.00041322701144963503,
    0.0009402380092069507,
    0.00039841863326728344,
    0.00043043907498940825,
    0.0004028047842439264,
    0.0004151781613472849
  ],
  "pi": [
    0.9900000095367432,
    1.0791288787004305e-06,
    2.969356728499406e-06,
    1.1879058547492605e-05,
    2.9959443054394796e-05,
    7.961059600347653e-05,
    0.00018306107085663825,
    0.0007860622135922313,
    0.00038478444912470877,
    0.0005168250063434243,
    0.0004996267380192876,
    0.0004755372938234359,
    0.0004151111061219126,
    0.00041697671986185014,
    0.00039932093932293355,
    0.00042016393854282796,
    0.00042679274338297546,
    0.0004171781474724412,
    3.503076229094404e-08,
    3.3481235561794165e-08,
    3.148524285734311e-08,
    2.8929729722904085e-08,
    2.5661089253503633e-08,
    2.1474898304063572e-08,
    1.610013100616925e-08,
    1.0471679523504918e-08,
    1.0297015933247167e-06,
    3.679269866552204e-07,
    1.8823382674781897e-07,
    1.3845424007286056e-07,
    1.1938278987599915e-07,
    1.099127331372074e-07,
    1.0429885577423192e-07,
    1.0069158662417976e-07,
    9.853434335127531e-08,
    9.765741282308227e-08,
    9.762202068941406e-08,
    9.835062542151718e-08,
    1.003327980697577e-07,
    1.0372018266480154e-07,
    1.0898504143597165e-07,
    1.1773723684882498e-07,
    1.350185954152039e-07,
    1.7898693727147474e-07,
    3.3470746529928874e-07,
    9.334568176200264e-07,
    8.28550355436164e-07,
    1.5560971178274485e-08,
    2.10750865647924e-08,
    2.5369578438017015e-08,
    2.8725354539460568e-08,
    3.13515791106056e-08,
    3.340746346225387e-08,
    3.499636491710589e-08,
    0.000495778804179281,
    0.0009169355034828186,
    0.0005397381610237062,
    0.000987598323263228,
    7.764805559418164e-06,
    4.966151664120844e-06,
    0.0012140977196395397,
    0.00028183223912492394,
    4.8664889618521556e-05,
    2.9899683795520104e-05
  ],
  "J": 64
}