{
  "mu": [
    0.0,
    -0.6728959083557129,
    -0.5115916728973389,
    -0.3537241220474243,
    -0.12015413492918015,
    -0.05940994620323181,
    0.13369135558605194,
    0.4046720266342163,
    0.5503619313240051
  ],
  "sigma2": [
    2.0094959836569615e-05,
    0.0008918411331251264,
    0.0006111979018896818,
    0.0006261504604481161,
    0.002932368079200387,
    0.0003999869804829359,
    0.0069776964373886585,
    0.0004488097911234945,
    0.00041007008985616267
  ],
  "pi": [
    0.9990000128746033,
    5.558566499530571e-06,
    1.895214882097207e-05,
    0.00011153759260196239,
    0.00030312329181469977,
    1.953062849224807e-07,
    0.0005260411999188364,
    2.8653701519942842e-05,
    5.938208687439328e-06
  ],
  "J": 9
}