{
  "mu": [
    0.0,
    -0.716254711151123,
    -0.5805253386497498,
    -0.35739800333976746,
    -0.09847600013017654,
    0.00222188513725996,
    0.21947963535785675,
    0.4538766145706177,
    0.6467319130897522
  ],
  "sigma2": [
    0.016725890338420868,
    0.015327549539506435,
    0.01514372043311596,
    0.015339306555688381,
    0.015409009531140327,
    0.014926373958587646,
    0.015472115017473698,
    0.015263826586306095,
    0.015328098088502884
  ],
  "pi": [
    0.9990000128746033,
    5.644871271215379e-05,
    7.664899749215692e-05,
    2.8905571525683627e-05,
    0.00027783788391388953,
    0.0004368842055555433,
    5.763633453170769e-05,
    3.070431193918921e-05,
    3.4933964343508705e-05
  ],
  "J": 9
}