{
  "mu": [
    0.0,
    -0.6878055334091187,
    -0.5200104713439941,
    -0.35888350009918213,
    -0.1642187535762787,
    -0.07578049600124359,
    0.14270494878292084,
    0.4122737646102905,
    0.5600636005401611
  ],
  "sigma2": [
    1.5867068213992752e-05,
    0.0009602929349057376,
    0.000575780519284308,
    0.0007215702207759023,
    0.0014150820206850767,
    0.0004492977459449321,
    0.006229392718523741,
    0.0004664974403567612,
    0.0004165800055488944
  ],
  "pi": [
    0.9990000128746033,
    5.603250883723376e-06,
    1.891643478302285e-05,
    0.00011288090900052339,
    0.00016928506374824792,
    0.00014314812142401934,
    0.0005137175903655589,
    3.0546394555130973e-05,
    5.902239536226261e-06
  ],
  "J": 9
}