{
  "mu": [
    0.0,
    -0.7093613743782043,
    -0.5317518711090088,
    -0.3658970296382904,
    -0.1739402711391449,
    -0.08193399012088776,
    0.149587944149971,
    0.42242470383644104,
    0.5734303593635559
  ],
  "sigma2": [
    1.5650013665435836e-05,
    0.0009748132433742285,
    0.0004973398754373193,
    0.0006306914729066193,
    0.001204123953357339,
    0.0003785827138926834,
    0.005900177173316479,
    0.0003634379827417433,
    0.0003774422511924058
  ],
  "pi": [
    0.9990000128746033,
    5.538186542253243e-06,
    1.9104601960862055e-05,
    0.00011333329894114286,
    0.00016219360986724496,
    0.00015361650730483234,
    0.0005085275042802095,
    3.182603541063145e-05,
    5.860298188054003e-06
  ],
  "J": 9
}