{
  "mu": [
    0.0,
    -0.76292884349823,
    -0.5598396062850952,
    -0.3854508101940155,
    -0.19589364528656006,
    -0.09216643869876862,
    0.15776990354061127,
    0.44339463114738464,
    0.5973867774009705
  ],
  "sigma2": [
    5.266434163786471e-05,
    0.0007018872420303524,
    0.0003529239911586046,
    0.00023072087788023055,
    0.0004281392612028867,
    0.0002173650573240593,
    0.005457544233649969,
    0.0002919510006904602,
    0.0003777730162255466
  ],
  "pi": [
    0.9990000128746033,
    5.4945940064499155e-06,
    1.874678855529055e-05,
    0.00011084858851972967,
    0.00014837678463663906,
    0.0001748875220073387,
    0.0005038515664637089,
    3.204471795470454e-05,
    5.749499905505218e-06
  ],
  "J": 9
}