{
  "mu": [
    0.0,
    -0.7496461868286133,
    -0.5511409640312195,
    -0.3796836733818054,
    -0.19133178889751434,
    -0.08889622986316681,
    0.15610474348068237,
    0.44036439061164856,
    0.5933827757835388
  ],
  "sigma2": [
    1.5624185834894888e-05,
    0.0007438093889504671,
    0.00030335350311361253,
    0.0001410582335665822,
    0.0004825143550988287,
    0.00014171448128763586,
    0.005606884136795998,
    0.00021436218230519444,
    0.0003514738054946065
  ],
  "pi": [
    0.9990000128746033,
    5.486727786774281e-06,
    1.8720053049037233e-05,
    0.00011069211905123666,
    0.00014860699593555182,
    0.00017322925850749016,
    0.0005055806250311434,
    3.194291639374569e-05,
    5.741290351579664e-06
  ],
  "J": 9
}