{
  "mu": [
    0.0,
    -0.7700763940811157,
    -0.5632591843605042,
    -0.38682010769844055,
    -0.19675199687480927,
    -0.09162770211696625,
    0.15935419499874115,
    0.4480796158313751,
    0.6006898283958435
  ],
  "sigma2": [
    1.5623410945408978e-05,
    0.0006152967107482255,
    0.0002757188631221652,
    8.78454593475908e-05,
    0.0002252380654681474,
    7.288083725143224e-05,
    0.005388152785599232,
    0.0001986574352486059,
    0.0003456122940406203
  ],
  "pi": [
    0.9990000128746033,
    5.47209674550686e-06,
    1.8669761630007997e-05,
    0.00011039507808163762,
    0.00014799962809775025,
    0.00017409968131687492,
    0.0005056626978330314,
    3.19752398354467e-05,
    5.725899427488912e-06
  ],
  "J": 9
}