{
  "mu": [
    0.0,
    -0.8007533550262451,
    -0.5829861164093018,
    -0.40133848786354065,
    -0.20905105769634247,
    -0.09722598642110825,
    0.16239261627197266,
    0.46033522486686707,
    0.6125717163085938
  ],
  "sigma2": [
    5.286899977363646e-05,
    0.0004325645277276635,
    0.0003370958147570491,
    0.0002589899522718042,
    0.00023389111447613686,
    0.0002362916129641235,
    0.005102509632706642,
    0.00028249729075469077,
    0.0003621193172875792
  ],
  "pi": [
    0.9990000128746033,
    5.419475201051682e-06,
    1.8490260117687285e-05,
    0.00010933230078080669,
    0.00014638311404269189,
    0.00017517204105388373,
    0.0005077118403278291,
    3.182018190273084e-05,
    5.670864538842579e-06
  ],
  "J": 9
}