{
  "mu": [
    0.0,
    -0.7512615323066711,
    -0.5516579151153564,
    -0.3796842694282532,
    -0.1912478655576706,
    -0.08873102068901062,
    0.1568315029144287,
    0.4409799575805664,
    0.5941895842552185
  ],
  "sigma2": [
    1.563363548484631e-05,
    0.0007164074340835214,
    0.00028884701896458864,
    0.0001117456704378128,
    0.0004048868140671402,
    0.00010327868221793324,
    0.005465391092002392,
    0.0002024224668275565,
    0.00034660022356547415
  ],
  "pi": [
    0.9990000128746033,
    5.48920479559456e-06,
    1.8728129361988977e-05,
    0.00011074016219936311,
    0.00014864209515508264,
    0.00017370458226650953,
    0.0005049504688940942,
    3.20015569741372e-05,
    5.743795099988347e-06
  ],
  "J": 9
}