{
  "mu": [
    0.0,
    -0.6329483985900879,
    -0.48433324694633484,
    -0.3274400234222412,
    -0.1577862650156021,
    -0.00043627340346574783,
    0.19698157906532288,
    0.365852415561676,
    0.5126857757568359
  ],
  "sigma2": [
    0.0009129788377322257,
    0.00044280054862610996,
    0.0004339507722761482,
    0.0003167801769450307,
    0.00045891941408626735,
    0.0004016017192043364,
    0.0026505333371460438,
    0.00025997532065957785,
    0.0003743956913240254
  ],
  "pi": [
    0.9990000128746033,
    1.0386337635281961e-05,
    4.15622052969411e-05,
    0.0002436787763144821,
    0.0002093934454023838,
    1.9499546866086348e-08,
    0.00042119022691622376,
    6.0548274632310495e-05,
    1.3221216249803547e-05
  ],
  "J": 9
}