{
  "mu": [
    0.0,
    -0.6461801528930664,
    -0.4947504699230194,
    -0.33687278628349304,
    -0.1361580640077591,
    -0.004803833551704884,
    0.1591753214597702,
    0.3804725110530853,
    0.5266676545143127
  ],
  "sigma2": [
    0.0002751310239546001,
    0.0005938178510405123,
    0.00046098322491161525,
    0.0002576633123680949,
    0.0012925956398248672,
    0.0004016126040369272,
    0.0042226663790643215,
    0.0002733129367697984,
    0.0003687735297717154
  ],
  "pi": [
    0.9990000128746033,
    7.189245025074342e-06,
    2.7023159418604337e-05,
    0.00015670532593503594,
    0.0002624890475999564,
    2.616931782384313e-09,
    0.0004980067606084049,
    4.005750815849751e-05,
    8.526418241672218e-06
  ],
  "J": 9
}