{
  "mu": [
    0.0,
    -0.6616338491439819,
    -0.5054399967193604,
    -0.34797975420951843,
    -0.11616412550210953,
    -0.05580157786607742,
    0.12708072364330292,
    0.39542314410209656,
    0.5425258278846741
  ],
  "sigma2": [
    5.1147577323717996e-05,
    0.0007430571131408215,
    0.0005660025053657591,
    0.0004418826138135046,
    0.0027646124362945557,
    0.00040145523962564766,
    0.007161328569054604,
    0.000364407169399783,
    0.0004005131486337632
  ],
  "pi": [
    0.9990000128746033,
    5.496718586073257e-06,
    1.9456221707514487e-05,
    0.00011284841457381845,
    0.00029364178772084415,
    5.51401235782123e-09,
    0.0005341977812349796,
    2.8292335628066212e-05,
    6.061283329472644e-06
  ],
  "J": 9
}