{
  "mu": [
    0.0,
    -0.806037962436676,
    -0.5839374661445618,
    -0.4007071554660797,
    -0.20808392763137817,
    -0.09604022651910782,
    0.16376835107803345,
    0.4625973701477051,
    0.6147407293319702
  ],
  "sigma2": [
    1.5635141608072445e-05,
    0.0003804149164352566,
    0.0002450260508339852,
    7.689731864957139e-05,
    6.193969602463767e-05,
    5.4642157920170575e-05,
    0.00478363037109375,
    0.0001869712577899918,
    0.00033604155760258436
  ],
  "pi": [
    0.9990000128746033,
    5.406155196396867e-06,
    1.844501639425289e-05,
    0.0001090646255761385,
    0.0001460244384361431,
    0.00017470918828621507,
    0.0005088712205179036,
    3.1822510209167376e-05,
    5.656898792949505e-06
  ],
  "J": 9
}