{
  "mu": [
    0.0,
    -0.6187404990196228,
    -0.4787798821926117,
    -0.3197576701641083,
    -0.09920810908079147,
    -0.0004702439473476261,
    0.2391081303358078,
    0.3551648259162903,
    0.5015980005264282
  ],
  "sigma2": [
    0.0016067071119323373,
    0.00040449219522997737,
    0.00037028820952400565,
    0.00044025745592080057,
    0.0004016177845187485,
    0.00040160075877793133,
    0.0007660899427719414,
    0.00024576441501267254,
    0.00036364168045111
  ],
  "pi": [
    0.9990000128746033,
    1.7801692592911422e-05,
    6.952767580514774e-05,
    0.00042438015225343406,
    9.649049559357081e-09,
    1.5572352296544523e-08,
    0.000357543962309137,
    0.00010787610517581925,
    2.2845248167868704e-05
  ],
  "J": 9
}