{
  "mu": [
    0.0,
    -0.6168050169944763,
    -0.4784140884876251,
    -0.3190422058105469,
    -0.08717074990272522,
    -0.0005838137003593147,
    0.2404794692993164,
    0.3535338342189789,
    0.5005180239677429
  ],
  "sigma2": [
    0.0016930426936596632,
    0.000409457745263353,
    0.0003736347134690732,
    0.0004819716850761324,
    0.00040161071228794754,
    0.00040159979835152626,
    0.0006928168004378676,
    0.0002605270710773766,
    0.0003647642442956567
  ],
  "pi": [
    0.9990000128746033,
    1.799704841687344e-05,
    7.015178562141955e-05,
    0.00043075400753878057,
    1.1938107391529229e-08,
    1.958856898909289e-08,
    0.0003484355693217367,
    0.00010946005204459652,
    2.317003600182943e-05
  ],
  "J": 9
}