{
  "mu": [
    0.0,
    -0.8073838353157043,
    -0.5842747688293457,
    -0.4008190631866455,
    -0.20810386538505554,
    -0.0959051251411438,
    0.16466006636619568,
    0.4632543921470642,
    0.6155666708946228
  ],
  "sigma2": [
    1.565011916682124e-05,
    0.00037158504710532725,
    0.00024008592299651355,
    7.572701724711806e-05,
    5.977072214591317e-05,
    5.1536047976696864e-05,
    0.004577654413878918,
    0.0001827596133807674,
    0.00033356447238475084
  ],
  "pi": [
    0.9990000128746033,
    5.414150564320153e-06,
    1.8472288502380252e-05,
    0.00010922674846369773,
    0.00014624172763433307,
    0.000174986882484518,
    0.0005081178387627006,
    3.187515903846361e-05,
    5.665267508447869e-06
  ],
  "J": 9
}