{
  "mu": [
    0.0,
    -0.7297472357749939,
    -0.5420558452606201,
    -0.37312543392181396,
    -0.18418653309345245,
    -0.08560847491025925,
    0.15403348207473755,
    0.43255719542503357,
    0.583763062953949
  ],
  "sigma2": [
    1.5651521607651375e-05,
    0.0008667658548802137,
    0.0003689626173581928,
    0.00030821969266980886,
    0.0007548315916210413,
    0.00026707968208938837,
    0.005624839104712009,
    0.00023659603903070092,
    0.0003543943166732788
  ],
  "pi": [
    0.9990000128746033,
    5.548097760765813e-06,
    1.8918921341537498e-05,
    0.0001118463187594898,
    0.0001521583617432043,
    0.00016894962755031884,
    0.0005047668237239122,
    3.200900027877651e-05,
    5.802944997412851e-06
  ],
  "J": 9
}