{
  "mu": [
    0.0,
    -0.5926337242126465,
    -0.44981521368026733,
    -0.3087635338306427,
    -0.06657431274652481,
    -0.00025849047233350575,
    0.2646481990814209,
    0.3147583603858948,
    0.4666192829608917
  ],
  "sigma2": [
    0.004307624883949757,
    0.0007216917583718896,
    0.0008294438011944294,
    0.0010507263941690326,
    0.00041588969179429114,
    0.0004187418380752206,
    0.00041044552926905453,
    0.0008403927204199135,
    0.0007472117431461811
  ],
  "pi": [
    0.9990000128746033,
    2.733164183155168e-05,
    0.00011952372005907819,
    0.000570258591324091,
    1.1377902637832449e-06,
    2.01478155759105e-06,
    5.028690338804154e-06,
    0.0002362723753321916,
    3.843242666334845e-05
  ],
  "J": 9
}