{
  "mu": [
    0.0,
    -0.6000284552574158,
    -0.4615347385406494,
    -0.3061569631099701,
    -0.06803794205188751,
    -0.0003103252383880317,
    0.24960161745548248,
    0.3357952833175659,
    0.48011133074760437
  ],
  "sigma2": [
    0.0028587335254997015,
    0.00042888609459623694,
    0.00036921040737070143,
    0.0008238513255491853,
    0.00040161472861655056,
    0.0004015477024950087,
    0.00041736496496014297,
    0.0003268866566941142,
    0.00042900285916402936
  ],
  "pi": [
    0.9990000128746033,
    2.0287638108129613e-05,
    8.134466042974964e-05,
    0.0004886584938503802,
    1.2427261708580772e-07,
    2.1754262036211003e-07,
    0.00025274683139286935,
    0.00012955855345353484,
    2.70620257651899e-05
  ],
  "J": 9
}