{
  "mu": [
    0.0,
    -0.6014046669006348,
    -0.4616449177265167,
    -0.30794382095336914,
    -0.06737121939659119,
    -0.0005326265236362815,
    0.25548672676086426,
    0.3343462347984314,
    0.4783773124217987
  ],
  "sigma2": [
    0.003271609777584672,
    0.0004839914618059993,
    0.0004532710008788854,
    0.0009799617109820247,
    0.00040162025834433734,
    0.00040149944834411144,
    0.0004171912732999772,
    0.0004253902588970959,
    0.0004819293972104788
  ],
  "pi": [
    0.9990000128746033,
    2.155484071408864e-05,
    8.663431799504906e-05,
    0.0005099216941744089,
    2.411664183910034e-07,
    4.2528841959210695e-07,
    0.00021357501100283116,
    0.0001389368117088452,
    2.87109814962605e-05
  ],
  "J": 9
}