{
  "mu": [
    0.0,
    -0.6993998885154724,
    -0.5282015204429626,
    -0.3644527792930603,
    -0.1713602989912033,
    -0.08123143017292023,
    0.14532345533370972,
    0.41754722595214844,
    0.5679560899734497
  ],
  "sigma2": [
    2.8222220862517133e-05,
    0.0010313807288184762,
    0.0006233558524399996,
    0.0008422594401054084,
    0.0014532147906720638,
    0.0004756193666253239,
    0.006269685458391905,
    0.0005359908100217581,
    0.00042101205326616764
  ],
  "pi": [
    0.9990000128746033,
    5.592321485892171e-06,
    1.9035353034269065e-05,
    0.00011308393004583195,
    0.000167095146025531,
    0.0001458793121855706,
    0.0005121405702084303,
    3.127555100945756e-05,
    5.897842129343189e-06
  ],
  "J": 9
}