{
  "mu": [
    0.0,
    -0.813510000705719,
    -0.5866076350212097,
    -0.4020059108734131,
    -0.20890429615974426,
    -0.09595152735710144,
    0.16703678667545319,
    0.46670350432395935,
    0.6190919280052185
  ],
  "sigma2": [
    1.5654522940167226e-05,
    0.00035118148662149906,
    0.00023500884708482772,
    7.553464820375666e-05,
    5.9304617025190964e-05,
    5.080353366793133e-05,
    0.003884141566231847,
    0.00017860891239251941,
    0.0003295705246273428
  ],
  "pi": [
    0.9990000128746033,
    5.430093551694881e-06,
    1.8526590793044306e-05,
    0.00010954743629554287,
    0.00014667087816633284,
    0.00017552553617861122,
    0.0005066429148428142,
    3.197467958671041e-05,
    5.68194536754163e-06
  ],
  "J": 9
}