{
  "mu": [
    0.0,
    -0.7219637036323547,
    -0.5407622456550598,
    -0.3735261559486389,
    -0.18323515355587006,
    -0.08587302267551422,
    0.15016642212867737,
    0.4286358654499054,
    0.579657256603241
  ],
  "sigma2": [
    2.9531958716688678e-05,
    0.0009599343757145107,
    0.0005247600493021309,
    0.0006269580335356295,
    0.0011186018818989396,
    0.0004936719196848571,
    0.006154886446893215,
    0.00037638077628798783,
    0.00039125228067860007
  ],
  "pi": [
    0.9990000128746033,
    5.501490250026109e-06,
    1.8923408788396046e-05,
    0.00011168773198733106,
    0.00015433075895998627,
    0.00016375108680222183,
    0.0005083853611722589,
    3.162815482937731e-05,
    5.791996045445558e-06
  ],
  "J": 9
}