{
  "mu": [
    0.0,
    -0.6451811790466309,
    -0.4937252998352051,
    -0.33467450737953186,
    -0.15022830665111542,
    -0.00068751658545807,
    0.17760610580444336,
    0.374889999628067,
    0.5206515789031982
  ],
  "sigma2": [
    0.000536831037607044,
    0.0005178529536351562,
    0.0004946571425534785,
    0.000332594383507967,
    0.0007691535865888,
    0.00040160512435249984,
    0.0033928959164768457,
    0.0002954293158836663,
    0.0003817470569629222
  ],
  "pi": [
    0.9990000128746033,
    8.258264642790891e-06,
    3.313500201329589e-05,
    0.00019168750441167504,
    0.0002407916181255132,
    5.462131635880496e-09,
    0.0004678601981140673,
    4.785840428667143e-05,
    1.040361439663684e-05
  ],
  "J": 9
}