{
  "mu": [
    0.0,
    -0.7949362993240356,
    -0.5753737688064575,
    -0.3944603502750397,
    -0.20240217447280884,
    -0.09356456995010376,
    0.16556379199028015,
    0.4578785300254822,
    0.6106770634651184
  ],
  "sigma2": [
    1.5688749044784345e-05,
    0.0004157336661592126,
    0.00023956262157298625,
    7.586253923363984e-05,
    5.981622598483227e-05,
    5.156171027920209e-05,
    0.0044485339894890785,
    0.0001808268716558814,
    0.0003315872454550117
  ],
  "pi": [
    0.9990000128746033,
    5.485240308189532e-06,
    1.8714530597208068e-05,
    0.000110658336780034,
    0.00014815834583714604,
    0.00017530076729599386,
    0.0005037458031438291,
    3.219733480364084e-05,
    5.73964143768535e-06
  ],
  "J": 9
}