{
  "mu": [
    0.0,
    -0.6699466705322266,
    -0.5094894766807556,
    -0.3522081673145294,
    -0.11915936321020126,
    -0.05816396325826645,
    0.13022634387016296,
    0.4023059010505676,
    0.5476716756820679
  ],
  "sigma2": [
    2.5585217372281477e-05,
    0.0008531830389983952,
    0.0006170023116283119,
    0.0005857969517819583,
    0.0029281722381711006,
    0.0004013628058601171,
    0.007243453990668058,
    0.0004312585515435785,
    0.0004130558227188885
  ],
  "pi": [
    0.9990000128746033,
    5.486853751790477e-06,
    1.8989661839441396e-05,
    0.00011133967927889898,
    0.000299030973110348,
    2.097210582974185e-08,
    0.000531048746779561,
    2.811634294630494e-05,
    5.966868229734246e-06
  ],
  "J": 9
}