{
  "mu": [
    0.0,
    -0.7360559701919556,
    -0.5453924536705017,
    -0.3758589029312134,
    -0.18836292624473572,
    -0.08853400498628616,
    0.15293249487876892,
    0.43493396043777466,
    0.5863394141197205
  ],
  "sigma2": [
    3.737820952665061e-05,
    0.0008081804844550788,
    0.0003574909642338753,
    0.00024132989346981049,
    0.0006139550823718309,
    0.00021836673840880394,
    0.005797623656690121,
    0.0002696597948670387,
    0.0003699348890222609
  ],
  "pi": [
    0.9990000128746033,
    5.514394615602214e-06,
    1.8816315787262283e-05,
    0.00011126122262794524,
    0.0001500590005889535,
    0.00016952083387877792,
    0.0005070423940196633,
    3.201639265171252e-05,
    5.769471499661449e-06
  ],
  "J": 9
}