{
  "mu": [
    0.0,
    -0.7116270065307617,
    -0.5323598980903625,
    -0.36607295274734497,
    -0.17484436929225922,
    -0.08209750801324844,
    0.15056109428405762,
    0.4236615002155304,
    0.5750323534011841
  ],
  "sigma2": [
    1.5735873603262007e-05,
    0.0009605103987269104,
    0.0004555209307000041,
    0.0005399541114456952,
    0.0010820251191034913,
    0.00033253792207688093,
    0.005770624615252018,
    0.0003179993946105242,
    0.00036783487303182483
  ],
  "pi": [
    0.9990000128746033,
    5.566375875787344e-06,
    1.9112434529233724e-05,
    0.00011333372094668448,
    0.00016035177395679057,
    0.0001561576355015859,
    0.0005076329107396305,
    3.198481863364577e-05,
    5.860338660568232e-06
  ],
  "J": 9
}