{
  "mu": [
    0.0,
    -0.7534016370773315,
    -0.5523806214332581,
    -0.3799121677875519,
    -0.1912371814250946,
    -0.08862042427062988,
    0.1578870564699173,
    0.4419979453086853,
    0.5951932668685913
  ],
  "sigma2": [
    1.5665007595089264e-05,
    0.000684700149577111,
    0.0002766594407148659,
    9.316917567048222e-05,
    0.0003205742104910314,
    7.440913032041863e-05,
    0.005274476483464241,
    0.00019450520630925894,
    0.00034260499523952603
  ],
  "pi": [
    0.9990000128746033,
    5.496338417287916e-06,
    1.875236921478063e-05,
    0.00011088445171480998,
    0.0001488130073994398,
    0.00017425230180379003,
    0.000503971881698817,
    3.2078460208140314e-05,
    5.7512588682584465e-06
  ],
  "J": 9
}