{
  "mu": [
    0.0,
    -0.8110188841819763,
    -0.5855493545532227,
    -0.4014597237110138,
    -0.2085004448890686,
    -0.09586319327354431,
    0.16640228033065796,
    0.46521568298339844,
    0.6175708770751953
  ],
  "sigma2": [
    1.5635632735211402e-05,
    0.0003565619408618659,
    0.00023561813577543944,
    7.538906356785446e-05,
    5.914736902923323e-05,
    5.06742435391061e-05,
    0.004112713038921356,
    0.00017906446009874344,
    0.00033038208493962884
  ],
  "pi": [
    0.9990000128746033,
    5.427918495115591e-06,
    1.85192002390977e-05,
    0.00010950469732051715,
    0.00014661424211226404,
    0.00017545268929097801,
    0.0005068407626822591,
    3.196085526724346e-05,
    5.679672085534548e-06
  ],
  "J": 9
}