{
  "mu": [
    0.0,
    -0.599748969078064,
    -0.46166297793388367,
    -0.30551305413246155,
    -0.0685783326625824,
    -0.00022953396546654403,
    0.2464781552553177,
    0.3363974988460541,
    0.4807228744029999
  ],
  "sigma2": [
    0.002606288529932499,
    0.0004037795588374138,
    0.00033168308436870575,
    0.0007104148389771581,
    0.00040161318611353636,
    0.000401562632760033,
    0.0004104911058675498,
    0.0002822937094606459,
    0.00040187081322073936
  ],
  "pi": [
    0.9990000128746033,
    1.9746004909393378e-05,
    7.900677883299068e-05,
    0.0004776549176312983,
    9.163606762285781e-08,
    1.5975321332462045e-07,
    0.0002715641167014837,
    0.00012549589155241847,
    2.6280902602593414e-05
  ],
  "J": 9
}