{
  "mu": [
    0.0,
    -0.7483938336372375,
    -0.5508631467819214,
    -0.37977832555770874,
    -0.19145774841308594,
    -0.08902900665998459,
    0.1555270254611969,
    0.43989744782447815,
    0.5927508473396301
  ],
  "sigma2": [
    1.564085323479958e-05,
    0.0007675302331335843,
    0.0003207041590940207,
    0.00017814620514400303,
    0.0005503447027876973,
    0.00018293886387255043,
    0.005724926013499498,
    0.00023052732285577804,
    0.0003569980035535991
  ],
  "pi": [
    0.9990000128746033,
    5.4844922487973236e-06,
    1.8714554244070314e-05,
    0.00011065461876569316,
    0.0001485898537794128,
    0.00017281236068811268,
    0.0005061441916041076,
    3.1860450690146536e-05,
    5.739457265008241e-06
  ],
  "J": 9
}