{
  "top1_error_pre[%]": 0.9299999999999975,
  "top1_error_post[%]": 1.4399999999999968,
  "Delta[%]": 0.5099999999999993,
  "|W|": 430500,
  "|W_nonzero|/|W|[%]": 3.7962833914053427,
  "CR": 43.189962472136266,
  "acc_pretrain": 0.9907,
  "acc_retrain": 0.9932,
  "acc_quantized": 0.9856
}