{
  "top1_error_pre[%]": 85.81,
  "top1_error_post[%]": 0.7299999999999973,
  "Delta[%]": -85.08,
  "|W|": 430500,
  "|W_nonzero|/|W|[%]": 5.212775842044135,
  "CR": 47.798314429359046,
  "acc_pretrain": 0.1419,
  "acc_retrain": 0.9914,
  "acc_quantized": 0.9927
}