{
  "mu": [
    0.0,
    -0.7954509258270264,
    -0.6460356712341309,
    -0.5618428587913513,
    -0.5077268481254578,
    -0.3519476056098938,
    -0.42767640948295593,
    -0.2441415786743164,
    -0.12145178020000458,
    -0.069709911942482,
    -0.17437604069709778,
    0.10511196404695511,
    0.2278582751750946,
    0.33382734656333923,
    0.4440199136734009,
    0.5525779128074646,
    0.6439858675003052
  ],
  "sigma2": [
    3.619335620896891e-05,
    0.0005061632837168872,
    0.00042528193444013596,
    0.0004015385056845844,
    0.0003948006487917155,
    0.0003746151633094996,
    0.00035926460986956954,
    0.0005443724803626537,
    0.00040092627750709653,
    0.0003349866019561887,
    0.000407902873121202,
    0.0014475755160674453,
    0.0005674076965078712,
    0.0005202083266340196,
    0.0003829824854619801,
    0.0003875597903970629,
    0.00039342313539236784
  ],
  "pi": [
    0.9990000128746033,
    2.010951675401884e-06,
    4.698551947512897e-06,
    7.571960850327741e-06,
    8.816252375254408e-06,
    8.547865581931546e-05,
    2.7868323741131462e-05,
    5.8631445426726714e-05,
    9.123002382693812e-05,
    0.00012209125270601362,
    5.4179850849322975e-05,
    0.0003368251782376319,
    0.00012192207941552624,
    5.663145566359162e-05,
    1.6000667528714985e-05,
    5.208367383602308e-06,
    8.349941253982252e-07
  ],
  "J": 17
}