{
  "mu": [
    0.0,
    -0.8808550238609314,
    -0.7104708552360535,
    -0.5826436281204224,
    -0.5824907422065735,
    -0.3755851984024048,
    -0.4664866328239441,
    -0.2712944447994232,
    -0.14431948959827423,
    -0.07505222409963608,
    -0.19459214806556702,
    0.1153489351272583,
    0.24699366092681885,
    0.3543582260608673,
    0.47738897800445557,
    0.5815339088439941,
    0.6987783908843994
  ],
  "sigma2": [
    1.5760655514895916e-05,
    0.0003976281441282481,
    0.0003704623377416283,
    0.00037492060801014304,
    0.0003927476063836366,
    0.00014207213826011866,
    0.0002479559334460646,
    0.00020568291074596345,
    0.00017246247443836182,
    0.00018762216495815665,
    0.00022961851209402084,
    0.0008747440297156572,
    0.00012469352805055678,
    0.00018767511937767267,
    0.00028401758754625916,
    0.00034956607851199806,
    0.000394073169445619
  ],
  "pi": [
    0.9990000128746033,
    1.948318640643265e-06,
    4.458004241314484e-06,
    1.1975961569987703e-05,
    3.770502644329099e-06,
    8.071671618381515e-05,
    2.7057471015723422e-05,
    5.3365125495474786e-05,
    8.864673873176798e-05,
    0.00015028787311166525,
    5.023421545047313e-05,
    0.00033431145129725337,
    0.00011773271398851648,
    5.453265112009831e-05,
    1.5157149391598068e-05,
    5.011994289816357e-06,
    7.931661798465939e-07
  ],
  "J": 17
}