{
  "mu": [
    0.0,
    -0.7411167621612549,
    -0.5797562599182129,
    -0.5802066922187805,
    -0.46023523807525635,
    -0.3260340392589569,
    -0.4609558582305908,
    -0.14416147768497467,
    0.14852812886238098,
    0.15327005088329315,
    0.14909151196479797,
    0.18379156291484833,
    0.3060070276260376,
    0.3958480954170227,
    0.10105700045824051,
    0.5177432298660278,
    0.656412661075592
  ],
  "sigma2": [
    0.00024185013899113983,
    0.0010579413501545787,
    0.001067406265065074,
    0.0010554618202149868,
    0.000996388727799058,
    0.0007284137536771595,
    0.0010674592340365052,
    0.0021096556447446346,
    0.001067622099071741,
    0.00106762012001127,
    0.0010676216334104538,
    0.00104149233084172,
    0.0010869636898860335,
    0.001062522642314434,
    0.0006849264609627426,
    0.0010357508435845375,
    0.0010590890888124704
  ],
  "pi": [
    0.9990000128746033,
    2.2661906768917106e-06,
    2.193643240389065e-07,
    1.326655092270812e-05,
    3.709307202370837e-05,
    0.0001558769290568307,
    7.17170252073629e-08,
    0.000245939998421818,
    6.6387237929177445e-09,
    7.382499944696974e-09,
    6.723253065388235e-09,
    0.00021228971309028566,
    0.00010410531103843823,
    1.5645595340174623e-05,
    0.00020351096463855356,
    8.84539622347802e-06,
    8.485358193865977e-07
  ],
  "J": 17
}