{
  "top1_error_pre[%]": 0.9299999999999975,
  "top1_error_post[%]": 1.4900000000000024,
  "Delta[%]": 0.5600000000000049,
  "|W|": 430500,
  "|W_nonzero|/|W|[%]": 8.083391405342624,
  "CR": 26.86773258648734,
  "acc_pretrain": 0.9907,
  "acc_retrain": 0.994,
  "acc_quantized": 0.9851
}