{
  "top1_error_pre[%]": 2.0499999999999963,
  "top1_error_post[%]": 2.2199999999999998,
  "Delta[%]": 0.17000000000000348,
  "|W|": 266200,
  "|W_nonzero|/|W|[%]": 7.539068369646882,
  "CR": 54.21692114793434,
  "acc_pretrain": 0.9795,
  "acc_retrain": 0.9818,
  "acc_quantized": 0.9778
}