{
  "top1_error_pre[%]": 82.42,
  "top1_error_post[%]": 0.880000000000003,
  "Delta[%]": -81.54,
  "|W|": 430500,
  "|W_nonzero|/|W|[%]": 3.8174216027874563,
  "CR": 55.075140626311814,
  "acc_pretrain": 0.1758,
  "acc_retrain": 0.9911,
  "acc_quantized": 0.9912
}