{
  "mu": [
    0.0,
    -0.455314040184021,
    -0.07804848253726959,
    -0.26874786615371704,
    -0.13970816135406494,
    -0.13702577352523804,
    0.2282259613275528,
    0.2216467559337616,
    0.40457627177238464,
    0.2974732518196106,
    0.2191952019929886,
    0.21882812678813934,
    0.15775974094867706,
    0.15787909924983978,
    0.15596698224544525,
    0.07136158645153046,
    0.5118359923362732
  ],
  "sigma2": [
    1.1222010471101385e-05,
    0.003082358743995428,
    0.0010943423258140683,
    0.0013136316556483507,
    0.0011483400594443083,
    0.0013707599136978388,
    0.0013716151006519794,
    0.0013714947272092104,
    0.0013858192833140492,
    0.0013825315982103348,
    0.0013713573571294546,
    0.001371385413222015,
    0.0013707742327824235,
    0.0013707657344639301,
    0.001346218166872859,
    0.0006777836824767292,
    0.0013703579315915704
  ],
  "pi": [
    0.9990000128746033,
    2.5597857529646717e-05,
    9.45089414017275e-05,
    0.00012493917893152684,
    0.00021692375594284385,
    1.3942451637660724e-08,
    6.569193828909192e-06,
    9.109947313845623e-06,
    7.72636030887952e-06,
    2.5577666747267358e-05,
    1.0998885954904836e-05,
    1.6573689208598807e-05,
    1.5842820388911605e-08,
    1.0131357441878208e-07,
    0.00015022272418718785,
    0.00030830196919851005,
    2.8187703264848096e-06
  ],
  "J": 17
}