{
  "top1_error_pre[%]": 0.9299999999999975,
  "top1_error_post[%]": 1.0800000000000032,
  "Delta[%]": 0.15000000000000568,
  "|W|": 430500,
  "|W_nonzero|/|W|[%]": 4.5112659698025555,
  "CR": 38.78957164216507,
  "acc_pretrain": 0.9907,
  "acc_retrain": 0.992,
  "acc_quantized": 0.9892
}