{
  "mu": [
    0.0,
    -0.5580524206161499,
    -0.12858721613883972,
    -0.3877417743206024,
    -0.261887788772583,
    0.13677939772605896,
    0.13768182694911957,
    0.19918346405029297,
    0.3867334723472595,
    0.5103963017463684,
    0.1376141607761383,
    0.13648724555969238,
    0.13698367774486542,
    0.13774429261684418,
    0.28402474522590637,
    0.06375394016504288,
    0.6156601905822754
  ],
  "sigma2": [
    2.6966068617184646e-05,
    0.0010392445838078856,
    0.0016478777397423983,
    0.0007786633213981986,
    0.0005557380500249565,
    0.000591314397752285,
    0.000591324525885284,
    0.0006060507148504257,
    0.0006286098505370319,
    0.000608045666012913,
    0.0005915552610531449,
    0.0005881345714442432,
    0.0005913141067139804,
    0.0005913149798288941,
    0.0006465782644227147,
    0.0003362121060490608,
    0.0005920640542171896
  ],
  "pi": [
    0.9990000128746033,
    9.440320354769938e-06,
    0.00028725177980959415,
    5.301064811646938e-05,
    0.0001258418633369729,
    1.0370918346325197e-08,
    4.182148131803842e-06,
    8.669878297951072e-05,
    1.70820076164091e-05,
    2.2754593373974785e-06,
    1.1359218660800252e-05,
    0.00015725346747785807,
    1.4582193230694429e-08,
    7.880158392481462e-08,
    5.062393393018283e-05,
    0.0001944428076967597,
    4.3379640146667953e-07
  ],
  "J": 17
}