{
  "top1_error_pre[%]": 2.0499999999999963,
  "top1_error_post[%]": 3.7699999999999956,
  "Delta[%]": 1.7199999999999993,
  "|W|": 266200,
  "|W_nonzero|/|W|[%]": 5.273102930127724,
  "CR": 65.4878686306467,
  "acc_pretrain": 0.9795,
  "acc_retrain": 0.9805,
  "acc_quantized": 0.9623
}