{
  "mu": [
    0.0,
    -0.8338367938995361,
    -0.7317714691162109,
    -0.6347430348396301,
    -0.5443840622901917,
    -0.37645238637924194,
    -0.4609895944595337,
    -0.1722504049539566,
    -0.004070128779858351,
    -0.004070551134645939,
    -0.00407016696408391,
    0.14566676318645477,
    0.37937459349632263,
    0.47517526149749756,
    0.2754731774330139,
    0.5714327096939087,
    0.6889200806617737
  ],
  "sigma2": [
    0.00034559681080281734,
    0.00041719008004292846,
    0.00042524136370047927,
    0.00043161099893040955,
    0.0004245581803843379,
    0.00039578796713612974,
    0.00040277960943058133,
    0.004623877815902233,
    0.0004016078310087323,
    0.0004016078310087323,
    0.0004016078310087323,
    0.001699234009720385,
    0.0003863314923364669,
    0.0003957255103159696,
    0.00035247663618065417,
    0.0004074951575603336,
    0.000402215140638873
  ],
  "pi": [
    0.9990000128746033,
    1.379556465508358e-06,
    4.025179805466905e-06,
    9.86389204626903e-06,
    2.057471101579722e-05,
    0.00010051111894426867,
    2.742561810009647e-05,
    0.00030772227910347283,
    5.208651288057808e-10,
    5.214932929931138e-10,
    5.209196962674412e-10,
    0.0003605330712161958,
    4.745067417388782e-05,
    1.208201592817204e-05,
    0.00010189705790253356,
    5.822416824230459e-06,
    7.10812741999689e-07
  ],
  "J": 17
}