{
  "mu": [
    0.0,
    -0.8393901586532593,
    -0.6751585006713867,
    -0.5806077718734741,
    -0.5268019437789917,
    -0.3593847453594208,
    -0.4431823492050171,
    -0.25659433007240295,
    -0.13157308101654053,
    -0.07288634777069092,
    -0.18328218162059784,
    0.1118626520037651,
    0.23808756470680237,
    0.34428712725639343,
    0.4618907868862152,
    0.5673440098762512,
    0.6764430999755859
  ],
  "sigma2": [
    1.5616067685186863e-05,
    0.0004366803914308548,
    0.00037185379187576473,
    0.0003526480868458748,
    0.0003510087262839079,
    0.00012228534615132958,
    0.00023591986973769963,
    0.00023237349523697048,
    0.00023595293168909848,
    0.0002203663025284186,
    0.0002643608895596117,
    0.0011847979621961713,
    0.00026909023290500045,
    0.0002510046761017293,
    0.00029895451734773815,
    0.0003483256441541016,
    0.0003908293729182333
  ],
  "pi": [
    0.9990000128746033,
    2.0181439595035044e-06,
    4.676667231251486e-06,
    8.14032227935968e-06,
    8.216385140258353e-06,
    8.36876715766266e-05,
    2.778865564323496e-05,
    5.483411950990558e-05,
    9.089808736462146e-05,
    0.00013219757238402963,
    5.286873420118354e-05,
    0.00033588180667720735,
    0.0001208565299748443,
    5.6227923778351396e-05,
    1.5746218195999973e-05,
    5.139070253790123e-06,
    8.220617928600404e-07
  ],
  "J": 17
}