{
  "mu": [
    0.0,
    -0.921961784362793,
    -0.7443904876708984,
    -0.6080673336982727,
    -0.6074727773666382,
    -0.39134401082992554,
    -0.487223356962204,
    -0.2857663631439209,
    -0.15605056285858154,
    -0.07906386256217957,
    -0.20637187361717224,
    0.11929525434970856,
    0.25759366154670715,
    0.3675347864627838,
    0.492733359336853,
    0.5989881157875061,
    0.7197564244270325
  ],
  "sigma2": [
    5.249259993433952e-05,
    0.0003923410549759865,
    0.0003686801646836102,
    0.000321499741403386,
    0.0004015162994619459,
    0.00020979104738216847,
    0.0002897961821872741,
    0.00024844211293384433,
    0.00023338176833931357,
    0.0001812920527299866,
    0.00028160103829577565,
    0.0002459672396071255,
    0.0001811294350773096,
    0.0002248168020742014,
    0.0003046782221645117,
    0.0003561668854672462,
    0.00039435530197806656
  ],
  "pi": [
    0.9990000128746033,
    1.9073822841164656e-06,
    4.365743734524585e-06,
    1.541743040434085e-05,
    2.8990767564351927e-09,
    7.882102363510057e-05,
    2.658558514667675e-05,
    5.26421754329931e-05,
    8.828849968267605e-05,
    0.00016202333790715784,
    4.7838544560363516e-05,
    0.00033271717256866395,
    0.00011546731548151001,
    5.339943163562566e-05,
    1.4840294170426205e-05,
    4.906553385808365e-06,
    7.7667158393524e-07
  ],
  "J": 17
}