{
  "mu": [
    0.0,
    -0.8425881266593933,
    -0.6763285994529724,
    -0.5814689993858337,
    -0.5280284285545349,
    -0.3595024049282074,
    -0.4436735510826111,
    -0.25675153732299805,
    -0.13155236840248108,
    -0.07287274301052094,
    -0.18322111666202545,
    0.11222381144762039,
    0.2386099398136139,
    0.3448646664619446,
    0.46298447251319885,
    0.5685297250747681,
    0.6781429052352905
  ],
  "sigma2": [
    1.5641748177586123e-05,
    0.0004290135111659765,
    0.00036559064756147563,
    0.0003456195699982345,
    0.000343115912983194,
    0.00010875889711314812,
    0.00022356008412316442,
    0.00020209937065374106,
    0.00019477492605801672,
    0.0001753644028212875,
    0.0002312310243723914,
    0.0011165719479322433,
    0.0002233250270364806,
    0.00021848254255019128,
    0.0002864193811547011,
    0.00034491391852498055,
    0.00039058717084117234
  ],
  "pi": [
    0.9990000128746033,
    2.018113491430995e-06,
    4.676712251239223e-06,
    8.148294909915421e-06,
    8.210336090996861e-06,
    8.366476686205715e-05,
    2.7806880098069087e-05,
    5.483415225171484e-05,
    9.091455285670236e-05,
    0.0001321130694122985,
    5.293825233820826e-05,
    0.0003356988599989563,
    0.00012103636981919408,
    5.6232678616652265e-05,
    1.5746099961688742e-05,
    5.138832875672961e-06,
    8.220489462473779e-07
  ],
  "J": 17
}