{
  "mu": [
    0.0,
    -0.9039451479911804,
    -0.7268437147140503,
    -0.5942316651344299,
    -0.5941144227981567,
    -0.38062942028045654,
    -0.47535228729248047,
    -0.27645108103752136,
    -0.14825892448425293,
    -0.07611706852912903,
    -0.19837287068367004,
    0.1181742399930954,
    0.25295206904411316,
    0.36157819628715515,
    0.48653531074523926,
    0.5919769406318665,
    0.714302659034729
  ],
  "sigma2": [
    1.5670968423364684e-05,
    0.00038059562211856246,
    0.00034645924461074173,
    0.00026425402029417455,
    0.00040137808537110686,
    9.639272320782766e-05,
    0.00019817698921542615,
    0.00013153064355719835,
    9.176182356895879e-05,
    5.7374963944312185e-05,
    0.00014313998690340668,
    0.0003813606163021177,
    7.267345790751278e-05,
    0.00013126860721968114,
    0.0002553182712290436,
    0.0003382085124030709,
    0.00039053111686371267
  ],
  "pi": [
    0.9990000128746033,
    1.932452278197161e-06,
    4.42286227553268e-06,
    1.5613159121130593e-05,
    9.682050716719459e-09,
    7.997954526217654e-05,
    2.6886318664764985e-05,
    5.303514262777753e-05,
    8.896161307347938e-05,
    0.0001541358360555023,
    4.878414620179683e-05,
    0.00033443511347286403,
    0.00011693346459651366,
    5.4081065172795206e-05,
    1.503198109276127e-05,
    4.9707541620591655e-06,
    7.868634384067263e-07
  ],
  "J": 17
}