{
  "mu": [
    0.0,
    -0.7528091073036194,
    -0.6186017990112305,
    -0.5307190418243408,
    -0.4738070070743561,
    -0.33810845017433167,
    -0.42429253458976746,
    -0.1264156699180603,
    -0.06504450738430023,
    -0.06503665447235107,
    -0.06504373997449875,
    0.10122072696685791,
    0.21642470359802246,
    0.31490206718444824,
    0.41387829184532166,
    0.5294720530509949,
    0.6217288970947266
  ],
  "sigma2": [
    9.577219316270202e-05,
    0.00042159543954767287,
    0.00043462420580908656,
    0.00040872604586184025,
    0.00040061649633571506,
    0.0002590749063529074,
    0.0003909296647179872,
    0.004404386971145868,
    0.00040148315019905567,
    0.00040147974505089223,
    0.0004014828009530902,
    0.001347394660115242,
    0.00028059413307346404,
    0.00034120859345421195,
    0.0003708561125677079,
    0.00039855888462625444,
    0.00039981442387215793
  ],
  "pi": [
    0.9990000128746033,
    1.9369008441572078e-06,
    5.175805654289434e-06,
    9.93891171674477e-06,
    4.409640041558305e-06,
    9.08717920538038e-05,
    3.103907874901779e-05,
    0.00031902414048090577,
    2.6242703565770853e-09,
    2.9480542451665315e-09,
    2.6599540348115625e-09,
    0.00032902968814596534,
    0.0001216326272697188,
    6.158692121971399e-05,
    1.8642813301994465e-05,
    5.974612122372491e-06,
    7.288882670763996e-07
  ],
  "J": 17
}