{
  "top1_error_pre[%]": 91.8,
  "top1_error_post[%]": 0.8600000000000052,
  "Delta[%]": -90.94,
  "|W|": 430500,
  "|W_nonzero|/|W|[%]": 3.2601626016260163,
  "CR": 58.628012580168786,
  "acc_pretrain": 0.082,
  "acc_retrain": 0.9889,
  "acc_quantized": 0.9914
}