{
  "mu": [
    0.0,
    -0.45484042167663574,
    -0.036258015781641006,
    -0.060129858553409576,
    -0.09770213812589645,
    -0.09699616581201553,
    -0.09632649272680283,
    -0.09565802663564682,
    -0.09497301280498505,
    -0.09424122422933578,
    -0.09343034029006958,
    -0.09248142689466476,
    -0.09125294536352158,
    -0.08944636583328247,
    -0.08523713797330856,
    -0.0949888750910759,
    -0.14216366410255432,
    -0.15183158218860626,
    -0.15499459207057953,
    -0.15633542835712433,
    -0.19465500116348267,
    -0.2369120717048645,
    -0.3340688943862915,
    -0.14629602432250977,
    -0.18118777871131897,
    -0.12548694014549255,
    -0.09136026352643967,
    -0.09133639186620712,
    -0.09154799580574036,
    -0.1252528429031372,
    -0.1573660969734192,
    -0.21938501298427582,
    -0.27449339628219604,
    -0.19560660421848297,
    -0.15653309226036072,
    -0.1551925539970398,
    -0.15256235003471375,
    -0.14468011260032654,
    -0.10772746056318283,
    -4.713401267508743e-06,
    -0.08907905220985413,
    -0.09101409465074539,
    -0.09231097996234894,
    -0.0932941809296608,
    -0.09412441402673721,
    -0.09486980736255646,
    -0.09556504338979721,
    -0.09624263644218445,
    -0.09692408889532089,
    -0.09765502065420151,
    0.036862991750240326,
    0.05954381451010704,
    0.06801950186491013,
    0.09195409715175629,
    0.21773739159107208,
    0.2789899706840515,
    0.37348422408103943,
    0.7891784906387329,
    0.5348417162895203,
    0.09296261519193649,
    0.12408171594142914,
    0.09185309708118439,
    0.1348544806241989,
    0.17086732387542725
  ],
  "sigma2": [
    3.543139246175997e-05,
    0.0038959409575909376,
    7.662476855330169e-05,
    0.00019781031005550176,
    0.00040161548531614244,
    0.0004016160382889211,
    0.00040161548531614244,
    0.00040161528158932924,
    0.00040161472861655056,
    0.0004016139719169587,
    0.00040161452488973737,
    0.00040161568904295564,
    0.00040161589276976883,
    0.0004016169987153262,
    0.00040163463563658297,
    0.00039239629404619336,
    0.0004193914937786758,
    0.00040728229214437306,
    0.00040507278754375875,
    0.00040445904596708715,
    0.0004041553766001016,
    0.00040232946048490703,
    0.0005418038927018642,
    0.00040487718069925904,
    0.00040613359306007624,
    0.00040363959851674736,
    0.0003923908225260675,
    0.0003918299335055053,
    0.00039659824687987566,
    0.00040459807496517897,
    0.00040428026113659143,
    0.00040622675442136824,
    0.00040789428749121726,
    0.00040400816942565143,
    0.000404410035116598,
    0.0004049208073411137,
    0.00040668240399099886,
    0.0004156363138463348,
    0.00042721666977740824,
    2.96153302770108e-05,
    0.0004016169987153262,
    0.00040161568904295564,
    0.00040161589276976883,
    0.00040161472861655056,
    0.0004016135644633323,
    0.00040161472861655056,
    0.00040161528158932924,
    0.00040161568904295564,
    0.0004016160382889211,
    0.0004016164457425475,
    8.281258487841114e-05,
    0.00021091123926453292,
    0.00029913103207945824,
    0.0003967737720813602,
    0.0004860092594753951,
    0.000638296885881573,
    0.0007319938158616424,
    0.0018320119706913829,
    0.0008590247016400099,
    0.0003882210294250399,
    0.00040566406096331775,
    0.0003970372199546546,
    0.00039255645242519677,
    0.0003992062993347645
  ],
  "pi": [
    0.9900000095367432,
    1.3099810530547984e-05,
    0.0009976908331736922,
    0.0012455238029360771,
    3.5828429645334836e-07,
    3.4421049122101977e-07,
    3.280260045812611e-07,
    3.096413649927854e-07,
    2.8872591428807937e-07,
    2.648805548233213e-07,
    2.3761681688938552e-07,
    2.0635098962884513e-07,
    1.7020913389842462e-07,
    1.2765934798153467e-07,
    1.1350554274258684e-07,
    1.8182481653639115e-05,
    6.795673925807932e-06,
    4.669079316954594e-06,
    5.0134308366978075e-06,
    8.724861800146755e-06,
    2.1012972865719348e-05,
    5.279368633637205e-05,
    2.59001026279293e-05,
    0.0001859060866991058,
    0.00027901085559278727,
    0.00038930628215894103,
    0.0004919294733554125,
    0.0005057262605987489,
    0.0004092653398402035,
    0.00029807310784235597,
    0.00019912123389076442,
    0.00012655355385504663,
    5.7975536037702113e-05,
    2.4451441277051345e-05,
    9.844779015111271e-06,
    5.297927145875292e-06,
    4.5637380026164465e-06,
    6.218918770173332e-06,
    1.4396007827599533e-05,
    9.745342686073855e-05,
    1.2007660643575946e-07,
    1.637890818528831e-07,
    2.008141279929987e-07,
    2.3278545313587529e-07,
    2.6062977553920064e-07,
    2.849841109764384e-07,
    3.063451572415943e-07,
    3.2514381587134267e-07,
    3.417247000925272e-07,
    3.562063852768915e-07,
    0.0009623165242373943,
    0.0007263508159667253,
    0.0004480666248127818,
    0.0002994063834194094,
    0.00017562322318553925,
    6.908299110364169e-05,
    1.656935637583956e-05,
    2.9736625037912745e-06,
    6.617879535042448e-06,
    0.00036610240931622684,
    0.0003551133268047124,
    0.000356367469066754,
    0.00035303112235851586,
    0.0003525358624756336
  ],
  "J": 64
}