{
  "mu": [
    0.0,
    -0.9142367243766785,
    -0.0182687696069479,
    -0.04464540630578995,
    -0.10179754346609116,
    -0.09721328318119049,
    -0.09399021416902542,
    -0.09189809113740921,
    -0.09052415192127228,
    -0.08954063802957535,
    -0.08875921368598938,
    -0.08805638551712036,
    -0.08729187399148941,
    -0.08626282215118408,
    -0.08396362513303757,
    -0.08266951888799667,
    -0.15175330638885498,
    -0.15825651586055756,
    -0.16145360469818115,
    -0.18865221738815308,
    -0.2916262447834015,
    -0.4357697665691376,
    -0.6386427879333496,
    -0.18931527435779572,
    -0.2574552297592163,
    -0.1282137930393219,
    -0.0796271488070488,
    -0.07960738241672516,
    -0.11327042430639267,
    -0.15984785556793213,
    -0.22030390799045563,
    -0.3760325312614441,
    -0.5140212774276733,
    -0.326725572347641,
    -0.18873924016952515,
    -0.16226044297218323,
    -0.15869881212711334,
    -0.15425735712051392,
    -0.11712295562028885,
    -0.038439035415649414,
    -0.08605888485908508,
    -0.08715107291936874,
    -0.0879429429769516,
    -0.08864712715148926,
    -0.08941202610731125,
    -0.09036073833703995,
    -0.09167329967021942,
    -0.09367134422063828,
    -0.09680712223052979,
    -0.10149852931499481,
    0.017807351425290108,
    0.04313373565673828,
    0.07922869175672531,
    0.18198907375335693,
    0.33439338207244873,
    0.4065360128879547,
    0.4933864176273346,
    0.8968032598495483,
    0.6422290205955505,
    0.07952206581830978,
    0.14228752255439758,
    0.11354031413793564,
    0.22673815488815308,
    0.27851778268814087
  ],
  "sigma2": [
    1.8982490246344241e-06,
    0.000567985640373081,
    7.475595339201391e-05,
    0.00024123257026076317,
    0.00040160800563171506,
    0.0004016089951619506,
    0.00040160995558835566,
    0.0004016085877083242,
    0.00040160800563171506,
    0.0004016076272819191,
    0.00040160687058232725,
    0.0004016060847789049,
    0.00040160593925975263,
    0.0004016062885057181,
    0.00040160573553293943,
    0.0004014977312181145,
    0.00040154941962100565,
    0.0004015940357930958,
    0.0004016223829239607,
    0.00040129790431819856,
    0.0003869094653055072,
    0.00043239520164206624,
    0.0005165995680727065,
    0.0003867513732984662,
    0.00041610095649957657,
    0.0004084346001036465,
    0.0003891163505613804,
    0.0003886931808665395,
    0.0003957658773288131,
    0.0004016763705294579,
    0.0004180928226560354,
    0.00043166594696231186,
    0.00044140202226117253,
    0.00041160263936035335,
    0.00040124449878931046,
    0.0004016309685539454,
    0.0004015976737719029,
    0.00040155669557861984,
    0.0004015377489849925,
    0.00011701813491526991,
    0.0004016062885057181,
    0.0004016060847789049,
    0.0004016060847789049,
    0.00040160704520531,
    0.0004016076272819191,
    0.00040160800563171506,
    0.0004016089951619506,
    0.00040160975186154246,
    0.00040160934440791607,
    0.0004016085877083242,
    7.206288137240335e-05,
    0.00023207649064715952,
    0.0003878665156662464,
    0.0004247620818205178,
    0.00046354078222066164,
    0.0004621660045813769,
    0.0004820813483092934,
    0.0011494922218844295,
    0.0008592340163886547,
    0.0003916111891157925,
    0.0004169140593148768,
    0.00036819459637627006,
    0.00045213772682473063,
    0.0004632466589100659
  ],
  "pi": [
    0.9900000095367432,
    5.560125373449409e-07,
    0.0008521078852936625,
    0.0011071247281506658,
    2.2156592649480444e-07,
    2.1283332785060338e-07,
    2.0280616297441156e-07,
    1.9142481733069872e-07,
    1.7847946764959488e-07,
    1.6371510014323576e-07,
    1.4684904670048127e-07,
    1.2750949451856286e-07,
    1.0514964543517635e-07,
    7.883910768669011e-08,
    7.008298297250803e-08,
    1.1262872249062639e-05,
    4.262498350726673e-06,
    2.9583763989649015e-06,
    3.2297164125338895e-06,
    5.946476903773146e-06,
    4.861798515776172e-05,
    8.2720171121764e-06,
    1.6559463347221026e-06,
    0.00026851246366277337,
    0.0001168234521173872,
    0.0005100771668367088,
    0.0005980232381261885,
    0.0006161154597066343,
    0.0004602493136189878,
    0.00042579075670801103,
    0.00019718546536751091,
    1.8407874449621886e-05,
    2.9194020498835016e-06,
    3.3733500458765775e-05,
    6.811631010350538e-06,
    3.4295962905162014e-06,
    2.8960794224985875e-06,
    3.908650342054898e-06,
    8.93830383574823e-06,
    4.761952368426137e-05,
    7.414949010353666e-08,
    1.011803760775365e-07,
    1.2408411009801057e-07,
    1.4386020552592527e-07,
    1.610850830502386e-07,
    1.7616459047076205e-07,
    1.8938527546197292e-07,
    2.01022686496799e-07,
    2.1129349647708295e-07,
    2.202783946358977e-07,
    0.0008014996419660747,
    0.0010612707119435072,
    0.0006239227950572968,
    0.00034044127096422017,
    3.345092773088254e-05,
    1.0691783245420083e-05,
    5.02007515024161e-06,
    1.7056635215340066e-06,
    4.975262072548503e-06,
    0.0004863879585172981,
    0.000501637754496187,
    0.00048715053708292544,
    0.00019203496049158275,
    7.907287363195792e-05
  ],
  "J": 64
}