{
  "mu": [
    0.0,
    -0.6619731783866882,
    -0.020859718322753906,
    -0.046777643263339996,
    -0.09933026134967804,
    -0.09680776298046112,
    -0.09502586722373962,
    -0.09368079900741577,
    -0.0926159992814064,
    -0.0917075052857399,
    -0.0908723995089531,
    -0.09003280848264694,
    -0.089060939848423,
    -0.0877346321940422,
    -0.08480892330408096,
    -0.088922418653965,
    -0.13512666523456573,
    -0.15740105509757996,
    -0.16014960408210754,
    -0.16115537285804749,
    -0.2613745331764221,
    -0.3535042405128479,
    -0.5015676021575928,
    -0.16949869692325592,
    -0.23060323297977448,
    -0.12373848259449005,
    -0.07959312945604324,
    -0.07957630604505539,
    -0.1061406284570694,
    -0.14903460443019867,
    -0.1934807002544403,
    -0.29536688327789307,
    -0.41629254817962646,
    -0.2614225149154663,
    -0.16112162172794342,
    -0.16037224233150482,
    -0.15806159377098083,
    -0.142319455742836,
    -0.12146120518445969,
    -0.01987208053469658,
    -0.08747266978025436,
    -0.08888009190559387,
    -0.08989176899194717,
    -0.09074418246746063,
    -0.09157775342464447,
    -0.09247543662786484,
    -0.09352006763219833,
    -0.09483595192432404,
    -0.09659195691347122,
    -0.09915126115083694,
    0.020948631688952446,
    0.04704432189464569,
    0.08009495586156845,
    0.13901787996292114,
    0.2747359275817871,
    0.33362069725990295,
    0.4263745844364166,
    0.8259520530700684,
    0.5778976082801819,
    0.08028313517570496,
    0.1214783564209938,
    0.09284202754497528,
    0.17601922154426575,
    0.22196035087108612
  ],
  "sigma2": [
    3.996262421424035e-06,
    0.001361612812615931,
    7.11623506504111e-05,
    0.0002188927901443094,
    0.00040161298238672316,
    0.00040161298238672316,
    0.0004016128077637404,
    0.0004016126040369272,
    0.0004016124294139445,
    0.00040161184733733535,
    0.00040161091601476073,
    0.00040161010110750794,
    0.00040160975186154246,
    0.00040160975186154246,
    0.00040160800563171506,
    0.0004011965065728873,
    0.0004016344319097698,
    0.0004015859740320593,
    0.00040159557829611003,
    0.0004015992162749171,
    0.00039046985330060124,
    0.0004433657450135797,
    0.0004839519679080695,
    0.00040416792035102844,
    0.000461071846075356,
    0.0003948736994061619,
    0.0003728171286638826,
    0.0003719403175637126,
    0.00041123185656033456,
    0.00040234538028016686,
    0.0003849283093586564,
    0.00045620411401614547,
    0.0004546015406958759,
    0.0003881766169797629,
    0.00040159939089789987,
    0.0004015967424493283,
    0.000401587545638904,
    0.0004016438324470073,
    0.0004019151092506945,
    6.578454485861585e-05,
    0.00040160954813472927,
    0.00040160995558835566,
    0.00040161030483432114,
    0.00040161091601476073,
    0.0004016114689875394,
    0.0004016124294139445,
    0.0004016126040369272,
    0.0004016126040369272,
    0.00040161298238672316,
    0.00040161338984034956,
    7.065962563501671e-05,
    0.00022384594194591045,
    0.00039033431676216424,
    0.0003967735974583775,
    0.0004757797287311405,
    0.0005211806274019182,
    0.0006495234556496143,
    0.0018455374520272017,
    0.0006900696898810565,
    0.00039263247163034976,
    0.00039951520739123225,
    0.0004077379417140037,
    0.0004443645302671939,
    0.00047625816660001874
  ],
  "pi": [
    0.9900000095367432,
    1.8365575442658155e-06,
    0.0008181799203157425,
    0.0011953535722568631,
    2.5881712417685776e-07,
    2.486305561433255e-07,
    2.3692321349244594e-07,
    2.236300247204781e-07,
    2.0850855264598067e-07,
    1.9126777317524102e-07,
    1.7156713738586404e-07,
    1.489780885322034e-07,
    1.2285941863865446e-07,
    9.212456575369288e-08,
    8.18946332969972e-08,
    1.3148230209480971e-05,
    4.959991656505736e-06,
    3.431457116676029e-06,
    3.730353455466684e-06,
    6.747106453985907e-06,
    1.9992818124592304e-05,
    2.1098861907375976e-05,
    3.248989742132835e-06,
    0.00021875444508623332,
    0.00018132214609067887,
    0.0004990929155610502,
    0.0005745465750806034,
    0.0005913825589232147,
    0.0004498850030358881,
    0.00036986437044106424,
    0.000242156587773934,
    5.846314161317423e-05,
    8.646242349641398e-06,
    2.4195613150368445e-05,
    7.690868187637534e-06,
    3.956192813348025e-06,
    3.3579187856958015e-06,
    4.54378960057511e-06,
    1.043095653585624e-05,
    5.514129952643998e-05,
    8.664617467957214e-08,
    1.1822262280247742e-07,
    1.4497693712200999e-07,
    1.6807646829875011e-07,
    1.8819615377196897e-07,
    2.058047670061569e-07,
    2.2124734755379905e-07,
    2.3484037114940293e-07,
    2.468324282745016e-07,
    2.5731458208611e-07,
    0.0008337860344909132,
    0.001109180971980095,
    0.00048441055696457624,
    0.00034612149465829134,
    7.153967453632504e-05,
    2.7487363695399836e-05,
    1.0200581527897157e-05,
    2.525531954233884e-06,
    5.232403964328114e-06,
    0.00038463587407022715,
    0.00040869152871891856,
    0.00037248097942210734,
    0.00036829482996836305,
    0.00017639655561652035
  ],
  "J": 64
}