{
  "mu": [
    0.0,
    -0.29700297117233276,
    -0.06279323995113373,
    -0.08498211950063705,
    -0.09793784469366074,
    -0.0959562137722969,
    -0.09376539289951324,
    -0.0911480039358139,
    -0.08779988437891006,
    -0.08281078934669495,
    -0.07291589677333832,
    -0.050284601747989655,
    -0.025748522952198982,
    -0.013439004309475422,
    -0.006595640908926725,
    -0.09853906184434891,
    -0.1431608349084854,
    -0.152864009141922,
    -0.15660151839256287,
    -0.1598195731639862,
    -0.18879744410514832,
    -0.19510623812675476,
    -0.24161379039287567,
    -0.15108413994312286,
    -0.15206868946552277,
    -0.11000823974609375,
    -0.10679472237825394,
    -0.10645707696676254,
    -0.10939285159111023,
    -0.13494615256786346,
    -0.15126270055770874,
    -0.18827396631240845,
    -0.19501182436943054,
    -0.19327476620674133,
    -0.16062211990356445,
    -0.15693679451942444,
    -0.1536380499601364,
    -0.14566272497177124,
    -0.10842391848564148,
    -1.1750368003049516e-06,
    -0.012157239951193333,
    -0.023082440719008446,
    -0.04570114612579346,
    -0.07040730863809586,
    -0.08177075535058975,
    -0.08721098303794861,
    -0.0907413437962532,
    -0.09346741437911987,
    -0.09574493765830994,
    -0.09783216565847397,
    0.06356632709503174,
    0.06510879099369049,
    0.07507640868425369,
    0.09463958442211151,
    0.16991792619228363,
    0.20962390303611755,
    0.28554439544677734,
    0.7350820302963257,
    0.463981032371521,
    0.0932483896613121,
    0.12838520109653473,
    0.09989968687295914,
    0.10209192335605621,
    0.14225131273269653
  ],
  "sigma2": [
    0.000180830669705756,
    0.006485285237431526,
    9.361959382658824e-05,
    0.00023081374820321798,
    0.0004152403271291405,
    0.00041434538434259593,
    0.00041355009307153523,
    0.0004129534063395113,
    0.0004126252606511116,
    0.0004126467101741582,
    0.00041309738298878074,
    0.0004139699158258736,
    0.0004150770546402782,
    0.0004165118734817952,
    0.0004224398289807141,
    0.0003838584234472364,
    0.000599093094933778,
    0.0005555019597522914,
    0.0005353509332053363,
    0.0005290034459903836,
    0.0005282041965983808,
    0.0005262066260911524,
    0.0005656657740473747,
    0.0005184246692806482,
    0.0005014078924432397,
    0.0004707742773462087,
    0.00044772072578780353,
    0.0004451687273103744,
    0.00046649787691421807,
    0.0005042176344431937,
    0.0005147691117599607,
    0.0005274088471196592,
    0.0005268222303129733,
    0.0005274986615404487,
    0.000528596225194633,
    0.0005336667527444661,
    0.0005507520982064307,
    0.0005921332049183547,
    0.0004687377077061683,
    1.982492904062383e-05,
    0.0004167168808635324,
    0.000415259157307446,
    0.00041410536505281925,
    0.00041319115553051233,
    0.00041266679181717336,
    0.00041258338023908436,
    0.0004128610889893025,
    0.0004134201444685459,
    0.0004141875251661986,
    0.0004150586319155991,
    0.00012106866779504344,
    0.0001354924897896126,
    0.00020259046868886799,
    0.00034120699274353683,
    0.00038769899401813745,
    0.0006139544420875609,
    0.0011723758652806282,
    0.0023732257541269064,
    0.0009692012681625783,
    0.0003289883316028863,
    0.0003751417971216142,
    0.0003820944984909147,
    0.000397123018046841,
    0.00042258246685378253
  ],
  "pi": [
    0.9900000095367432,
    7.683163130423054e-05,
    0.00132448086515069,
    0.0010761081939563155,
    7.861119115659676e-07,
    7.554861554126546e-07,
    7.202391429927957e-07,
    6.801282665946928e-07,
    6.344739631458651e-07,
    5.824359163852932e-07,
    5.2321212251627e-07,
    4.5672823034692556e-07,
    3.820629501660733e-07,
    2.9331690143408196e-07,
    2.738831597071112e-07,
    3.978683889727108e-05,
    1.4475815078185406e-05,
    9.72873476712266e-06,
    1.0053632649942301e-05,
    1.5677949704695493e-05,
    3.0579318263335153e-05,
    6.076138379285112e-05,
    0.00010469157859915867,
    0.00015818161773495376,
    0.00022526344400830567,
    0.00030233117286115885,
    0.00037391047226265073,
    0.000383844249881804,
    0.00031447276705875993,
    0.00023661729937884957,
    0.0001673881633905694,
    0.0001193043208331801,
    6.689436850138009e-05,
    3.420641951379366e-05,
    1.7225887859240174e-05,
    1.0509282219572924e-05,
    9.47494845604524e-06,
    1.3194472558097914e-05,
    3.1393778044730425e-05,
    0.0006082513136789203,
    2.7720651019080833e-07,
    3.687927119244705e-07,
    4.451956101547694e-07,
    5.12781241468474e-07,
    5.731736791858566e-07,
    6.263009595386393e-07,
    6.729327992616163e-07,
    7.139438480407989e-07,
    7.500710239582986e-07,
    7.815744993422413e-07,
    0.0005361044313758612,
    0.0005078394315205514,
    0.0004179925308562815,
    0.000305547087918967,
    0.00025814297259785235,
    0.00023050415620673448,
    7.634138455614448e-05,
    4.824169991479721e-06,
    1.1018105396942701e-05,
    0.000365525163942948,
    0.00035909420694224536,
    0.00035899176145903766,
    0.0003576927992980927,
    0.00036293084849603474
  ],
  "J": 64
}