{
  "mu": [
    0.0,
    -0.9057587385177612,
    -0.018679190427064896,
    -0.04555896297097206,
    -0.10039624571800232,
    -0.09662885218858719,
    -0.0940399244427681,
    -0.09227681159973145,
    -0.0910411849617958,
    -0.09010055661201477,
    -0.08931300044059753,
    -0.0885753184556961,
    -0.08775356411933899,
    -0.0866398960351944,
    -0.08416743576526642,
    -0.08381866663694382,
    -0.14373333752155304,
    -0.1569748967885971,
    -0.16181571781635284,
    -0.17426848411560059,
    -0.28901639580726624,
    -0.423347532749176,
    -0.6319478750228882,
    -0.18580807745456696,
    -0.2550157904624939,
    -0.12886883318424225,
    -0.08027061074972153,
    -0.08026453852653503,
    -0.11264140158891678,
    -0.1602986603975296,
    -0.21636223793029785,
    -0.3625345230102539,
    -0.5047091841697693,
    -0.3124048411846161,
    -0.1766914576292038,
    -0.1626751720905304,
    -0.1577787697315216,
    -0.148514524102211,
    -0.11923251301050186,
    -0.038599904626607895,
    -0.08641922473907471,
    -0.08760148286819458,
    -0.08845438063144684,
    -0.08919713646173477,
    -0.0899735614657402,
    -0.09088865667581558,
    -0.09207998216152191,
    -0.09377781301736832,
    -0.09630483388900757,
    -0.10013702511787415,
    0.01828838884830475,
    0.04408882185816765,
    0.07807350903749466,
    0.17174352705478668,
    0.3285732865333557,
    0.3995243310928345,
    0.4840715229511261,
    0.8527712821960449,
    0.6216254234313965,
    0.07934226840734482,
    0.13400697708129883,
    0.11024358868598938,
    0.21653412282466888,
    0.2696651816368103
  ],
  "sigma2": [
    2.0954930732841603e-06,
    0.0005653271218761802,
    7.298510172404349e-05,
    0.00023927242727950215,
    0.0004016066959593445,
    0.0004016089951619506,
    0.00040160995558835566,
    0.00040160975186154246,
    0.00040160800563171506,
    0.0004016076272819191,
    0.0004016076272819191,
    0.0004016078310087323,
    0.00040160820935852826,
    0.0004016078310087323,
    0.00040160800563171506,
    0.00040159537456929684,
    0.00040158521733246744,
    0.0004016210150439292,
    0.00040164325037039816,
    0.00040168099803850055,
    0.0003903134784195572,
    0.00044850684935227036,
    0.0005216101999394596,
    0.00039249786641448736,
    0.00042159666190855205,
    0.00040493643609806895,
    0.00039741338696330786,
    0.0003972118138335645,
    0.000397957832319662,
    0.00040503934724256396,
    0.0004152807523496449,
    0.00043316680239513516,
    0.00044678704580292106,
    0.00041704208706505597,
    0.00040166525286622345,
    0.0004016492166556418,
    0.00040162468212656677,
    0.00040158501360565424,
    0.00040161472861655056,
    0.0001016006208374165,
    0.00040160800563171506,
    0.00040160800563171506,
    0.00040160820935852826,
    0.0004016074526589364,
    0.0004016076272819191,
    0.00040160800563171506,
    0.0004016089951619506,
    0.00040160975186154246,
    0.00040160934440791607,
    0.00040160687058232725,
    7.147889846237376e-05,
    0.00023308083473239094,
    0.0003932042745873332,
    0.0004307484778109938,
    0.0004627395828720182,
    0.0004601319960784167,
    0.0004897021572105587,
    0.001676367362961173,
    0.0006214101449586451,
    0.00039775596815161407,
    0.0004220138071104884,
    0.0003807822067756206,
    0.00045924930600449443,
    0.00046523986384272575
  ],
  "pi": [
    0.9900000095367432,
    6.946567054910702e-07,
    0.0008636835846118629,
    0.0011277805315330625,
    2.2665460619464284e-07,
    2.177264661895606e-07,
    2.0747035023305216e-07,
    1.958272406454853e-07,
    1.8258380407587538e-07,
    1.6748056452797755e-07,
    1.502268816011565e-07,
    1.30442842305456e-07,
    1.0756881607676405e-07,
    8.065311618565829e-08,
    7.169538207563164e-08,
    1.1520437510625925e-05,
    4.355364126240602e-06,
    3.019957148353569e-06,
    3.2932339308899827e-06,
    6.0206284615560435e-06,
    3.3365548006258905e-05,
    9.604608749214094e-06,
    1.7360405308863847e-06,
    0.00024096298147924244,
    0.00012310838792473078,
    0.0005117824766784906,
    0.0005968650802969933,
    0.0006148312822915614,
    0.0004566487914416939,
    0.000398066098568961,
    0.00021895207464694977,
    2.1602878405246884e-05,
    3.09335609927075e-06,
    3.762975393328816e-05,
    6.883390597067773e-06,
    3.495882083370816e-06,
    2.956053322122898e-06,
    3.9926076169649605e-06,
    9.141772352450062e-06,
    4.8458343371748924e-05,
    7.585567374235325e-08,
    1.0350832724270731e-07,
    1.2693853079781547e-07,
    1.4716957252858265e-07,
    1.647898812962012e-07,
    1.8021586356553598e-07,
    1.9374063242594275e-07,
    2.056458470178768e-07,
    2.161514203180559e-07,
    2.2533772892074921e-07,
    0.000821705674752593,
    0.0010599277447909117,
    0.0006002188893035054,
    0.0003815964446403086,
    3.572455534595065e-05,
    1.131965564127313e-05,
    5.230902388575487e-06,
    2.269002152388566e-06,
    4.500800059759058e-06,
    0.0004692944639828056,
    0.0004988631699234247,
    0.00042566066258586943,
    0.0002234010462416336,
    9.336330549558625e-05
  ],
  "J": 64
}