{
  "mu": [
    0.0,
    -0.5070446729660034,
    -0.46820804476737976,
    -0.4308061897754669,
    -0.39518672227859497,
    -0.3614899516105652,
    -0.3296719193458557,
    -0.29957783222198486,
    -0.27102240920066833,
    -0.2438419610261917,
    -0.2179664969444275,
    -0.1934879720211029,
    -0.17083407938480377,
    -0.15182049572467804,
    -0.10655885934829712,
    -0.03299710527062416,
    -0.023737624287605286,
    -0.015888696536421776,
    -0.009618277661502361,
    -0.005057170987129211,
    -0.00222277850843966,
    -0.0008988898480311036,
    -0.000544164446182549,
    -0.0005173732060939074,
    -0.0005193321849219501,
    -0.0005187444621697068,
    -0.0005178746650926769,
    -0.0005161272711120546,
    -0.0005184643669053912,
    -0.0005194481345824897,
    -0.0005177355487830937,
    -0.0004981716047041118,
    -0.00022667493612971157,
    0.0009079064475372434,
    0.003489815630018711,
    0.007785155903548002,
    0.013804484158754349,
    0.021432681009173393,
    0.030496275052428246,
    0.05098799243569374,
    0.14881692826747894,
    0.16668297350406647,
    0.1889764815568924,
    0.2132585197687149,
    0.2390088140964508,
    0.2661187946796417,
    0.2946740686893463,
    0.3248792886734009,
    0.3570118844509125,
    0.39135414361953735,
    0.4281165897846222,
    0.4673271179199219,
    0.5086812376976013,
    0.5514315366744995,
    0.5943320989608765,
    0.6357380151748657,
    0.6737865805625916,
    0.7066605687141418,
    0.7328936457633972,
    0.7518218755722046,
    0.7642192244529724,
    0.7725304365158081,
    0.7799518704414368,
    0.7889980673789978
  ],
  "sigma2": [
    0.028659306466579437,
    0.02817774936556816,
    0.0281118992716074,
    0.028046507388353348,
    0.027974456548690796,
    0.027884548529982567,
    0.02776343561708927,
    0.027600806206464767,
    0.0273941271007061,
    0.027153391391038895,
    0.02690279111266136,
    0.02667887508869171,
    0.026526767760515213,
    0.026510093361139297,
    0.02569909766316414,
    0.022335654124617577,
    0.0226922407746315,
    0.023192517459392548,
    0.023778853937983513,
    0.024407807737588882,
    0.025038976222276688,
    0.025634825229644775,
    0.026161404326558113,
    0.02658979408442974,
    0.026898929849267006,
    0.02708050236105919,
    0.027147674933075905,
    0.027150418609380722,
    0.027098147198557854,
    0.02693619765341282,
    0.02664715237915516,
    0.02623649872839451,
    0.025723781436681747,
    0.025136860087513924,
    0.024509016424417496,
    0.023877285420894623,
    0.023281970992684364,
    0.022765766829252243,
    0.022381966933608055,
    0.02308763936161995,
    0.026532161980867386,
    0.026516662910580635,
    0.02665366604924202,
    0.026870740577578545,
    0.02712099626660347,
    0.027365973219275475,
    0.027578921988606453,
    0.02774732932448387,
    0.027871688827872276,
    0.02796194702386856,
    0.028031399473547935,
    0.028092652559280396,
    0.02815440483391285,
    0.02822003699839115,
    0.028288869187235832,
    0.028357964009046555,
    0.028423305600881577,
    0.028482526540756226,
    0.0285333264619112,
    0.028575336560606956,
    0.028609026223421097,
    0.028634492307901382,
    0.02865363471210003,
    0.028667820617556572
  ],
  "pi": [
    0.9900000095367432,
    6.118314922787249e-05,
    6.109686364652589e-05,
    6.101686449255794e-05,
    6.094935815781355e-05,
    6.089747330406681e-05,
    6.085882705519907e-05,
    6.082437903387472e-05,
    6.077460420783609e-05,
    6.0673552070511505e-05,
    6.0448564909165725e-05,
    5.9931244322797284e-05,
    5.864708873559721e-05,
    5.474301360663958e-05,
    9.035624680109322e-05,
    0.000398008938645944,
    0.00036551858647726476,
    0.00034242033143527806,
    0.00032438605558127165,
    0.0003095080319326371,
    0.00029701116727665067,
    0.00028658032533712685,
    0.00027810741448774934,
    0.00027157802833244205,
    0.00026700610760599375,
    0.00026435262407176197,
    0.00026337511371821165,
    0.00026333474670536816,
    0.00026409458951093256,
    0.0002664555504452437,
    0.00027071419754065573,
    0.0002769292041193694,
    0.00028508753166534007,
    0.00029519214876927435,
    0.00030732955201528966,
    0.0003217654302716255,
    0.00033916180836968124,
    0.0003611472202464938,
    0.0003915914858225733,
    0.0003596459864638746,
    5.336468530003913e-05,
    5.8229765272699296e-05,
    5.975143358227797e-05,
    6.03545195190236e-05,
    6.061709063942544e-05,
    6.073655458749272e-05,
    6.07958463660907e-05,
    6.083582775318064e-05,
    6.087853034841828e-05,
    6.093547563068569e-05,
    6.1010683566564694e-05,
    6.110208778409287e-05,
    6.120368925621733e-05,
    6.130718247732148e-05,
    6.14043528912589e-05,
    6.148880493128672e-05,
    6.155700975796208e-05,
    6.160851626191288e-05,
    6.164521619211882e-05,
    6.167032552184537e-05,
    6.168709660414606e-05,
    6.169823609525338e-05,
    6.170510459924117e-05,
    6.170859705889598e-05
  ],
  "J": 64
}