{
  "mu": [
    0.0,
    -0.9597453474998474,
    -0.018412834033370018,
    -0.04501540958881378,
    -0.1116415411233902,
    -0.10831675678491592,
    -0.10158023238182068,
    -0.09404455125331879,
    -0.09000591933727264,
    -0.08806664496660233,
    -0.08699025213718414,
    -0.08627334237098694,
    -0.08564913272857666,
    -0.08490326255559921,
    -0.08323150128126144,
    -0.0821099504828453,
    -0.14852124452590942,
    -0.14870746433734894,
    -0.14881625771522522,
    -0.18492591381072998,
    -0.3336983919143677,
    -0.4989134967327118,
    -0.6791950464248657,
    -0.21059168875217438,
    -0.2911513149738312,
    -0.13610176742076874,
    -0.08077967166900635,
    -0.08071163296699524,
    -0.11418858915567398,
    -0.17096155881881714,
    -0.250521183013916,
    -0.43734440207481384,
    -0.5711974501609802,
    -0.3838757574558258,
    -0.18510863184928894,
    -0.1673687994480133,
    -0.14871267974376678,
    -0.14861954748630524,
    -0.11539214104413986,
    -0.041863612830638885,
    -0.0847603976726532,
    -0.08554308861494064,
    -0.0861731618642807,
    -0.08686254173517227,
    -0.08786486089229584,
    -0.0896320566534996,
    -0.09328147768974304,
    -0.10051783174276352,
    -0.10779308527708054,
    -0.1115100160241127,
    0.018671352416276932,
    0.04650405794382095,
    0.08463706076145172,
    0.21565601229667664,
    0.3584839999675751,
    0.42848801612854004,
    0.5338864922523499,
    0.9233896732330322,
    0.6753507852554321,
    0.08562289923429489,
    0.1711438000202179,
    0.12782077491283417,
    0.2601030468940735,
    0.3086175322532654
  ],
  "sigma2": [
    1.7555731801621732e-06,
    0.0006295893108472228,
    7.799400918884203e-05,
    0.00024894304806366563,
    0.0004016020684503019,
    0.0004016018647234887,
    0.0004016064922325313,
    0.00040161030483432114,
    0.00040160995558835566,
    0.00040160916978493333,
    0.0004016085877083242,
    0.00040160820935852826,
    0.0004016078310087323,
    0.0004016064922325313,
    0.0004016060847789049,
    0.0004015760205220431,
    0.0004015233716927469,
    0.0004015463637188077,
    0.00040154290036298335,
    0.00040150099084712565,
    0.00041157612577080727,
    0.0004140603414271027,
    0.00048280484043061733,
    0.0004167661536484957,
    0.00040229360456578434,
    0.00040329137118533254,
    0.0003994409053120762,
    0.00039924876182340086,
    0.00038947517168708146,
    0.0004152383771724999,
    0.00041010783752426505,
    0.0004095534095540643,
    0.00042885399307124317,
    0.0004189763276372105,
    0.0004014879814349115,
    0.00040171336149796844,
    0.0004015474987681955,
    0.00040152992005459964,
    0.0004014336154796183,
    0.00022063692449592054,
    0.00040160704520531,
    0.00040160800563171506,
    0.00040160800563171506,
    0.00040160841308534145,
    0.00040160916978493333,
    0.00040160995558835566,
    0.00040161010110750794,
    0.0004016072489321232,
    0.0004016024759039283,
    0.0004016020684503019,
    8.167888881871477e-05,
    0.0002664820640347898,
    0.000406216480769217,
    0.00042239553295075893,
    0.00042389630107209086,
    0.0004941325751133263,
    0.0004853424907196313,
    0.0011575138196349144,
    0.0007750065415166318,
    0.0004065990506205708,
    0.00042269672849215567,
    0.00041963232797570527,
    0.00042053553625009954,
    0.00042568243225105107
  ],
  "pi": [
    0.9900000095367432,
    2.81546306268865e-07,
    0.0008294658036902547,
    0.0010643545538187027,
    2.041362279214809e-07,
    1.960412276957868e-07,
    1.8675441992854758e-07,
    1.76254559391964e-07,
    1.6433433813745069e-07,
    1.507438440739861e-07,
    1.352143499389058e-07,
    1.1740771554968887e-07,
    9.681912871428722e-08,
    7.259388468128236e-08,
    6.453267076267366e-08,
    1.0373590157541912e-05,
    3.943262527172919e-06,
    2.7405922082834877e-06,
    2.9986440495122224e-06,
    5.623467131954385e-06,
    4.464184166863561e-05,
    3.99345390178496e-06,
    1.37179972625745e-06,
    0.0003173321019858122,
    9.172773570753634e-05,
    0.0005284252692945302,
    0.0005761909997090697,
    0.0005939955590292811,
    0.0005251707625575364,
    0.0004942470113746822,
    0.00017136243695858866,
    1.0033086255134549e-05,
    1.7671295609034132e-06,
    2.160462645406369e-05,
    6.466798367910087e-06,
    3.1821837183088064e-06,
    2.683441607587156e-06,
    3.61698835149582e-06,
    8.246968718594871e-06,
    4.471190186450258e-05,
    6.827613674431632e-08,
    9.31640400381184e-08,
    1.1425326817970927e-07,
    1.3246231844732392e-07,
    1.4832217232196854e-07,
    1.6220339205119672e-07,
    1.74375998085452e-07,
    1.8510715449338022e-07,
    1.9461694478195568e-07,
    2.0294785940677684e-07,
    0.0008246238576248288,
    0.001104288618080318,
    0.0005889057065360248,
    0.0002450464526191354,
    2.6090594474226236e-05,
    1.2153073839726858e-05,
    4.827082193514798e-06,
    1.6551135786357918e-06,
    4.5227993723528925e-06,
    0.0004580336099024862,
    0.0004548243305180222,
    0.0007198418607003987,
    0.00012504085316322744,
    5.6552333262516186e-05
  ],
  "J": 64
}