{
  "mu": [
    0.0,
    -0.6333713531494141,
    -0.02474760077893734,
    -0.0501231886446476,
    -0.09985436499118805,
    -0.09830346703529358,
    -0.09704279154539108,
    -0.09594429284334183,
    -0.09495004266500473,
    -0.09399953484535217,
    -0.09304504841566086,
    -0.09202142059803009,
    -0.09079418331384659,
    -0.0891093909740448,
    -0.08545175939798355,
    -0.09456688165664673,
    -0.13689804077148438,
    -0.15870301425457,
    -0.16253072023391724,
    -0.16515199840068817,
    -0.2341577112674713,
    -0.31779417395591736,
    -0.46369197964668274,
    -0.16875040531158447,
    -0.20922710001468658,
    -0.1282527595758438,
    -0.08236543834209442,
    -0.08233252912759781,
    -0.09596443921327591,
    -0.12971973419189453,
    -0.16876283288002014,
    -0.2645639181137085,
    -0.3808004558086395,
    -0.2342250645160675,
    -0.16549615561962128,
    -0.16292226314544678,
    -0.15957504510879517,
    -0.14207673072814941,
    -0.1196112409234047,
    -0.02022741362452507,
    -0.08877851068973541,
    -0.09056450426578522,
    -0.09184546768665314,
    -0.09289287030696869,
    -0.09385637938976288,
    -0.09480975568294525,
    -0.0958026871085167,
    -0.09689744561910629,
    -0.09816107153892517,
    -0.09975070506334305,
    0.024058546870946884,
    0.04957486689090729,
    0.08226504921913147,
    0.12468359619379044,
    0.2579772472381592,
    0.3176843822002411,
    0.4102732837200165,
    0.8143519759178162,
    0.5666115283966064,
    0.08371973037719727,
    0.12462910264730453,
    0.08472729474306107,
    0.1627950817346573,
    0.20429377257823944
  ],
  "sigma2": [
    7.66302127885865e-06,
    0.0015027890913188457,
    7.720888243056834e-05,
    0.0002221870090579614,
    0.00040161298238672316,
    0.00040161298238672316,
    0.0004016128077637404,
    0.0004016126040369272,
    0.0004016124294139445,
    0.00040161298238672316,
    0.00040161318611353636,
    0.0004016135644633323,
    0.0004016135644633323,
    0.00040161338984034956,
    0.0004016122256871313,
    0.00039979894063435495,
    0.0004017388273496181,
    0.00040159327909350395,
    0.00040154485031962395,
    0.00040144528611563146,
    0.0003970859106630087,
    0.000446334364823997,
    0.0005123107694089413,
    0.000395355251384899,
    0.00043907022336497903,
    0.00039398373337462544,
    0.0003860635624732822,
    0.0003855624236166477,
    0.0004100867372471839,
    0.00039666047086939216,
    0.0003947880177292973,
    0.0004418634343892336,
    0.0004645232402253896,
    0.00039623986231163144,
    0.00040141792851500213,
    0.0004015362064819783,
    0.0004015835002064705,
    0.00040172808803617954,
    0.00040458826697431505,
    5.0142891268478706e-05,
    0.0004016135644633323,
    0.00040161338984034956,
    0.0004016135644633323,
    0.00040161318611353636,
    0.0004016135644633323,
    0.0004016124294139445,
    0.0004016126040369272,
    0.0004016126040369272,
    0.00040161298238672316,
    0.00040161338984034956,
    7.198238017736003e-05,
    0.00021843235299456865,
    0.00039504526648670435,
    0.0003919558657798916,
    0.0004795945424120873,
    0.0005358668859116733,
    0.000643862527795136,
    0.0018010128987953067,
    0.0007791439420543611,
    0.0003987527743447572,
    0.00039033565553836524,
    0.0004011362325400114,
    0.0003924033953808248,
    0.00047489095595665276
  ],
  "pi": [
    0.9900000095367432,
    2.7852131552208448e-06,
    0.0008577462285757065,
    0.0012246300466358662,
    2.689160965019255e-07,
    2.583306013548281e-07,
    2.4616531391075114e-07,
    2.3235202206706163e-07,
    2.1664075688931916e-07,
    1.9872510392815457e-07,
    1.7825669829107937e-07,
    1.5478926229661738e-07,
    1.2765505630341067e-07,
    9.57245518407035e-08,
    8.509532989364743e-08,
    1.3656498595082667e-05,
    5.14468592882622e-06,
    3.555769126251107e-06,
    3.858924628730165e-06,
    6.940856110304594e-06,
    1.762789543136023e-05,
    3.424526221351698e-05,
    5.497774509422015e-06,
    0.00020902305550407618,
    0.0002530166821088642,
    0.00046297229710035026,
    0.0005305506638251245,
    0.0005458114901557565,
    0.0004362197360023856,
    0.00034922745544463396,
    0.0002257475134683773,
    9.251713345292956e-05,
    1.3995105291542131e-05,
    2.0805964595638216e-05,
    7.899806405475829e-06,
    4.090468337381026e-06,
    3.479048928056727e-06,
    4.712336249212967e-06,
    1.0830194696609396e-05,
    5.652010804624297e-05,
    9.003318268696603e-08,
    1.228377612960685e-07,
    1.5063261571413022e-07,
    1.7463010237861454e-07,
    1.955337296521975e-07,
    2.1383155512921803e-07,
    2.2987642012139986e-07,
    2.4400100073762587e-07,
    2.5646281187619024e-07,
    2.6735494884633226e-07,
    0.0008683658088557422,
    0.001094935112632811,
    0.00046795952948741615,
    0.00031206602579914033,
    8.894350321497768e-05,
    3.4770673664752394e-05,
    1.139035066444194e-05,
    2.594400484667858e-06,
    5.575111572397873e-06,
    0.0003724067937582731,
    0.0003675396728795022,
    0.0003613856388255954,
    0.0003711512254085392,
    0.00023379978665616363
  ],
  "J": 64
}