{
  "mu": [
    0.0,
    -0.5534379482269287,
    -0.41350066661834717,
    -0.41154244542121887,
    -0.000979646691121161,
    -0.0008537693065591156,
    -0.0008225750061683357,
    -0.00080250040628016,
    -0.0007838972960598767,
    -0.0007690552738495171,
    -0.0007646456942893565,
    -0.0007825102075003088,
    -0.0008556633838452399,
    -0.0011773810256272554,
    -0.0006988830282352865,
    -0.00023643548774998635,
    -0.00037563592195510864,
    -0.0005142622976563871,
    -0.0006004195893183351,
    -0.0006560604670085013,
    -0.0006968412781134248,
    -0.0007291490328498185,
    -0.0007553868344984949,
    -0.0007761190645396709,
    -0.0007915537571534514,
    -0.0008036057115532458,
    -0.0008059825631789863,
    -0.0008072101627476513,
    -0.0008051257464103401,
    -0.0007936259498819709,
    -0.0007788955699652433,
    -0.0007590385503135622,
    -0.0007336713606491685,
    -0.0007024212391115725,
    -0.0006632620934396982,
    -0.0006106905057094991,
    -0.0005309611442498863,
    -0.0004014864971395582,
    -0.0002522511640563607,
    -0.00018818119133356959,
    5.734392107115127e-05,
    -0.00035587497404776514,
    -0.00042779158684425056,
    -0.00044308920041657984,
    -0.0004429440014064312,
    -0.0004391402762848884,
    -0.0004368779482319951,
    -0.00043680882663466036,
    -0.0004270836361683905,
    -0.0002998113923240453,
    0.4021163284778595,
    0.4694257080554962,
    0.5145346522331238,
    0.5509218573570251,
    0.585857629776001,
    0.6295934915542603,
    0.6982278227806091,
    0.8330649733543396,
    0.7071488499641418,
    0.4093368947505951,
    0.40672335028648376,
    0.4059511721134186,
    0.4058054983615875,
    0.40609660744667053
  ],
  "sigma2": [
    0.006209934130311012,
    0.0058862389996647835,
    0.00566721148788929,
    0.005611136555671692,
    0.0053456611931324005,
    0.005165128502994776,
    0.005012721288949251,
    0.0048825121484696865,
    0.004780780058354139,
    0.004717184696346521,
    0.00470208702608943,
    0.004746168851852417,
    0.0048606786876916885,
    0.005063224118202925,
    0.005106418859213591,
    0.001681876601651311,
    0.0027023646980524063,
    0.003913065884262323,
    0.004796910565346479,
    0.0054473006166517735,
    0.005952838808298111,
    0.006352507974952459,
    0.006661994382739067,
    0.006888506468385458,
    0.0070377374067902565,
    0.007118512876331806,
    0.007146159652620554,
    0.007147266995161772,
    0.007125956937670708,
    0.007054772228002548,
    0.006917073391377926,
    0.00670322822406888,
    0.006407181266695261,
    0.006022509187459946,
    0.005535468924790621,
    0.004912296310067177,
    0.004074046853929758,
    0.0029095609206706285,
    0.0017929216846823692,
    0.0013467979151755571,
    0.005104804877191782,
    0.0048851389437913895,
    0.0047581079415977,
    0.0047037419863045216,
    0.004710291046649218,
    0.004767357837408781,
    0.004864518530666828,
    0.004992333240807056,
    0.005144977476447821,
    0.005332384258508682,
    0.005600268021225929,
    0.00569625198841095,
    0.005795453675091267,
    0.00588084664195776,
    0.00595179433003068,
    0.0060087693855166435,
    0.006054576952010393,
    0.006098514888435602,
    0.0061138649471104145,
    0.006124445237219334,
    0.006133063696324825,
    0.006141090765595436,
    0.006147615145891905,
    0.006152574438601732
  ],
  "pi": [
    0.9900000095367432,
    1.0665914487617556e-05,
    1.0822921467479318e-05,
    1.04594073491171e-05,
    1.2508468898886349e-05,
    1.3268154361867346e-05,
    1.3721130926569458e-05,
    1.4033769730303902e-05,
    1.4229149201128166e-05,
    1.4269650819187518e-05,
    1.4059296518098563e-05,
    1.3424517419480253e-05,
    1.2081708518962841e-05,
    9.585335646988824e-06,
    1.0510638276173268e-05,
    0.002048616297543049,
    0.0004909641575068235,
    0.00017830939032137394,
    0.00011207130592083558,
    8.742650970816612e-05,
    7.50972394598648e-05,
    6.782358104828745e-05,
    6.313089397735894e-05,
    6.000930443406105e-05,
    5.800375220132992e-05,
    5.688520104740746e-05,
    5.6474204029655084e-05,
    5.645675628329627e-05,
    5.677742592524737e-05,
    5.777122714789584e-05,
    5.9623645938700065e-05,
    6.254576874198392e-05,
    6.69409055262804e-05,
    7.369342347374186e-05,
    8.492978668073192e-05,
    0.00010666533489711583,
    0.00016166774730663747,
    0.0003939642629120499,
    0.0017287065275013447,
    0.0032852233853191137,
    9.023238817462698e-06,
    1.175668785435846e-05,
    1.3247336937638465e-05,
    1.3971116459288169e-05,
    1.4233103684091475e-05,
    1.4220736375136767e-05,
    1.4038864719623234e-05,
    1.3729004422202706e-05,
    1.3263353139336687e-05,
    1.2430191418388858e-05,
    1.006517959467601e-05,
    1.02813482953934e-05,
    1.037246056512231e-05,
    1.043020256474847e-05,
    1.0468616892467253e-05,
    1.049496768246172e-05,
    1.0513721463212278e-05,
    1.0530257895879913e-05,
    1.0538140486460179e-05,
    1.0579727131698746e-05,
    1.0592054422886577e-05,
    1.0597652362775989e-05,
    1.0600912901281845e-05,
    1.0602701877360232e-05
  ],
  "J": 64
}