{
  "mu": [
    0.0,
    -0.2699066698551178,
    -0.10409145057201385,
    -0.10481399297714233,
    -0.00034289591712877154,
    -0.00032446152181364596,
    -0.0003086916694883257,
    -0.0002964541781693697,
    -0.00028856159769929945,
    -0.00028590267174877226,
    -0.0002893844502978027,
    -0.0003001042059622705,
    -0.0003190500137861818,
    -0.00034575199242681265,
    -0.00044418167090043426,
    -0.00010178780212299898,
    -0.02462373487651348,
    -0.14785903692245483,
    -0.15153945982456207,
    -0.1525108367204666,
    -0.15325181186199188,
    -0.1544976383447647,
    -0.2160501480102539,
    -0.14973285794258118,
    -0.1453845053911209,
    -0.14202256500720978,
    -0.14020858705043793,
    -0.14008890092372894,
    -0.14162735641002655,
    -0.1447584480047226,
    -0.148975670337677,
    -0.2159954160451889,
    -0.15492194890975952,
    -0.15338212251663208,
    -0.15262983739376068,
    -0.15172260999679565,
    -0.148875892162323,
    -0.11626102030277252,
    -0.00023368351685348898,
    -7.221096893772483e-07,
    -0.0003498631704133004,
    -0.0003224534448236227,
    -0.000302202271996066,
    -0.00029027246637269855,
    -0.00028572999872267246,
    -0.00028751580975949764,
    -0.00029465495026670396,
    -0.00030630046967417,
    -0.00032163335708901286,
    -0.000339844380505383,
    0.10725439339876175,
    0.1080736592411995,
    0.10971270501613617,
    0.11385688185691833,
    0.16213545203208923,
    0.1936355084180832,
    0.2562289237976074,
    0.7140489816665649,
    0.42951342463493347,
    0.11511833965778351,
    0.11584784090518951,
    0.11657070368528366,
    0.11732833087444305,
    0.16199183464050293
  ],
  "sigma2": [
    0.0005761070642620325,
    0.006002019625157118,
    0.00022703059948980808,
    0.00023272744147107005,
    0.0005715403240174055,
    0.0005644552293233573,
    0.0005580642609857023,
    0.0005529823247343302,
    0.0005497985985130072,
    0.000549113960005343,
    0.0005514424410648644,
    0.000557207502424717,
    0.000566522590816021,
    0.0005786112160421908,
    0.0006147603271529078,
    0.00040094388532452285,
    0.0009216649341396987,
    0.0009878255659714341,
    0.0009877535048872232,
    0.000993061694316566,
    0.001000295509584248,
    0.0010075676254928112,
    0.001000204007141292,
    0.0009666369296610355,
    0.0009206063114106655,
    0.0008716130396351218,
    0.000839131826069206,
    0.0008368087001144886,
    0.0008649232913739979,
    0.0009124582866206765,
    0.0009597824537195265,
    0.0010034549050033092,
    0.001010015606880188,
    0.00100120366550982,
    0.0009942377218976617,
    0.0009879203280434012,
    0.0009883471066132188,
    0.0009506582864560187,
    0.0005151209770701826,
    2.3882457753643394e-05,
    0.0005803971434943378,
    0.0005681340699084103,
    0.0005582934245467186,
    0.0005519706755876541,
    0.000549121352378279,
    0.0005493751377798617,
    0.0005522052524611354,
    0.0005570377688854933,
    0.0005632719257846475,
    0.0005702896742150187,
    0.00034653328475542367,
    0.00036072422517463565,
    0.00038692200905643404,
    0.0004408040549606085,
    0.000525633106008172,
    0.000560257351025939,
    0.0010851904517039657,
    0.0021887754555791616,
    0.0011665911879390478,
    0.0004537480417639017,
    0.0004605185822583735,
    0.0004666905733756721,
    0.00047256387188099325,
    0.0005156599218025804
  ],
  "pi": [
    0.9900000095367432,
    0.00010816939175128937,
    0.0007801863248459995,
    0.0007305181352421641,
    2.4804398890410084e-06,
    2.428889729344519e-06,
    2.353974196012132e-06,
    2.2572403395315632e-06,
    2.13635007639823e-06,
    1.987829591598711e-06,
    1.8076193555316422e-06,
    1.5909880630715634e-06,
    1.3312518376551452e-06,
    1.01581281342078e-06,
    9.456649081585056e-07,
    0.00013164052506908774,
    2.409691660432145e-05,
    1.4998380720498972e-05,
    1.4557891518052202e-05,
    1.9434093701420352e-05,
    2.969779961858876e-05,
    4.6042940084589645e-05,
    6.946437497390434e-05,
    9.63586280704476e-05,
    0.00013093203597236425,
    0.0001703644811641425,
    0.00020682375179603696,
    0.00021192034182604402,
    0.00017652357928454876,
    0.0001371577673126012,
    0.00010141151869902387,
    7.342072058236226e-05,
    4.911883297609165e-05,
    3.1855634006205946e-05,
    2.064486216113437e-05,
    1.4963892681407742e-05,
    1.451717980671674e-05,
    2.1042775188107044e-05,
    8.976284880191088e-05,
    0.004018198698759079,
    9.584158533471054e-07,
    1.2842804153478937e-06,
    1.5517114206886617e-06,
    1.7745581999406568e-06,
    1.9600577161327237e-06,
    2.113139771608985e-06,
    2.2379674646799685e-06,
    2.3380534912575968e-06,
    2.4157648113032337e-06,
    2.4686669348739088e-06,
    0.00022254888608586043,
    0.00022277423704508692,
    0.00021193762950133532,
    0.00018490747606847435,
    0.00016965321265161037,
    0.0001855355076259002,
    0.0001180140461656265,
    7.092596206348389e-06,
    1.6085419701994397e-05,
    0.00021797067893203348,
    0.00021790874598082155,
    0.000217663255170919,
    0.00021740329975727946,
    0.00021724216639995575
  ],
  "J": 64
}