{
  "mu": [
    0.0,
    -0.9697524309158325,
    -0.018407752737402916,
    -0.044760704040527344,
    -0.11335255950689316,
    -0.11176730692386627,
    -0.10722669959068298,
    -0.0971132293343544,
    -0.09037809818983078,
    -0.08775659650564194,
    -0.08653248846530914,
    -0.08581259846687317,
    -0.08523717522621155,
    -0.08457522839307785,
    -0.08305732905864716,
    -0.08165288716554642,
    -0.15284758806228638,
    -0.15327078104019165,
    -0.15423288941383362,
    -0.19689136743545532,
    -0.34760037064552307,
    -0.5161808729171753,
    -0.6916016340255737,
    -0.21532930433750153,
    -0.30163854360580444,
    -0.1400037705898285,
    -0.08075782656669617,
    -0.08073896169662476,
    -0.11573006957769394,
    -0.17542700469493866,
    -0.258094847202301,
    -0.4511001408100128,
    -0.5920137166976929,
    -0.399453729391098,
    -0.19699205458164215,
    -0.1571166217327118,
    -0.1533314287662506,
    -0.1529446244239807,
    -0.11481333523988724,
    -0.044627416878938675,
    -0.0844491720199585,
    -0.08514215797185898,
    -0.08571765571832657,
    -0.08639879524707794,
    -0.08751456439495087,
    -0.08983200788497925,
    -0.09578334540128708,
    -0.10620864480733871,
    -0.11149127781391144,
    -0.11329379677772522,
    0.018533311784267426,
    0.045197028666734695,
    0.08197489380836487,
    0.2130739986896515,
    0.36641180515289307,
    0.4369082748889923,
    0.5434329509735107,
    0.9283161163330078,
    0.6838805079460144,
    0.08534847944974899,
    0.16850833594799042,
    0.12628771364688873,
    0.26033973693847656,
    0.3133890628814697
  ],
  "sigma2": [
    1.7548182995597017e-06,
    0.0006229283171705902,
    7.51484403735958e-05,
    0.0002422520046820864,
    0.00040160323260352015,
    0.0004016038146801293,
    0.00040160553180612624,
    0.00040160934440791607,
    0.0004016078310087323,
    0.0004016064922325313,
    0.0004016060847789049,
    0.00040160593925975263,
    0.00040160573553293943,
    0.00040160593925975263,
    0.00040160497883334756,
    0.00040142881334759295,
    0.00040159482159651816,
    0.000401599972974509,
    0.0004015988379251212,
    0.00040163769153878093,
    0.0004091807932127267,
    0.00042409583693370223,
    0.00047318596625700593,
    0.00040443104808218777,
    0.00040888373041525483,
    0.0004071436123922467,
    0.0003889174840878695,
    0.00038850863347761333,
    0.00039143458707258105,
    0.0004016277380287647,
    0.0004039355262648314,
    0.0004274251405149698,
    0.0004293614183552563,
    0.00040544033981859684,
    0.00040164688834920526,
    0.0004015968879684806,
    0.00040160035132430494,
    0.0004015959275420755,
    0.0004014674632344395,
    0.00024551679962314665,
    0.00040160573553293943,
    0.00040160573553293943,
    0.00040160553180612624,
    0.00040160593925975263,
    0.0004016062885057181,
    0.0004016072489321232,
    0.0004016089951619506,
    0.0004016060847789049,
    0.0004016038146801293,
    0.0004016034072265029,
    7.971401646500453e-05,
    0.0002513105282559991,
    0.0003985744551755488,
    0.0004280561697669327,
    0.0004420771438162774,
    0.0004769176885019988,
    0.0004836947191506624,
    0.0011557798134163022,
    0.0007108028512448072,
    0.0004021154309157282,
    0.00042864360148087144,
    0.0004210702609270811,
    0.00043131146230734885,
    0.00042935056262649596
  ],
  "pi": [
    0.9900000095367432,
    2.618106691443245e-07,
    0.0008212533430196345,
    0.0010592988692224026,
    2.0254749699688546e-07,
    1.9450773436346935e-07,
    1.8526758083226014e-07,
    1.7481529823726305e-07,
    1.6298743332754384e-07,
    1.495096171311161e-07,
    1.3410790700163489e-07,
    1.1644754494000153e-07,
    9.602750594694953e-08,
    7.200006280072557e-08,
    6.400478014256805e-08,
    1.028808947012294e-05,
    3.9131177800300065e-06,
    2.7199905616726028e-06,
    2.976916675834218e-06,
    5.590039563685423e-06,
    3.916239438694902e-05,
    3.93316213376238e-06,
    1.4246382988858386e-06,
    0.0003097699081990868,
    8.595659892307594e-05,
    0.0005264288047328591,
    0.0005674989661201835,
    0.0005850826855748892,
    0.0005984613671898842,
    0.00047632819041609764,
    0.00017466479039285332,
    8.956079909694381e-06,
    1.7094063196054776e-06,
    1.8491789887775667e-05,
    6.4306209424103145e-06,
    3.156094408041099e-06,
    2.663324266904965e-06,
    3.5894393022317672e-06,
    8.18983153294539e-06,
    4.438424366526306e-05,
    6.771750094003437e-08,
    9.240203979743455e-08,
    1.1331909632872339e-07,
    1.3137864129930676e-07,
    1.4710778373228095e-07,
    1.6087378185147827e-07,
    1.7295025145358522e-07,
    1.8362764819812583e-07,
    1.9309293008973327e-07,
    2.013680102663784e-07,
    0.0007941359654068947,
    0.0010587393771857023,
    0.0006008405471220613,
    0.0002686450898181647,
    2.569171556388028e-05,
    1.0918562111328356e-05,
    4.786729277839186e-06,
    1.636279307604127e-06,
    4.404181254358264e-06,
    0.0004652099160011858,
    0.00046446314081549644,
    0.0007234349031932652,
    0.00014294820721261203,
    5.854362461832352e-05
  ],
  "J": 64
}