{
  "mu": [
    0.0,
    -0.4954189360141754,
    -0.42540115118026733,
    -0.35835063457489014,
    -0.2987881600856781,
    -0.25015586614608765,
    -0.21164464950561523,
    -0.18048135936260223,
    -0.15430079400539398,
    -0.13165614008903503,
    -0.11186469346284866,
    -0.09478698670864105,
    -0.08084870129823685,
    -0.07237642258405685,
    -0.03408900648355484,
    -0.0005353920278139412,
    -0.000545848801266402,
    -0.0005529426853172481,
    -0.0005563034792430699,
    -0.0005589518113993108,
    -0.0005619865260086954,
    -0.0005648114602081478,
    -0.000567308918107301,
    -0.0005701708723790944,
    -0.0005742901703342795,
    -0.0005761335487477481,
    -0.0005773763405159116,
    -0.000577413069549948,
    -0.0005760911153629422,
    -0.000574957113713026,
    -0.0005707400268875062,
    -0.0005677110748365521,
    -0.0005652200779877603,
    -0.0005624337936751544,
    -0.0005587428458966315,
    -0.0005532386130653322,
    -0.0005463211564347148,
    -0.0005405370029620826,
    -0.0005359487258829176,
    -0.0005328661645762622,
    0.07131552696228027,
    0.0781562477350235,
    0.09149382263422012,
    0.10817459970712662,
    0.12764772772789001,
    0.15002602338790894,
    0.17601636052131653,
    0.20719014108181,
    0.2463565617799759,
    0.2972387969493866,
    0.3613319993019104,
    0.4330314099788666,
    0.5031867623329163,
    0.5658331513404846,
    0.6178734302520752,
    0.6577369570732117,
    0.6849048137664795,
    0.699949324131012,
    0.705101728439331,
    0.7043471336364746,
    0.7018221616744995,
    0.7000149488449097,
    0.6997655034065247,
    0.7012356519699097
  ],
  "sigma2": [
    0.019453542307019234,
    0.018828734755516052,
    0.018735596910119057,
    0.018662719056010246,
    0.01859220676124096,
    0.018475841730833054,
    0.018279604613780975,
    0.01800527796149254,
    0.01768103614449501,
    0.017349937930703163,
    0.017061961814761162,
    0.016867678612470627,
    0.016816914081573486,
    0.01698167249560356,
    0.016111139208078384,
    0.011631430126726627,
    0.012607695534825325,
    0.013555048033595085,
    0.014453794807195663,
    0.015288920141756535,
    0.01604434847831726,
    0.016703294590115547,
    0.01724986732006073,
    0.01767151989042759,
    0.017961673438549042,
    0.018124651163816452,
    0.01818232797086239,
    0.018184678629040718,
    0.018140016123652458,
    0.017995640635490417,
    0.017726292833685875,
    0.01732528582215309,
    0.016797760501503944,
    0.016155626624822617,
    0.015414330177009106,
    0.014590729959309101,
    0.013701292686164379,
    0.012760849669575691,
    0.011787566356360912,
    0.01126029435545206,
    0.017042048275470734,
    0.016828136518597603,
    0.016851704567670822,
    0.017027702182531357,
    0.017305849120020866,
    0.017635341733694077,
    0.017964843660593033,
    0.018248243257403374,
    0.018451619893312454,
    0.01856696605682373,
    0.01862741820514202,
    0.018690001219511032,
    0.01877933368086815,
    0.018884841352701187,
    0.018991708755493164,
    0.019090736284852028,
    0.019176987931132317,
    0.019248848780989647,
    0.019305916503071785,
    0.019349755719304085,
    0.019382653757929802,
    0.019406434148550034,
    0.01942359283566475,
    0.019435906782746315
  ],
  "pi": [
    0.9900000095367432,
    3.5930006561102346e-05,
    3.581060445867479e-05,
    3.576139351935126e-05,
    3.582654971978627e-05,
    3.601668868213892e-05,
    3.630440915003419e-05,
    3.665379699668847e-05,
    3.703427137224935e-05,
    3.7412963138194755e-05,
    3.772565833060071e-05,
    3.781014675041661e-05,
    3.71975802408997e-05,
    3.4155065804952756e-05,
    7.361167808994651e-05,
    0.0006340130930766463,
    0.0005031139589846134,
    0.00041685745236463845,
    0.00035868945997208357,
    0.0003183680819347501,
    0.00028968448168598115,
    0.00026893147150985897,
    0.00025391922099515796,
    0.00024335307534784079,
    0.00023645046167075634,
    0.00023264811898116022,
    0.00023130029148887843,
    0.00023124545987229794,
    0.00023228848294820637,
    0.00023565004812553525,
    0.00024202173517551273,
    0.00025195846683345735,
    0.00026618834817782044,
    0.00028590045985765755,
    0.0003131076227873564,
    0.00035121370456181467,
    0.00040593097219243646,
    0.00048670350224711,
    0.0006089077214710414,
    0.0006820522830821574,
    3.298994852229953e-05,
    3.688149809022434e-05,
    3.7715853977715597e-05,
    3.77047254005447e-05,
    3.741699401871301e-05,
    3.704386836034246e-05,
    3.665921758511104e-05,
    3.6299497878644615e-05,
    3.599709816626273e-05,
    3.579524127417244e-05,
    3.573351204977371e-05,
    3.580331394914538e-05,
    3.594291410990991e-05,
    3.6091609217692167e-05,
    3.6216890293871984e-05,
    3.630948776844889e-05,
    3.637277040979825e-05,
    3.6414745409274474e-05,
    3.6442939745029435e-05,
    3.6462653952185065e-05,
    3.647675475804135e-05,
    3.648689016699791e-05,
    3.649383143056184e-05,
    3.649826248874888e-05
  ],
  "J": 64
}