{
  "mu": [
    0.0,
    -0.9307594299316406,
    -0.01819727011024952,
    -0.04441811516880989,
    -0.10624305158853531,
    -0.10251065343618393,
    -0.09855756163597107,
    -0.09528417140245438,
    -0.09294046461582184,
    -0.09125842899084091,
    -0.0899723470211029,
    -0.08888493478298187,
    -0.08780185878276825,
    -0.08649581670761108,
    -0.08394467085599899,
    -0.08223757892847061,
    -0.15424542129039764,
    -0.15851180255413055,
    -0.16398732364177704,
    -0.19145949184894562,
    -0.30403369665145874,
    -0.4495585858821869,
    -0.6499409079551697,
    -0.19152051210403442,
    -0.26357680559158325,
    -0.12868714332580566,
    -0.0795799121260643,
    -0.07957512885332108,
    -0.10974594950675964,
    -0.15750406682491302,
    -0.22652146220207214,
    -0.395936518907547,
    -0.5224481225013733,
    -0.3476814031600952,
    -0.19155465066432953,
    -0.1669970154762268,
    -0.15898551046848297,
    -0.15551084280014038,
    -0.11228608340024948,
    -0.038215745240449905,
    -0.08625303953886032,
    -0.08761396259069443,
    -0.08871766179800034,
    -0.08979395031929016,
    -0.091042660176754,
    -0.09265901893377304,
    -0.09490732848644257,
    -0.09809264540672302,
    -0.1020875796675682,
    -0.10604967176914215,
    0.01790347322821617,
    0.04465048760175705,
    0.08201471716165543,
    0.20090113580226898,
    0.34194985032081604,
    0.41101035475730896,
    0.5086255669593811,
    0.9039875268936157,
    0.6488350033760071,
    0.08225204050540924,
    0.1607261747121811,
    0.122569240629673,
    0.2426559031009674,
    0.2906476855278015
  ],
  "sigma2": [
    1.7744727074386901e-06,
    0.0006025476031936705,
    7.492188888136297e-05,
    0.00024075682449620217,
    0.0004016078310087323,
    0.00040160841308534145,
    0.00040160704520531,
    0.00040160841308534145,
    0.00040160841308534145,
    0.0004016078310087323,
    0.00040160800563171506,
    0.0004016072489321232,
    0.00040160704520531,
    0.0004016066959593445,
    0.0004016062885057181,
    0.0004015633894596249,
    0.0004016486054752022,
    0.0004016545426566154,
    0.00040166202234104276,
    0.000401632918510586,
    0.0004041999054607004,
    0.00041663978481665254,
    0.0005205825436860323,
    0.00040294366772286594,
    0.00039557984564453363,
    0.0004030595300719142,
    0.00039161177119240165,
    0.00039134890539571643,
    0.00040013575926423073,
    0.000408687861636281,
    0.0003994881408289075,
    0.000408602092647925,
    0.00043977447785437107,
    0.0004146388382650912,
    0.0004016388556919992,
    0.00040165495011024177,
    0.0004016545426566154,
    0.00040165495011024177,
    0.00040154290036298335,
    0.00015331861504819244,
    0.00040160704520531,
    0.0004016072489321232,
    0.00040160704520531,
    0.0004016076272819191,
    0.0004016078310087323,
    0.0004016085877083242,
    0.0004016085877083242,
    0.0004016076272819191,
    0.00040160841308534145,
    0.0004016076272819191,
    7.264041050802916e-05,
    0.0002426580322207883,
    0.0003950456448365003,
    0.00041817856254056096,
    0.0004352248215582222,
    0.0004600980319082737,
    0.00048699587932787836,
    0.00116958178114146,
    0.0008138086413964629,
    0.0003976878651883453,
    0.0004109308065380901,
    0.00039712261059321463,
    0.0004239193513058126,
    0.00043066611397080123
  ],
  "pi": [
    0.9900000095367432,
    4.0026452552410774e-07,
    0.000846055569127202,
    0.001096400199458003,
    2.1675312211755227e-07,
    2.0818521306864568e-07,
    1.9835735542983457e-07,
    1.8721461003678996e-07,
    1.7454912892844732e-07,
    1.60109607350023e-07,
    1.4361388878114667e-07,
    1.247010033011975e-07,
    1.0283471851835202e-07,
    7.71060655324618e-08,
    6.854346423779134e-08,
    1.101153338822769e-05,
    4.176577476755483e-06,
    2.9006737349845935e-06,
    3.17053036269499e-06,
    5.909955234528752e-06,
    6.341958942357451e-05,
    7.104553787939949e-06,
    1.6332037375832442e-06,
    0.000325803819578141,
    0.00011389800783945248,
    0.0005006067221984267,
    0.0005558371194638312,
    0.000572572520468384,
    0.00047083606477826834,
    0.00046378260594792664,
    0.00020041342941112816,
    1.4399769497686066e-05,
    2.8271931569179287e-06,
    2.764271994237788e-05,
    6.786062385799596e-06,
    3.368149009475019e-06,
    2.8398874292179244e-06,
    3.8304201552818995e-06,
    8.746475941734388e-06,
    4.706285471911542e-05,
    7.252022982129347e-08,
    9.895310881802288e-08,
    1.2135092219978105e-07,
    1.4069102860503335e-07,
    1.5753718685118656e-07,
    1.7228522608547792e-07,
    1.8521923550451902e-07,
    1.9661055716824194e-07,
    2.0667663136464398e-07,
    2.1549254825004027e-07,
    0.0008241203031502664,
    0.0010847687954083085,
    0.0006128960521891713,
    0.0002609521325211972,
    3.077880319324322e-05,
    1.2326877367740963e-05,
    5.1670931497938e-06,
    1.689439955043781e-06,
    4.795885161001934e-06,
    0.0004773892287630588,
    0.0004454228619579226,
    0.0006630097050219774,
    0.0001413127320120111,
    6.870341167086735e-05
  ],
  "J": 64
}