{
  "mu": [
    0.0,
    -0.5171080231666565,
    -0.03206310421228409,
    -0.0560762993991375,
    -0.09783279895782471,
    -0.09708090871572495,
    -0.09637892246246338,
    -0.09568734467029572,
    -0.09498703479766846,
    -0.09424649924039841,
    -0.09343338012695312,
    -0.09248986840248108,
    -0.09127817302942276,
    -0.08951201289892197,
    -0.0854472890496254,
    -0.09492496401071548,
    -0.1412825584411621,
    -0.15170080959796906,
    -0.15480774641036987,
    -0.15581472218036652,
    -0.20730775594711304,
    -0.261609822511673,
    -0.37039512395858765,
    -0.1500190943479538,
    -0.18625707924365997,
    -0.12581609189510345,
    -0.08752213418483734,
    -0.08745679259300232,
    -0.09161178022623062,
    -0.12584441900253296,
    -0.16098298132419586,
    -0.22812420129776,
    -0.3038294017314911,
    -0.21055832505226135,
    -0.15590800344944,
    -0.15498103201389313,
    -0.1524466723203659,
    -0.14400820434093475,
    -0.10893023759126663,
    -3.161854328936897e-05,
    -0.08915480971336365,
    -0.09104368835687637,
    -0.09232113510370255,
    -0.0932975634932518,
    -0.09412892162799835,
    -0.09488223493099213,
    -0.09559191763401031,
    -0.09629166126251221,
    -0.09700492024421692,
    -0.09778253734111786,
    0.0325385257601738,
    0.05588318035006523,
    0.06750404089689255,
    0.09331907331943512,
    0.22967281937599182,
    0.2919808328151703,
    0.38507401943206787,
    0.7971510887145996,
    0.54736328125,
    0.09372762590646744,
    0.12600773572921753,
    0.09343041479587555,
    0.14152322709560394,
    0.1790233701467514
  ],
  "sigma2": [
    2.3736703951726668e-05,
    0.002897603902965784,
    7.331458618864417e-05,
    0.00020819158817175776,
    0.00040161298238672316,
    0.00040161298238672316,
    0.0004016128077637404,
    0.0004016126040369272,
    0.0004016124294139445,
    0.00040161298238672316,
    0.00040161318611353636,
    0.0004016135644633323,
    0.00040161472861655056,
    0.00040161548531614244,
    0.00040161493234336376,
    0.00039464273140765727,
    0.0004084933898411691,
    0.0004031525750178844,
    0.0004024257941637188,
    0.0004022479697596282,
    0.00040228382567875087,
    0.000385135761462152,
    0.0005348373670130968,
    0.0004033752193208784,
    0.00040603484376333654,
    0.0003947750374209136,
    0.00039538450073450804,
    0.0003949301899410784,
    0.00039997437852434814,
    0.00039655776345171034,
    0.00040284241549670696,
    0.0004086432163603604,
    0.000458847003756091,
    0.00040218851063400507,
    0.00040223528048954904,
    0.000402379926526919,
    0.00040294366772286594,
    0.00040662987157702446,
    0.00041908802813850343,
    3.3772164897527546e-05,
    0.00040161548531614244,
    0.00040161568904295564,
    0.0004016135644633323,
    0.00040161318611353636,
    0.0004016135644633323,
    0.0004016124294139445,
    0.0004016126040369272,
    0.0004016126040369272,
    0.00040161298238672316,
    0.00040161338984034956,
    7.785823981976137e-05,
    0.0002023379347519949,
    0.0003187684924341738,
    0.0003978625754825771,
    0.0004904303350485861,
    0.000588160939514637,
    0.000685812730807811,
    0.0017892558826133609,
    0.0008310673874802887,
    0.00039538805140182376,
    0.000410223234212026,
    0.0003972830600105226,
    0.0003858379495795816,
    0.00044282907037995756
  ],
  "pi": [
    0.9900000095367432,
    7.500968422391452e-06,
    0.0009305490530095994,
    0.0012529920786619186,
    3.05080305906813e-07,
    2.9308105808922846e-07,
    2.792902478176984e-07,
    2.636244573750446e-07,
    2.458070582633809e-07,
    2.2549511413672008e-07,
    2.022730853923349e-07,
    1.7564961751759256e-07,
    1.4486856514395186e-07,
    1.0863988819664883e-07,
    9.658319299887808e-08,
    1.5488774806726724e-05,
    5.80994674237445e-06,
    4.0033137338468805e-06,
    4.320994321460603e-06,
    7.642000127816573e-06,
    1.9063976651523262e-05,
    5.2130988478893414e-05,
    1.663227340031881e-05,
    0.00019020907348021865,
    0.0002875912468880415,
    0.00040956749580800533,
    0.0005144766182638705,
    0.0005290807457640767,
    0.00042695351294241846,
    0.00031167984707280993,
    0.00020436171325854957,
    0.00012489080836530775,
    3.7826972402399406e-05,
    2.235642386949621e-05,
    8.659068953420501e-06,
    4.573124897433445e-06,
    3.9148681025835685e-06,
    5.31956402483047e-06,
    1.2269501894479617e-05,
    6.93850452080369e-05,
    1.021836553150024e-07,
    1.394030135770663e-07,
    1.7093474014018284e-07,
    1.9815810503587272e-07,
    2.2187404624673945e-07,
    2.426203309369157e-07,
    2.608169040740904e-07,
    2.768354647741944e-07,
    2.909631291458936e-07,
    3.033100881566497e-07,
    0.0009036952978931367,
    0.0008419165387749672,
    0.0004636220110114664,
    0.0003041648888029158,
    0.00014448950241785496,
    5.352922744350508e-05,
    1.3704088814847637e-05,
    2.808828867273405e-06,
    6.184024641697761e-06,
    0.0003739300591405481,
    0.000356764008756727,
    0.00036367762368172407,
    0.000355619442416355,
    0.0003320965333841741
  ],
  "J": 64
}