{
  "mu": [
    0.0,
    -1.0750281810760498,
    -0.01862986758351326,
    -0.044905517250299454,
    -0.11691245436668396,
    -0.11622680723667145,
    -0.11408744752407074,
    -0.1029808297753334,
    -0.08829618990421295,
    -0.08555520325899124,
    -0.08472476154565811,
    -0.08435216546058655,
    -0.08409825712442398,
    -0.08378053456544876,
    -0.08276886492967606,
    -0.08216941356658936,
    -0.14580987393856049,
    -0.14548927545547485,
    -0.14442482590675354,
    -0.2217104136943817,
    -0.3864675462245941,
    -0.572618305683136,
    -0.7803670167922974,
    -0.2445390820503235,
    -0.33654311299324036,
    -0.1627320647239685,
    -0.0823436975479126,
    -0.08232682943344116,
    -0.12364485114812851,
    -0.20193898677825928,
    -0.2878897190093994,
    -0.5032733678817749,
    -0.6761330366134644,
    -0.44026216864585876,
    -0.22182893753051758,
    -0.1442844122648239,
    -0.14543099701404572,
    -0.14575077593326569,
    -0.11876833438873291,
    -0.05170910060405731,
    -0.08371325582265854,
    -0.08405578136444092,
    -0.08430889993906021,
    -0.08464931696653366,
    -0.08537240326404572,
    -0.0875948965549469,
    -0.09988532215356827,
    -0.11350342631340027,
    -0.11610778421163559,
    -0.11688437312841415,
    0.018383322283625603,
    0.04430832341313362,
    0.08042736351490021,
    0.2397206574678421,
    0.38168999552726746,
    0.4482128918170929,
    0.55544513463974,
    0.9367449879646301,
    0.6923894286155701,
    0.1202918216586113,
    0.19720686972141266,
    0.15790054202079773,
    0.28551745414733887,
    0.3311353027820587
  ],
  "sigma2": [
    1.7532876199766179e-06,
    0.0004874107544310391,
    7.823261694284156e-05,
    0.0002435125643387437,
    0.00040160593925975263,
    0.00040160573553293943,
    0.00040160532807931304,
    0.00040160704520531,
    0.0004016060847789049,
    0.00040160512435249984,
    0.00040160497883334756,
    0.00040160497883334756,
    0.00040160512435249984,
    0.0004016062885057181,
    0.0004016062885057181,
    0.0004015069280285388,
    0.0004015825397800654,
    0.00040158923366107047,
    0.00040158582851290703,
    0.00040135817835107446,
    0.00041220246930606663,
    0.0004198770911898464,
    0.0004625984001904726,
    0.0004107464337721467,
    0.0004173472698312253,
    0.00040954971336759627,
    0.00039439008105546236,
    0.00039417180232703686,
    0.0004028276016470045,
    0.0004200533439870924,
    0.00042050424963235855,
    0.0004128846921958029,
    0.0004229935584589839,
    0.00041430466808378696,
    0.00040132144931703806,
    0.00040158425690606236,
    0.00040158964111469686,
    0.00040158446063287556,
    0.0004015984304714948,
    0.0002965539461001754,
    0.0004016062885057181,
    0.00040160512435249984,
    0.00040160497883334756,
    0.00040160497883334756,
    0.00040160512435249984,
    0.00040160573553293943,
    0.0004016074526589364,
    0.00040160573553293943,
    0.00040160573553293943,
    0.00040160593925975263,
    7.648109749425203e-05,
    0.00024284995743073523,
    0.0003802419232670218,
    0.0004068147100042552,
    0.0004280802677385509,
    0.00047992327017709613,
    0.0004777243302669376,
    0.0011587801855057478,
    0.0007001971243880689,
    0.0003956947766710073,
    0.0004024087393190712,
    0.000409083062550053,
    0.0004184510326012969,
    0.0004172352491877973
  ],
  "pi": [
    0.9900000095367432,
    1.868715742148197e-07,
    0.000790875987149775,
    0.001069080550223589,
    1.7630678428304236e-07,
    1.693000086788743e-07,
    1.6123692603287054e-07,
    1.5207207582079718e-07,
    1.4176985985159263e-07,
    1.3004746790556965e-07,
    1.166483016845632e-07,
    1.0128464822400929e-07,
    8.352059666094647e-08,
    6.261969787146882e-08,
    5.566526795064419e-08,
    8.95974244485842e-06,
    3.4158426842623157e-06,
    2.375914391450351e-06,
    2.6045547656394774e-06,
    4.911163614451652e-06,
    2.3335953301284462e-05,
    2.061438635792001e-06,
    6.237767138372874e-07,
    0.00021362573897931725,
    5.693557613994926e-05,
    0.0005626404308713973,
    0.0005827228305861354,
    0.0006015264079906046,
    0.0008390360744670033,
    0.000391457142541185,
    0.00012767563748639077,
    4.266085397830466e-06,
    1.2133438076489256e-06,
    1.310183961322764e-05,
    5.658577265421627e-06,
    2.762587882898515e-06,
    2.326669346075505e-06,
    3.1337897326011444e-06,
    7.150493729568552e-06,
    3.853201269521378e-05,
    5.889446441642576e-08,
    8.036663956545453e-08,
    9.856290006382551e-08,
    1.1427370338878973e-07,
    1.279581454127765e-07,
    1.3993178527016426e-07,
    1.5044177814615978e-07,
    1.598043866124499e-07,
    1.680668191283985e-07,
    1.7527959528251813e-07,
    0.0007700154674239457,
    0.001003188663162291,
    0.0010112511226907372,
    0.00019862303452100605,
    2.1004767404519953e-05,
    1.0194044989475515e-05,
    4.816386990569299e-06,
    1.6289034192595864e-06,
    4.377224286145065e-06,
    0.0006898897117935121,
    0.00030627206433564425,
    0.0004819392052013427,
    8.723390055820346e-05,
    4.474355228012428e-05
  ],
  "J": 64
}