{
  "mu": [
    0.0,
    -0.48627883195877075,
    -0.29379212856292725,
    -0.2935889959335327,
    -0.0006507651414722204,
    -0.0006213436718098819,
    -0.0005968280602246523,
    -0.0005771900760009885,
    -0.0005636240821331739,
    -0.0005577137926593423,
    -0.0005611230153590441,
    -0.0005756514146924019,
    -0.0006033459212630987,
    -0.0006531000253744423,
    -0.0006851726211607456,
    -8.452981273876503e-05,
    -0.0003595176094677299,
    -0.0006837054388597608,
    -0.0009351918706670403,
    -0.0011492350604385138,
    -0.0013556784251704812,
    -0.0015640472993254662,
    -0.0017713563283905387,
    -0.00196595280431211,
    -0.002130005042999983,
    -0.0022510988637804985,
    -0.002322128042578697,
    -0.002326127840206027,
    -0.0022661283146589994,
    -0.0021522613242268562,
    -0.0019944366067647934,
    -0.0018034346867352724,
    -0.0015970360254868865,
    -0.0013883537612855434,
    -0.001181853818707168,
    -0.0009703755495138466,
    -0.0007279180572368205,
    -0.00041399788460694253,
    -0.0001123375041061081,
    -3.464861583779566e-05,
    -0.0006282361573539674,
    -0.0006051564123481512,
    -0.0005779837956652045,
    -0.0005620594602078199,
    -0.0005571590736508369,
    -0.0005618169670924544,
    -0.0005743808578699827,
    -0.0005933275097049773,
    -0.000617507379502058,
    -0.0006473750690929592,
    0.27242326736450195,
    0.2728201746940613,
    0.27349263429641724,
    0.27497029304504395,
    0.3969777226448059,
    0.300643652677536,
    0.5029722452163696,
    0.8102522492408752,
    0.6340295672416687,
    0.2743197977542877,
    0.27432960271835327,
    0.2743568420410156,
    0.2743918299674988,
    0.2744290828704834
  ],
  "sigma2": [
    0.0030239587649703026,
    0.0030299185309559107,
    0.0025584581308066845,
    0.0025165302213281393,
    0.002501776674762368,
    0.0024315633345395327,
    0.0023706413339823484,
    0.0023201401345431805,
    0.0022839843295514584,
    0.002266994910314679,
    0.0022739183623343706,
    0.002309301169589162,
    0.002376684220507741,
    0.0024774677585810423,
    0.0026282132603228092,
    0.0006316108629107475,
    0.0017729023238644004,
    0.0026217943523079157,
    0.0031139361672103405,
    0.003444346832111478,
    0.0036933140363544226,
    0.0038877641782164574,
    0.004036829341202974,
    0.004144548904150724,
    0.004214191809296608,
    0.004251100122928619,
    0.0042634084820747375,
    0.004263865761458874,
    0.0042543974705040455,
    0.00422207685187459,
    0.004157939460128546,
    0.004056526813656092,
    0.003914129454642534,
    0.0037272274494171143,
    0.00348796509206295,
    0.0031737228855490685,
    0.0027167939115315676,
    0.0019405314233154058,
    0.0007873316062614322,
    0.00029585338779725134,
    0.0024953323882073164,
    0.0023895581252872944,
    0.002316901693120599,
    0.0022766892798244953,
    0.0022655650973320007,
    0.0022792418021708727,
    0.0023128981702029705,
    0.0023618382401764393,
    0.0024221979547291994,
    0.0024937312118709087,
    0.002608905779197812,
    0.0026700764428824186,
    0.0027287579141557217,
    0.0027895644307136536,
    0.002831555437296629,
    0.0028633202891796827,
    0.002879388863220811,
    0.002929667942225933,
    0.002910480834543705,
    0.0028749010525643826,
    0.0028804803732782602,
    0.0028846864588558674,
    0.00288789183832705,
    0.0028900778852403164
  ],
  "pi": [
    0.9900000095367432,
    6.3396319092134945e-06,
    1.1902136066055391e-05,
    1.1345979146426544e-05,
    5.805804448755225e-06,
    5.9725766732299235e-06,
    6.014849986968329e-06,
    5.979444267723011e-06,
    5.864557806489756e-06,
    5.650662842526799e-06,
    5.307412720867433e-06,
    4.797715973836603e-06,
    4.080665348737966e-06,
    3.1050797133502783e-06,
    2.986153049278073e-06,
    0.0009026124607771635,
    0.00010016421583713964,
    4.359885861049406e-05,
    3.0229179174057208e-05,
    2.4991621103254147e-05,
    2.2311898646876216e-05,
    2.0700510503957048e-05,
    1.963426620932296e-05,
    1.8901564544648863e-05,
    1.841327866713982e-05,
    1.8130642274627462e-05,
    1.8023059965344146e-05,
    1.8018385162577033e-05,
    1.8102757167071104e-05,
    1.8355332940700464e-05,
    1.8809023458743468e-05,
    1.9498738765832968e-05,
    2.050202056125272e-05,
    2.200295784859918e-05,
    2.445169593556784e-05,
    2.909144495788496e-05,
    4.032431388623081e-05,
    8.301600610138848e-05,
    0.0005380309303291142,
    0.007695179898291826,
    2.918217205660767e-06,
    3.940391707146773e-06,
    4.694201379606966e-06,
    5.2333552957861684e-06,
    5.599606083706021e-06,
    5.83044584345771e-06,
    5.957163466518978e-06,
    5.99989652982913e-06,
    5.959209374850616e-06,
    5.774096280219965e-06,
    5.772912118118256e-06,
    5.851602054463001e-06,
    5.8077093854080886e-06,
    5.552552011067746e-06,
    5.39597385795787e-06,
    5.44670365343336e-06,
    5.360826435207855e-06,
    5.117014552524779e-06,
    5.33247111889068e-06,
    6.034583293512696e-06,
    6.040556854713941e-06,
    6.043129815225257e-06,
    6.044564997864654e-06,
    6.045333975635003e-06
  ],
  "J": 64
}