{
  "mu": [
    0.0,
    -0.28611767292022705,
    -0.12270806729793549,
    -0.12280307710170746,
    -0.0003033654356840998,
    -0.0002865310525521636,
    -0.0002721465425565839,
    -0.0002612423268146813,
    -0.00025476093287579715,
    -0.0002537370892241597,
    -0.0002592971723061055,
    -0.00027292236336506903,
    -0.00029639920103363693,
    -0.0003312747576273978,
    -0.0004558348737191409,
    -6.0929749452043325e-05,
    -0.0018330080201849341,
    -0.008729048073291779,
    -0.13941462337970734,
    -0.16357570886611938,
    -0.16767798364162445,
    -0.1693098545074463,
    -0.16917894780635834,
    -0.16502495110034943,
    -0.15930679440498352,
    -0.1556542068719864,
    -0.1542225480079651,
    -0.15422886610031128,
    -0.1552855521440506,
    -0.1585618555545807,
    -0.1640719622373581,
    -0.16883127391338348,
    -0.16945186257362366,
    -0.1680193990468979,
    -0.16455461084842682,
    -0.15068970620632172,
    -0.010725273750722408,
    -0.0025296530220657587,
    -0.00012531575339380652,
    2.3342121124869664e-08,
    -0.00033723009983077645,
    -0.0003007519990205765,
    -0.0002755761088337749,
    -0.00026055617490783334,
    -0.0002538260887376964,
    -0.00025391613598912954,
    -0.0002596007543615997,
    -0.0002698815951589495,
    -0.00028379293507896364,
    -0.00030033272923901677,
    0.1294185221195221,
    0.1302633285522461,
    0.13153566420078278,
    0.13379307091236115,
    0.19445769488811493,
    0.19439415633678436,
    0.2590544819831848,
    0.7114061117172241,
    0.4225356876850128,
    0.13497215509414673,
    0.13521583378314972,
    0.1354106366634369,
    0.13556739687919617,
    0.1356743574142456
  ],
  "sigma2": [
    0.0008198015857487917,
    0.004505382385104895,
    0.0003131928970105946,
    0.00031512536224909127,
    0.00071300397394225,
    0.0007014352595433593,
    0.0006910222582519054,
    0.0006826649187132716,
    0.0006772993947379291,
    0.0006758982199244201,
    0.0006793076172471046,
    0.0006882242159917951,
    0.0007028531399555504,
    0.0007220852421596646,
    0.0007759924046695232,
    0.0004231607890687883,
    0.001055633882060647,
    0.0012219680938869715,
    0.0012707378482446074,
    0.0012893570819869637,
    0.0013078765477985144,
    0.0013173477491363883,
    0.0013164158444851637,
    0.001300700125284493,
    0.0012650209246203303,
    0.0012207450345158577,
    0.001196296070702374,
    0.0011962943244725466,
    0.0012149031972512603,
    0.001257752301171422,
    0.0012963812332600355,
    0.0013151252642273903,
    0.0013179118977859616,
    0.0013099649222567677,
    0.0012926645576953888,
    0.0012721570674329996,
    0.0012317182263359427,
    0.001103490823879838,
    0.0005471492768265307,
    3.1966366805136204e-05,
    0.0007249863701872528,
    0.000705407583154738,
    0.0006899212603457272,
    0.0006801123381592333,
    0.000675866671372205,
    0.000676584430038929,
    0.0006813939544372261,
    0.000689369160681963,
    0.000699554686434567,
    0.0007110625156201422,
    0.0005333882290869951,
    0.000551664677914232,
    0.0005777879850938916,
    0.0006200087373144925,
    0.0006759562529623508,
    0.0006892458768561482,
    0.0010330133372917771,
    0.0019763880409300327,
    0.0012422598665580153,
    0.0006405619787983596,
    0.0006445992039516568,
    0.0006477861315943301,
    0.0006503255572170019,
    0.0006520460592582822
  ],
  "pi": [
    0.9900000095367432,
    7.970039587235078e-05,
    0.00047251227078959346,
    0.00044352805707603693,
    3.2743475912866415e-06,
    3.2172927149076713e-06,
    3.1256470265361713e-06,
    3.0033379516680725e-06,
    2.8474480586737627e-06,
    2.653135197761003e-06,
    2.4147223030013265e-06,
    2.1256671516312053e-06,
    1.7770574913811288e-06,
    1.3522260360332439e-06,
    1.2584891919686925e-06,
    0.00018360382819082588,
    3.2700507290428504e-05,
    1.633867941563949e-05,
    1.2615947525773663e-05,
    1.5874067685217597e-05,
    2.2397978682420217e-05,
    3.235313488403335e-05,
    4.5623488404089585e-05,
    6.21922590653412e-05,
    8.266390796052292e-05,
    0.00010597227810649201,
    0.00012766588770318776,
    0.0001307390775764361,
    0.00010961648513330147,
    8.634466212242842e-05,
    6.518152804346755e-05,
    4.803058982361108e-05,
    3.4228192816954106e-05,
    2.372591734456364e-05,
    1.666716161707882e-05,
    1.2868327758042142e-05,
    1.5304918633773923e-05,
    2.7987836801912636e-05,
    0.00012436984980013222,
    0.006041782442480326,
    1.2748378139804117e-06,
    1.7138562498075771e-06,
    2.073058340101852e-06,
    2.3707073069090256e-06,
    2.6164982500631595e-06,
    2.8171270969323814e-06,
    2.9784516755171353e-06,
    3.1053127713676076e-06,
    3.200607579856296e-06,
    3.2587156510999193e-06,
    0.00012984404747840017,
    0.0001308164355577901,
    0.00012589422112796456,
    0.00011191268276888877,
    9.770852921064943e-05,
    0.00010502422810532153,
    8.947515743784606e-05,
    7.908087354735471e-06,
    1.722136039461475e-05,
    0.0001317736750934273,
    0.0001318919676123187,
    0.00013187433069106191,
    0.00013182942348066717,
    0.0001317766436841339
  ],
  "J": 64
}