{
  "mu": [
    0.0,
    -0.2803162634372711,
    -0.0722394734621048,
    -0.09281119704246521,
    -0.0021456778049468994,
    -0.0018251040019094944,
    -0.001602870412170887,
    -0.001440955325961113,
    -0.0013224774738773704,
    -0.0012377894017845392,
    -0.0011799309868365526,
    -0.0011426761047914624,
    -0.00111669790931046,
    -0.0010819262824952602,
    -0.0011110658524557948,
    -0.0008381892112083733,
    -0.14230860769748688,
    -0.15327106416225433,
    -0.15848906338214874,
    -0.16469505429267883,
    -0.18024660646915436,
    -0.1892259418964386,
    -0.23289889097213745,
    -0.1581166833639145,
    -0.14490178227424622,
    -0.11552178114652634,
    -0.1126040369272232,
    -0.11232230067253113,
    -0.11494291573762894,
    -0.12630636990070343,
    -0.15620636940002441,
    -0.17706112563610077,
    -0.19820569455623627,
    -0.18287083506584167,
    -0.16618427634239197,
    -0.15908972918987274,
    -0.15424849092960358,
    -0.14499075710773468,
    -0.10500986874103546,
    -3.6412353665582486e-07,
    -0.0010721348226070404,
    -0.0011113676009699702,
    -0.0011371386935934424,
    -0.00117206247523427,
    -0.0012265006080269814,
    -0.0013070333516225219,
    -0.0014204863691702485,
    -0.0015767187578603625,
    -0.0017928130691871047,
    -0.002110775327309966,
    0.07507821917533875,
    0.07583662867546082,
    0.07847472280263901,
    0.09223496913909912,
    0.16008907556533813,
    0.20164020359516144,
    0.27333420515060425,
    0.7290470600128174,
    0.45521456003189087,
    0.09076503664255142,
    0.11661627888679504,
    0.11334900557994843,
    0.11185269057750702,
    0.14858612418174744
  ],
  "sigma2": [
    0.0002693557180464268,
    0.006689535919576883,
    0.00010360224405303597,
    0.00024477264378219843,
    0.0004384152125567198,
    0.0004363071930129081,
    0.0004344087210483849,
    0.00043292625923641026,
    0.0004320246516726911,
    0.000431869353633374,
    0.0004326049529481679,
    0.0004343619220890105,
    0.00043718499364331365,
    0.00044082949170842767,
    0.0004533857572823763,
    0.00038303251494653523,
    0.0006889390060678124,
    0.0006592174177058041,
    0.0006375261000357568,
    0.0006311387987807393,
    0.0006307621370069683,
    0.0006321312393993139,
    0.0006293122423812747,
    0.00061553914565593,
    0.0005826557171531022,
    0.0005409932346083224,
    0.0005114501691423357,
    0.0005084405420348048,
    0.0005353078013285995,
    0.0005767281982116401,
    0.0006084740161895752,
    0.0006248414283618331,
    0.0006351284100674093,
    0.000630697759333998,
    0.0006308177835308015,
    0.0006356788799166679,
    0.0006543003837577999,
    0.0006879708962514997,
    0.0004804753407370299,
    1.929706741066184e-05,
    0.00044135216739960015,
    0.00043766890303231776,
    0.00043468805961310863,
    0.00043276691576465964,
    0.0004318771534599364,
    0.000431903317803517,
    0.0004326963098719716,
    0.00043409873615019023,
    0.0004359415906947106,
    0.0004380138125270605,
    0.00015789172903168947,
    0.00016748442430980504,
    0.00019881833577528596,
    0.0003193256270606071,
    0.0004156997601967305,
    0.0005403422401286662,
    0.0012157962191849947,
    0.0023504102136939764,
    0.0010124772088602185,
    0.0003092637925874442,
    0.0003538835153449327,
    0.00038219726411625743,
    0.00041153631173074245,
    0.00043257130892015994
  ],
  "pi": [
    0.9900000095367432,
    9.896763367578387e-05,
    0.0012217835756018758,
    0.0010304865427315235,
    1.0901950417974149e-06,
    1.0647178214640007e-06,
    1.0299714858774678e-06,
    9.86204781838751e-07,
    9.323784979642369e-07,
    8.670383522257907e-07,
    7.884843284955423e-07,
    6.946686994524498e-07,
    5.826190658808628e-07,
    4.4673677734863304e-07,
    4.167890779172012e-07,
    5.4853924666531384e-05,
    1.7966798623092473e-05,
    1.1960007213929202e-05,
    1.2165218322479632e-05,
    1.820110992412083e-05,
    3.3150416129501536e-05,
    6.13797819823958e-05,
    0.00010849925456568599,
    0.00014863538672216237,
    0.00020854317699559033,
    0.0002782724623102695,
    0.00034262158442288637,
    0.0003515521821100265,
    0.0002891799667850137,
    0.00021950321388430893,
    0.00015679946227464825,
    0.0001151828037109226,
    6.696423224639148e-05,
    3.6626057408284396e-05,
    1.981320201593917e-05,
    1.2661368600674905e-05,
    1.1630189874267671e-05,
    1.6347796190530062e-05,
    3.9367194403894246e-05,
    0.0011425556149333715,
    4.220077869376837e-07,
    5.623758738693141e-07,
    6.776990630896762e-07,
    7.741315926068637e-07,
    8.548980758860125e-07,
    9.221375307788549e-07,
    9.776183560461504e-07,
    1.0228028486380936e-06,
    1.058772113537998e-06,
    1.0850106946236338e-06,
    0.0004308057832531631,
    0.0004196594818495214,
    0.0003727596194949001,
    0.0002899103856179863,
    0.0002527061151340604,
    0.00026124774012714624,
    9.890007640933618e-05,
    5.365831839299062e-06,
    1.2499905096774455e-05,
    0.0003446226182859391,
    0.00034128662082366645,
    0.0003404362068977207,
    0.0003393718507140875,
    0.0003474997647572309
  ],
  "J": 64
}