{
  "mu": [
    0.0,
    -0.3472900390625,
    -0.04747677594423294,
    -0.07089531421661377,
    -0.09837426990270615,
    -0.0975554883480072,
    -0.09677688777446747,
    -0.09599700570106506,
    -0.0951957106590271,
    -0.09433840215206146,
    -0.09338629245758057,
    -0.09226783365011215,
    -0.09080757945775986,
    -0.08861558139324188,
    -0.08322357386350632,
    -0.09594381600618362,
    -0.14249011874198914,
    -0.15207213163375854,
    -0.1555822193622589,
    -0.1577490270137787,
    -0.18640735745429993,
    -0.2219410091638565,
    -0.270187109708786,
    -0.14043106138706207,
    -0.17642612755298615,
    -0.13616709411144257,
    -0.09678222984075546,
    -0.09615868330001831,
    -0.1015237420797348,
    -0.11133309453725815,
    -0.14042526483535767,
    -0.18554282188415527,
    -0.2224290668964386,
    -0.21652038395404816,
    -0.15818515419960022,
    -0.15584762394428253,
    -0.15283814072608948,
    -0.14495308697223663,
    -0.10852588713169098,
    3.4031927498290315e-06,
    -0.0881609320640564,
    -0.09052120894193649,
    -0.09206612408161163,
    -0.09322627633810043,
    -0.0942014753818512,
    -0.09507492184638977,
    -0.09588832408189774,
    -0.09667936712503433,
    -0.09747264534235,
    -0.09832164645195007,
    0.04645675793290138,
    0.0659012496471405,
    0.07430236786603928,
    0.08477029204368591,
    0.1891082227230072,
    0.23950135707855225,
    0.3242168128490448,
    0.7564828395843506,
    0.49020594358444214,
    0.08245432376861572,
    0.1087888851761818,
    0.10912155359983444,
    0.12904703617095947,
    0.1537008434534073
  ],
  "sigma2": [
    8.010480814846233e-05,
    0.005755804479122162,
    8.413795148953795e-05,
    0.0001990872115129605,
    0.0004025181115139276,
    0.0004024240479338914,
    0.0004023400251753628,
    0.0004022761422675103,
    0.0004022351058665663,
    0.00040222262032330036,
    0.00040224389522336423,
    0.0004023054789286107,
    0.0004024123481940478,
    0.00040255897329188883,
    0.00040321314008906484,
    0.00038776404107920825,
    0.0004756780690513551,
    0.00044195825466886163,
    0.0004321272426750511,
    0.0004290742799639702,
    0.00042842840775847435,
    0.00042487570317462087,
    0.0005509044276550412,
    0.00042690368718467653,
    0.00042540443246252835,
    0.0004185581929050386,
    0.0004022260836791247,
    0.00040059586171992123,
    0.0004136100469622761,
    0.0004246822791174054,
    0.0004261471040081233,
    0.0004287906049285084,
    0.0004245383315719664,
    0.00042751056025736034,
    0.00042883845162577927,
    0.00043136082240380347,
    0.0004394893767312169,
    0.00046746741281822324,
    0.00044704574975185096,
    2.340355968044605e-05,
    0.00040257954970002174,
    0.000402430392568931,
    0.0004023166256956756,
    0.00040224907570518553,
    0.0004022220673505217,
    0.00040222954703494906,
    0.00040226615965366364,
    0.0004023275396320969,
    0.0004024081281386316,
    0.00040249910671263933,
    7.6476571848616e-05,
    0.00019952113507315516,
    0.00028654589550569654,
    0.0003659695212263614,
    0.00041313894325867295,
    0.0006453351234085858,
    0.0009168480755761266,
    0.0022439067251980305,
    0.0009207564871758223,
    0.00035112540354020894,
    0.00039247801760211587,
    0.0003905612975358963,
    0.00040243001421913505,
    0.0003912946267519146
  ],
  "pi": [
    0.9900000095367432,
    3.9103404560592026e-05,
    0.0012124204076826572,
    0.001174603938125074,
    5.15973169967765e-07,
    4.957614123668463e-07,
    4.7251356249944365e-07,
    4.4608617599806166e-07,
    4.1600529243623896e-07,
    3.8170571770024253e-07,
    3.424630108384008e-07,
    2.974618382722838e-07,
    2.4542018195461424e-07,
    1.841349330788944e-07,
    1.6380472800392454e-07,
    2.6156052626902238e-05,
    9.676905392552726e-06,
    6.592782938241726e-06,
    6.974376447033137e-06,
    1.1610599358391482e-05,
    2.5481642296654172e-05,
    5.7915840443456545e-05,
    6.51852969895117e-05,
    0.00017432976164855063,
    0.0002551040961407125,
    0.0003487673820927739,
    0.00043480235035531223,
    0.00044669213821180165,
    0.00036370730958878994,
    0.0002699290635064244,
    0.0001855758746387437,
    0.00012462072481866926,
    6.488154758699238e-05,
    2.918116661021486e-05,
    1.295598121942021e-05,
    7.338648629229283e-06,
    6.435085651901318e-06,
    8.842165698297322e-06,
    2.0682020476670004e-05,
    0.00021711607405450195,
    1.732151559963313e-07,
    2.3617475619630568e-07,
    2.8949213515261363e-07,
    3.355078206368489e-07,
    3.755897353130422e-07,
    4.1062159539251297e-07,
    4.41345349599942e-07,
    4.6836893830004556e-07,
    4.921886898046068e-07,
    5.129851388119278e-07,
    0.0008915288490243256,
    0.0005921207484789193,
    0.00042340971413068473,
    0.0002965083403978497,
    0.0002359875215915963,
    0.0001398798922309652,
    3.7026773497927934e-05,
    3.830551122518955e-06,
    8.655751116748434e-06,
    0.0003585989761631936,
    0.0003493991680443287,
    0.0003490598755888641,
    0.0003472287207841873,
    0.0003523851919453591
  ],
  "J": 64
}