{
  "mu": [
    0.0,
    -0.31922009587287903,
    -0.054642483592033386,
    -0.07796910405158997,
    -0.09862075746059418,
    -0.09763427823781967,
    -0.09667818248271942,
    -0.09570187330245972,
    -0.09468045830726624,
    -0.09356638044118881,
    -0.09230154007673264,
    -0.09077579528093338,
    -0.0887056365609169,
    -0.085371233522892,
    -0.07548928260803223,
    -0.0966254323720932,
    -0.142650306224823,
    -0.1528281271457672,
    -0.15685424208641052,
    -0.16006407141685486,
    -0.1866556853055954,
    -0.2086060345172882,
    -0.25324547290802,
    -0.14089396595954895,
    -0.1665872186422348,
    -0.12447734922170639,
    -0.09909317642450333,
    -0.09860414266586304,
    -0.10595475882291794,
    -0.1237121969461441,
    -0.14927467703819275,
    -0.18515896797180176,
    -0.2086685299873352,
    -0.20644955337047577,
    -0.16073700785636902,
    -0.15722133219242096,
    -0.15366405248641968,
    -0.1452116072177887,
    -0.10880938917398453,
    -1.6915979585974128e-06,
    -0.0846356675028801,
    -0.0882868766784668,
    -0.09049534797668457,
    -0.09208588302135468,
    -0.09338628500699997,
    -0.09452486038208008,
    -0.0955645740032196,
    -0.09655731171369553,
    -0.09753401577472687,
    -0.0985596552491188,
    0.053598806262016296,
    0.06145324185490608,
    0.07929184287786484,
    0.0884072408080101,
    0.17855489253997803,
    0.2231942117214203,
    0.30341222882270813,
    0.7470866441726685,
    0.47844988107681274,
    0.08696854114532471,
    0.12056650221347809,
    0.09077330678701401,
    0.11963190138339996,
    0.14713256061077118
  ],
  "sigma2": [
    0.00012058424181304872,
    0.006233513820916414,
    8.98709477041848e-05,
    0.00020642393792513758,
    0.00040563332731835544,
    0.00040529706166125834,
    0.0004049968847539276,
    0.0004047654219903052,
    0.00040462223114445806,
    0.00040458960575051606,
    0.0004046887916047126,
    0.0004049426061101258,
    0.00040536897722631693,
    0.0004059407801833004,
    0.0004083243547938764,
    0.00038561318069696426,
    0.0005280430195853114,
    0.0004853767459280789,
    0.0004699957207776606,
    0.00046506000217050314,
    0.0004647121822927147,
    0.00046080630272626877,
    0.0005523079307749867,
    0.00046097332960925996,
    0.0004518084169831127,
    0.0004367239016573876,
    0.0004176976508460939,
    0.00041528252768330276,
    0.0004348935035523027,
    0.00045265370863489807,
    0.0004594600177370012,
    0.00046653192839585245,
    0.00046079399180598557,
    0.0004634682845789939,
    0.000464682059828192,
    0.0004687461769208312,
    0.0004816385335288942,
    0.0005191318923607469,
    0.0004578514490276575,
    2.1264966562739573e-05,
    0.00040602401713840663,
    0.0004054428427480161,
    0.00040498972521163523,
    0.00040471096872352064,
    0.0004045892274007201,
    0.00040460197487846017,
    0.0004047293041367084,
    0.00040494839777238667,
    0.000405239115934819,
    0.00040556659223511815,
    9.055293048731983e-05,
    0.00014428727445192635,
    0.00026214306126348674,
    0.00035007533733733,
    0.0003772535128518939,
    0.0006427628104574978,
    0.0010663425782695413,
    0.0022919594775885344,
    0.000984972924925387,
    0.0003375147935003042,
    0.00038542383117601275,
    0.0003695473715197295,
    0.0004020023043267429,
    0.000414453650591895
  ],
  "pi": [
    0.9900000095367432,
    5.609335858025588e-05,
    0.001302784075960517,
    0.0011257326696068048,
    6.320713055174565e-07,
    6.073705094422621e-07,
    5.789436272607418e-07,
    5.466137054099818e-07,
    5.098027600070054e-07,
    4.678123843859794e-07,
    4.1977168052653724e-07,
    3.6465559105636203e-07,
    3.009210729487677e-07,
    2.2585368242289405e-07,
    2.0113492382733966e-07,
    3.201865911250934e-05,
    1.1758263099181931e-05,
    7.962285053508822e-06,
    8.335149686899967e-06,
    1.346688895864645e-05,
    2.7916088583879173e-05,
    5.939318361924961e-05,
    8.729873661650345e-05,
    0.00016629628953523934,
    0.00024037010734900832,
    0.00032543475390411913,
    0.0004036732716485858,
    0.00041455659084022045,
    0.000338598620146513,
    0.00025327829644083977,
    0.00017648795619606972,
    0.00012196565512567759,
    6.59584766253829e-05,
    3.1612722523277625e-05,
    1.4919480236130767e-05,
    8.744417755224276e-06,
    7.764144356769975e-06,
    1.073215389624238e-05,
    2.529353332647588e-05,
    0.000350605376297608,
    2.1247446113648039e-07,
    2.895970112604118e-07,
    3.5490114669300965e-07,
    4.112530973543471e-07,
    4.603234060596151e-07,
    5.032079002376122e-07,
    5.408114134297648e-07,
    5.738720574299805e-07,
    6.029994779055414e-07,
    6.28416898962314e-07,
    0.0006681605009362102,
    0.0005696741864085197,
    0.00043121527414768934,
    0.0003078193112742156,
    0.00025592997553758323,
    0.00018516082491260022,
    5.3527517593465745e-05,
    4.219902621116489e-06,
    9.674129614722915e-06,
    0.00037041190080344677,
    0.00036118566640652716,
    0.00036192862899042666,
    0.0003591036074794829,
    0.00036350463051348925
  ],
  "J": 64
}