{
  "mu": [
    0.0,
    -0.9445531964302063,
    -0.0182181429117918,
    -0.04465869069099426,
    -0.10643362253904343,
    -0.10245392471551895,
    -0.09766948968172073,
    -0.09362629801034927,
    -0.09098191559314728,
    -0.08930826932191849,
    -0.08817173540592194,
    -0.08729985356330872,
    -0.08647949993610382,
    -0.08549336344003677,
    -0.08342362940311432,
    -0.080728679895401,
    -0.15625721216201782,
    -0.15903405845165253,
    -0.16409343481063843,
    -0.18023347854614258,
    -0.3202512562274933,
    -0.4737502932548523,
    -0.6630788445472717,
    -0.19949235022068024,
    -0.2764332890510559,
    -0.1293918341398239,
    -0.08056259155273438,
    -0.08056118339300156,
    -0.11496861279010773,
    -0.16209183633327484,
    -0.23692063987255096,
    -0.41584131121635437,
    -0.5487990379333496,
    -0.36770355701446533,
    -0.17760799825191498,
    -0.16797582805156708,
    -0.15938375890254974,
    -0.15701813995838165,
    -0.11142794787883759,
    -0.03983373939990997,
    -0.08530735969543457,
    -0.08633836358785629,
    -0.0871710479259491,
    -0.08802363276481628,
    -0.08910903334617615,
    -0.09068776667118073,
    -0.093180812895298,
    -0.09708689898252487,
    -0.10196573287248611,
    -0.10624214261770248,
    0.018381858244538307,
    0.044593024998903275,
    0.08146072179079056,
    0.20838873088359833,
    0.35035261511802673,
    0.4175271987915039,
    0.520383894443512,
    0.9112193584442139,
    0.6638423800468445,
    0.08156081289052963,
    0.16393247246742249,
    0.12302502244710922,
    0.2518335282802582,
    0.2987430691719055
  ],
  "sigma2": [
    1.7610801705814083e-06,
    0.0006080726161599159,
    7.584163540741429e-05,
    0.00023861636873334646,
    0.000401611061533913,
    0.00040161071228794754,
    0.0004016087914351374,
    0.00040160687058232725,
    0.0004016060847789049,
    0.00040160436765290797,
    0.00040160398930311203,
    0.0004016038146801293,
    0.00040160419302992523,
    0.00040160436765290797,
    0.00040160477510653436,
    0.0004013451689388603,
    0.0004015685699414462,
    0.0004015570739284158,
    0.0004015203157905489,
    0.0004017370811197907,
    0.0004093341703992337,
    0.0004175827489234507,
    0.0004776359419338405,
    0.00040414344402961433,
    0.00042121627484448254,
    0.00040039667510427535,
    0.0003820515121333301,
    0.00038145791040733457,
    0.00040546158561483026,
    0.000391461857361719,
    0.00041500775841996074,
    0.0004164330312050879,
    0.00043344119330868125,
    0.00040606409311294556,
    0.00040172695298679173,
    0.00040152663132175803,
    0.000401555560529232,
    0.0004015633894596249,
    0.000401632918510586,
    0.00017421772645320743,
    0.00040160477510653436,
    0.00040160398930311203,
    0.0004016038146801293,
    0.00040160398930311203,
    0.00040160419302992523,
    0.00040160573553293943,
    0.0004016066959593445,
    0.0004016085877083242,
    0.00040161071228794754,
    0.000401611061533913,
    7.646016456419602e-05,
    0.00024234260490629822,
    0.0003928856458514929,
    0.00041325498023070395,
    0.00042695863521657884,
    0.000461214774986729,
    0.0005090567283332348,
    0.0011669767554849386,
    0.0007704261806793511,
    0.000395061302697286,
    0.00041568768210709095,
    0.00041434852755628526,
    0.0004232844803482294,
    0.00042255991138517857
  ],
  "pi": [
    0.9900000095367432,
    3.454325110396894e-07,
    0.0008312853751704097,
    0.0010923565132543445,
    2.1046687948000908e-07,
    2.0214649509853189e-07,
    1.9260534145359998e-07,
    1.8179021310515964e-07,
    1.694957632025762e-07,
    1.5547740872534632e-07,
    1.394594733028498e-07,
    1.2109308045182843e-07,
    9.985802051915016e-08,
    7.487242470460842e-08,
    6.65578596681371e-08,
    1.0698062396841124e-05,
    4.059278126078425e-06,
    2.8202257453813218e-06,
    3.0844021239317954e-06,
    5.767185939475894e-06,
    5.514173608389683e-05,
    5.4877650654816534e-06,
    1.5445566532434896e-06,
    0.0003398548869881779,
    0.00010541416122578084,
    0.0004887234535999596,
    0.0005814303876832128,
    0.0005992148071527481,
    0.0004676769895013422,
    0.0004819641762878746,
    0.00018557121802587062,
    1.2386274647724349e-05,
    2.3193999822979094e-06,
    2.0648738427553326e-05,
    6.628153187193675e-06,
    3.2768787150416756e-06,
    2.7612697977019707e-06,
    3.7231309306662297e-06,
    8.493961104250047e-06,
    4.587911462294869e-05,
    7.041908389737728e-08,
    9.608850604081454e-08,
    1.1783961184619329e-07,
    1.3662126718827494e-07,
    1.5297955258120055e-07,
    1.6729772767121176e-07,
    1.798531741314946e-07,
    1.9090956016043492e-07,
    2.0068145545337757e-07,
    2.092428559308246e-07,
    0.0008230467792600393,
    0.0010465183295309544,
    0.000607532390858978,
    0.0002616885176394135,
    2.7742777092498727e-05,
    1.1934209396713413e-05,
    5.098452675156295e-06,
    1.6711793477952597e-06,
    4.604828973242547e-06,
    0.0004726958286482841,
    0.00046546055818907917,
    0.0007130970479920506,
    0.00012478779535740614,
    6.242783274501562e-05
  ],
  "J": 64
}