{
  "mu": [
    0.0,
    -0.37133949995040894,
    -0.37058255076408386,
    -0.37025588750839233,
    -0.3709243834018707,
    -0.371273010969162,
    -0.37099114060401917,
    -0.3701975643634796,
    -0.3706032335758209,
    -0.37128692865371704,
    0.3279562294483185,
    0.3279894292354584,
    0.32810941338539124,
    0.3280913829803467,
    0.32807040214538574,
    0.3279559016227722,
    0.32793065905570984
  ],
  "sigma2": [
    0.0039229621179401875,
    0.014754396863281727,
    0.014635235071182251,
    0.01458301767706871,
    0.014689693227410316,
    0.014745527878403664,
    0.01470028143376112,
    0.01457369513809681,
    0.014638557098805904,
    0.014746315777301788,
    0.014603566378355026,
    0.01461793202906847,
    0.01467042975127697,
    0.014662708155810833,
    0.014653203077614307,
    0.014603211544454098,
    0.0145923662930727
  ],
  "pi": [
    0.9983540177345276,
    5.16122454428114e-05,
    0.0001294012472499162,
    0.0001689938799245283,
    0.00012408068869262934,
    0.0001130548698711209,
    0.00012272907770238817,
    0.00017562368884682655,
    0.00012980270548723638,
    6.478837167378515e-05,
    8.755228918744251e-05,
    8.260415779659525e-05,
    6.89145308570005e-05,
    7.515458855777979e-05,
    7.369823288172483e-05,
    8.699637692188844e-05,
    9.098207374336198e-05
  ],
  "J": 17
}