{
  "mu": [
    0.0,
    -0.7814397811889648,
    -0.6594589352607727,
    -0.5449058413505554,
    -0.44423845410346985,
    -0.330495148897171,
    -0.5044589638710022,
    -0.10389352589845657,
    0.12583278119564056,
    0.1259126216173172,
    0.12583975493907928,
    0.17746877670288086,
    0.3017614185810089,
    0.4085980951786041,
    0.0741785392165184,
    0.5320291519165039,
    0.6946253180503845
  ],
  "sigma2": [
    1.631629857001826e-05,
    0.0009642100194469094,
    0.0009729537414386868,
    0.0009894509566947818,
    0.0009552130941301584,
    0.000902795058209449,
    0.000951661029830575,
    0.0037485945504158735,
    0.0009521331521682441,
    0.0009521290194243193,
    0.0009521326865069568,
    0.0012902161106467247,
    0.0010218210518360138,
    0.0009560821345075965,
    0.0007526127155870199,
    0.0009486658382229507,
    0.000953007023781538
  ],
  "pi": [
    0.9990000128746033,
    1.2173737786724814e-06,
    2.939191972473054e-06,
    1.1504212125146296e-05,
    2.062869316432625e-05,
    9.754163329489529e-05,
    2.616286565171322e-07,
    0.00033462545252405107,
    8.507656801270969e-09,
    1.0527577920527165e-08,
    8.661384498509506e-09,
    0.00017065911379177123,
    6.706436397507787e-05,
    1.6649988538119942e-05,
    0.00027110104565508664,
    5.390639216784621e-06,
    3.8902700794096745e-07
  ],
  "J": 17
}