{
  "mu": [
    0.0,
    -0.6774540543556213,
    -0.5595711469650269,
    -0.4882531464099884,
    -0.394737184047699,
    -0.30398836731910706,
    -0.3377169072628021,
    -0.16163738071918488,
    -0.008040108717978,
    -9.516286081634462e-05,
    0.005679693538695574,
    0.12499675899744034,
    0.3146813213825226,
    0.3197803199291229,
    0.3227839469909668,
    0.44547587633132935,
    0.5742844343185425
  ],
  "sigma2": [
    0.0050855595618486404,
    0.0011596059193834662,
    0.0011688412632793188,
    0.0011758783366531134,
    0.0011708991369232535,
    0.0009630158310756087,
    0.0011522745480760932,
    0.0011773352744057775,
    0.001198835438117385,
    0.001208367059007287,
    0.0012009970378130674,
    0.001178621081635356,
    0.0011577274417504668,
    0.0011275181313976645,
    0.001110685640014708,
    0.0011663977056741714,
    0.0011777423787862062
  ],
  "pi": [
    0.9990000128746033,
    7.671754246985074e-06,
    2.2713998987455852e-05,
    5.808757123304531e-05,
    0.00016192802286241204,
    0.0004685818566940725,
    1.1116810128442012e-05,
    1.4382618473973707e-06,
    3.1716233479528455e-06,
    3.6298811210144777e-06,
    3.2419984563603066e-06,
    1.3882145140087232e-06,
    1.8153109522245359e-06,
    6.0465550632216036e-05,
    0.00014590485079679638,
    4.4461365177994594e-05,
    4.383030500321183e-06
  ],
  "J": 17
}