{
  "mu": [
    0.0,
    -0.774360179901123,
    -0.6314303278923035,
    -0.551129937171936,
    -0.4949723482131958,
    -0.347155898809433,
    -0.424286812543869,
    -0.23660963773727417,
    -0.11710263788700104,
    -0.06498155742883682,
    -0.1711491495370865,
    0.10219769179821014,
    0.22508475184440613,
    0.3279496133327484,
    0.4347911477088928,
    0.544081449508667,
    0.6344174742698669
  ],
  "sigma2": [
    1.9843257177853957e-05,
    0.0004933455493301153,
    0.00043035944690927863,
    0.00040104903746396303,
    0.00039856191142462194,
    0.00041865897946991026,
    0.0003737815422937274,
    0.0005962372524663806,
    0.0004298598214518279,
    0.0003351709747221321,
    0.0004439727053977549,
    0.001550010172650218,
    0.0004949119174852967,
    0.0005096753593534231,
    0.0003970264224335551,
    0.00039687161915935576,
    0.00039834209019318223
  ],
  "pi": [
    0.9990000128746033,
    2.0352194951556157e-06,
    4.867291863774881e-06,
    7.540905698988354e-06,
    8.554424312023912e-06,
    8.67364215082489e-05,
    2.6651377993403003e-05,
    5.9083231462864205e-05,
    9.356471855426207e-05,
    0.00012161579797975719,
    5.039451571065001e-05,
    0.000342103885486722,
    0.00011761088535422459,
    5.7159631978720427e-05,
    1.602430893399287e-05,
    5.259768840915058e-06,
    7.976318556757178e-07
  ],
  "J": 17
}