{
  "mu": [
    0.0,
    -0.680171012878418,
    -0.5527702569961548,
    -0.47117921710014343,
    -0.3851451277732849,
    -0.2911987006664276,
    -0.3417244851589203,
    -0.17864061892032623,
    -0.0029995753429830074,
    -0.0002623162872623652,
    0.001639401656575501,
    0.1289222687482834,
    0.3062616288661957,
    0.28863146901130676,
    0.3479272723197937,
    0.45134374499320984,
    0.56792813539505
  ],
  "sigma2": [
    0.004553020466119051,
    0.0005395261105149984,
    0.000546626397408545,
    0.0005596351693384349,
    0.0005938687827438116,
    0.0005362083320505917,
    0.0005175327532924712,
    0.0005312892026267946,
    0.0005396998021751642,
    0.000542914611287415,
    0.0005406427662819624,
    0.0005321400822140276,
    0.0005275115254335105,
    0.0005135843530297279,
    0.000569824012927711,
    0.000579928804654628,
    0.0005604024045169353
  ],
  "pi": [
    0.9990000128746033,
    6.923536147951381e-06,
    2.7171816327609122e-05,
    6.05492023169063e-05,
    0.00013166044664103538,
    0.0003955307765863836,
    8.086476009339094e-05,
    6.021784884069348e-07,
    1.2875240145149291e-06,
    1.4716878240506048e-06,
    1.3150829545338638e-06,
    5.68203915918275e-07,
    1.3112539818393998e-06,
    0.00015856816025916487,
    9.262023377232254e-05,
    3.4689350286498666e-05,
    4.865775281359674e-06
  ],
  "J": 17
}