{
  "mu": [
    0.0,
    -0.9255710244178772,
    -0.7511184215545654,
    -0.6116286516189575,
    -0.6116229295730591,
    -0.39373552799224854,
    -0.4903263747692108,
    -0.28753170371055603,
    -0.157516211271286,
    -0.07859916985034943,
    -0.2086450755596161,
    0.1214350163936615,
    0.261236310005188,
    0.37139981985092163,
    0.4963225722312927,
    0.6022970080375671,
    0.7233268022537231
  ],
  "sigma2": [
    1.5675197573727928e-05,
    0.0003861247096210718,
    0.00035719553125090897,
    0.000283095461782068,
    0.00040147494291886687,
    0.00011082107812399045,
    0.00022047203674446791,
    0.00016391967074014246,
    0.00013389327796176076,
    8.533718209946528e-05,
    0.00019275868544355035,
    0.00014007935533300042,
    9.089105151360855e-05,
    0.00015019465354271233,
    0.00027388567104935646,
    0.00034822316956706345,
    0.0003911580715794116
  ],
  "pi": [
    0.9990000128746033,
    1.8966379684570711e-06,
    4.341064595791977e-06,
    1.5329907910199836e-05,
    2.4800159703630698e-09,
    7.826066575944424e-05,
    2.6536459699855186e-05,
    5.2250747103244066e-05,
    8.946147136157379e-05,
    0.0001655291416682303,
    4.638090467778966e-05,
    0.0003317405644338578,
    0.00011478168016765267,
    5.308298204909079e-05,
    1.4754305993847083e-05,
    4.878840627497993e-06,
    7.722030659351731e-07
  ],
  "J": 17
}