{
  "mu": [
    0.0,
    -0.7130798101425171,
    -0.5992695093154907,
    -0.5125131011009216,
    -0.5126921534538269,
    -0.31928348541259766,
    -0.41285040974617004,
    -0.2044711858034134,
    -0.0005105764139443636,
    -0.0006019819411449134,
    -0.0005157708656042814,
    0.13442762196063995,
    0.19974654912948608,
    0.2951248586177826,
    0.3850165009498596,
    0.5037654042243958,
    0.6043143272399902
  ],
  "sigma2": [
    0.0007862889324314892,
    0.00042373460019007325,
    0.00040864458424039185,
    0.0003980772162321955,
    0.00040152700967155397,
    0.0001972541940631345,
    0.00034640476224012673,
    0.0005532175418920815,
    0.00040160436765290797,
    0.00040160436765290797,
    0.00040160436765290797,
    0.00028668800950981677,
    0.00026562498533166945,
    0.0002310573181603104,
    0.00032726721838116646,
    0.00036748789716511965,
    0.00040053093107417226
  ],
  "pi": [
    0.9990000128746033,
    3.294750513305189e-06,
    8.785083082329948e-06,
    1.990450982702896e-05,
    4.329911575950973e-07,
    0.00017142441356554627,
    6.704054248984903e-05,
    0.00017887218564283103,
    3.846176710453619e-09,
    4.1186556387629025e-09,
    3.884977228807429e-09,
    0.0001538709766464308,
    0.00023204932222142816,
    0.00011426113633206114,
    3.708991062012501e-05,
    1.136867740569869e-05,
    1.5936792578941095e-06
  ],
  "J": 17
}