{
  "mu": [
    0.0,
    -1.004364252090454,
    -0.7866325974464417,
    -0.43350666761398315,
    -0.6223317980766296,
    -0.16033345460891724,
    -0.2710171341896057,
    -0.2756861448287964,
    -0.24420660734176636,
    -0.24646006524562836,
    0.23296920955181122,
    0.2527848184108734,
    0.2467714250087738,
    0.38503873348236084,
    0.15385553240776062,
    0.5652178525924683,
    0.7766008973121643
  ],
  "sigma2": [
    0.0006694277399219573,
    0.0026546986773610115,
    0.0025322192814201117,
    0.0023385779932141304,
    0.0025144058745354414,
    0.0014305709628388286,
    0.0026234087999910116,
    0.002645218977704644,
    0.0026452140882611275,
    0.0026452140882611275,
    0.00264519895426929,
    0.002645097905769944,
    0.0023804667871445417,
    0.0025143784005194902,
    0.0012175412848591805,
    0.002596004866063595,
    0.0026205508038401604
  ],
  "pi": [
    0.9990000128746033,
    1.1423231853768812e-06,
    9.150354344455991e-06,
    0.00016461688210256398,
    2.7069901989307255e-05,
    0.0001720524305710569,
    0.0001259041455341503,
    2.4284659616569115e-07,
    5.937891511820226e-09,
    6.4270326838311576e-09,
    5.217970056037302e-09,
    8.549863395046486e-08,
    0.00017717985610943288,
    9.375840454595163e-05,
    0.00021613948047161102,
    1.2354539649095386e-05,
    2.858238303815597e-07
  ],
  "J": 17
}