{
  "top1_error_pre[%]": 2.0499999999999963,
  "top1_error_post[%]": 3.369999999999995,
  "Delta[%]": 1.319999999999999,
  "|W|": 266200,
  "|W_nonzero|/|W|[%]": 5.432757325319309,
  "CR": 63.34371909368749,
  "acc_pretrain": 0.9795,
  "acc_retrain": 0.9828,
  "acc_quantized": 0.9663
}