{
  "mu": [
    0.0,
    -0.8182154893875122,
    -0.7181937098503113,
    -0.622726559638977,
    -0.5328792333602905,
    -0.37117597460746765,
    -0.4516112208366394,
    -0.17518708109855652,
    -0.0006565585499629378,
    -0.0006565647199749947,
    -0.0006565588992089033,
    0.1463051289319992,
    0.3738992214202881,
    0.4667905569076538,
    0.272792249917984,
    0.5651172995567322,
    0.6755095720291138
  ],
  "sigma2": [
    0.0003688903234433383,
    0.00041103208786807954,
    0.00040470747626386583,
    0.00039333797758445144,
    0.0003740976972039789,
    0.00023852627782616764,
    0.0003515435673762113,
    0.004497639834880829,
    0.00040160704520531,
    0.00040160704520531,
    0.00040160704520531,
    0.0015999028692021966,
    0.0003150739648845047,
    0.00038390839472413063,
    0.0002548796182963997,
    0.00039288660627789795,
    0.0003979346656706184
  ],
  "pi": [
    0.9990000128746033,
    1.4695665413455572e-06,
    4.23372830482549e-06,
    1.05883218566305e-05,
    2.1564665075857192e-05,
    0.0001025131277856417,
    2.8976834073546343e-05,
    0.00029813413857482374,
    5.99369553988538e-10,
    6.001777408393139e-10,
    5.994381102603086e-10,
    0.00035716581624001265,
    4.99608795507811e-05,
    1.2650176358874887e-05,
    0.00010574249608907849,
    6.191858574311482e-06,
    8.066099894676881e-07
  ],
  "J": 17
}