{
  "mu": [
    0.0,
    -0.8328056931495667,
    -0.7310487627983093,
    -0.6343288421630859,
    -0.5435205698013306,
    -0.37665480375289917,
    -0.4610280990600586,
    -0.17625294625759125,
    -0.002995030954480171,
    -0.0029953238554298878,
    -0.0029950549360364676,
    0.14823321998119354,
    0.3782881796360016,
    0.4741487503051758,
    0.2744623124599457,
    0.57050621509552,
    0.6853067278862
  ],
  "sigma2": [
    0.00038105103885754943,
    0.0004142613906878978,
    0.00042620906606316566,
    0.0004317890270613134,
    0.00042795008630491793,
    0.00041661059367470443,
    0.00040480864117853343,
    0.004493025131523609,
    0.00040160687058232725,
    0.00040160687058232725,
    0.00040160687058232725,
    0.0015707327984273434,
    0.00039627027581445873,
    0.00040039647137746215,
    0.00036948040360584855,
    0.0004060135397594422,
    0.0004037350881844759
  ],
  "pi": [
    0.9990000128746033,
    1.4246779755922034e-06,
    4.165081918472424e-06,
    1.0150723028345965e-05,
    2.1219571863184683e-05,
    0.00010387352085672319,
    2.8081380150979385e-05,
    0.00030468738987110555,
    5.443191453124996e-10,
    5.450120355021681e-10,
    5.443772654878387e-10,
    0.0003527064109221101,
    4.89443373226095e-05,
    1.245675957761705e-05,
    0.00010555993503658101,
    5.967945980955847e-06,
    7.607164889122942e-07
  ],
  "J": 17
}