{
  "mu": [
    0.0,
    -0.7595607042312622,
    -0.6495767831802368,
    -0.560901939868927,
    -0.4778406322002411,
    -0.33566319942474365,
    -0.4103109538555145,
    -0.23327411711215973,
    -0.00011190619261469692,
    -0.0001117965584853664,
    -0.00011189658107468858,
    0.1722937971353531,
    0.33805015683174133,
    0.4242209196090698,
    0.24736833572387695,
    0.5272334218025208,
    0.6392052173614502
  ],
  "sigma2": [
    0.0013388446532189846,
    0.00039642013143748045,
    0.0003933535481337458,
    0.0003432603843975812,
    0.00029729242669418454,
    0.00011892881593666971,
    0.00026832299772650003,
    0.000268583360593766,
    0.0004016034072265029,
    0.0004016034072265029,
    0.0004016034072265029,
    0.00034385622711852193,
    0.00021339068189263344,
    0.000318508391501382,
    0.00024700810899958014,
    0.00035785697400569916,
    0.0003933419066015631
  ],
  "pi": [
    0.9990000128746033,
    2.224295485575567e-06,
    9.205163223668933e-06,
    1.936546505021397e-05,
    3.654221654869616e-05,
    0.0001905950193759054,
    5.32019512320403e-05,
    0.00017630345246288925,
    4.469717040933574e-09,
    4.49149739623067e-09,
    4.471631509517238e-09,
    0.00019595447520259768,
    8.797353802947327e-05,
    2.3131986381486058e-05,
    0.00019298748520668596,
    1.1051973160647321e-05,
    1.449646219953138e-06
  ],
  "J": 17
}