{
  "mu": [
    0.0,
    -0.8192415833473206,
    -0.7183539271354675,
    -0.6232735514640808,
    -0.5331500172615051,
    -0.3710560202598572,
    -0.4515245854854584,
    -0.167643204331398,
    -0.0007446940871886909,
    -0.0007447107927873731,
    -0.0007446947856806219,
    0.14083217084407806,
    0.3745135962963104,
    0.46800196170806885,
    0.27338922023773193,
    0.5659198760986328,
    0.6762322783470154
  ],
  "sigma2": [
    0.0003029456129297614,
    0.00041226870962418616,
    0.0004009396652691066,
    0.0003870539367198944,
    0.00036022919812239707,
    0.00021445030870381743,
    0.0003336032968945801,
    0.004742463119328022,
    0.00040160916978493333,
    0.00040160916978493333,
    0.00040160916978493333,
    0.0018107943469658494,
    0.0002993076923303306,
    0.0003758560342248529,
    0.00023683239123784006,
    0.0003879817377310246,
    0.0003976730804424733
  ],
  "pi": [
    0.9990000128746033,
    1.3998796930536628e-06,
    4.0041550164460205e-06,
    9.993902494898066e-06,
    2.0444562323973514e-05,
    9.709240111988038e-05,
    2.732311622821726e-05,
    0.0003045022895094007,
    5.609213094004417e-10,
    5.616407339203988e-10,
    5.609813169549227e-10,
    0.00037009891821071506,
    4.718988202512264e-05,
    1.1932031156902667e-05,
    9.942104225046933e-05,
    5.8355144574306905e-06,
    7.606819281136268e-07
  ],
  "J": 17
}