{
  "mu": [
    0.0,
    -0.8047526478767395,
    -0.7027265429496765,
    -0.6066591739654541,
    -0.5197378993034363,
    -0.36258742213249207,
    -0.44271475076675415,
    -0.1914518028497696,
    -0.00020375673193484545,
    -0.00020373071311041713,
    -0.00020375435997266322,
    0.1556619554758072,
    0.36380746960639954,
    0.4554835259914398,
    0.26538410782814026,
    0.5551398396492004,
    0.6669929027557373
  ],
  "sigma2": [
    0.0005643693148158491,
    0.000394787872210145,
    0.0003954840649385005,
    0.00036555874976329505,
    0.00033382163383066654,
    0.00018003894365392625,
    0.0003248886205255985,
    0.003559385659173131,
    0.00040160532807931304,
    0.00040160532807931304,
    0.00040160532807931304,
    0.0010183285921812057,
    0.0002586300834082067,
    0.00035367230884730816,
    0.00021934372489340603,
    0.0003810085472650826,
    0.00039995837141759694
  ],
  "pi": [
    0.9990000128746033,
    1.6915291780605912e-06,
    5.2002787924720906e-06,
    1.300015992455883e-05,
    2.445672726025805e-05,
    0.00012158242316218093,
    3.5431236028671265e-05,
    0.00027096501435153186,
    8.621899860727922e-10,
    8.635939185985819e-10,
    8.623100011817542e-10,
    0.00031717715319246054,
    5.871292160009034e-05,
    1.5308824004023336e-05,
    0.0001281657605431974,
    7.347200153162703e-06,
    9.582128086549346e-07
  ],
  "J": 17
}