{
  "mu": [
    0.0,
    -0.7515935897827148,
    -0.6203839182853699,
    -0.5433860421180725,
    -0.462324321269989,
    -0.32550179958343506,
    -0.3990504741668701,
    -0.2334480881690979,
    -0.0007687254692427814,
    -0.0007698822300881147,
    -0.0007688261102885008,
    0.21203367412090302,
    0.32706743478775024,
    0.40837162733078003,
    0.24250119924545288,
    0.513035237789154,
    0.6289151310920715
  ],
  "sigma2": [
    0.0024509523063898087,
    0.00041333676199428737,
    0.000392427493352443,
    0.0003896654234267771,
    0.000377016665879637,
    0.0002589827636256814,
    0.0003596424066927284,
    0.0003517164150252938,
    0.0004016034072265029,
    0.0004016034072265029,
    0.0004016034072265029,
    0.00040156973409466445,
    0.00032727033249102533,
    0.0003683494869619608,
    0.00045314416638575494,
    0.0003782943240366876,
    0.00039550327346660197
  ],
  "pi": [
    0.9990000128746033,
    2.750939302131883e-06,
    1.3643782040162478e-05,
    2.3641947336727753e-05,
    4.777151843882166e-05,
    0.0002542519650887698,
    7.381433533737436e-05,
    0.00018570441170595586,
    3.780783242035568e-09,
    3.8360616905208644e-09,
    3.785845414938649e-09,
    3.9425980702390007e-08,
    0.00011558961705304682,
    3.050005398108624e-05,
    0.0002357347693759948,
    1.4606453987653367e-05,
    1.9393892216612585e-06
  ],
  "J": 17
}