{
  "mu": [
    0.0,
    -0.743645966053009,
    -0.6078562140464783,
    -0.5313512086868286,
    -0.4500761926174164,
    -0.31586581468582153,
    -0.3891467750072479,
    -0.23369336128234863,
    -0.000408939435146749,
    -0.0004049123381264508,
    -0.00040866847848519683,
    0.24621838331222534,
    0.31911715865135193,
    0.40339502692222595,
    0.24417372047901154,
    0.5058305859565735,
    0.6152506470680237
  ],
  "sigma2": [
    0.002831297693774104,
    0.0003998601750936359,
    0.00039290159475058317,
    0.0003662868984974921,
    0.0003570739063434303,
    0.00021095307602081448,
    0.00032736084540374577,
    0.0003266551357228309,
    0.0004016022721771151,
    0.0004016022721771151,
    0.0004016022721771151,
    0.0004016034072265029,
    0.0003064228221774101,
    0.00035951758036389947,
    0.00039313078741542995,
    0.00036989361979067326,
    0.0003997882886324078
  ],
  "pi": [
    0.9990000128746033,
    3.053184855161817e-06,
    1.541661549708806e-05,
    2.556545405241195e-05,
    5.287605381454341e-05,
    0.0002815112820826471,
    8.275278378278017e-05,
    0.0001512097951490432,
    7.3479755613448106e-09,
    7.518821121266228e-09,
    7.363505805102477e-09,
    4.5206292043076246e-08,
    0.00012794557551387697,
    3.337860107421875e-05,
    0.00020798957848455757,
    1.608340062375646e-05,
    2.1502846720977686e-06
  ],
  "J": 17
}