{
  "mu": [
    0.0,
    -0.7718847393989563,
    -0.6788960695266724,
    -0.5879294276237488,
    -0.5026697516441345,
    -0.3540665805339813,
    -0.4310362935066223,
    -0.23542693257331848,
    -0.0008118202676996589,
    -0.0008118828409351408,
    -0.0008118260302580893,
    0.17377135157585144,
    0.3525676429271698,
    0.4403779208660126,
    0.2570185363292694,
    0.5440467596054077,
    0.6564900279045105
  ],
  "sigma2": [
    0.0011480734683573246,
    0.00039765849942341447,
    0.000407250045100227,
    0.0003858935087919235,
    0.0003888776118401438,
    0.000284642621409148,
    0.00037489680107682943,
    0.0009553242125548422,
    0.00040160436765290797,
    0.00040160436765290797,
    0.00040160436765290797,
    0.00042291931458748877,
    0.00032555448706261814,
    0.00038615375524386764,
    0.00031865635537542403,
    0.00039405302959494293,
    0.0003992693091277033
  ],
  "pi": [
    0.9990000128746033,
    2.5571846435923362e-06,
    7.376405847026035e-06,
    1.7940286852535792e-05,
    3.33631360263098e-05,
    0.00017156731337308884,
    4.59937728010118e-05,
    0.0001942026719916612,
    1.8125692058390541e-09,
    1.8170553950369595e-09,
    1.812956340607741e-09,
    0.00023767781385686249,
    7.976302003953606e-05,
    2.1104966435814276e-05,
    0.0001771971001289785,
    9.94717083813157e-06,
    1.3037574717600364e-06
  ],
  "J": 17
}