{
  "mu": [
    0.0,
    -0.722814679145813,
    -0.6391938328742981,
    -0.5909662246704102,
    -0.5078063011169434,
    -0.3925553858280182,
    -0.26964348554611206,
    -0.14795702695846558,
    -0.043613824993371964,
    -0.0019084247760474682,
    0.03475739061832428,
    0.13657155632972717,
    0.2538807988166809,
    0.36337998509407043,
    0.46844854950904846,
    0.5660796761512756,
    0.6510071158409119
  ],
  "sigma2": [
    0.016969626769423485,
    0.015401201322674751,
    0.015328668057918549,
    0.01530536264181137,
    0.015349527820944786,
    0.015410802327096462,
    0.01547708734869957,
    0.01553900446742773,
    0.015312428586184978,
    0.015258179046213627,
    0.015273298136889935,
    0.015482357703149319,
    0.015445474535226822,
    0.015390541404485703,
    0.015373986214399338,
    0.015382294543087482,
    0.015404991805553436
  ],
  "pi": [
    0.9990000128746033,
    3.087703953497112e-05,
    4.028168405056931e-05,
    4.175495632807724e-05,
    3.37604469677899e-05,
    2.1759711671620607e-05,
    2.5905230359057896e-05,
    8.15747698652558e-05,
    0.0001788122026482597,
    0.00019294895173516124,
    0.00018138096493203193,
    7.773114339215681e-05,
    2.1952218958176672e-05,
    1.5833478755666874e-05,
    1.770403287082445e-05,
    1.8778351659420878e-05,
    1.8944861949421465e-05
  ],
  "J": 17
}