{
  "mu": [
    0.0,
    -0.7971200346946716,
    -0.700524628162384,
    -0.6044908761978149,
    -0.5181971192359924,
    -0.36333760619163513,
    -0.4421563744544983,
    -0.21658939123153687,
    -0.0005080573610030115,
    -0.0005080931005068123,
    -0.000508060387801379,
    0.16853055357933044,
    0.36083829402923584,
    0.4514296054840088,
    0.2614253759384155,
    0.5529168248176575,
    0.6636258959770203
  ],
  "sigma2": [
    0.0009016274707391858,
    0.0004021470667794347,
    0.00041908203274942935,
    0.0004180668911430985,
    0.0003984851355198771,
    0.00034085006336681545,
    0.00042451443732716143,
    0.0025996717158704996,
    0.00040160477510653436,
    0.00040160477510653436,
    0.00040160477510653436,
    0.0005913496715947986,
    0.00037287542363628745,
    0.00040212844032794237,
    0.0003304047859273851,
    0.0004138467775192112,
    0.0004035705351270735
  ],
  "pi": [
    0.9990000128746033,
    2.0206359749863623e-06,
    6.073745225876337e-06,
    1.567736399010755e-05,
    2.8402291718521155e-05,
    0.0001434035657439381,
    4.1407591197639704e-05,
    0.0002447131264489144,
    1.1970779922876318e-09,
    1.199387478223457e-09,
    1.1972767222090397e-09,
    0.0002660520258359611,
    6.99307129252702e-05,
    1.781397259037476e-05,
    0.0001547312131151557,
    8.655772944621276e-06,
    1.1144270501972642e-06
  ],
  "J": 17
}