{
  "mu": [
    0.0,
    -0.7643736600875854,
    -0.6452373266220093,
    -0.5584843158721924,
    -0.47606199979782104,
    -0.33494833111763,
    -0.4091655910015106,
    -0.23388677835464478,
    -0.00032683333847671747,
    -0.00032657673000358045,
    -0.0003268113068770617,
    0.18478485941886902,
    0.33577555418014526,
    0.4207245111465454,
    0.24634602665901184,
    0.524335503578186,
    0.6363000869750977
  ],
  "sigma2": [
    0.0017393360612913966,
    0.0003957258886657655,
    0.0004032184951938689,
    0.00036910412018187344,
    0.00033599091693758965,
    0.00019568332936614752,
    0.0003207729896530509,
    0.0003694717597682029,
    0.0004016028542537242,
    0.0004016028542537242,
    0.0004016028542537242,
    0.0003433954552747309,
    0.0002769088896457106,
    0.00034272443735972047,
    0.0003505209751892835,
    0.0003687517310027033,
    0.00039381615351885557
  ],
  "pi": [
    0.9990000128746033,
    2.2946949229663005e-06,
    1.0464369552209973e-05,
    2.125062201230321e-05,
    4.0041868487605825e-05,
    0.0002111705398419872,
    5.921194315305911e-05,
    0.00019000131578650326,
    6.158254350907555e-09,
    6.199503133075268e-09,
    6.161820387262651e-09,
    0.00012020439316984266,
    9.740126552060246e-05,
    2.568579657236114e-05,
    0.00020845532708335668,
    1.2190712368465029e-05,
    1.608714455869631e-06
  ],
  "J": 17
}