{
  "mu": [
    0.0,
    -0.7695397138595581,
    -0.6773515939712524,
    -0.5870242118835449,
    -0.5021756887435913,
    -0.35379526019096375,
    -0.4304712116718292,
    -0.236843079328537,
    -0.0006526258075609803,
    -0.0006527132354676723,
    -0.0006526333745568991,
    0.17460568249225616,
    0.35111191868782043,
    0.4382408559322357,
    0.25554338097572327,
    0.5421512126922607,
    0.6548182964324951
  ],
  "sigma2": [
    0.0012033616658300161,
    0.0004000295011792332,
    0.0004088145506102592,
    0.00039965903852134943,
    0.0004054906021337956,
    0.0003153228899464011,
    0.000388262327760458,
    0.0008684459608048201,
    0.00040160436765290797,
    0.00040160436765290797,
    0.00040160436765290797,
    0.00039758000639267266,
    0.0003511868417263031,
    0.0003976975567638874,
    0.00033792879548855126,
    0.0003981521585956216,
    0.00039969643694348633
  ],
  "pi": [
    0.9990000128746033,
    2.6587383672449505e-06,
    7.460592769348295e-06,
    1.8336531866225414e-05,
    3.4038155718008056e-05,
    0.00017538089014124125,
    4.6966080844867975e-05,
    0.0001932916638907045,
    2.0060675343103185e-09,
    2.0114201415566413e-09,
    2.006530497311587e-09,
    0.00022647820878773928,
    8.165452891262248e-05,
    2.1517724235309288e-05,
    0.0001807192893465981,
    1.0157588803849649e-05,
    1.3339647466636961e-06
  ],
  "J": 17
}