{
  "mu": [
    0.0,
    -0.8032603859901428,
    -0.7020084857940674,
    -0.6058635115623474,
    -0.5194370150566101,
    -0.36256247758865356,
    -0.44244417548179626,
    -0.19706951081752777,
    -0.0002847659634426236,
    -0.0002847427676897496,
    -0.00028476366424001753,
    0.1593165248632431,
    0.36334487795829773,
    0.45458856225013733,
    0.2648589015007019,
    0.5544785857200623,
    0.6663370132446289
  ],
  "sigma2": [
    0.0006365251610986888,
    0.0003949078090954572,
    0.00039900801493786275,
    0.0003708773583639413,
    0.00034332016366533935,
    0.0002011744218179956,
    0.0003424676542636007,
    0.0033668840769678354,
    0.00040160497883334756,
    0.00040160497883334756,
    0.00040160497883334756,
    0.0008967489702627063,
    0.000275647355010733,
    0.00036195566644892097,
    0.00023927858273964375,
    0.00038547327858395875,
    0.0004007018869742751
  ],
  "pi": [
    0.9990000128746033,
    1.763265913723444e-06,
    5.430207693279954e-06,
    1.3556671547121368e-05,
    2.5336137696285732e-05,
    0.00012620561756193638,
    3.701111563714221e-05,
    0.0002655956195667386,
    9.139871082197715e-10,
    9.155198266164177e-10,
    9.141186141370383e-10,
    0.000305494642816484,
    6.115715223131701e-05,
    1.591748332430143e-05,
    0.00013387214858084917,
    7.659589755348861e-06,
    9.975909733839217e-07
  ],
  "J": 17
}