{
  "mu": [
    0.0,
    -0.8002576231956482,
    -0.7012876272201538,
    -0.6052848100662231,
    -0.5189631581306458,
    -0.36304351687431335,
    -0.44196540117263794,
    -0.21272477507591248,
    -0.0006531578837893903,
    -0.0006531882099807262,
    -0.0006531603285111487,
    0.16716361045837402,
    0.3621649444103241,
    0.45266759395599365,
    0.2631604075431824,
    0.5537999868392944,
    0.6645362973213196
  ],
  "sigma2": [
    0.0008412014576606452,
    0.0003987187228631228,
    0.00041185395093634725,
    0.00040450625238008797,
    0.0003843212325591594,
    0.0002930612245108932,
    0.0004063957021571696,
    0.0027677398175001144,
    0.00040160477510653436,
    0.00040160477510653436,
    0.00040160477510653436,
    0.0006564363720826805,
    0.0003425037139095366,
    0.0003919558657798916,
    0.000303182314382866,
    0.0004067301342729479,
    0.00040340813575312495
  ],
  "pi": [
    0.9990000128746033,
    1.9558797248464543e-06,
    5.9359276747272816e-06,
    1.5060962141433265e-05,
    2.7819356546388008e-05,
    0.0001389629178447649,
    4.0900875319493935e-05,
    0.00024761378881521523,
    1.1049292591991389e-09,
    1.1069436478550188e-09,
    1.105100899678746e-09,
    0.00027743965620175004,
    6.778848182875663e-05,
    1.7496311556897126e-05,
    0.00014947009913157672,
    8.452660949842539e-06,
    1.0997324579875567e-06
  ],
  "J": 17
}