{
  "mu": [
    0.0,
    -0.7436486482620239,
    -0.6081788539886475,
    -0.5313816666603088,
    -0.45058900117874146,
    -0.3157845139503479,
    -0.3894776701927185,
    -0.23087510466575623,
    -0.000307408714434132,
    -0.00030497057014144957,
    -0.0003072362160310149,
    0.2431652545928955,
    0.31939777731895447,
    0.40406036376953125,
    0.24129357933998108,
    0.5067555904388428,
    0.6165714263916016
  ],
  "sigma2": [
    0.0026253587566316128,
    0.0003963821509387344,
    0.0003819558769464493,
    0.0003522541665006429,
    0.00033034273656085134,
    0.0001588904851814732,
    0.0002943937433883548,
    0.0003083161427639425,
    0.0004016024759039283,
    0.0004016024759039283,
    0.0004016024759039283,
    0.000401602650526911,
    0.0002702366909943521,
    0.0003459178260527551,
    0.00039674126310274005,
    0.0003642712836153805,
    0.00039823289262130857
  ],
  "pi": [
    0.9990000128746033,
    2.913536718551768e-06,
    1.487098870711634e-05,
    2.428086008876562e-05,
    5.046076330472715e-05,
    0.00026865449035540223,
    7.904436643002555e-05,
    0.00016597521607764065,
    5.9836735566420884e-09,
    6.1053402333755e-09,
    5.994748697446539e-09,
    4.2826993507105726e-08,
    0.0001223129074787721,
    3.19464597851038e-05,
    0.00022207418805919588,
    1.5352279660874046e-05,
    2.0531242626020685e-06
  ],
  "J": 17
}