{
  "mu": [
    0.0,
    -0.7511701583862305,
    -0.6215865612030029,
    -0.5431858897209167,
    -0.46217453479766846,
    -0.3251067101955414,
    -0.3990612328052521,
    -0.23144836723804474,
    -0.0004648653557524085,
    -0.0004641691339202225,
    -0.00046480100718326867,
    0.19971062242984772,
    0.32787373661994934,
    0.40980976819992065,
    0.2399158924818039,
    0.5143569707870483,
    0.6306206583976746
  ],
  "sigma2": [
    0.0022594190668314695,
    0.00040594657184556127,
    0.0003868760832119733,
    0.0003706872812472284,
    0.0003413817612454295,
    0.00018417174578644335,
    0.0003190753923263401,
    0.0003220616199541837,
    0.0004016034072265029,
    0.0004016034072265029,
    0.0004016034072265029,
    0.000401525292545557,
    0.00027966286870650947,
    0.0003501129103824496,
    0.00048355889157392085,
    0.00037021105526946485,
    0.00039494092925451696
  ],
  "pi": [
    0.9990000128746033,
    2.658531911947648e-06,
    1.319627608609153e-05,
    2.3121061531128362e-05,
    4.610138785210438e-05,
    0.0002454394707456231,
    7.136251224437729e-05,
    0.0001914474123623222,
    3.166878537186335e-09,
    3.2074403133464102e-09,
    3.1705862379993732e-09,
    4.314475887667868e-08,
    0.00011151113722007722,
    2.9571112463600002e-05,
    0.00024953109095804393,
    1.4133695913187694e-05,
    1.8737109712674282e-06
  ],
  "J": 17
}