{
  "mu": [
    0.0,
    -0.7642197012901306,
    -0.6435456275939941,
    -0.5580770969390869,
    -0.47600865364074707,
    -0.3353414833545685,
    -0.40901610255241394,
    -0.23545779287815094,
    -0.0006266481941565871,
    -0.0006270600715652108,
    -0.0006266845157369971,
    0.18997177481651306,
    0.33491870760917664,
    0.41850775480270386,
    0.23773956298828125,
    0.5230731964111328,
    0.6339787840843201
  ],
  "sigma2": [
    0.0019746010657399893,
    0.00039927163743413985,
    0.0004076053446624428,
    0.0003949917736463249,
    0.0003809040645137429,
    0.00030114728724583983,
    0.000373413844499737,
    0.0004103012615814805,
    0.0004016036109533161,
    0.0004016036109533161,
    0.0004016036109533161,
    0.0003976357402279973,
    0.00033054882078431547,
    0.0003666720585897565,
    0.0006241157534532249,
    0.0003776973462663591,
    0.00039451458724215627
  ],
  "pi": [
    0.9990000128746033,
    2.5116100914601702e-06,
    1.1302570783300325e-05,
    2.3197440896183252e-05,
    4.3058440496679395e-05,
    0.00023048075672704726,
    6.470303196692839e-05,
    0.00019989967404399067,
    3.119525304740023e-09,
    3.150090854830978e-09,
    3.1221683016724455e-09,
    1.8446390868120943e-06,
    0.00010454242874402553,
    2.8116392059018835e-05,
    0.0002752731670625508,
    1.328591133642476e-05,
    1.7745464901963715e-06
  ],
  "J": 17
}