{
  "mu": [
    0.0,
    -0.817352294921875,
    -0.7180500030517578,
    -0.6222395896911621,
    -0.5327653884887695,
    -0.371325820684433,
    -0.4517947733402252,
    -0.18098671734333038,
    -0.0007045406964607537,
    -0.0007045508828014135,
    -0.0007045413367450237,
    0.15047937631607056,
    0.3734247088432312,
    0.4660607576370239,
    0.27226701378822327,
    0.5646682977676392,
    0.6749717593193054
  ],
  "sigma2": [
    0.0004270794161129743,
    0.000410448235925287,
    0.0004094155738130212,
    0.0003987702657468617,
    0.00038907924317754805,
    0.0002635643759276718,
    0.00036918840487487614,
    0.004311054479330778,
    0.0004016060847789049,
    0.0004016060847789049,
    0.0004016060847789049,
    0.0014361535431817174,
    0.0003313160268589854,
    0.0003922447212971747,
    0.0002733225701376796,
    0.00039819491212256253,
    0.0003984684299211949
  ],
  "pi": [
    0.9990000128746033,
    1.5234359125315677e-06,
    4.41639895143453e-06,
    1.1055572031182237e-05,
    2.2459660613094456e-05,
    0.00010690400085877627,
    3.0287372283055447e-05,
    0.0002933027280960232,
    6.338031210972872e-10,
    6.346578262927949e-10,
    6.338757296830977e-10,
    0.00034631192102096975,
    5.218866135692224e-05,
    1.322517346125096e-05,
    0.00011100798292318359,
    6.4708701756899245e-06,
    8.443918204648071e-07
  ],
  "J": 17
}