{
  "mu": [
    0.0,
    -0.7423567175865173,
    -0.6086390614509583,
    -0.5321014523506165,
    -0.44983136653900146,
    -0.31601598858833313,
    -0.3888411521911621,
    -0.23761767148971558,
    -0.0006004886236041784,
    -0.000627628352958709,
    -0.0006023028399795294,
    0.24655373394489288,
    0.31824326515197754,
    0.4011480510234833,
    0.24738182127475739,
    0.5041554570198059,
    0.6132116913795471
  ],
  "sigma2": [
    0.0030756171327084303,
    0.00040501559851691127,
    0.0004101960512343794,
    0.0003960849717259407,
    0.00039957024273462594,
    0.00032060782541520894,
    0.0003827770706266165,
    0.0003434611135162413,
    0.0004016015154775232,
    0.0004016015154775232,
    0.0004016015154775232,
    0.0004015984304714948,
    0.0003688648284878582,
    0.00038256723200902343,
    0.00038527188007719815,
    0.0003827887703664601,
    0.00040360860293731093
  ],
  "pi": [
    0.9990000128746033,
    3.2556501992075937e-06,
    1.5631221685907803e-05,
    2.8073140128981322e-05,
    5.582979792961851e-05,
    0.00030175154097378254,
    8.715511648915708e-05,
    0.00013216969091445208,
    1.1864920601567519e-08,
    1.2242276525853413e-08,
    1.1899118135261233e-08,
    4.968640254787715e-08,
    0.000135296635562554,
    3.540318357408978e-05,
    0.00018588935199659318,
    1.719972897262778e-05,
    2.259283974126447e-06
  ],
  "J": 17
}