{
  "mu": [
    0.0,
    -0.7436205148696899,
    -0.607931911945343,
    -0.5313493609428406,
    -0.4502643644809723,
    -0.31578123569488525,
    -0.3892577886581421,
    -0.23232848942279816,
    -0.0003547192027326673,
    -0.0003514904237817973,
    -0.00035449504503048956,
    0.24477516114711761,
    0.31919464468955994,
    0.40365859866142273,
    0.24283356964588165,
    0.5061955451965332,
    0.6158952116966248
  ],
  "sigma2": [
    0.0027367027942091227,
    0.0003981111804023385,
    0.0003874563262797892,
    0.0003585990343708545,
    0.00034346358734183013,
    0.0001834323920775205,
    0.00031084127840586007,
    0.0003185171808581799,
    0.0004016024759039283,
    0.0004016024759039283,
    0.0004016024759039283,
    0.00040160302887670696,
    0.00028881645994260907,
    0.0003527072840370238,
    0.0003947509394492954,
    0.0003673069295473397,
    0.00039901581476442516
  ],
  "pi": [
    0.9990000128746033,
    2.9860543691029307e-06,
    1.5174871805356815e-05,
    2.4921535441535525e-05,
    5.173224417376332e-05,
    0.0002752950240392238,
    8.099419210338965e-05,
    0.00015839941625017673,
    6.618758874310515e-09,
    6.762439941354614e-09,
    6.631832416559291e-09,
    4.4034827340055926e-08,
    0.00012525665806606412,
    3.268794534960762e-05,
    0.0002146456390619278,
    1.57385366037488e-05,
    2.1038206341472687e-06
  ],
  "J": 17
}