{
  "mu": [
    0.0,
    -0.822947084903717,
    -0.7251647114753723,
    -0.6286134123802185,
    -0.5365948677062988,
    -0.37319841980934143,
    -0.4547497630119324,
    -0.16737447679042816,
    -0.002040888648480177,
    -0.002041088417172432,
    -0.0020409042481333017,
    0.14175930619239807,
    0.3746456205844879,
    0.4715040624141693,
    0.2726481854915619,
    0.566917896270752,
    0.681069016456604
  ],
  "sigma2": [
    0.00031317141838371754,
    0.0004121028177905828,
    0.00039946965989656746,
    0.000403859477955848,
    0.00037518670433200896,
    0.0002860587846953422,
    0.00035415496677160263,
    0.0047879572957754135,
    0.0004016085877083242,
    0.0004016085877083242,
    0.0004016085877083242,
    0.0017373260343447328,
    0.00035046215634793043,
    0.00037729740142822266,
    0.00032100098906084895,
    0.00039512175135314465,
    0.0003994414582848549
  ],
  "pi": [
    0.9990000128746033,
    1.4137889365883893e-06,
    3.888512765115593e-06,
    9.968386621039826e-06,
    2.0561412384267896e-05,
    9.722365939524025e-05,
    2.6663748940336518e-05,
    0.00031528304680250585,
    5.419441007070702e-10,
    5.426386007201245e-10,
    5.420025539493167e-10,
    0.00036038729012943804,
    4.657548197428696e-05,
    1.1921636541956104e-05,
    9.964451601263136e-05,
    5.722269634134136e-06,
    7.445839855790837e-07
  ],
  "J": 17
}