{
  "mu": [
    0.0,
    -0.7643498778343201,
    -0.6446178555488586,
    -0.5582465529441833,
    -0.47591909766197205,
    -0.33497533202171326,
    -0.4089641869068146,
    -0.23422501981258392,
    -0.00040158527554012835,
    -0.0004012903955299407,
    -0.0004015596932731569,
    0.18774357438087463,
    0.3354576528072357,
    0.4201664924621582,
    0.2463478446006775,
    0.5239529013633728,
    0.635685920715332
  ],
  "sigma2": [
    0.0018063409952446818,
    0.0003964936768170446,
    0.0004052290751133114,
    0.0003760464023798704,
    0.0003481446474324912,
    0.00022162219102028757,
    0.000335086282575503,
    0.0003840596182271838,
    0.0004016028542537242,
    0.0004016028542537242,
    0.0004016028542537242,
    0.00035006983671337366,
    0.00029352723504416645,
    0.00034912480623461306,
    0.00036603075568564236,
    0.0003709502052515745,
    0.00039399031084030867
  ],
  "pi": [
    0.9990000128746033,
    2.3332117962127086e-06,
    1.0668611139408313e-05,
    2.160891381208785e-05,
    4.073574746144004e-05,
    0.0002150513610104099,
    6.038121136953123e-05,
    0.00019188402802683413,
    6.683310349586691e-09,
    6.732343571513866e-09,
    6.6875376347752535e-09,
    0.0001078055938705802,
    9.919589501805604e-05,
    2.617979953356553e-05,
    0.00021008496696595103,
    1.2410686395014636e-05,
    1.6398975049014552e-06
  ],
  "J": 17
}