{
  "mu": [
    0.0,
    -0.7530834674835205,
    -0.6606801748275757,
    -0.5720027685165405,
    -0.4883727431297302,
    -0.34410324692726135,
    -0.4198666214942932,
    -0.23745198547840118,
    -0.0008681768085807562,
    -0.0008683275664225221,
    -0.0008681896142661572,
    0.17924457788467407,
    0.3434748649597168,
    0.42924964427948,
    0.25089529156684875,
    0.5356159806251526,
    0.644507646560669
  ],
  "sigma2": [
    0.0014742560451850295,
    0.00041188084287568927,
    0.00040422281017526984,
    0.0003962751943618059,
    0.0003618341579567641,
    0.00027452976792119443,
    0.00036258253385312855,
    0.00048574560787528753,
    0.0004016038146801293,
    0.0004016038146801293,
    0.0004016038146801293,
    0.00034826601040549576,
    0.00030499481363222003,
    0.0003643411328084767,
    0.0003357974346727133,
    0.0003755083307623863,
    0.0003996390732936561
  ],
  "pi": [
    0.9990000128746033,
    2.865236183424713e-06,
    8.543721378373448e-06,
    1.985628296097275e-05,
    3.7046698707854375e-05,
    0.00019421509932726622,
    5.199336010264233e-05,
    0.0001874045265140012,
    3.298537887275188e-09,
    3.3111415831399427e-09,
    3.2996325671774684e-09,
    0.0001766945788403973,
    8.922737470129505e-05,
    2.3551185222459026e-05,
    0.0001959730579983443,
    1.1153528248541988e-05,
    1.465466084482614e-06
  ],
  "J": 17
}