{
  "mu": [
    0.0,
    -0.8130772113800049,
    -0.7178467512130737,
    -0.6196724772453308,
    -0.530547022819519,
    -0.3711259663105011,
    -0.4507852792739868,
    -0.19601498544216156,
    -0.0005094808875583112,
    -0.000509499164763838,
    -0.0005094825173728168,
    0.1595085710287094,
    0.3698487877845764,
    0.4620233178138733,
    0.2685260772705078,
    0.5599216222763062,
    0.666505753993988
  ],
  "sigma2": [
    0.0006079360609874129,
    0.00041139364475384355,
    0.00041909480933099985,
    0.0004231484781485051,
    0.00043444454786367714,
    0.00035395659506320953,
    0.0004155128845013678,
    0.003770404029637575,
    0.00040160532807931304,
    0.00040160532807931304,
    0.00040160532807931304,
    0.001007579267024994,
    0.0003906870260834694,
    0.00041679677087813616,
    0.00034354973467998207,
    0.000412681169109419,
    0.0004003020003437996
  ],
  "pi": [
    0.9990000128746033,
    1.6973162928479724e-06,
    4.8836905079951975e-06,
    1.2433324627636466e-05,
    2.525791569496505e-05,
    0.00011990716302534565,
    3.3406340662622824e-05,
    0.0002796210756059736,
    7.806480462058119e-10,
    7.818178326957081e-10,
    7.807464119657936e-10,
    0.00031351266079582274,
    5.849072113051079e-05,
    1.4863026081002317e-05,
    0.00012765488645527512,
    7.271008144016378e-06,
    9.9864041658293e-07
  ],
  "J": 17
}