{
  "mu": [
    0.0,
    -0.7511959671974182,
    -0.6211352348327637,
    -0.5431844592094421,
    -0.46213316917419434,
    -0.3251805305480957,
    -0.39900434017181396,
    -0.23210494220256805,
    -0.0005900172400288284,
    -0.0005895586800761521,
    -0.0005899746902287006,
    0.20364895462989807,
    0.3276478946208954,
    0.40938428044319153,
    0.24099132418632507,
    0.5139644742012024,
    0.6300191283226013
  ],
  "sigma2": [
    0.0023330121766775846,
    0.00040869758231565356,
    0.0003889109939336777,
    0.00037741399137303233,
    0.000352809380274266,
    0.00020870349544566125,
    0.00033326621633023024,
    0.0003341413976158947,
    0.0004016034072265029,
    0.0004016034072265029,
    0.0004016034072265029,
    0.0004015427257400006,
    0.00029608907061629,
    0.0003568266110960394,
    0.00047271442599594593,
    0.00037305188016034663,
    0.0003951441904064268
  ],
  "pi": [
    0.9990000128746033,
    2.6918216917692916e-06,
    1.3359663171286229e-05,
    2.3340340703725815e-05,
    4.665612868848257e-05,
    0.00024858355754986405,
    7.22588156349957e-05,
    0.00018952392565552145,
    3.349674537744818e-09,
    3.3944351773840253e-09,
    3.3537690402596354e-09,
    4.106293971517516e-08,
    0.00011295764852548018,
    2.9910901503171772e-05,
    0.0002444736019242555,
    1.4295209439296741e-05,
    1.8972674524775357e-06
  ],
  "J": 17
}