{
  "mu": [
    0.0,
    -0.7633323669433594,
    -0.6471856236457825,
    -0.5593911409378052,
    -0.476587176322937,
    -0.33499857783317566,
    -0.4096115231513977,
    -0.23330827057361603,
    -0.00019888592942152172,
    -0.0001987009891308844,
    -0.00019887005328200758,
    0.17869612574577332,
    0.33659714460372925,
    0.42206838726997375,
    0.24651525914669037,
    0.5253303050994873,
    0.6376646161079407
  ],
  "sigma2": [
    0.0015662678051739931,
    0.00039538825512863696,
    0.00039766685222275555,
    0.0003551491827238351,
    0.0003133339050691575,
    0.00014889583690091968,
    0.00029390762210823596,
    0.00032500975066795945,
    0.00040160302887670696,
    0.00040160302887670696,
    0.00040160302887670696,
    0.0003362302086316049,
    0.0002421166718704626,
    0.00032951426692306995,
    0.0003084125928580761,
    0.0003639178175944835,
    0.0003935360873583704
  ],
  "pi": [
    0.9990000128746033,
    2.2312758574116742e-06,
    9.902159035846125e-06,
    2.0410578144947067e-05,
    3.837203257717192e-05,
    0.0002018217055592686,
    5.654313645209186e-05,
    0.00018422125140205026,
    5.261362456820962e-09,
    5.291181270905554e-09,
    5.263952385092807e-09,
    0.00015325997082982212,
    9.304684499511495e-05,
    2.449572093610186e-05,
    0.00020245564519427717,
    1.1687676305882633e-05,
    1.536225909148925e-06
  ],
  "J": 17
}