{
  "mu": [
    0.0,
    -0.7654954791069031,
    -0.6421762108802795,
    -0.5572425723075867,
    -0.47544804215431213,
    -0.3351656198501587,
    -0.4089008867740631,
    -0.23532000184059143,
    -0.000517421867698431,
    -0.0005178923020139337,
    -0.0005174632533453405,
    0.19092844426631927,
    0.333795964717865,
    0.41700509190559387,
    0.2370474934577942,
    0.5221767425537109,
    0.6326878070831299
  ],
  "sigma2": [
    0.0019916174933314323,
    0.00039974995888769627,
    0.00040784585871733725,
    0.0003976171719841659,
    0.00038806445081718266,
    0.00032014097087085247,
    0.00038144062273204327,
    0.0004278227570466697,
    0.0004016038146801293,
    0.0004016038146801293,
    0.0004016038146801293,
    0.0004007175739388913,
    0.0003450838557910174,
    0.00037251433241181076,
    0.0006178604671731591,
    0.0003800981503445655,
    0.00039532320806756616
  ],
  "pi": [
    0.9990000128746033,
    2.4978753572213463e-06,
    1.1263236046943348e-05,
    2.3317432351177558e-05,
    4.321087908465415e-05,
    0.00023104564752429724,
    6.472749373642728e-05,
    0.00020076789951417595,
    2.7879114572471053e-09,
    2.8163744669740254e-09,
    2.7903717114696747e-09,
    4.2918907183775445e-07,
    0.00010515044414205477,
    2.803754796332214e-05,
    0.0002745127712842077,
    1.3270842828205787e-05,
    1.7603944115762715e-06
  ],
  "J": 17
}