{
  "mu": [
    0.0,
    -0.7642736434936523,
    -0.6461694240570068,
    -0.5588136911392212,
    -0.4763534665107727,
    -0.3349170386791229,
    -0.40940073132514954,
    -0.23353804647922516,
    -0.0002607770438771695,
    -0.00026056167553178966,
    -0.000260758533840999,
    0.18172021210193634,
    0.33613091707229614,
    0.42134734988212585,
    0.24637742340564728,
    0.5248044729232788,
    0.6368899941444397
  ],
  "sigma2": [
    0.001658773049712181,
    0.00039518449921160936,
    0.00040051850373856723,
    0.00036227249074727297,
    0.0003242033417336643,
    0.00017075633513741195,
    0.00030749422148801386,
    0.0003501119208522141,
    0.00040160302887670696,
    0.00040160302887670696,
    0.00040160302887670696,
    0.00033830091706477106,
    0.0002596155973151326,
    0.00033615852589719,
    0.0003316884394735098,
    0.00036649321555159986,
    0.000393689057091251
  ],
  "pi": [
    0.9990000128746033,
    2.2557708234671736e-06,
    1.0195646609645337e-05,
    2.0854760805377737e-05,
    3.9226557419169694e-05,
    0.0002066890156129375,
    5.7944434956880286e-05,
    0.00018740736413747072,
    5.692328386430745e-09,
    5.727308849401425e-09,
    5.695358407109552e-09,
    0.00013555299665313214,
    9.530610259389505e-05,
    2.511873208277393e-05,
    0.00020591256907209754,
    1.1945247933908831e-05,
    1.5737219882794307e-06
  ],
  "J": 17
}