{
  "mu": [
    0.0,
    -0.26130926609039307,
    -0.4613444209098816,
    -0.2613038420677185,
    -0.26129385828971863,
    -0.2612925171852112,
    -0.2612912058830261,
    -0.26129379868507385,
    -0.2612802982330322,
    -0.26129472255706787,
    -0.26129159331321716,
    0.23684260249137878,
    0.2368956208229065,
    0.23686517775058746,
    0.2368481457233429,
    0.23685118556022644,
    0.2368566244840622
  ],
  "sigma2": [
    0.0012501537567004561,
    0.005811451934278011,
    0.005893049295991659,
    0.005796028766781092,
    0.005787632893770933,
    0.005775546655058861,
    0.005750495940446854,
    0.0057930420152843,
    0.005917902570217848,
    0.0057362220250070095,
    0.005764805246144533,
    0.005787826143205166,
    0.005857302341610193,
    0.005816333461552858,
    0.005793602205812931,
    0.005801663734018803,
    0.005804793909192085
  ],
  "pi": [
    0.9950845241546631,
    0.0002359615609748289,
    0.00011388137500034645,
    0.0003013856476172805,
    0.0003277593932580203,
    0.00035953035694547,
    0.00040977029129862785,
    0.00036512973019853234,
    0.00032820325577631593,
    0.00040876504499465227,
    0.00038130267057567835,
    0.00027473061345517635,
    0.0002989117056131363,
    0.0003050115192309022,
    0.00027130183298140764,
    0.0002697081945370883,
    0.0002641041355673224
  ],
  "J": 17
}