{
  "mu": [
    0.0,
    -0.7273843884468079,
    -0.6018304228782654,
    -0.5200689435005188,
    -0.5198332667350769,
    -0.3291137218475342,
    -0.42081761360168457,
    -0.16306492686271667,
    -0.0008930779295042157,
    -0.001039276598021388,
    -0.0009027285850606859,
    0.12161414325237274,
    0.2075943946838379,
    0.30375751852989197,
    0.3967588245868683,
    0.5139505863189697,
    0.61005038022995
  ],
  "sigma2": [
    0.00038886742549948394,
    0.00040394344250671566,
    0.0003933057305403054,
    0.0003803993167821318,
    0.0004012573335785419,
    0.00019840183085761964,
    0.0003808000183198601,
    0.0027397030498832464,
    0.0004016066959593445,
    0.0004016066959593445,
    0.0004016066959593445,
    0.0005057809175923467,
    0.00022834930859971792,
    0.0002444731071591377,
    0.0003405496827326715,
    0.00037783588049933314,
    0.0003976304433308542
  ],
  "pi": [
    0.9990000128746033,
    2.6624684323905967e-06,
    7.157303571148077e-06,
    1.4518733223667368e-05,
    2.2942884925214457e-07,
    0.00012724814587272704,
    4.988771252101287e-05,
    0.0002589025243651122,
    1.3564006584587673e-09,
    1.4183488827868018e-09,
    1.3652671215780288e-09,
    0.0002427954168524593,
    0.00017359701450914145,
    8.585625619161874e-05,
    2.74528720183298e-05,
    8.528418220521417e-06,
    1.1596904414545861e-06
  ],
  "J": 17
}