{
  "mu": [
    0.0,
    -0.7101967930793762,
    -0.5823598504066467,
    -0.49549368023872375,
    -0.49405455589294434,
    -0.3035166263580322,
    -0.3954910933971405,
    -0.2016599029302597,
    -0.0003036465495824814,
    -0.0005745402886532247,
    -0.00030458022956736386,
    0.19044485688209534,
    0.19308798015117645,
    0.27895137667655945,
    0.36778944730758667,
    0.4850232005119324,
    0.5896874070167542
  ],
  "sigma2": [
    0.0015934875700622797,
    0.00039043466676957905,
    0.0003848754276987165,
    0.0003594793379306793,
    0.0004003187932539731,
    0.000211237944313325,
    0.00028208649018779397,
    0.00035503655089996755,
    0.00040160055505111814,
    0.00040160014759749174,
    0.00040160055505111814,
    0.00040155305759981275,
    0.00033919140696525574,
    0.00024722114903852344,
    0.0003093416744377464,
    0.00036555371480062604,
    0.0003956040018238127
  ],
  "pi": [
    0.9990000128746033,
    3.1931315334077226e-06,
    1.1819835890491959e-05,
    2.5560264475643635e-05,
    6.711533728775976e-07,
    0.00022117412299849093,
    8.683598571224138e-05,
    0.00018604306387715042,
    1.6422486481815213e-08,
    1.8436532300825093e-08,
    1.6708186834080152e-08,
    1.1441156999580926e-07,
    0.0002524928713683039,
    0.00014751199341844767,
    4.768779399455525e-05,
    1.4765316336706746e-05,
    2.078574425468105e-06
  ],
  "J": 17
}