{
  "mu": [
    0.0,
    -0.6933241486549377,
    -0.5645318031311035,
    -0.48682940006256104,
    -0.4209098219871521,
    -0.2915468215942383,
    -0.37285155057907104,
    -0.24051979184150696,
    -0.00042533501982688904,
    -0.0004992273170500994,
    -0.00037302568671293557,
    0.1436566710472107,
    0.2947694957256317,
    0.273692786693573,
    0.3518853187561035,
    0.46111252903938293,
    0.5722913146018982
  ],
  "sigma2": [
    0.0035420816857367754,
    0.0003989212855231017,
    0.0003817504912149161,
    0.0003882523160427809,
    0.00039990132790990174,
    0.0003262264363002032,
    0.0003837681724689901,
    0.0004014295991510153,
    0.0004015524755232036,
    0.0004015461599919945,
    0.000401551544200629,
    0.000401627563405782,
    0.0004014950536657125,
    0.00042533667874522507,
    0.00038769899401813745,
    0.00040594677557237446,
    0.0004062523366883397
  ],
  "pi": [
    0.9990000128746033,
    5.742485427617794e-06,
    2.1461441065184772e-05,
    4.244323281454854e-05,
    3.395340536371805e-05,
    0.0004053693264722824,
    0.00013597012730315328,
    1.8185653516411548e-07,
    1.855111548820787e-07,
    2.1149884332771762e-07,
    1.8926324685253348e-07,
    8.415490526658687e-08,
    8.134674658322183e-07,
    0.00023379157937597483,
    8.760463242651895e-05,
    2.792032501020003e-05,
    4.077777248312486e-06
  ],
  "J": 17
}