{
  "mu": [
    0.0,
    -0.06203832849860191,
    -0.6021525859832764,
    -0.23879288136959076,
    -0.23570597171783447,
    -0.22752566635608673,
    -0.23891262710094452,
    -0.23864829540252686,
    -0.14703750610351562,
    -0.3905086815357208,
    -0.23858627676963806,
    -0.238910973072052,
    0.32360926270484924,
    0.2226601243019104,
    0.12766610085964203,
    0.0592014417052269,
    0.3767261207103729
  ],
  "sigma2": [
    1.121395416703308e-05,
    0.0006646396359428763,
    0.002824637573212385,
    0.00249476358294487,
    0.0024969750083982944,
    0.0024971214588731527,
    0.0024932913947850466,
    0.002485673874616623,
    0.002133328001946211,
    0.002605295740067959,
    0.0024845635052770376,
    0.002491480205208063,
    0.0024969964288175106,
    0.00248640775680542,
    0.0018512707902118564,
    0.0005403257673606277,
    0.002548574935644865
  ],
  "pi": [
    0.9990000128746033,
    0.0002490536426194012,
    5.124348945173551e-07,
    5.75268677494023e-06,
    3.2412694395134167e-07,
    4.984832457921584e-08,
    9.334919923276175e-06,
    2.5767436454771087e-05,
    0.00013857385783921927,
    6.337388640531572e-06,
    2.798906461976003e-05,
    1.3503571608453058e-05,
    5.864824714763017e-08,
    3.202187508577481e-05,
    0.00015971597167663276,
    0.00032823882065713406,
    2.7657154078042367e-06
  ],
  "J": 17
}