{
  "top1_error_pre[%]": 88.2,
  "top1_error_post[%]": 0.7600000000000051,
  "Delta[%]": -87.44,
  "|W|": 430500,
  "|W_nonzero|/|W|[%]": 3.518931475029036,
  "CR": 57.86144502406693,
  "acc_pretrain": 0.118,
  "acc_retrain": 0.9923,
  "acc_quantized": 0.9924
}