{
  "mu": [
    0.0,
    -0.3884451687335968,
    -0.27523544430732727,
    -0.2751584053039551,
    -0.27500471472740173,
    -0.2747352421283722,
    -0.27468910813331604,
    -0.2748420536518097,
    -0.27481669187545776,
    -0.2745988368988037,
    -0.2750034034252167,
    0.2549472749233246,
    0.25481683015823364,
    0.25480780005455017,
    0.25496813654899597,
    0.2548685073852539,
    0.25484365224838257
  ],
  "sigma2": [
    0.0022935664746910334,
    0.007723311893641949,
    0.006813773885369301,
    0.006785568781197071,
    0.00672909477725625,
    0.006629058159887791,
    0.006611969787627459,
    0.006674385629594326,
    0.006658697966486216,
    0.006577739957720041,
    0.006729354616254568,
    0.006817768327891827,
    0.006774651352316141,
    0.0067711276933550835,
    0.006823453586548567,
    0.006790647748857737,
    0.006782919634133577
  ],
  "pi": [
    0.9950276017189026,
    0.0001682889269432053,
    0.0002690700348466635,
    0.0002928885805886239,
    0.00034151197178289294,
    0.0004306407645344734,
    0.0004462037468329072,
    0.00039030329207889736,
    0.000404101621825248,
    0.0004775455454364419,
    0.00034133592271246016,
    0.00021849288896191865,
    0.00024788352311588824,
    0.00025034439750015736,
    0.00021467481565196067,
    0.0002369034045841545,
    0.0002421815734123811
  ],
  "J": 17
}