{
  "top1_error_pre[%]": 0.9299999999999975,
  "top1_error_post[%]": 4.079999999999995,
  "Delta[%]": 3.1499999999999972,
  "|W|": 430500,
  "|W_nonzero|/|W|[%]": 4.087804878048781,
  "CR": 41.327545397000634,
  "acc_pretrain": 0.9907,
  "acc_retrain": 0.9936,
  "acc_quantized": 0.9592
}