{
  "mu": [
    0.0,
    -0.5519846677780151,
    -0.10272373259067535,
    -0.3663502633571625,
    -0.22045695781707764,
    -0.2226729840040207,
    0.24941611289978027,
    0.3513750731945038,
    0.15281356871128082,
    0.15281374752521515,
    0.4564136266708374,
    0.24937930703163147,
    0.15207308530807495,
    0.1524239182472229,
    0.15184703469276428,
    0.0726107731461525,
    0.610374391078949
  ],
  "sigma2": [
    9.932976354321e-06,
    0.0020672171376645565,
    0.0013471782440319657,
    0.001548642641864717,
    0.0011636028066277504,
    0.0012697783531621099,
    0.0012721067760139704,
    0.0012775138020515442,
    0.0012695398181676865,
    0.0012695362092927098,
    0.0012826044112443924,
    0.0012734121410176158,
    0.0012697771890088916,
    0.001269766828045249,
    0.0012170937843620777,
    0.0006353419157676399,
    0.0012842470314353704
  ],
  "pi": [
    0.9990000128746033,
    3.0320438781927805e-06,
    0.0002597803540993482,
    3.3005824661813676e-05,
    0.00016692711506038904,
    6.6482077620833024e-09,
    1.6133166354848072e-05,
    9.052512723428663e-06,
    7.466296665370464e-07,
    7.578783538519929e-07,
    1.5917241853458108e-06,
    2.890969335567206e-05,
    6.593898760343109e-09,
    3.508487012027217e-08,
    0.00015527792857028544,
    0.0003244996478315443,
    2.3710276764177252e-07
  ],
  "J": 17
}