{
  "top1_error_pre[%]": 88.32,
  "top1_error_post[%]": 0.660000000000005,
  "Delta[%]": -87.66,
  "|W|": 430500,
  "|W_nonzero|/|W|[%]": 4.425551684088269,
  "CR": 52.02357979328029,
  "acc_pretrain": 0.1168,
  "acc_retrain": 0.9922,
  "acc_quantized": 0.9934
}