{
  "mu": [
    0.0,
    -0.34634798765182495,
    -0.23853696882724762,
    -0.23853261768817902,
    0.125641331076622,
    -0.0019375788979232311,
    -0.002033040625974536,
    -0.0018816757947206497,
    -0.001843715668655932,
    -0.0019067066023126245,
    -0.001926135621033609,
    -0.001915095024742186,
    -0.001859135809354484,
    -0.0017271889373660088,
    -0.002022687578573823,
    -0.002029615920037031,
    0.1273394227027893
  ],
  "sigma2": [
    0.0030971404630690813,
    0.005388168152421713,
    0.0038180076517164707,
    0.003817272139713168,
    0.0052727158181369305,
    0.004208964761346579,
    0.004140811040997505,
    0.0038120881654322147,
    0.0037457821890711784,
    0.0038727347273379564,
    0.003916508052498102,
    0.0038886875845491886,
    0.0037745756562799215,
    0.0035325619392096996,
    0.004105780273675919,
    0.004180491901934147,
    0.005127098876982927
  ],
  "pi": [
    0.9878623485565186,
    0.0006270520971156657,
    0.0006798260728828609,
    0.0006797946407459676,
    0.0003346566518303007,
    0.0002845799317583442,
    0.00034128467086702585,
    0.0009980294853448868,
    0.0012204614467918873,
    0.0010506275575608015,
    0.0010050756391137838,
    0.0010341022862121463,
    0.0011792696313932538,
    0.0016703984001651406,
    0.0004015817539766431,
    0.00029624506714753807,
    0.00033468243782408535
  ],
  "J": 17
}