{
  "mu": [
    0.0,
    -0.9207120537757874,
    -0.7411727905273438,
    -0.6046267747879028,
    -0.6045033931732178,
    -0.3882560431957245,
    -0.48367077112197876,
    -0.28254032135009766,
    -0.15357890725135803,
    -0.07738204300403595,
    -0.20396430790424347,
    0.11993880569934845,
    0.2578515112400055,
    0.36753079295158386,
    0.4918641448020935,
    0.5978357195854187,
    0.7193029522895813
  ],
  "sigma2": [
    1.5675766917411238e-05,
    0.0003769273462239653,
    0.0003467425412964076,
    0.00025925584486685693,
    0.0004014447040390223,
    9.722205140860751e-05,
    0.00019994609465356916,
    0.0001343156909570098,
    9.24806299735792e-05,
    5.6098706409102306e-05,
    0.00014831790758762509,
    0.00016585475532338023,
    7.312172238016501e-05,
    0.0001321654999628663,
    0.0002573551028035581,
    0.0003379305999260396,
    0.0003910825471393764
  ],
  "pi": [
    0.9990000128746033,
    1.9114631868433207e-06,
    4.37490280091879e-06,
    1.544947735965252e-05,
    3.268656234567402e-09,
    7.896793977124617e-05,
    2.6644453100743704e-05,
    5.2559869800461456e-05,
    8.931258344091475e-05,
    0.00016050790145527571,
    4.7191442718030885e-05,
    0.00033334316685795784,
    0.0001156732760136947,
    5.349595448933542e-05,
    1.4869169717712793e-05,
    4.916863872495014e-06,
    7.782765010233561e-07
  ],
  "J": 17
}