{
  "mu": [
    0.0,
    -0.7132933735847473,
    -0.5972597599029541,
    -0.5136606097221375,
    -0.5135552883148193,
    -0.3212423026561737,
    -0.41511625051498413,
    -0.20088529586791992,
    -0.0005288816173560917,
    -0.0005266476655378938,
    -0.0005299066542647779,
    0.1331532895565033,
    0.20174984633922577,
    0.2970554232597351,
    0.3871384859085083,
    0.5046789646148682,
    0.6040427684783936
  ],
  "sigma2": [
    0.0007221812848001719,
    0.00042394318734295666,
    0.0003957207954954356,
    0.0003884276666212827,
    0.00040129368426278234,
    0.00018632902356330305,
    0.00035399862099438906,
    0.0008036646759137511,
    0.00040160457137972116,
    0.00040160457137972116,
    0.00040160457137972116,
    0.0002957653487101197,
    0.0002568656636867672,
    0.00022879050811752677,
    0.00032793113496154547,
    0.0003721851680893451,
    0.0003989994584117085
  ],
  "pi": [
    0.9990000128746033,
    3.434280188230332e-06,
    8.502366654283833e-06,
    1.8736865968094207e-05,
    4.3162779661543027e-07,
    0.000165133475093171,
    6.447279156418517e-05,
    0.0001846786035457626,
    3.0918627658138575e-09,
    3.2934688309893545e-09,
    3.120579572524207e-09,
    0.00017208421195391566,
    0.0002242655900772661,
    0.00011009956506313756,
    3.5678036510944366e-05,
    1.0928117262665182e-05,
    1.5450913224412943e-06
  ],
  "J": 17
}