{
  "mu": [
    0.0,
    -0.9020488858222961,
    -0.7257179617881775,
    -0.593604326248169,
    -0.5933699607849121,
    -0.380319207906723,
    -0.4749126136302948,
    -0.2762317955493927,
    -0.14826419949531555,
    -0.07622776925563812,
    -0.19822746515274048,
    0.11793317645788193,
    0.2523666322231293,
    0.3608010411262512,
    0.4854607880115509,
    0.5912871956825256,
    0.7124845385551453
  ],
  "sigma2": [
    1.5664993043174036e-05,
    0.0003823041042778641,
    0.0003479242732282728,
    0.0002716047747526318,
    0.00040135416202247143,
    9.689734724815935e-05,
    0.00020091790065634996,
    0.00013401935575529933,
    9.629027772461995e-05,
    5.9550529840635136e-05,
    0.00015029295173007995,
    0.00047402153722941875,
    7.396715227514505e-05,
    0.00013383556506596506,
    0.0002573813544586301,
    0.00034022016916424036,
    0.00039081485010683537
  ],
  "pi": [
    0.9990000128746033,
    1.932453869812889e-06,
    4.42289319835254e-06,
    1.5610045011271723e-05,
    1.3032050993899702e-08,
    7.998306682566181e-05,
    2.68866333499318e-05,
    5.303631769493222e-05,
    8.893537597032264e-05,
    0.0001541495294077322,
    4.88162440888118e-05,
    0.0003344006254337728,
    0.00011694167187670246,
    5.408231299952604e-05,
    1.5032142982818186e-05,
    4.970793725078693e-06,
    7.868534908084257e-07
  ],
  "J": 17
}