{
  "mu": [
    0.0,
    -0.9178147315979004,
    -0.7398514747619629,
    -0.6038061380386353,
    -0.6035013198852539,
    -0.38810309767723083,
    -0.48319125175476074,
    -0.28243762254714966,
    -0.15381376445293427,
    -0.07766634970903397,
    -0.20388491451740265,
    0.11966059356927872,
    0.2569016218185425,
    0.366208016872406,
    0.4903213679790497,
    0.5967209339141846,
    0.7172777652740479
  ],
  "sigma2": [
    1.5659212294849567e-05,
    0.00037864697515033185,
    0.00035074102925136685,
    0.0002702426281757653,
    0.0004014443256892264,
    0.0001024553130264394,
    0.00021018456027377397,
    0.00014742396888323128,
    0.0001128093499573879,
    7.345560879912227e-05,
    0.0001700090360827744,
    0.0002867487201001495,
    7.952456508064643e-05,
    0.00014058953092899173,
    0.0002631798561196774,
    0.0003414817329030484,
    0.0003922192845493555
  ],
  "pi": [
    0.9990000128746033,
    1.9114615952275926e-06,
    4.3749073483922984e-06,
    1.5448204067070037e-05,
    4.292029842645206e-09,
    7.896841270849109e-05,
    2.6644498575478792e-05,
    5.256002987152897e-05,
    8.920366963138804e-05,
    0.0001605095312697813,
    4.7299869038397446e-05,
    0.00033334066392853856,
    0.0001156740981969051,
    5.349611092242412e-05,
    1.4869196093059145e-05,
    4.916863872495014e-06,
    7.782746820339526e-07
  ],
  "J": 17
}