{
  "mu": [
    0.0,
    -0.8333088159561157,
    -0.6736504435539246,
    -0.5798664689064026,
    -0.5238898396492004,
    -0.3596935272216797,
    -0.44198793172836304,
    -0.2565467655658722,
    -0.13192027807235718,
    -0.07326345890760422,
    -0.18409079313278198,
    0.11069841682910919,
    0.23637917637825012,
    0.3425320088863373,
    0.4591069519519806,
    0.5648648142814636,
    0.6737490892410278
  ],
  "sigma2": [
    1.9085640815319493e-05,
    0.00045707772369496524,
    0.0003965411160606891,
    0.0003777528472710401,
    0.00038093022885732353,
    0.0002122103760484606,
    0.0002995558315888047,
    0.00032971889595501125,
    0.0003225398832000792,
    0.0003401825379114598,
    0.0003422000736463815,
    0.001330031780526042,
    0.00039122093585319817,
    0.00036255281884223223,
    0.0003484328044578433,
    0.00036493802326731384,
    0.00039244999061338603
  ],
  "pi": [
    0.9990000128746033,
    2.017897031691973e-06,
    4.649974471249152e-06,
    8.10335131973261e-06,
    8.285685908049345e-06,
    8.368475391762331e-05,
    2.7771471650339663e-05,
    5.475970101542771e-05,
    8.991119830170646e-05,
    0.0001332604297203943,
    5.27894553670194e-05,
    0.0003363257856108248,
    0.0001204117652378045,
    5.631739986711182e-05,
    1.5736699424451217e-05,
    5.152469384483993e-06,
    8.219771530093567e-07
  ],
  "J": 17
}