{
  "mu": [
    0.0,
    -0.7834124565124512,
    -0.04644627869129181,
    -0.019302187487483025,
    -0.08617884665727615,
    -0.08615515381097794,
    -0.08613421022891998,
    -0.08611428737640381,
    -0.08609618991613388,
    -0.0860799252986908,
    -0.08606895059347153,
    -0.08605583757162094,
    -0.08604000508785248,
    -0.0859939232468605,
    -0.054832614958286285,
    -0.12032435834407806,
    -0.16597691178321838,
    -0.19914895296096802,
    -0.19912408292293549,
    -0.19905434548854828,
    -0.1990174502134323,
    -0.2627887725830078,
    -0.48156192898750305,
    -0.30877774953842163,
    -0.12196889519691467,
    -0.16842423379421234,
    -0.08600572496652603,
    -0.1338905692100525,
    -0.08612905442714691,
    -0.35803350806236267,
    -0.5716875791549683,
    -0.415964275598526,
    -0.22348350286483765,
    -0.19901254773139954,
    -0.19909566640853882,
    -0.19914165139198303,
    -0.19915170967578888,
    -0.1654028296470642,
    -0.08624289929866791,
    -0.08591984957456589,
    -0.08602502197027206,
    -0.08604936301708221,
    -0.08606281131505966,
    -0.08607378602027893,
    -0.08608846366405487,
    -0.08610591292381287,
    -0.08612517267465591,
    -0.08614606410264969,
    -0.08616919070482254,
    0.019453173503279686,
    0.04801586642861366,
    0.08468221873044968,
    0.11570284515619278,
    0.35463422536849976,
    0.21705478429794312,
    0.5398507714271545,
    0.7129467129707336,
    0.9633914232254028,
    0.4269600212574005,
    0.13960009813308716,
    0.08929849416017532,
    0.25804048776626587,
    0.17691685259342194,
    0.302629292011261
  ],
  "sigma2": [
    1.7276798871534993e-06,
    0.0012155341682955623,
    0.0002691672707442194,
    8.79040380823426e-05,
    0.00040160573553293943,
    0.00040160593925975263,
    0.00040160573553293943,
    0.00040160593925975263,
    0.00040160573553293943,
    0.00040160593925975263,
    0.0004016062885057181,
    0.00040160593925975263,
    0.0004016062885057181,
    0.00040160573553293943,
    0.0003295475908089429,
    0.00040158024057745934,
    0.0004015207232441753,
    0.0004016420862171799,
    0.0004016626044176519,
    0.00040177255868911743,
    0.0004027622926514596,
    0.00041353784035891294,
    0.00044184637954458594,
    0.00041784546920098364,
    0.00040050054667517543,
    0.00039555589319206774,
    0.00038862330256961286,
    0.00040294998325407505,
    0.0003933627449441701,
    0.0004106072010472417,
    0.00048699864419177175,
    0.00042035066871903837,
    0.00040346276364289224,
    0.0004019885091111064,
    0.00040169115527532995,
    0.00040164784877561033,
    0.000401637313188985,
    0.0004015181912109256,
    0.0004011693235952407,
    0.0004016060847789049,
    0.0004016062885057181,
    0.00040160593925975263,
    0.0004016060847789049,
    0.0004016060847789049,
    0.00040160593925975263,
    0.00040160553180612624,
    0.00040160593925975263,
    0.00040160573553293943,
    0.00040160573553293943,
    9.487576608080417e-05,
    0.00029591264319606125,
    0.0004050287534482777,
    0.00038994738133624196,
    0.00041820964543148875,
    0.0004158088122494519,
    0.0005151391378603876,
    0.0005606453632935882,
    0.0016221101395785809,
    0.0004411487025208771,
    0.00041130109457299113,
    0.0004072719893883914,
    0.0004061059153173119,
    0.00041684467578306794,
    0.00040417214040644467
  ],
  "pi": [
    0.9900000095367432,
    1.9058493307966273e-06,
    0.001041125738993287,
    0.0009470783988945186,
    2.799505978146044e-07,
    2.682192246084014e-07,
    2.5472417064520414e-07,
    2.3936107140798413e-07,
    2.2181552594702225e-07,
    2.017351050653815e-07,
    1.7867591850517783e-07,
    1.5213467463581765e-07,
    1.21332362823523e-07,
    8.490283676110266e-08,
    6.623480294365436e-05,
    9.844113264989574e-06,
    5.076635716250166e-06,
    4.80361904919846e-06,
    6.936973477422725e-06,
    1.958665598067455e-05,
    0.00014997941616456956,
    0.00018143854686059058,
    8.462298865197226e-06,
    8.817585330689326e-05,
    0.00040252498001791537,
    0.0005347174592316151,
    0.0006303681875579059,
    0.000536491977982223,
    0.00040996159077621996,
    3.999533146270551e-05,
    4.749427716888022e-06,
    1.6689516996848397e-05,
    0.00024792816839180887,
    4.460098716663197e-05,
    1.0216751434199978e-05,
    5.301290912029799e-06,
    4.875050763075706e-06,
    6.623110039072344e-06,
    2.2805486878496595e-05,
    7.065406038009314e-08,
    1.0485560864026411e-07,
    1.380829672825712e-07,
    1.665018771745963e-07,
    1.9113069527065818e-07,
    2.125573956845983e-07,
    2.3125956261083047e-07,
    2.476388942795893e-07,
    2.6204565983789507e-07,
    2.7473780050968344e-07,
    0.0009364013094455004,
    0.0010236785747110844,
    0.0004714283859357238,
    0.0003431923978496343,
    3.537356678862125e-05,
    0.00024397931701969355,
    4.720332071883604e-06,
    2.1954620024189353e-06,
    2.2062943116907263e-06,
    1.7193302483065054e-05,
    0.0004995055496692657,
    0.0003596531169023365,
    0.00013261521235108376,
    0.00040635920595377684,
    6.909695366630331e-05
  ],
  "J": 64
}