{
  "top1_error_pre[%]": 12.529999999999998,
  "top1_error_post[%]": 9.770000000000001,
  "Delta[%]": -2.759999999999996,
  "|W|": 2745264,
  "|W_nonzero|/|W|[%]": 8.669330162782158,
  "CR": 67.06679543311715,
  "acc_pretrain": 0.8747,
  "acc_retrain": 0.9139,
  "acc_quantized": 0.9023
}