{
  "mu": [
    0.0,
    -0.7327450513839722,
    -0.04436018690466881,
    -0.0178107600659132,
    -0.08877377957105637,
    -0.08929350972175598,
    -0.08949214220046997,
    -0.08950607478618622,
    -0.08939527720212936,
    -0.08918464183807373,
    -0.08888057619333267,
    -0.08845226466655731,
    -0.08782362937927246,
    -0.08679164946079254,
    -0.03866143152117729,
    -0.11586285382509232,
    -0.14664793014526367,
    -0.19625672698020935,
    -0.19628265500068665,
    -0.1964738667011261,
    -0.1968422830104828,
    -0.22769305109977722,
    -0.43380606174468994,
    -0.2688029110431671,
    -0.11681157350540161,
    -0.1652166247367859,
    -0.08261694014072418,
    -0.12913690507411957,
    -0.08280058205127716,
    -0.317093163728714,
    -0.5255398750305176,
    -0.37058398127555847,
    -0.1969909369945526,
    -0.1966613382101059,
    -0.19633817672729492,
    -0.19625680148601532,
    -0.19626852869987488,
    -0.14652416110038757,
    -0.08355166018009186,
    -0.08595141023397446,
    -0.08740410208702087,
    -0.08818929642438889,
    -0.08869724720716476,
    -0.08905474841594696,
    -0.08930747210979462,
    -0.08946637809276581,
    -0.08950997143983841,
    -0.08939149975776672,
    -0.08900406956672668,
    0.017560048028826714,
    0.04336610063910484,
    0.07846364378929138,
    0.10100746154785156,
    0.3201982378959656,
    0.17968298494815826,
    0.5103714466094971,
    0.6823310256004333,
    0.9290987849235535,
    0.3945644199848175,
    0.11764959245920181,
    0.07856198400259018,
    0.22245612740516663,
    0.14470382034778595,
    0.26834213733673096
  ],
  "sigma2": [
    1.748260388012568e-06,
    0.0012613077415153384,
    0.00025637084036134183,
    7.50170584069565e-05,
    0.0004015984304714948,
    0.0004015992162749171,
    0.00040159939089789987,
    0.00040159959462471306,
    0.00040159979835152626,
    0.000401599972974509,
    0.00040160035132430494,
    0.0004016009042970836,
    0.0004016017192043364,
    0.000401602650526911,
    0.00016136016347445548,
    0.00040159901254810393,
    0.00040158003685064614,
    0.00040143015212379396,
    0.000401377328671515,
    0.0004010874545201659,
    0.0003995346196461469,
    0.00041122891707345843,
    0.0004357333527877927,
    0.0004219685506541282,
    0.0004042685031890869,
    0.0004156411159783602,
    0.0003782551793847233,
    0.00039874418871477246,
    0.000385243387427181,
    0.00041868514381349087,
    0.0005231171962805092,
    0.00041989111923612654,
    0.00039707773248665035,
    0.00040067610098049045,
    0.0004012925492133945,
    0.00040142075158655643,
    0.00040141676436178386,
    0.00040155439637601376,
    0.0004011827113572508,
    0.0004016028542537242,
    0.0004016020684503019,
    0.00040160131175071,
    0.00040160055505111814,
    0.000401599972974509,
    0.00040159979835152626,
    0.00040159959462471306,
    0.00040159959462471306,
    0.0004015992162749171,
    0.0004015988379251212,
    7.713491504546255e-05,
    0.00025697422097437084,
    0.000383903447072953,
    0.0004054702876601368,
    0.00043071788968518376,
    0.0004065381654072553,
    0.0005329745472408831,
    0.0005828829598613083,
    0.0015903192106634378,
    0.0004889531992375851,
    0.00039921735879033804,
    0.0003881340380758047,
    0.0004153397458139807,
    0.00039327421109192073,
    0.00042469179606996477
  ],
  "pi": [
    0.9900000095367432,
    2.0237873741280055e-06,
    0.0010140760568901896,
    0.0009958472801372409,
    2.9199890150266583e-07,
    2.797663398723671e-07,
    2.656915967236273e-07,
    2.496679769592447e-07,
    2.313651350505097e-07,
    2.1041599040927395e-07,
    1.863649004008039e-07,
    1.5867728109242307e-07,
    1.2654535908040998e-07,
    8.854878075226225e-08,
    6.807914905948564e-05,
    1.025392884912435e-05,
    5.251443326415028e-06,
    4.6587479118898045e-06,
    6.338301773212152e-06,
    1.4552826542058028e-05,
    5.8204474044032395e-05,
    0.00021690965513698757,
    1.0302515875082463e-05,
    0.00012485170736908913,
    0.00038731034146621823,
    0.0005634062108583748,
    0.0006571332341991365,
    0.0005992312799207866,
    0.0004317217681091279,
    5.5396274547092617e-05,
    5.8659752539824694e-06,
    2.2565323888557032e-05,
    0.00012639911437872797,
    2.615388439153321e-05,
    8.744566002860665e-06,
    5.042235443397658e-06,
    4.7949688450898975e-06,
    6.866658168291906e-06,
    2.378592216700781e-05,
    7.368510068772594e-08,
    1.0935826821878436e-07,
    1.4401753389847727e-07,
    1.736636647819978e-07,
    1.993569753722113e-07,
    2.2170631552853592e-07,
    2.4121621322592546e-07,
    2.583017248980468e-07,
    2.7332805530022597e-07,
    2.8656501172008575e-07,
    0.000939356570597738,
    0.0009642725344747305,
    0.00044215336674824357,
    0.0002669909445103258,
    4.4978223741054535e-05,
    0.0003628961567301303,
    4.685689418693073e-06,
    2.2540405097970506e-06,
    2.2120620997156948e-06,
    2.0074301573913544e-05,
    0.00043342122808098793,
    0.0003428274067118764,
    0.00019816016720142215,
    0.00041930124280042946,
    9.657781629357487e-05
  ],
  "J": 64
}