{
  "mu": [
    0.0,
    -0.6638988852500916,
    -0.05177801847457886,
    -0.021277418360114098,
    -0.09487137198448181,
    -0.09454257041215897,
    -0.09418538212776184,
    -0.09377800673246384,
    -0.09330731630325317,
    -0.09275610744953156,
    -0.09208972007036209,
    -0.0912320539355278,
    -0.09001898765563965,
    -0.08806468546390533,
    -0.01760203018784523,
    -0.1209319680929184,
    -0.15327005088329315,
    -0.1663302630186081,
    -0.1691080778837204,
    -0.1725810319185257,
    -0.17383360862731934,
    -0.17449602484703064,
    -0.36760616302490234,
    -0.20212163031101227,
    -0.11045513302087784,
    -0.15612304210662842,
    -0.08813850581645966,
    -0.127275288105011,
    -0.08868013322353363,
    -0.24313198029994965,
    -0.47134706377983093,
    -0.29915469884872437,
    -0.19100543856620789,
    -0.1733817309141159,
    -0.17086641490459442,
    -0.16749674081802368,
    -0.1635492444038391,
    -0.13168588280677795,
    -0.07910533249378204,
    -0.08648033440113068,
    -0.0892217755317688,
    -0.09072142094373703,
    -0.09171757102012634,
    -0.09246288239955902,
    -0.0930638238787651,
    -0.09357202053070068,
    -0.09400995820760727,
    -0.0943930596113205,
    -0.09473831951618195,
    0.02071290835738182,
    0.04730377718806267,
    0.08007527887821198,
    0.08151306957006454,
    0.2813597619533539,
    0.14535094797611237,
    0.4652178883552551,
    0.6372165083885193,
    0.8852772116661072,
    0.3568158447742462,
    0.11183041334152222,
    0.08149363845586777,
    0.1778719127178192,
    0.12492876499891281,
    0.22511473298072815
  ],
  "sigma2": [
    5.3725716497865506e-06,
    0.0013313586823642254,
    0.00028772008954547346,
    7.805912173353136e-05,
    0.0004016034072265029,
    0.00040160302887670696,
    0.00040160302887670696,
    0.0004016028542537242,
    0.0004016022721771151,
    0.0004016018647234887,
    0.0004016018647234887,
    0.0004016028542537242,
    0.0004016036109533161,
    0.00040160477510653436,
    5.17937405675184e-05,
    0.0004024747177027166,
    0.00040172101580537856,
    0.0004015861777588725,
    0.0004015438898932189,
    0.00040142994839698076,
    0.00040116722811944783,
    0.00040042438195087016,
    0.0005151396617293358,
    0.0003948119410779327,
    0.00041007361141964793,
    0.0004119083168916404,
    0.00036740396171808243,
    0.00038702384335920215,
    0.00037949526449665427,
    0.0004582166438922286,
    0.0006054268451407552,
    0.00045983854215592146,
    0.0004021280910819769,
    0.0004013336729258299,
    0.0004015019512735307,
    0.0004015714512206614,
    0.0004016210150439292,
    0.00040152433211915195,
    0.00036025032750330865,
    0.00040160573553293943,
    0.0004016038146801293,
    0.000401602650526911,
    0.0004016018647234887,
    0.0004016020684503019,
    0.0004016020684503019,
    0.0004016024759039283,
    0.00040160323260352015,
    0.00040160302887670696,
    0.00040160323260352015,
    7.112036109901965e-05,
    0.00023747491650283337,
    0.00039878071402199566,
    0.00040093486313708127,
    0.0004571470199152827,
    0.00039404456038028,
    0.0005405046395026147,
    0.0006415199022740126,
    0.0015312588075175881,
    0.0004734764515887946,
    0.0004005763621535152,
    0.0004007834941148758,
    0.0004233383806422353,
    0.0004041467036586255,
    0.0004395518626552075
  ],
  "pi": [
    0.9900000095367432,
    2.8464949082263047e-06,
    0.0012614603620022535,
    0.0008266379591077566,
    3.0471474588011915e-07,
    2.9194814032962313e-07,
    2.7725710083359445e-07,
    2.605331985705561e-07,
    2.4142906340784975e-07,
    2.1956343232432118e-07,
    1.944610374948752e-07,
    1.6556487025809474e-07,
    1.3203357696056628e-07,
    9.238303277925297e-08,
    6.707338616251945e-05,
    1.0681997991923708e-05,
    5.438645985123003e-06,
    4.499419446801767e-06,
    5.755332949775038e-06,
    1.1103407814516686e-05,
    2.8428168661776e-05,
    7.280018326127902e-05,
    2.1892226868658327e-05,
    0.00024601956829428673,
    0.0003641776565928012,
    0.0005020989920012653,
    0.0006676841876469553,
    0.0005901848780922592,
    0.0004436417075339705,
    0.00016712253272999078,
    8.230739695136435e-06,
    6.184493395267054e-05,
    4.492212974582799e-05,
    1.692604746494908e-05,
    7.4763852353498805e-06,
    4.768013695866102e-06,
    4.714031092589721e-06,
    7.144607025111327e-06,
    2.4815106371534057e-05,
    7.687550862556236e-08,
    1.1409848355015129e-07,
    1.5026625987957232e-07,
    1.812048964211499e-07,
    2.080212624377964e-07,
    2.313483093985269e-07,
    2.51710787324555e-07,
    2.695452963052958e-07,
    2.852292197985662e-07,
    2.9904424536653096e-07,
    0.0008406091365031898,
    0.0008962572319433093,
    0.00045735007734037936,
    0.0002916477678809315,
    7.003881182754412e-05,
    0.0003042675380129367,
    5.742032954003662e-06,
    2.8466849926189752e-06,
    2.4709438548597973e-06,
    2.4949191356427036e-05,
    0.00035598097019828856,
    0.00035533987102098763,
    0.00036137065035291016,
    0.00036326624103821814,
    0.00018322643882129341
  ],
  "J": 64
}