{
  "mu": [
    0.0,
    -0.4614598751068115,
    -0.06683354824781418,
    -0.038800422102212906,
    -0.09774244576692581,
    -0.09691982716321945,
    -0.0961364135146141,
    -0.09532654285430908,
    -0.09446585923433304,
    -0.09353362023830414,
    -0.09248662739992142,
    -0.09123416244983673,
    -0.08958704024553299,
    -0.08712095022201538,
    -7.166961040638853e-06,
    -0.11681613326072693,
    -0.14808616042137146,
    -0.154318705201149,
    -0.15323862433433533,
    -0.152109757065773,
    -0.1508696973323822,
    -0.14468906819820404,
    -0.26315930485725403,
    -0.16785161197185516,
    -0.10307417809963226,
    -0.14531289041042328,
    -0.09138939529657364,
    -0.11681413650512695,
    -0.10301409661769867,
    -0.19672878086566925,
    -0.3278530538082123,
    -0.2228056788444519,
    -0.1461079716682434,
    -0.15220384299755096,
    -0.152597114443779,
    -0.1539861559867859,
    -0.15258707106113434,
    -0.13763239979743958,
    -0.07112505286931992,
    -0.08522533625364304,
    -0.08855920284986496,
    -0.09052600711584091,
    -0.0919322595000267,
    -0.09306340664625168,
    -0.09404584765434265,
    -0.09494243562221527,
    -0.09578113257884979,
    -0.09658650308847427,
    -0.09740476310253143,
    0.03867296129465103,
    0.0654321014881134,
    0.07001163065433502,
    0.10093062371015549,
    0.24950675666332245,
    0.10703489929437637,
    0.43239831924438477,
    0.6064155697822571,
    0.8481740951538086,
    0.32701292634010315,
    0.0751194953918457,
    0.10668628662824631,
    0.15494295954704285,
    0.13254296779632568,
    0.19265258312225342
  ],
  "sigma2": [
    3.416670733713545e-05,
    0.003753616940230131,
    0.00024857412790879607,
    0.00010490667773410678,
    0.00040162025834433734,
    0.00040162086952477694,
    0.00040161970537155867,
    0.0004016212187707424,
    0.0004016200837213546,
    0.0004016200837213546,
    0.00040161970537155867,
    0.00040161929791793227,
    0.00040161990909837186,
    0.0004016187449451536,
    2.572229459474329e-05,
    0.0004396824515424669,
    0.0004126636777073145,
    0.0004058703198097646,
    0.0004045026144012809,
    0.000404117425205186,
    0.0004040613130200654,
    0.00040352685027755797,
    0.0004791065293829888,
    0.00040428200736641884,
    0.00040341506246477365,
    0.0004004992078989744,
    0.0003987118834629655,
    0.00040460407035425305,
    0.0004032092692796141,
    0.00041426674579270184,
    0.0005605413462035358,
    0.0003900786687154323,
    0.00040381765575148165,
    0.00040406943298876286,
    0.00040425965562462807,
    0.0004049964773003012,
    0.0004079709469806403,
    0.000426774233346805,
    0.0002795641776174307,
    0.0004016174061689526,
    0.0004016189486719668,
    0.00040161950164474547,
    0.00040161929791793227,
    0.00040161990909837186,
    0.0004016200837213546,
    0.00040162066579796374,
    0.00040162066579796374,
    0.0004016210150439292,
    0.00040162046207115054,
    0.0001037951951730065,
    0.0002719080075621605,
    0.0003232691087760031,
    0.00040394903044216335,
    0.0005127908079884946,
    0.0003952834231313318,
    0.0005592441302724183,
    0.0006116949953138828,
    0.0015005808090791106,
    0.0005225609638728201,
    0.0003677864442579448,
    0.0003931471146643162,
    0.00037931904080323875,
    0.00040924790664575994,
    0.00047706803889013827
  ],
  "pi": [
    0.9900000095367432,
    1.4865393495711032e-05,
    0.0012777256779372692,
    0.0010287652257829905,
    4.0462464312440716e-07,
    3.877075869240798e-07,
    3.682301610297145e-07,
    3.4604494203449576e-07,
    3.2069917210719723e-07,
    2.9167819093345315e-07,
    2.583563798452815e-07,
    2.1998640420406446e-07,
    1.7546005892654648e-07,
    1.2279942041004688e-07,
    0.00011912319314433262,
    1.41482678372995e-05,
    7.143704806367168e-06,
    5.85461793889408e-06,
    7.3502296800143085e-06,
    1.3527536793844774e-05,
    3.162731809425168e-05,
    7.296391413547099e-05,
    9.59912285907194e-05,
    0.0002137643750756979,
    0.00031754071824252605,
    0.0004392294504214078,
    0.0005535987438634038,
    0.0004947775159962475,
    0.0003740102401934564,
    0.0002531296049710363,
    3.403471419005655e-05,
    0.000100911725894548,
    4.761240052175708e-05,
    1.9857046936522238e-05,
    9.385003977513406e-06,
    6.163876150822034e-06,
    6.165746071928879e-06,
    9.422562470717821e-06,
    3.2995030778693035e-05,
    1.0220566792895625e-07,
    1.516402079460022e-07,
    1.996732095221887e-07,
    2.4075674787127355e-07,
    2.7635877586362767e-07,
    3.0731973765796283e-07,
    3.3434056945225166e-07,
    3.579989424906671e-07,
    3.787975231261953e-07,
    3.971119610923779e-07,
    0.0009190873824991286,
    0.0006094181444495916,
    0.00042822930845431983,
    0.00028730707708746195,
    0.00011517185339471325,
    0.0002967508335132152,
    7.086679033818655e-06,
    3.1120678158913506e-06,
    2.7140110887557967e-06,
    3.29181166307535e-05,
    0.0003494511474855244,
    0.0003469704242888838,
    0.0003477449936326593,
    0.00035056803608313203,
    0.00029614262166433036
  ],
  "J": 64
}