{
  "mu": [
    0.0,
    -0.5024129748344421,
    -0.06256188452243805,
    -0.03419962525367737,
    -0.0976693406701088,
    -0.0968850776553154,
    -0.09613125026226044,
    -0.0953463762998581,
    -0.09450674802064896,
    -0.0935925617814064,
    -0.09256161749362946,
    -0.09132460504770279,
    -0.08969607949256897,
    -0.08726484328508377,
    -5.435817456600489e-06,
    -0.116734080016613,
    -0.14917083084583282,
    -0.15773801505565643,
    -0.15810774266719818,
    -0.1615082323551178,
    -0.16888059675693512,
    -0.16857583820819855,
    -0.28741955757141113,
    -0.16881507635116577,
    -0.09491495788097382,
    -0.13871045410633087,
    -0.09469887614250183,
    -0.12394411861896515,
    -0.09486232697963715,
    -0.20296742022037506,
    -0.3577772080898285,
    -0.2401992678642273,
    -0.16478273272514343,
    -0.16606006026268005,
    -0.1589100956916809,
    -0.1579519510269165,
    -0.1551286280155182,
    -0.13753856718540192,
    -0.06957966834306717,
    -0.08540931344032288,
    -0.08868110179901123,
    -0.09062449634075165,
    -0.09201433509588242,
    -0.09313012659549713,
    -0.09409548342227936,
    -0.09497222304344177,
    -0.09578756988048553,
    -0.09656508266925812,
    -0.09734823554754257,
    0.03444501757621765,
    0.06223636120557785,
    0.06869044899940491,
    0.10639630258083344,
    0.26067283749580383,
    0.1060357615351677,
    0.4377557039260864,
    0.6111917495727539,
    0.8549163341522217,
    0.337476909160614,
    0.07451030611991882,
    0.10575111210346222,
    0.16106435656547546,
    0.13646601140499115,
    0.20213942229747772
  ],
  "sigma2": [
    2.299063271493651e-05,
    0.003091035410761833,
    0.0002606809139251709,
    0.00010035624291049317,
    0.00040161318611353636,
    0.00040161318611353636,
    0.00040161318611353636,
    0.00040161318611353636,
    0.0004016128077637404,
    0.00040161318611353636,
    0.0004016137681901455,
    0.0004016151069663465,
    0.0004016160382889211,
    0.0004016162420157343,
    2.9622022339026444e-05,
    0.00042511525680311024,
    0.0004053015436511487,
    0.0004026972164865583,
    0.0004023002984467894,
    0.0004022097564302385,
    0.00040197488851845264,
    0.0004021731438115239,
    0.0004865912487730384,
    0.000395551003748551,
    0.00039993072277866304,
    0.00040452537359669805,
    0.0003978320164605975,
    0.00040285912109538913,
    0.0003995445149485022,
    0.00041782238986343145,
    0.0005451614269986749,
    0.00038482018862850964,
    0.000402360747102648,
    0.00040211889427155256,
    0.0004022450593765825,
    0.00040243248804472387,
    0.0004034254525322467,
    0.0004126534331589937,
    0.00029556569643318653,
    0.0004016166494693607,
    0.0004016164457425475,
    0.00040161548531614244,
    0.00040161414653994143,
    0.0004016135644633323,
    0.00040161298238672316,
    0.00040161298238672316,
    0.00040161318611353636,
    0.00040161318611353636,
    0.00040161318611353636,
    0.00010444926738273352,
    0.00027947701164521277,
    0.0003366296587046236,
    0.00039967181510291994,
    0.0004960180958732963,
    0.0003984380164183676,
    0.0005525716696865857,
    0.0006234087632037699,
    0.001496597076766193,
    0.00047667307080700994,
    0.00037390150828287005,
    0.00039749848656356335,
    0.0003893047396559268,
    0.0004007064562756568,
    0.0004898773040622473
  ],
  "pi": [
    0.9900000095367432,
    1.0142536666535307e-05,
    0.001292807748541236,
    0.0009248515707440674,
    3.470621265933005e-07,
    3.325349382521381e-07,
    3.1581177495354495e-07,
    2.967730665659474e-07,
    2.750220460256969e-07,
    2.501216158634634e-07,
    2.2153651002554398e-07,
    1.8862603212710383e-07,
    1.5043269740999676e-07,
    1.052722424788044e-07,
    8.439316297881305e-05,
    1.215184875036357e-05,
    6.165173545014113e-06,
    5.076656179880956e-06,
    6.435685008909786e-06,
    1.213117502629757e-05,
    2.967843465739861e-05,
    7.193716737674549e-05,
    6.500496965600178e-05,
    0.0002256814477732405,
    0.0003362090210430324,
    0.00046764116268604994,
    0.0005924386205151677,
    0.0005274104769341648,
    0.00039763058885000646,
    0.0002604552428238094,
    2.2365478798747063e-05,
    0.00010717681288952008,
    4.5728440454695374e-05,
    1.8149248717236333e-05,
    8.290073310490698e-06,
    5.363012860470917e-06,
    5.332244654709939e-06,
    8.11131303635193e-06,
    2.829092954925727e-05,
    8.760956404785247e-08,
    1.3000502008253534e-07,
    1.712007531295967e-07,
    2.064390116629511e-07,
    2.3697867845839937e-07,
    2.6354317128607363e-07,
    2.867283797058917e-07,
    3.070316836328857e-07,
    3.2488691203980125e-07,
    3.4060943221447815e-07,
    0.0008776914328336716,
    0.0006594255683012307,
    0.0004459753108676523,
    0.00029379880288615823,
    9.647035039961338e-05,
    0.00030411299667321146,
    6.912239769008011e-06,
    3.101383526882273e-06,
    2.6518241611483973e-06,
    2.8159811336081475e-05,
    0.0003597944451030344,
    0.00035658228443935513,
    0.0003585316881071776,
    0.0003602147626224905,
    0.000264688249444589
  ],
  "J": 64
}