{
  "top1_error_pre[%]": 2.0499999999999963,
  "top1_error_post[%]": 11.019999999999996,
  "Delta[%]": 8.97,
  "|W|": 266200,
  "|W_nonzero|/|W|[%]": 4.624342599549212,
  "CR": 50.88194008900039,
  "acc_pretrain": 0.9795,
  "acc_retrain": 0.9834,
  "acc_quantized": 0.8898
}