{
  "top1_error_pre[%]": 0.9299999999999975,
  "top1_error_post[%]": 2.180000000000004,
  "Delta[%]": 1.2500000000000067,
  "|W|": 430500,
  "|W_nonzero|/|W|[%]": 5.587224157955865,
  "CR": 33.87013497897868,
  "acc_pretrain": 0.9907,
  "acc_retrain": 0.9933,
  "acc_quantized": 0.9782
}