{
  "mu": [
    0.0,
    -0.7492457628250122,
    -0.6074439883232117,
    -0.47436660528182983,
    -0.47360339760780334,
    -0.3309573233127594,
    -0.47436460852622986,
    -0.1520131230354309,
    0.15071041882038116,
    0.1643829494714737,
    0.1526198834180832,
    0.1834745854139328,
    0.2883354723453522,
    0.39524346590042114,
    0.11424285918474197,
    0.5343785881996155,
    0.6879060864448547
  ],
  "sigma2": [
    0.00035788086825050414,
    0.0012674349127337337,
    0.0012871886137872934,
    0.0012956303544342518,
    0.001163459732197225,
    0.0006926915957592428,
    0.0012957717990502715,
    0.0021279333159327507,
    0.0012965190690010786,
    0.0012965233763679862,
    0.0012965209316462278,
    0.0011629699729382992,
    0.0012341911206021905,
    0.0012540811439976096,
    0.0007238084799610078,
    0.001274258946068585,
    0.0012847002362832427
  ],
  "pi": [
    0.9990000128746033,
    2.03788931685267e-06,
    9.602586032997351e-06,
    2.2235948904381075e-07,
    3.651228325907141e-05,
    0.0001615976361790672,
    1.857454208220588e-07,
    0.0002542369475122541,
    6.1574056964275314e-09,
    6.838674959652735e-09,
    6.307585564968576e-09,
    0.00018961128080263734,
    0.0001141556422226131,
    2.597808270365931e-05,
    0.00019864407659042627,
    6.732331712555606e-06,
    4.6392938202188816e-07
  ],
  "J": 17
}