{
  "top1_error_pre[%]": 2.0499999999999963,
  "top1_error_post[%]": 4.449999999999998,
  "Delta[%]": 2.400000000000002,
  "|W|": 266200,
  "|W_nonzero|/|W|[%]": 5.195717505634861,
  "CR": 66.57080337605501,
  "acc_pretrain": 0.9795,
  "acc_retrain": 0.9817,
  "acc_quantized": 0.9555
}