{
  "mu": [
    0.0,
    -0.9733564257621765,
    -0.8231586217880249,
    -0.6921570301055908,
    -0.5629088282585144,
    -0.15916100144386292,
    -0.41998475790023804,
    -0.292758971452713,
    -0.00864317361265421,
    -0.009132259525358677,
    -0.008669104427099228,
    0.24233795702457428,
    0.36388951539993286,
    0.46467721462249756,
    0.14368936419487,
    0.6002213358879089,
    0.7331079840660095
  ],
  "sigma2": [
    0.0005771780270151794,
    0.0007827911758795381,
    0.0007798851002007723,
    0.0007857559830881655,
    0.0007650031475350261,
    0.0012496281415224075,
    0.0006780568510293961,
    0.0010376921854913235,
    0.0007867607637308538,
    0.0007867604144848883,
    0.0007867600070312619,
    0.001067992765456438,
    0.0008096612873487175,
    0.0007930913707241416,
    0.000773160601966083,
    0.0007645933073945343,
    0.0007826437358744442
  ],
  "pi": [
    0.9990000128746033,
    9.672461374066188e-07,
    4.843731858272804e-06,
    1.1376019756426103e-05,
    3.974174978793599e-05,
    0.00021448465122375637,
    0.0001230819325428456,
    0.00010477859905222431,
    1.0439450415233864e-09,
    1.0555358809227755e-09,
    1.0451524090626663e-09,
    0.00016354963008780032,
    7.08281368133612e-05,
    2.4168035452021286e-05,
    0.0002358174679102376,
    6.042460881872103e-06,
    3.172600315792806e-07
  ],
  "J": 17
}