{
  "top1_error_pre[%]": 2.0499999999999963,
  "top1_error_post[%]": 2.829999999999999,
  "Delta[%]": 0.7800000000000029,
  "|W|": 266200,
  "|W_nonzero|/|W|[%]": 5.992862509391435,
  "CR": 59.03093469342499,
  "acc_pretrain": 0.9795,
  "acc_retrain": 0.9829,
  "acc_quantized": 0.9717
}