{
  "top1_error_pre[%]": 2.0499999999999963,
  "top1_error_post[%]": 1.8199999999999994,
  "Delta[%]": -0.22999999999999687,
  "|W|": 266200,
  "|W_nonzero|/|W|[%]": 7.455672426746807,
  "CR": 52.7925828602593,
  "acc_pretrain": 0.9795,
  "acc_retrain": 0.9832,
  "acc_quantized": 0.9818
}