{
  "mu": [
    0.0,
    -0.9815446138381958,
    -0.8177624940872192,
    -0.7014625668525696,
    -0.5747631788253784,
    -0.15321466326713562,
    -0.4310551881790161,
    -0.28832775354385376,
    -0.11835787445306778,
    -0.11967970430850983,
    -0.11842924356460571,
    0.23585261404514313,
    0.3494768738746643,
    0.45277896523475647,
    0.137445330619812,
    0.5925903916358948,
    0.7289551496505737
  ],
  "sigma2": [
    0.0004889898118562996,
    0.0009035818511620164,
    0.0008972001960501075,
    0.0008924899739213288,
    0.000898082391358912,
    0.0013927133986726403,
    0.0006923534674569964,
    0.0012952701654285192,
    0.0009137492161244154,
    0.0009137527667917311,
    0.0009137492161244154,
    0.0010616014478728175,
    0.0009285070118494332,
    0.0009059270960278809,
    0.0008273290004581213,
    0.0009019516874104738,
    0.0009130658581852913
  ],
  "pi": [
    0.9990000128746033,
    9.113122132475837e-07,
    4.3451077544887085e-06,
    1.1091405212937389e-05,
    3.191148061887361e-05,
    0.00021698181808460504,
    0.00012056486593792215,
    0.00010879170440603048,
    9.986677040885183e-10,
    1.0196939959072893e-09,
    1.0002660921770712e-09,
    0.00015611472190357745,
    7.280465797521174e-05,
    3.0393341148737818e-05,
    0.00023989843612071127,
    5.787921054434264e-06,
    4.0019023117565666e-07
  ],
  "J": 17
}