{
  "mu": [
    0.0,
    -0.46907156705856323,
    -0.2036193609237671,
    -0.0798531249165535,
    -0.061700478196144104,
    0.16945239901542664,
    0.17239859700202942,
    0.1724107414484024,
    0.22423817217350006,
    0.22424614429473877,
    0.17241817712783813,
    0.17237341403961182,
    0.1694629043340683,
    0.11349758505821228,
    0.06370214372873306,
    0.2738872170448303,
    0.3767067492008209
  ],
  "sigma2": [
    3.7296202208381146e-05,
    0.0007282248698174953,
    0.0035614329390227795,
    0.0007108974386937916,
    0.0005412388709373772,
    0.0005415055202320218,
    0.0005405675037764013,
    0.0005405455594882369,
    0.000537887797690928,
    0.0005379041540436447,
    0.0005405317060649395,
    0.0005406133714132011,
    0.0005415047635324299,
    0.0005257311277091503,
    0.0003782434796448797,
    0.0005745554226450622,
    0.0007239175611175597
  ],
  "pi": [
    0.9990000128746033,
    4.596500730258413e-06,
    0.00025796136469580233,
    0.00022547846310772002,
    9.026665281908208e-08,
    1.3004057564103277e-07,
    1.4072988051339053e-05,
    1.439959760318743e-05,
    1.673391852818895e-05,
    1.663671173446346e-05,
    1.461380179534899e-05,
    1.3388954357651528e-05,
    1.3407947108134977e-07,
    0.0001583827834110707,
    0.00024810247123241425,
    9.875207069853786e-06,
    5.402900569606572e-06
  ],
  "J": 17
}