{
  "top1_error_pre[%]": 95.75,
  "top1_error_post[%]": 0.990000000000002,
  "Delta[%]": -94.76,
  "|W|": 430500,
  "|W_nonzero|/|W|[%]": 4.590011614401858,
  "CR": 50.479104450266576,
  "acc_pretrain": 0.0425,
  "acc_retrain": 0.9914,
  "acc_quantized": 0.9901
}