{
  "mu": [
    0.0,
    -0.817636251449585,
    -0.6659873723983765,
    -0.57351154088974,
    -0.49939781427383423,
    -0.3274092972278595,
    -0.4125833809375763,
    -0.2464771866798401,
    -0.14077134430408478,
    -0.19394682347774506,
    -0.09128128737211227,
    0.12102170288562775,
    0.22939281165599823,
    0.33185717463493347,
    0.4536411166191101,
    0.5573715567588806,
    0.6558055281639099
  ],
  "sigma2": [
    2.569870775914751e-05,
    0.0003536384319886565,
    0.0003237253986299038,
    0.00029928114963695407,
    0.000265922280959785,
    0.0001857088354881853,
    0.00024396419757977128,
    0.00026518001686781645,
    0.00028887923690490425,
    0.00029138632817193866,
    0.0003015219990629703,
    0.0009289272711612284,
    0.0004193389031570405,
    0.00034396510454826057,
    0.0002845237613655627,
    0.00030559487640857697,
    0.0003154588339384645
  ],
  "pi": [
    0.9990000128746033,
    1.978961108761723e-06,
    5.5507325669168495e-06,
    1.1729249308700673e-05,
    2.1577518054982647e-05,
    9.952140680979937e-05,
    3.442207889747806e-05,
    5.2312654588604346e-05,
    8.164747850969434e-05,
    4.593735502567142e-05,
    0.00010447378008393571,
    0.00028131663566455245,
    0.00015910864749457687,
    7.400120375677943e-05,
    1.9187240468454547e-05,
    6.252932053030236e-06,
    9.821541198107298e-07
  ],
  "J": 17
}