{
  "mu": [
    0.0,
    -0.8105875849723816,
    -0.6569119691848755,
    -0.5658273696899414,
    -0.5103864073753357,
    -0.3529093563556671,
    -0.4303978681564331,
    -0.24758876860141754,
    -0.12421907484531403,
    -0.07043933123350143,
    -0.17759987711906433,
    0.10918717086315155,
    0.23234263062477112,
    0.3387342393398285,
    0.45156827569007874,
    0.558549702167511,
    0.6565037369728088
  ],
  "sigma2": [
    1.5635350791853853e-05,
    0.00048423840780742466,
    0.00039236166048794985,
    0.0003640436625573784,
    0.00036596637801267207,
    0.00019766396144405007,
    0.0002722538774833083,
    0.00037261805846355855,
    0.0003158450417686254,
    0.0002548630873207003,
    0.00033616158179938793,
    0.0013070710701867938,
    0.0004301302833482623,
    0.0003740090469364077,
    0.000324048480251804,
    0.00036540470318868756,
    0.0003919229784514755
  ],
  "pi": [
    0.9990000128746033,
    2.046785539278062e-06,
    4.778327365784207e-06,
    8.139241799653973e-06,
    8.57017766975332e-06,
    8.464838902000338e-05,
    2.833514918165747e-05,
    5.670396058121696e-05,
    9.28915906115435e-05,
    0.00012345703726168722,
    5.333597437129356e-05,
    0.0003360892878845334,
    0.00012216575851198286,
    5.6821565522113815e-05,
    1.5915669791866094e-05,
    5.267239430395421e-06,
    8.338975590049813e-07
  ],
  "J": 17
}