{
  "mu": [
    0.0,
    -0.899613082408905,
    -0.7241528630256653,
    -0.5927656888961792,
    -0.5924172401428223,
    -0.38011693954467773,
    -0.47443029284477234,
    -0.2761331796646118,
    -0.14844250679016113,
    -0.07644587755203247,
    -0.19828228652477264,
    0.11743175983428955,
    0.2515736520290375,
    0.35965433716773987,
    0.4839898645877838,
    0.5900168418884277,
    0.7100991606712341
  ],
  "sigma2": [
    1.5641986465197988e-05,
    0.00038724555633962154,
    0.00035325181670486927,
    0.0002937983372248709,
    0.00040129292756319046,
    0.00010337682761019096,
    0.00021380744874477386,
    0.00014825949619989842,
    0.00012319860979914665,
    8.303773211082444e-05,
    0.00018088310025632381,
    0.0006254373001866043,
    8.461463585263118e-05,
    0.0001470936695113778,
    0.0002655874995980412,
    0.0003472173702903092,
    0.00039207309600897133
  ],
  "pi": [
    0.9990000128746033,
    1.932464101628284e-06,
    4.422940037329681e-06,
    1.559720294608269e-05,
    2.596110348918046e-08,
    7.998797082109377e-05,
    2.6887119020102546e-05,
    5.303763464326039e-05,
    8.881565008778125e-05,
    0.00015416670066770166,
    4.8941154091153294e-05,
    0.00033436002559028566,
    0.00011695118882926181,
    5.408393917605281e-05,
    1.5032367628009524e-05,
    4.970844202034641e-06,
    7.868461011639738e-07
  ],
  "J": 17
}