{
  "mu": [
    0.0,
    -0.7584639191627502,
    -0.6232169270515442,
    -0.5370999574661255,
    -0.48157426714897156,
    -0.3425534665584564,
    -0.4243895411491394,
    -0.11471433937549591,
    -0.0566851869225502,
    -0.056710660457611084,
    -0.05668764188885689,
    0.09773104637861252,
    0.21999602019786835,
    0.31974533200263977,
    0.4206988215446472,
    0.5354383587837219,
    0.629116415977478
  ],
  "sigma2": [
    3.796085366047919e-05,
    0.00045355682959780097,
    0.0004461049975361675,
    0.00040718691889196634,
    0.0004003329377155751,
    0.0003258436918258667,
    0.0003865939215756953,
    0.0053980532102286816,
    0.0004014776204712689,
    0.0004014626902062446,
    0.00040147569961845875,
    0.0016339838039129972,
    0.00034110044362023473,
    0.00038291490636765957,
    0.00038953032344579697,
    0.0004025808593723923,
    0.00039926209137775004
  ],
  "pi": [
    0.9990000128746033,
    1.8456498764862772e-06,
    4.9967770792136434e-06,
    8.340647582372185e-06,
    6.02629006607458e-06,
    8.37458937894553e-05,
    2.643165316840168e-05,
    0.0003422968729864806,
    6.857267198512318e-09,
    8.81020589815762e-09,
    7.0509749150460266e-09,
    0.00033481509308330715,
    0.00011227047798456624,
    5.625424819299951e-05,
    1.6877738744369708e-05,
    5.391431841417216e-06,
    6.845313009762322e-07
  ],
  "J": 17
}