{
  "mu": [
    0.0,
    -0.9134794473648071,
    -0.7374469637870789,
    -0.6027131080627441,
    -0.6024606823921204,
    -0.3886955976486206,
    -0.48286640644073486,
    -0.28264114260673523,
    -0.15385667979717255,
    -0.07808591425418854,
    -0.20429418981075287,
    0.11855726689100266,
    0.25499671697616577,
    0.3639790117740631,
    0.48825138807296753,
    0.5955629944801331,
    0.7144275903701782
  ],
  "sigma2": [
    3.923244366887957e-05,
    0.0003866160404868424,
    0.00037522302591241896,
    0.00033367329160682857,
    0.0004015063459519297,
    0.00023935183708090335,
    0.0003024908946827054,
    0.00025928724789991975,
    0.0002389185392530635,
    0.0002464492863509804,
    0.0002815191401168704,
    0.0004860155167989433,
    0.00019173804321326315,
    0.0002462399424985051,
    0.0003148367104586214,
    0.0003595069283619523,
    0.0003952402912545949
  ],
  "pi": [
    0.9990000128746033,
    1.912071184051456e-06,
    4.376229298941325e-06,
    1.545022678328678e-05,
    7.0058336909539776e-09,
    7.906893733888865e-05,
    2.659885649336502e-05,
    5.253049312159419e-05,
    8.832559979055077e-05,
    0.000160456242156215,
    4.828011151403189e-05,
    0.0003331842308398336,
    0.0001157209335360676,
    5.3512758313445374e-05,
    1.487909412389854e-05,
    4.918690137856174e-06,
    7.784964850543474e-07
  ],
  "J": 17
}