{
  "mu": [
    0.0,
    -0.10373590886592865,
    -0.5030674934387207,
    -0.20798525214195251,
    -0.20721353590488434,
    -0.20429708063602448,
    -0.2080163061618805,
    -0.20801754295825958,
    -0.3369167745113373,
    -0.20516672730445862,
    -0.20801742374897003,
    -0.2080179899930954,
    0.2730075716972351,
    0.2734901010990143,
    0.1705462634563446,
    0.087469182908535,
    0.4147445261478424
  ],
  "sigma2": [
    2.025368667091243e-05,
    0.0013441008049994707,
    0.0029323177877813578,
    0.0028641163371503353,
    0.002864619018509984,
    0.002864758251234889,
    0.0028638718649744987,
    0.0028638525400310755,
    0.0028504235669970512,
    0.002608607057482004,
    0.002863851375877857,
    0.0028638336807489395,
    0.0028647540602833033,
    0.00282915192656219,
    0.002510888036340475,
    0.0010081790387630463,
    0.002868383191525936
  ],
  "pi": [
    0.9990000128746033,
    0.0002505843585822731,
    3.999859018222196e-06,
    5.199541419642628e-07,
    1.3406284438133298e-07,
    2.76007714461457e-08,
    7.070513561302505e-07,
    7.20182242730516e-07,
    3.828938861261122e-05,
    0.00018214464944321662,
    7.222557201203017e-07,
    7.377167321465095e-07,
    2.8683599495593626e-08,
    2.398817741777748e-05,
    0.0001484935637563467,
    0.0003441307053435594,
    4.771832209371496e-06
  ],
  "J": 17
}