{
  "top1_error_pre[%]": 89.83,
  "top1_error_post[%]": 0.7900000000000018,
  "Delta[%]": -89.03999999999999,
  "|W|": 430500,
  "|W_nonzero|/|W|[%]": 4.518931475029036,
  "CR": 51.75717409436216,
  "acc_pretrain": 0.1017,
  "acc_retrain": 0.9918,
  "acc_quantized": 0.9921
}