{
  "top1_error_pre[%]": 2.0499999999999963,
  "top1_error_post[%]": 3.190000000000004,
  "Delta[%]": 1.1400000000000077,
  "|W|": 266200,
  "|W_nonzero|/|W|[%]": 5.496994740796394,
  "CR": 64.74965604785686,
  "acc_pretrain": 0.9795,
  "acc_retrain": 0.9818,
  "acc_quantized": 0.9681
}