{
  "top1_error_pre[%]": 2.0499999999999963,
  "top1_error_post[%]": 1.7900000000000027,
  "Delta[%]": -0.25999999999999357,
  "|W|": 266200,
  "|W_nonzero|/|W|[%]": 8.429376408715251,
  "CR": 46.04291659910275,
  "acc_pretrain": 0.9795,
  "acc_retrain": 0.9826,
  "acc_quantized": 0.9821
}