{
  "mu": [
    0.0,
    -0.25970742106437683,
    -0.2597120404243469,
    -0.2597140967845917,
    -0.25971558690071106,
    -0.2597140371799469,
    -0.259714275598526,
    -0.25971701741218567,
    -0.2597139775753021,
    -0.2597118318080902,
    -0.25971704721450806,
    -0.25971248745918274,
    0.23341701924800873,
    0.23341220617294312,
    0.2334109991788864,
    0.23344454169273376,
    0.23343276977539062
  ],
  "sigma2": [
    0.002110902452841401,
    0.016232894733548164,
    0.0162101611495018,
    0.01620236225426197,
    0.016181407496333122,
    0.016060346737504005,
    0.016091354191303253,
    0.016172083094716072,
    0.016102151945233345,
    0.016009263694286346,
    0.016211722046136856,
    0.01621205359697342,
    0.01615115813910961,
    0.016153007745742798,
    0.016160333529114723,
    0.01612996496260166,
    0.016144592314958572
  ],
  "pi": [
    0.9949650764465332,
    0.00015005575551185757,
    0.00018129407544620335,
    0.00019798518042080104,
    0.00024203948851209134,
    0.0004677014658227563,
    0.00047741105663590133,
    0.00041664225864224136,
    0.0004611866606865078,
    0.0005700175534002483,
    0.00021843286231160164,
    0.00019680378318298608,
    0.00028096436290070415,
    0.0003094765997957438,
    0.00027666662936098874,
    0.0003042567986994982,
    0.00028397186542861164
  ],
  "J": 17
}