{
  "mu": [
    0.0,
    -0.5567769408226013,
    -0.20090487599372864,
    -0.38129302859306335,
    -0.07267788797616959,
    0.11574793606996536,
    0.11562947183847427,
    0.16888214647769928,
    0.1146329790353775,
    0.38238802552223206,
    0.3015540540218353,
    0.1155623272061348,
    0.11587315797805786,
    0.11659756302833557,
    0.2290901094675064,
    0.06166957691311836,
    0.48847851157188416
  ],
  "sigma2": [
    1.485593293182319e-05,
    0.0009919103467836976,
    0.002436902839690447,
    0.0009587441454641521,
    0.000718135095667094,
    0.0008056667866185308,
    0.0008054093923419714,
    0.0008000162779353559,
    0.0007865896914154291,
    0.0008077644160948694,
    0.0008029445889405906,
    0.0008053529891185462,
    0.0008056656806729734,
    0.000805651827249676,
    0.0008002662216313183,
    0.00045048451283946633,
    0.0008061364060267806
  ],
  "pi": [
    0.9990000128746033,
    1.2978807717445306e-06,
    0.00019636019715107977,
    1.2203821825096384e-05,
    0.0002610177907627076,
    3.2192748022907836e-08,
    1.595720505065401e-06,
    5.5375225201714784e-05,
    0.00013336754636839032,
    2.839187118297559e-06,
    8.928698662202805e-06,
    1.9302549389976775e-06,
    3.7985650180871744e-08,
    1.293681037850547e-07,
    2.7038835469284095e-05,
    0.00029754239949397743,
    3.0290104291452735e-07
  ],
  "J": 17
}