{
  "top1_error_pre[%]": 92.94,
  "top1_error_post[%]": 0.8199999999999985,
  "Delta[%]": -92.12,
  "|W|": 430500,
  "|W_nonzero|/|W|[%]": 5.508943089430894,
  "CR": 46.980506636474004,
  "acc_pretrain": 0.0706,
  "acc_retrain": 0.9915,
  "acc_quantized": 0.9918
}