{
  "mu": [
    0.0,
    -0.8863552808761597,
    -0.7465301156044006,
    -0.6299050450325012,
    -0.5367915630340576,
    -0.3660551607608795,
    -0.45348477363586426,
    -0.25855547189712524,
    -0.18683119118213654,
    -0.06640901416540146,
    -0.12213566899299622,
    0.2646580636501312,
    0.37275248765945435,
    0.48551392555236816,
    0.11864091455936432,
    0.5914527177810669,
    0.6988620162010193
  ],
  "sigma2": [
    1.5727757272543386e-05,
    0.00040512686246074736,
    0.00038900799700058997,
    0.0003300300450064242,
    0.00029049403383396566,
    0.00011754538718378171,
    0.0002210490929428488,
    0.00024978083092719316,
    0.00022239539248403162,
    0.0001708117051748559,
    0.0002000807726290077,
    0.00018383518909104168,
    0.00019230609177611768,
    0.00029068661388009787,
    0.0016516048926860094,
    0.00035780202597379684,
    0.0003918538277503103
  ],
  "pi": [
    0.9990000128746033,
    1.2030452580802375e-06,
    3.1483239126828266e-06,
    7.840251782909036e-06,
    1.2493121175793931e-05,
    7.519639621023089e-05,
    2.7016734748031013e-05,
    4.7487166739301756e-05,
    6.393802323145792e-05,
    0.00013151387975085527,
    0.00010397067671874538,
    9.671090811025351e-05,
    4.2152765672653913e-05,
    1.2667812370636966e-05,
    0.0003696851199492812,
    4.186731075606076e-06,
    7.890994311310351e-07
  ],
  "J": 17
}