{
  "mu": [
    0.0,
    -0.7810248732566833,
    -0.6827399730682373,
    -0.587867259979248,
    -0.5050073862075806,
    -0.346969336271286,
    -0.43156111240386963,
    -0.12592676281929016,
    -0.06400618702173233,
    -0.06400614976882935,
    -0.06400617957115173,
    0.24213308095932007,
    0.34558331966400146,
    0.43924784660339355,
    0.10956118255853653,
    0.5545810461044312,
    0.6517295837402344
  ],
  "sigma2": [
    8.324308873852715e-05,
    0.0004219302791170776,
    0.00042900003609247506,
    0.000423321413109079,
    0.0004052319854963571,
    0.00037847456405870616,
    0.00041123267146758735,
    0.0049609472043812275,
    0.0004014929581899196,
    0.0004014929581899196,
    0.0004014929581899196,
    0.0004969575093127787,
    0.00041103523108176887,
    0.00039742287481203675,
    0.001853035413660109,
    0.00040582811925560236,
    0.00039865580038167536
  ],
  "pi": [
    0.9990000128746033,
    1.3492568768924684e-06,
    3.1674651381763397e-06,
    8.096585588646121e-06,
    1.271644578082487e-05,
    8.018816879484802e-05,
    2.9507298677344806e-05,
    0.0003342944837640971,
    9.816982782240302e-10,
    9.91855042542511e-10,
    9.830305458535804e-10,
    0.00010231221676804125,
    4.601862747222185e-05,
    1.3885112821299117e-05,
    0.0003628427512012422,
    4.873562374996254e-06,
    7.451851047335367e-07
  ],
  "J": 17
}