{
  "mu": [
    0.0,
    -0.7048248648643494,
    -0.5873082280158997,
    -0.5132742524147034,
    -0.4385940432548523,
    -0.2926182746887207,
    -0.3671873211860657,
    -0.22186365723609924,
    -0.0005007853615097702,
    -0.0004553133621811867,
    -0.0004993985057808459,
    0.2340698540210724,
    0.2893921434879303,
    0.3694053888320923,
    0.235061913728714,
    0.4775658845901489,
    0.5865340828895569
  ],
  "sigma2": [
    0.0029456703923642635,
    0.0003961484180763364,
    0.0003780829720199108,
    0.00035804626531898975,
    0.0003231485898140818,
    0.00020602744189091027,
    0.0002616455312818289,
    0.0003495682612992823,
    0.00040158521733246744,
    0.0004015825397800654,
    0.00040158486808650196,
    0.0004015771846752614,
    0.00032300440943799913,
    0.00033023813739418983,
    0.0003587844257708639,
    0.0003651475999504328,
    0.0003997610183432698
  ],
  "pi": [
    0.9990000128746033,
    4.3775144149549305e-06,
    1.3736213077208959e-05,
    2.8308615583227947e-05,
    5.4044376156525686e-05,
    0.0003156826423946768,
    0.00012520328164100647,
    6.0787548136431724e-05,
    8.446895805036547e-08,
    9.494755204286776e-08,
    8.57918678320857e-08,
    7.38844647685255e-08,
    0.0001642859569983557,
    5.7111523346975446e-05,
    0.00015313846233766526,
    1.965343653864693e-05,
    3.3313299354631454e-06
  ],
  "J": 17
}