{
  "mu": [
    0.0,
    -0.7401493787765503,
    -0.642008900642395,
    -0.5586297512054443,
    -0.48278874158859253,
    -0.32307493686676025,
    -0.403565913438797,
    -0.20922289788722992,
    -0.0007487615221180022,
    -0.0007566764252260327,
    -0.0007494902820326388,
    0.22319838404655457,
    0.3180913031101227,
    0.4083234965801239,
    0.15157395601272583,
    0.5248459577560425,
    0.6335117220878601
  ],
  "sigma2": [
    0.0009023905149661005,
    0.00040269450983032584,
    0.0004040615167468786,
    0.00039356312481686473,
    0.0003859150456264615,
    0.00026126252487301826,
    0.0003501528117340058,
    0.0007376582361757755,
    0.00040160457137972116,
    0.00040160457137972116,
    0.00040160457137972116,
    0.00038750693784095347,
    0.00027475369279272854,
    0.0003467420465312898,
    0.00037050683749839664,
    0.0003821693826466799,
    0.0004002409114036709
  ],
  "pi": [
    0.9990000128746033,
    2.717802317420137e-06,
    5.936307388765272e-06,
    1.515887925052084e-05,
    2.711479100980796e-05,
    0.00016320706345140934,
    6.537588342325762e-05,
    0.00018306994752492756,
    2.5361166500204035e-09,
    2.5772632916698512e-09,
    2.5414987891991814e-09,
    0.00020524424326140434,
    9.544390923110768e-05,
    2.918975951615721e-05,
    0.00019587631686590612,
    1.0160660167457536e-05,
    1.4967998822612572e-06
  ],
  "J": 17
}