{
  "mu": [
    0.0,
    -0.7897359132766724,
    -0.6877453327178955,
    -0.5889240503311157,
    -0.5049260258674622,
    -0.34780189394950867,
    -0.4317532181739807,
    -0.11301808059215546,
    -0.05759676173329353,
    -0.057596705853939056,
    -0.057596754282712936,
    0.24528852105140686,
    0.34787696599960327,
    0.44353732466697693,
    0.10663822293281555,
    0.5574265122413635,
    0.6522415280342102
  ],
  "sigma2": [
    3.0366280043381266e-05,
    0.0004225689626764506,
    0.0004221536801196635,
    0.00042029377073049545,
    0.0003945119970012456,
    0.0003289233718533069,
    0.00038583113928325474,
    0.00611861003562808,
    0.000401521276216954,
    0.000401521276216954,
    0.0004015210724901408,
    0.0004430261324159801,
    0.00040279034874401987,
    0.00037785444874316454,
    0.0022379355505108833,
    0.0003986613010056317,
    0.000399487791582942
  ],
  "pi": [
    0.9990000128746033,
    1.2399862043821486e-06,
    2.956950083898846e-06,
    7.820543942216318e-06,
    1.2137168596382253e-05,
    7.399665628327057e-05,
    2.736566966632381e-05,
    0.0003546099178493023,
    1.1323009196928524e-09,
    1.1459649895684265e-09,
    1.1340753891531108e-09,
    9.204949310515076e-05,
    4.344878107076511e-05,
    1.2816092748835217e-05,
    0.0003663311363197863,
    4.5096862777427305e-06,
    7.14513078037271e-07
  ],
  "J": 17
}