{
  "mu": [
    0.0,
    -0.6960914731025696,
    -0.5766233801841736,
    -0.500730037689209,
    -0.4252760708332062,
    -0.2871425151824951,
    -0.35551631450653076,
    -0.2574903666973114,
    -0.0003007170162163675,
    -0.00024981980095617473,
    -0.00028413828113116324,
    0.14443086087703705,
    0.3037204444408417,
    0.3603631258010864,
    0.27720803022384644,
    0.46522876620292664,
    0.5748522281646729
  ],
  "sigma2": [
    0.0037796744145452976,
    0.0004005210066679865,
    0.00038424006197601557,
    0.00036373967304825783,
    0.000343625113600865,
    0.0003111265832558274,
    0.0003123270289506763,
    0.00040158964111469686,
    0.00040155515307560563,
    0.00040154941962100565,
    0.00040155439637601376,
    0.00040162313962355256,
    0.00039756277692504227,
    0.0003984433424193412,
    0.00045250478433445096,
    0.0003950550453737378,
    0.00041238489211536944
  ],
  "pi": [
    0.9990000128746033,
    5.600658369075973e-06,
    1.6838668670970947e-05,
    3.858366108033806e-05,
    6.974331336095929e-05,
    0.0003732787736225873,
    0.00015907257329672575,
    1.7057560341982025e-07,
    1.678702261642684e-07,
    1.904877535707783e-07,
    1.707633572323175e-07,
    7.818496072786729e-08,
    2.668275192263536e-05,
    7.335522241191939e-05,
    0.00020638943533413112,
    2.5422248654649593e-05,
    4.254896794009255e-06
  ],
  "J": 17
}