{
  "mu": [
    0.0,
    -0.7389692068099976,
    -0.6426284313201904,
    -0.558830201625824,
    -0.48257267475128174,
    -0.3239605724811554,
    -0.40371835231781006,
    -0.2004719078540802,
    -0.0005317851318977773,
    -0.0005300258053466678,
    -0.0005316153983585536,
    0.2250581979751587,
    0.32052016258239746,
    0.4106486439704895,
    0.14825692772865295,
    0.5272406935691833,
    0.6353511214256287
  ],
  "sigma2": [
    0.0007762566092424095,
    0.00040053113480098546,
    0.0003967130614910275,
    0.0003799602563958615,
    0.00036813472979702055,
    0.00020808402041438967,
    0.0003168937982991338,
    0.0011855597840622067,
    0.00040160436765290797,
    0.00040160457137972116,
    0.00040160436765290797,
    0.00035021943040192127,
    0.0002429342712275684,
    0.00033291999716311693,
    0.0004119375953450799,
    0.0003721140092238784,
    0.0003968256351072341
  ],
  "pi": [
    0.9990000128746033,
    2.67205018644745e-06,
    5.564266757573932e-06,
    1.4227481187845115e-05,
    2.5746057872311212e-05,
    0.00015251069271471351,
    6.12107032793574e-05,
    0.00019666357547976077,
    1.9321380051451342e-09,
    1.957598083635048e-09,
    1.935470672620454e-09,
    0.0001940210786415264,
    8.943599823396653e-05,
    2.7513873646967113e-05,
    0.00021946938068140298,
    9.540590326651e-06,
    1.4184981864673318e-06
  ],
  "J": 17
}