{
  "mu": [
    0.0,
    -0.7047814726829529,
    -0.5881630182266235,
    -0.5134406685829163,
    -0.4393698275089264,
    -0.29242438077926636,
    -0.36774763464927673,
    -0.2121293693780899,
    -0.00034988639527000487,
    -0.00031103374203667045,
    -0.0003462503373157233,
    0.2278149276971817,
    0.2886888384819031,
    0.3709217607975006,
    0.2257390171289444,
    0.47934281826019287,
    0.5879273414611816
  ],
  "sigma2": [
    0.002505858661606908,
    0.00039103758172132075,
    0.0003698754298966378,
    0.000342489336617291,
    0.00030092764063738286,
    0.00013682253484148532,
    0.00022361018636729568,
    0.00030407996382564306,
    0.0004015938611701131,
    0.00040159287163987756,
    0.0004015936574432999,
    0.00040158003685064614,
    0.0002677092852536589,
    0.00030199685716070235,
    0.00036050035851076245,
    0.00035406462848186493,
    0.00039576023118570447
  ],
  "pi": [
    0.9990000128746033,
    3.832730726571754e-06,
    1.2042437447234988e-05,
    2.471020161465276e-05,
    4.738860297948122e-05,
    0.0002778136113192886,
    0.00010948143608402461,
    0.00011332493886584416,
    3.873411102972568e-08,
    4.313974599767789e-08,
    3.928900937921753e-08,
    7.600866780421711e-08,
    0.0001508413697592914,
    4.9982350901700556e-05,
    0.0001902869262266904,
    1.7180200302391313e-05,
    2.918032578236307e-06
  ],
  "J": 17
}