{
  "mu": [
    0.0,
    -0.742228627204895,
    -0.6483196020126343,
    -0.5697225332260132,
    -0.4923594892024994,
    -0.33309221267700195,
    -0.4141630232334137,
    -0.17253851890563965,
    -0.000890204100869596,
    -0.000890795374289155,
    -0.0008903173729777336,
    0.23132002353668213,
    0.32925811409950256,
    0.4204193651676178,
    0.13777144253253937,
    0.5369440317153931,
    0.640506386756897
  ],
  "sigma2": [
    0.0004769431834574789,
    0.00040952276322059333,
    0.0004060574865434319,
    0.0004070844152010977,
    0.00039920746348798275,
    0.0002646466891746968,
    0.0003552905982360244,
    0.0027506884653121233,
    0.00040160573553293943,
    0.00040160593925975263,
    0.00040160573553293943,
    0.00036018676473759115,
    0.0003106794611085206,
    0.00036206457298249006,
    0.0007124978583306074,
    0.00038375574513338506,
    0.0003969934768974781
  ],
  "pi": [
    0.9990000128746033,
    2.4712865069886902e-06,
    4.374035597720649e-06,
    1.1468042430351488e-05,
    2.054144351859577e-05,
    0.00012137002340750769,
    4.857005478697829e-05,
    0.00025920107145793736,
    1.0404087591453504e-09,
    1.0493240720776953e-09,
    1.0415822648823791e-09,
    0.00015633301518391818,
    7.23793200450018e-05,
    2.1692889276891947e-05,
    0.00027278190827928483,
    7.615744380018441e-06,
    1.198079530695395e-06
  ],
  "J": 17
}