{
  "mu": [
    0.0,
    -0.8474785685539246,
    -0.7196488380432129,
    -0.6074620485305786,
    -0.5184282660484314,
    -0.35842159390449524,
    -0.441974401473999,
    -0.12709011137485504,
    -0.06245586276054382,
    -0.06245068460702896,
    -0.062455400824546814,
    0.25578415393829346,
    0.36348676681518555,
    0.4701210558414459,
    0.11489096283912659,
    0.5776267051696777,
    0.6781913042068481
  ],
  "sigma2": [
    1.579307900101412e-05,
    0.0004176416841801256,
    0.0004084538668394089,
    0.0003952189872507006,
    0.00034062337363138795,
    0.0002539287961553782,
    0.0003000090073328465,
    0.00508888578042388,
    0.00040064420318230987,
    0.0004003516223747283,
    0.00040061227628029883,
    0.0005259921308606863,
    0.0003535669238772243,
    0.00034649527515284717,
    0.002006378723308444,
    0.0003826008178293705,
    0.0003957943990826607
  ],
  "pi": [
    0.9990000128746033,
    1.218857164531073e-06,
    3.2671732697053812e-06,
    8.127921319101006e-06,
    1.2756968317262363e-05,
    7.558624201919883e-05,
    2.732375833147671e-05,
    0.0003450731164775789,
    1.595309555568747e-07,
    2.1134941619038727e-07,
    1.6516956691248197e-07,
    9.883870370686054e-05,
    4.271933721611276e-05,
    1.291320313612232e-05,
    0.00036649455432780087,
    4.322160293668276e-06,
    8.220095537581074e-07
  ],
  "J": 17
}