{
  "mu": [
    0.0,
    -0.6958204507827759,
    -0.577111542224884,
    -0.5002303719520569,
    -0.42717745900154114,
    -0.2851245701313019,
    -0.35703244805336,
    -0.23307597637176514,
    -0.00022046579397283494,
    -0.00019103025260847062,
    -0.00021478644339367747,
    0.1627063900232315,
    0.282871276140213,
    0.3618919551372528,
    0.23544618487358093,
    0.46910619735717773,
    0.5771353840827942
  ],
  "sigma2": [
    0.0031835108529776335,
    0.00039279236807487905,
    0.00037179989158175886,
    0.0003424138994887471,
    0.00030922750011086464,
    0.0001923501113196835,
    0.00023837822664063424,
    0.00040143646765500307,
    0.0004015777667518705,
    0.00040157471084967256,
    0.0004015773884020746,
    0.00040162313962355256,
    0.0003370879276189953,
    0.0003303562698420137,
    0.0003616040921770036,
    0.0003670068399515003,
    0.00040084158536046743
  ],
  "pi": [
    0.9990000128746033,
    4.9410027713747695e-06,
    1.5018881640571635e-05,
    3.390183701412752e-05,
    6.129977555247024e-05,
    0.0003487116773612797,
    0.00014083305723033845,
    1.5087857718754094e-07,
    9.032685710508304e-08,
    1.0229226887759069e-07,
    9.184753224644737e-08,
    4.429806210737297e-08,
    0.00018639145127963275,
    6.590822158614174e-05,
    0.00011634935799520463,
    2.240490539406892e-05,
    3.7602019347104942e-06
  ],
  "J": 17
}