{
  "mu": [
    0.0,
    -0.8749318718910217,
    -0.7391587495803833,
    -0.6240696907043457,
    -0.5328320264816284,
    -0.36528053879737854,
    -0.4518609941005707,
    -0.25755104422569275,
    -0.18719482421875,
    -0.06836393475532532,
    -0.12194839119911194,
    0.2598310708999634,
    0.36873725056648254,
    0.480974942445755,
    0.11753792315721512,
    0.5858778357505798,
    0.6934131383895874
  ],
  "sigma2": [
    7.365419151028618e-05,
    0.000405179220251739,
    0.0004242004069965333,
    0.0003648506826721132,
    0.0003465585468802601,
    0.0002638913574628532,
    0.00031681067775934935,
    0.00039176622522063553,
    0.0003763246349990368,
    0.00028259484679438174,
    0.0003634702297858894,
    0.00034797171247191727,
    0.0003007030172739178,
    0.00034011894604191184,
    0.001665127812884748,
    0.0003815070085693151,
    0.00039532172377221286
  ],
  "pi": [
    0.9990000128746033,
    1.1954988394791144e-06,
    3.249685278206016e-06,
    8.041239198064432e-06,
    1.2643829904845916e-05,
    7.687562901992351e-05,
    2.74339945462998e-05,
    4.813254781765863e-05,
    6.522831245092675e-05,
    0.00012365802831482142,
    0.00010695117816794664,
    9.964682976715267e-05,
    4.299696956877597e-05,
    1.2842438991356175e-05,
    0.0003660021466203034,
    4.294136488169897e-06,
    8.076282824731607e-07
  ],
  "J": 17
}