{
  "mu": [
    0.0,
    -0.8825761675834656,
    -0.74544358253479,
    -0.628856897354126,
    -0.5362556576728821,
    -0.36613693833351135,
    -0.4531785547733307,
    -0.258542001247406,
    -0.18711808323860168,
    -0.06621178984642029,
    -0.12237727642059326,
    0.26362094283103943,
    0.37181055545806885,
    0.48386621475219727,
    0.11788658052682877,
    0.5900528430938721,
    0.6969467401504517
  ],
  "sigma2": [
    1.7005339032039046e-05,
    0.00040629494469612837,
    0.0004112197202630341,
    0.0003486612986307591,
    0.00032209971686825156,
    0.00018512934911996126,
    0.00027552773826755583,
    0.00034205050906166434,
    0.00031820902950130403,
    0.0002820644003804773,
    0.00030879638507030904,
    0.0002727494575083256,
    0.00024634425062686205,
    0.00032137802918441594,
    0.001794004230760038,
    0.00037315345252864063,
    0.0003934884152840823
  ],
  "pi": [
    0.9990000128746033,
    1.1859070809805417e-06,
    3.1650076834921492e-06,
    7.84380426921416e-06,
    1.2481753401516471e-05,
    7.516840560128912e-05,
    2.7039062842959538e-05,
    4.727373016066849e-05,
    6.406108877854422e-05,
    0.00013140395458322018,
    0.00010405650391476229,
    9.644072997616604e-05,
    4.21374206780456e-05,
    1.2664400856010616e-05,
    0.0003700999659486115,
    4.188537786831148e-06,
    7.897388627498003e-07
  ],
  "J": 17
}