{
  "mu": [
    0.0,
    -0.8412829637527466,
    -0.7167110443115234,
    -0.6059636473655701,
    -0.5182957649230957,
    -0.35879552364349365,
    -0.4423542320728302,
    -0.12591004371643066,
    -0.06194121763110161,
    -0.06194170191884041,
    -0.06194128096103668,
    0.25349581241607666,
    0.3618773818016052,
    0.46803784370422363,
    0.11350595206022263,
    0.5753956437110901,
    0.6740415692329407
  ],
  "sigma2": [
    2.6321084078517742e-05,
    0.00042363055399619043,
    0.0004287840856704861,
    0.00042393876356072724,
    0.0003884419274982065,
    0.0003770170151256025,
    0.00037026277277618647,
    0.005385951139032841,
    0.00040152433211915195,
    0.00040152299334295094,
    0.00040152398287318647,
    0.0006518918671645224,
    0.00044127891305834055,
    0.00039731108699925244,
    0.002074100077152252,
    0.00040264558629132807,
    0.00039819470839574933
  ],
  "pi": [
    0.9990000128746033,
    1.2025789146719035e-06,
    3.2564682896918384e-06,
    7.995977284736e-06,
    1.2710226656054147e-05,
    7.554348121630028e-05,
    2.6998704925063066e-05,
    0.0003484641492832452,
    5.6804529968701445e-09,
    5.932468294389537e-09,
    5.712309292249529e-09,
    9.993075946113095e-05,
    4.251936115906574e-05,
    1.2883006093034055e-05,
    0.0003633841988630593,
    4.288330273993779e-06,
    8.055379225879733e-07
  ],
  "J": 17
}