{
  "mu": [
    0.0,
    -0.6754559874534607,
    -0.5632027387619019,
    -0.48086926341056824,
    -0.4108904004096985,
    -0.36432909965515137,
    -0.3312523663043976,
    -0.14500810205936432,
    -0.015151891857385635,
    0.0017119989497587085,
    0.010951160453259945,
    0.12073162943124771,
    0.2882060408592224,
    0.40094929933547974,
    0.4058730900287628,
    0.4506925344467163,
    0.55736243724823
  ],
  "sigma2": [
    0.007267203647643328,
    0.003926791250705719,
    0.00397556321695447,
    0.003983120899647474,
    0.003754596458747983,
    0.003518303157761693,
    0.003906404599547386,
    0.003995518200099468,
    0.003975260071456432,
    0.003981693182140589,
    0.003970393445342779,
    0.0039829290471971035,
    0.003931122366338968,
    0.003859833348542452,
    0.003780786879360676,
    0.003864363534376025,
    0.003940395545214415
  ],
  "pi": [
    0.9990000128746033,
    9.94518086372409e-06,
    3.1637540814699605e-05,
    9.133214189205319e-05,
    0.0002950138587038964,
    0.00032493958133272827,
    1.316015186603181e-05,
    7.357163667620625e-06,
    1.692269324848894e-05,
    1.938207606144715e-05,
    1.729399991745595e-05,
    7.167329385993071e-06,
    3.6140229440206895e-06,
    3.07151822198648e-05,
    7.959266076795757e-05,
    4.4882541260449216e-05,
    7.043935966066783e-06
  ],
  "J": 17
}