{
  "mu": [
    0.0,
    -0.7338485717773438,
    -0.6295967102050781,
    -0.5479732751846313,
    -0.47432661056518555,
    -0.3155886232852936,
    -0.39505890011787415,
    -0.20987778902053833,
    -0.000217810069443658,
    -0.00021399228717200458,
    -0.00021748518338426948,
    0.22019346058368683,
    0.3125646710395813,
    0.40091007947921753,
    0.14881421625614166,
    0.5199314951896667,
    0.6232768297195435
  ],
  "sigma2": [
    0.0008863902767188847,
    0.0003928545629605651,
    0.0003914041444659233,
    0.0003518727608025074,
    0.0003285001730546355,
    0.00013351890083868057,
    0.00024737679632380605,
    0.0003179605701006949,
    0.00040160398930311203,
    0.00040160419302992523,
    0.00040160398930311203,
    0.00033602872281335294,
    0.0001931453007273376,
    0.0002993799280375242,
    0.00038650084752589464,
    0.0003595374582801014,
    0.0003933666739612818
  ],
  "pi": [
    0.9990000128746033,
    2.579040938144317e-06,
    6.300734185060719e-06,
    1.58105613081716e-05,
    2.786402365018148e-05,
    0.00016715319361537695,
    6.685150583507493e-05,
    0.00016701684216968715,
    3.6139653492028856e-09,
    3.689970773379514e-09,
    3.6238632095120238e-09,
    0.00020857177150901407,
    9.702001261757687e-05,
    3.0080878786975518e-05,
    0.00019880036415997893,
    1.0411204129923135e-05,
    1.5288910617528018e-06
  ],
  "J": 17
}