{
  "mu": [
    0.0,
    -0.784386396408081,
    -0.6842576861381531,
    -0.588395357131958,
    -0.5051546692848206,
    -0.3473682999610901,
    -0.4316595494747162,
    -0.11657216399908066,
    -0.05870026350021362,
    -0.0587000772356987,
    -0.058700237423181534,
    0.24409060180187225,
    0.3469747006893158,
    0.44158270955085754,
    0.10686276853084564,
    0.5559344291687012,
    0.6540605425834656
  ],
  "sigma2": [
    4.883534347754903e-05,
    0.0004243280563969165,
    0.00042200274765491486,
    0.0004190844192635268,
    0.00039792596362531185,
    0.000348334782756865,
    0.0003928939113393426,
    0.005757566541433334,
    0.00040150940185412765,
    0.00040150919812731445,
    0.00040150940185412765,
    0.0004564597911667079,
    0.00040286584408022463,
    0.00038481599767692387,
    0.002132445340976119,
    0.00040559115586802363,
    0.0003978731983806938
  ],
  "pi": [
    0.9990000128746033,
    1.3158169167581946e-06,
    2.954006959043909e-06,
    7.85676184023032e-06,
    1.2158021490904503e-05,
    7.569331501144916e-05,
    2.7994177798973396e-05,
    0.00034813539241440594,
    1.0461562727215323e-09,
    1.0578603548694332e-09,
    1.0477159140265258e-09,
    9.47164953686297e-05,
    4.400026591611095e-05,
    1.3119494724378455e-05,
    0.0003667073615361005,
    4.649460151995299e-06,
    6.963664986869844e-07
  ],
  "J": 17
}