{
  "mu": [
    0.0,
    -0.7237996459007263,
    -0.6138741374015808,
    -0.5367432236671448,
    -0.46539783477783203,
    -0.3074568808078766,
    -0.38688379526138306,
    -0.20906591415405273,
    -0.0005138892447575927,
    -0.0004854993021581322,
    -0.000512385624460876,
    0.23186394572257996,
    0.30162283778190613,
    0.3879565894603729,
    0.21171119809150696,
    0.5031182169914246,
    0.6062129139900208
  ],
  "sigma2": [
    0.001599968527443707,
    0.0003959875029977411,
    0.0003985035582445562,
    0.0003874239919241518,
    0.0003514314303174615,
    0.00018613562860991806,
    0.0002882245753426105,
    0.0003290492168162018,
    0.0004016036109533161,
    0.0004016036109533161,
    0.0004016036109533161,
    0.0004015275917481631,
    0.00024030698114074767,
    0.0003136792511213571,
    0.0005830631707794964,
    0.00037694117054343224,
    0.00039666745578870177
  ],
  "pi": [
    0.9990000128746033,
    3.0152937142702285e-06,
    8.042010449571535e-06,
    1.9125922335661016e-05,
    3.535095675033517e-05,
    0.00020936303189955652,
    8.4279352449812e-05,
    0.00018482135783415288,
    2.9969162707033092e-09,
    3.1803557565268648e-09,
    3.020194316860625e-09,
    6.171755018158365e-08,
    0.0001206552260555327,
    3.779611142817885e-05,
    0.0002823494141921401,
    1.3078863958071452e-05,
    2.0515258256637026e-06
  ],
  "J": 17
}