{
  "mu": [
    0.0,
    -0.881354808807373,
    -0.7451575398445129,
    -0.6286602020263672,
    -0.5361696481704712,
    -0.3662542998790741,
    -0.453245609998703,
    -0.25862225890159607,
    -0.18723858892917633,
    -0.06614977866411209,
    -0.12247499823570251,
    0.2632462978363037,
    0.3714952766895294,
    0.48333674669265747,
    0.1175755113363266,
    0.5897395610809326,
    0.6963744163513184
  ],
  "sigma2": [
    2.2788255591876805e-05,
    0.00040660949889570475,
    0.0004187989397905767,
    0.0003565917140804231,
    0.00033583506592549384,
    0.00021787935111206025,
    0.00029684536275453866,
    0.0003678466018754989,
    0.00034391754888929427,
    0.000313675933284685,
    0.0003342452982906252,
    0.00030055310344323516,
    0.00026809662813320756,
    0.00033516428084112704,
    0.0018303852993994951,
    0.0003798778052441776,
    0.0003942043404094875
  ],
  "pi": [
    0.9990000128746033,
    1.18236789603543e-06,
    3.1664503694628365e-06,
    7.843728781153914e-06,
    1.2481828889576718e-05,
    7.516496407333761e-05,
    2.699760443647392e-05,
    4.7173034545267e-05,
    6.417946133296937e-05,
    0.000131520107970573,
    0.00010391281102783978,
    9.63750499067828e-05,
    4.21135155193042e-05,
    1.2657592378673144e-05,
    0.0003702538087964058,
    4.18692798120901e-06,
    7.907316899036232e-07
  ],
  "J": 17
}