{
  "mu": [
    0.0,
    -0.9099754691123962,
    -0.7652106285095215,
    -0.6431078314781189,
    -0.5506443977355957,
    -0.3751072883605957,
    -0.4657479524612427,
    -0.26724690198898315,
    -0.19386042654514313,
    -0.06920192390680313,
    -0.12807555496692657,
    0.26887205243110657,
    0.3779948651790619,
    0.4954143464565277,
    0.12058526277542114,
    0.6044449210166931,
    0.7051922082901001
  ],
  "sigma2": [
    5.28360360476654e-05,
    0.00040476827416568995,
    0.0003958868619520217,
    0.00037443070323206484,
    0.00035399876651354134,
    0.0002668469969648868,
    0.0003270594170317054,
    0.0003014596295543015,
    0.0002779110218398273,
    0.0002685918298084289,
    0.00024212521384470165,
    0.0002243118069600314,
    0.0002768592385109514,
    0.00033185395295731723,
    0.0014507354935631156,
    0.00037847188650630414,
    0.00039527309127151966
  ],
  "pi": [
    0.9990000128746033,
    1.1916488347196719e-06,
    3.0789913125772728e-06,
    7.656617526663467e-06,
    1.2244904610270169e-05,
    7.391788676613942e-05,
    2.6731191610451788e-05,
    4.687756154453382e-05,
    6.346018199110404e-05,
    0.00014187644410412759,
    0.00010162999387830496,
    9.563720232108608e-05,
    4.1462280933046713e-05,
    1.2472014532249887e-05,
    0.0003668834688141942,
    4.098110366612673e-06,
    7.815281151124509e-07
  ],
  "J": 17
}