{
  "mu": [
    0.0,
    -0.7391457557678223,
    -0.6424492597579956,
    -0.5591086149215698,
    -0.4827488958835602,
    -0.32370075583457947,
    -0.40367117524147034,
    -0.20656640827655792,
    -0.0007355108973570168,
    -0.0007367370999418199,
    -0.0007356280693784356,
    0.22434328496456146,
    0.319822758436203,
    0.40960270166397095,
    0.15036539733409882,
    0.5261955261230469,
    0.6341761350631714
  ],
  "sigma2": [
    0.0008503473363816738,
    0.0004017530009150505,
    0.00040186126716434956,
    0.0003891310188919306,
    0.0003806054010055959,
    0.00023409821733366698,
    0.0003433807287365198,
    0.0008934701327234507,
    0.00040160457137972116,
    0.00040160436765290797,
    0.00040160457137972116,
    0.00037548952968791127,
    0.00026106552104465663,
    0.0003393875085748732,
    0.0003818417026195675,
    0.0003780739498324692,
    0.00039751952863298357
  ],
  "pi": [
    0.9990000128746033,
    2.708454076127964e-06,
    5.741937002312625e-06,
    1.471758969273651e-05,
    2.6612700821715407e-05,
    0.0001584087440278381,
    6.34782700217329e-05,
    0.0001871495769592002,
    2.211342220448387e-09,
    2.2435557855970956e-09,
    2.2155512979793457e-09,
    0.00020159459381829947,
    9.27486689761281e-05,
    2.8496178856585175e-05,
    0.0002069798792945221,
    9.891706213238649e-06,
    1.4650933053417248e-06
  ],
  "J": 17
}