{
  "mu": [
    0.0,
    -0.6962246894836426,
    -0.5768845677375793,
    -0.5008690357208252,
    -0.42451947927474976,
    -0.28874146938323975,
    -0.3552303612232208,
    -0.25639283657073975,
    -0.00035300766467116773,
    -0.00030268204864114523,
    -0.00031592854065820575,
    0.14027243852615356,
    0.31943657994270325,
    0.3597118854522705,
    0.28355252742767334,
    0.464139461517334,
    0.5738325715065002
  ],
  "sigma2": [
    0.004020840395241976,
    0.00040564240771345794,
    0.0003930355596821755,
    0.00037779679405502975,
    0.0003669099241960794,
    0.0003726505965460092,
    0.00035719331935979426,
    0.00040154519956558943,
    0.00040153966983780265,
    0.00040153219015337527,
    0.0004015387094113976,
    0.0004016235179733485,
    0.0004008043324574828,
    0.0004290910728741437,
    0.0004594221245497465,
    0.00041088316356763244,
    0.00041945488192141056
  ],
  "pi": [
    0.9990000128746033,
    5.840473932039458e-06,
    1.742770109558478e-05,
    4.0387541957898065e-05,
    7.332136010518298e-05,
    0.00037564613739959896,
    0.0001645761076360941,
    1.849989672564334e-07,
    2.2465759741407965e-07,
    2.551286399921082e-07,
    2.285748479380345e-07,
    1.0334343159001946e-07,
    4.818000888917595e-06,
    7.705962343607098e-05,
    0.00020883184333797544,
    2.66498882410815e-05,
    4.444632850209018e-06
  ],
  "J": 17
}