{
  "mu": [
    0.0,
    -0.795909583568573,
    -0.6907044053077698,
    -0.5911350250244141,
    -0.5057573318481445,
    -0.35066187381744385,
    -0.4333992004394531,
    -0.12134101986885071,
    -0.06077177822589874,
    -0.06077208369970322,
    -0.06077181547880173,
    0.2454749345779419,
    0.3492957055568695,
    0.4473108947277069,
    0.1082109808921814,
    0.560371994972229,
    0.6561877727508545
  ],
  "sigma2": [
    4.481741780182347e-05,
    0.0004358208389021456,
    0.0004383046180009842,
    0.00042402202961966395,
    0.00040270297904498875,
    0.000405268685426563,
    0.0004113322647754103,
    0.005558761768043041,
    0.00040151880239136517,
    0.00040151900611817837,
    0.00040151900611817837,
    0.0005498368991538882,
    0.00046920953900553286,
    0.0004059401690028608,
    0.0020900664385408163,
    0.0004137550131417811,
    0.00040239910595119
  ],
  "pi": [
    0.9990000128746033,
    1.299033101531677e-06,
    3.087235654675169e-06,
    8.170723958755843e-06,
    1.2334719031059649e-05,
    7.60722323320806e-05,
    2.7579291781876236e-05,
    0.00034587609115988016,
    1.2712872976550216e-09,
    1.2879518562769476e-09,
    1.273436245341486e-09,
    9.648607374401763e-05,
    4.43679527961649e-05,
    1.3103121091262437e-05,
    0.00036640706821344793,
    4.461200205696514e-06,
    7.514933031416149e-07
  ],
  "J": 17
}