{
  "mu": [
    0.0,
    -0.5068218111991882,
    -0.3360320031642914,
    -0.3359421491622925,
    -0.33605390787124634,
    -0.33642151951789856,
    -0.33646002411842346,
    -0.33603882789611816,
    -0.3359704911708832,
    -0.33627673983573914,
    0.29561108350753784,
    0.29566317796707153,
    0.29570767283439636,
    0.2956937849521637,
    0.29562947154045105,
    0.29560092091560364,
    0.29560014605522156
  ],
  "sigma2": [
    0.0033053194638341665,
    0.012844325974583626,
    0.012740311212837696,
    0.012721443548798561,
    0.012744802050292492,
    0.012821580283343792,
    0.012829653918743134,
    0.012741581536829472,
    0.012727396562695503,
    0.012791157700121403,
    0.012743094004690647,
    0.012762407772243023,
    0.012778849340975285,
    0.012772890739142895,
    0.012750187888741493,
    0.012739576399326324,
    0.012738768011331558
  ],
  "pi": [
    0.9964732527732849,
    6.642933294642717e-05,
    0.00025491713313385844,
    0.00031766490428708494,
    0.0002930777263827622,
    0.00023955866345204413,
    0.0002367999404668808,
    0.00029895338229835033,
    0.00029471423476934433,
    0.0001606314181117341,
    0.00019661673286464065,
    0.00017712093540467322,
    0.00020002730889245868,
    0.00019648889428935945,
    0.00018959413864649832,
    0.00020129053154960275,
    0.0002028330200118944
  ],
  "J": 17
}